ts,equity,gross_equity,fees,spread,funding,cash,gross_exposure,net_exposure
2026-06-22 00:00:00+00:00,10000.0,10000.0,0.0,0.0,0.0,10000.0,0.0,0.0
2026-06-22 01:00:00+00:00,10000.0,10000.0,0.0,0.0,0.0,10000.0,0.0,0.0
2026-06-22 02:00:00+00:00,10000.0,10000.0,0.0,0.0,0.0,10000.0,0.0,0.0
2026-06-22 03:00:00+00:00,10000.0,10000.0,0.0,0.0,0.0,10000.0,0.0,0.0
2026-06-22 04:00:00+00:00,10000.0,10000.0,0.0,0.0,0.0,10000.0,0.0,0.0
2026-06-22 05:00:00+00:00,10001.040409699988,10001.923559181485,0.8397336848849803,0.04341579661255433,0.0,9197.537625582889,0.140015072679303,0.08034191956046738
2026-06-22 06:00:00+00:00,10001.496682633642,10002.379832115139,0.8397336848849803,0.04341579661255433,0.0,9197.537625582889,0.14038610057346013,0.08038387479013293
2026-06-22 07:00:00+00:00,10003.57591282096,10004.459062302456,0.8397336848849803,0.04341579661255433,0.0,9197.537625582889,0.14053317724554282,0.08057501580060203
2026-06-22 08:00:00+00:00,10003.325742361334,10004.20889184283,0.8397336848849803,0.04341579661255433,0.0,9197.537625582889,0.14065385492197258,0.0805520221506088
2026-06-22 09:00:00+00:00,10003.472188266549,10004.355337748046,0.8397336848849803,0.04341579661255433,0.0,9197.537625582889,0.14036103360301422,0.08056548241609263
2026-06-22 10:00:00+00:00,10001.780894935311,10002.664044416808,0.8397336848849803,0.04341579661255433,0.0,9197.537625582889,0.1402472679498621,0.08041000675786394
2026-06-22 11:00:00+00:00,10000.375773189173,10001.25892267067,0.8397336848849803,0.04341579661255433,0.0,9197.537625582889,0.1401686041818173,0.0802807980234782
2026-06-22 12:00:00+00:00,9997.010440734686,9997.893590216183,0.8397336848849803,0.04341579661255433,0.0,9197.537625582889,0.1407116499677476,0.07997118937619555
2026-06-22 13:00:00+00:00,9990.44666882411,9991.642583289726,1.138336153874486,0.05757831174200008,0.0,8699.568241464724,0.19106722200248447,0.12921128255332798
2026-06-22 14:00:00+00:00,9971.721475602564,9972.91739006818,1.138336153874486,0.05757831174200008,0.0,8699.568241464724,0.1903722249350566,0.1275760897704944
2026-06-22 15:00:00+00:00,9948.296855297493,9949.492769763108,1.138336153874486,0.05757831174200008,0.0,8699.568241464724,0.18617321894887978,0.1255218488145353
2026-06-22 16:00:00+00:00,9953.183200918987,9954.708252783934,1.4238438679186618,0.07112052217154056,-0.030087474854818864,9175.09883634945,0.13749944137067865,0.07817442408753165
2026-06-22 17:00:00+00:00,9955.674418125878,9957.839574504706,2.02439446605477,0.11067443791815991,-0.030087474854818864,9930.096647899569,0.14020020805915584,0.00256916499596857
2026-06-22 18:00:00+00:00,9960.178637884743,9962.34379426357,2.02439446605477,0.11067443791815991,-0.030087474854818864,9930.096647899569,0.1400738368322875,0.0030202259496384886
2026-06-22 19:00:00+00:00,9964.112797829612,9966.277954208439,2.02439446605477,0.11067443791815991,-0.030087474854818864,9930.096647899569,0.13959963755290092,0.0034138664043880658
2026-06-22 20:00:00+00:00,9963.299336412612,9965.46449279144,2.02439446605477,0.11067443791815991,-0.030087474854818864,9930.096647899569,0.13951008017610095,0.0033324993450411307
2026-06-22 21:00:00+00:00,9959.240221234088,9961.405377612915,2.02439446605477,0.11067443791815991,-0.030087474854818864,9930.096647899569,0.13963550680462017,0.002926284805580062
2026-06-22 22:00:00+00:00,9958.176712549302,9960.34186892813,2.02439446605477,0.11067443791815991,-0.030087474854818864,9930.096647899569,0.13992465139464053,0.00281979979471019
2026-06-22 23:00:00+00:00,9962.665274279963,9964.83043065879,2.02439446605477,0.11067443791815991,-0.030087474854818864,9930.096647899569,0.13929751122729442,0.0032690676123060224
2026-06-23 00:00:00+00:00,9961.306359749851,9963.589139835884,2.02439446605477,0.11067443791815991,-0.14771118205959968,9929.979024192364,0.13949616420714905,0.0031449023276776834
2026-06-23 01:00:00+00:00,9960.489161201089,9962.78891417908,2.0406745077280553,0.11136728820131155,-0.14771118205959968,9902.829341361881,0.1425068022691011,0.005788854232562006
2026-06-23 02:00:00+00:00,9959.116364327103,9961.416117305094,2.0406745077280553,0.11136728820131155,-0.14771118205959968,9902.829341361881,0.14236662011933246,0.005651808946307484
2026-06-23 03:00:00+00:00,9959.869170926448,9962.168923904439,2.0406745077280553,0.11136728820131155,-0.14771118205959968,9902.829341361881,0.14241561140384004,0.00572696574479813
2026-06-23 04:00:00+00:00,9960.851364317135,9963.151117295127,2.0406745077280553,0.11136728820131155,-0.14771118205959968,9902.829341361881,0.1424017119688933,0.0058250064008691805
2026-06-23 05:00:00+00:00,9958.938388954126,9961.502017007762,2.2978068045572964,0.11811006701916678,-0.14771118205959968,9540.61279441658,0.09911666639319695,0.04200503891072651
2026-06-23 06:00:00+00:00,9958.74005347082,9961.303681524456,2.2978068045572964,0.11811006701916678,-0.14771118205959968,9540.61279441658,0.09877079434841193,0.04198595975085351
2026-06-23 07:00:00+00:00,9960.025313401413,9962.58894145505,2.2978068045572964,0.11811006701916678,-0.14771118205959968,9540.61279441658,0.09828419980220397,0.04210958363936136
2026-06-23 08:00:00+00:00,9958.205534428509,9960.769162482145,2.2978068045572964,0.11811006701916678,-0.14771118205959968,9540.61279441658,0.09830984012826818,0.04193453715814415
2026-06-23 09:00:00+00:00,9957.998524181967,9960.562152235603,2.2978068045572964,0.11811006701916678,-0.14771118205959968,9540.61279441658,0.09816414527216386,0.0419146205687628
2026-06-23 10:00:00+00:00,9957.802341912293,9960.36596996593,2.2978068045572964,0.11811006701916678,-0.14771118205959968,9540.61279441658,0.09827333059414371,0.041895744981778296
2026-06-23 11:00:00+00:00,9958.233560494495,9960.797188548131,2.2978068045572964,0.11811006701916678,-0.14771118205959968,9540.61279441658,0.09831237781005336,0.0419372335003937
2026-06-23 12:00:00+00:00,9958.103458649408,9960.667086703044,2.2978068045572964,0.11811006701916678,-0.14771118205959968,9540.61279441658,0.09860210091652559,0.041924716485065676
2026-06-23 13:00:00+00:00,9959.240558129564,9961.8041861832,2.2978068045572964,0.11811006701916678,-0.14771118205959968,9540.61279441658,0.09801216813405274,0.04203410503738319
2026-06-23 14:00:00+00:00,9972.591758132598,9975.155386186234,2.2978068045572964,0.11811006701916678,-0.14771118205959968,9540.61279441658,0.09980602542851028,0.043316619610317575
2026-06-23 15:00:00+00:00,9966.144681175632,9968.708309229269,2.2978068045572964,0.11811006701916678,-0.14771118205959968,9540.61279441658,0.0990334222638728,0.04269774324697602
2026-06-23 16:00:00+00:00,9965.302897543217,9967.86696118641,2.2978068045572964,0.11811006701916678,-0.1481467716171896,9540.612358827022,0.09882521713829615,0.042616922243366634
2026-06-23 17:00:00+00:00,9964.531515988218,9968.575954659342,3.6943744824782843,0.20191741702905053,-0.1481467716171896,9467.555637810106,0.3104391025383998,0.04987448505538935
2026-06-23 18:00:00+00:00,9967.572508642395,9971.61694731352,3.6943744824782843,0.20191741702905053,-0.1481467716171896,9467.555637810106,0.3094774226789632,0.05016435751019111
2026-06-23 19:00:00+00:00,9963.594575090301,9967.639013761425,3.6943744824782843,0.20191741702905053,-0.1481467716171896,9467.555637810106,0.30886197895172146,0.049785138640659594
2026-06-23 20:00:00+00:00,9964.663604725254,9968.708043396378,3.6943744824782843,0.20191741702905053,-0.1481467716171896,9467.555637810106,0.3088126213100524,0.04988707964806943
2026-06-23 21:00:00+00:00,9963.288013604928,9967.639774706791,3.992704506185103,0.21090982406198064,-0.1481467716171896,9461.034167666234,0.25904372727934694,0.05041045137437199
2026-06-23 22:00:00+00:00,9954.02818895098,9958.379950052844,3.992704506185103,0.21090982406198064,-0.1481467716171896,9461.034167666234,0.2599989729491172,0.049527087117552326
2026-06-23 23:00:00+00:00,9954.741137444462,9959.092898546325,3.992704506185103,0.21090982406198064,-0.1481467716171896,9461.034167666234,0.2590733411832323,0.049595159026402345
2026-06-24 00:00:00+00:00,9955.715437177878,9959.989963468699,3.992704506185103,0.21090982406198064,-0.07091196057473452,9461.111402477276,0.25944773846326,0.049680410998248194
2026-06-24 01:00:00+00:00,9953.284527552103,9957.572101643482,4.004904691336277,0.21175743946895775,-0.07091196057473452,9440.765560373502,0.2582762460811726,0.0514924461126251
2026-06-24 02:00:00+00:00,9953.214536302356,9957.502110393734,4.004904691336277,0.21175743946895775,-0.07091196057473452,9440.765560373502,0.25794595500301437,0.05148577618414615
2026-06-24 03:00:00+00:00,9957.261441244253,9961.549015335631,4.004904691336277,0.21175743946895775,-0.07091196057473452,9440.765560373502,0.2572320802786755,0.05187127845527468
2026-06-24 04:00:00+00:00,9956.955382191285,9961.242956282664,4.004904691336277,0.21175743946895775,-0.07091196057473452,9440.765560373502,0.2578646314165202,0.0518421346691003
2026-06-24 05:00:00+00:00,9957.04566940049,9961.333243491868,4.004904691336277,0.21175743946895775,-0.07091196057473452,9440.765560373502,0.25821495252141347,0.051850732252197454
2026-06-24 06:00:00+00:00,9957.90361165775,9962.191185749129,4.004904691336277,0.21175743946895775,-0.07091196057473452,9440.765560373502,0.25847077431483256,0.051932421868276915
2026-06-24 07:00:00+00:00,9955.976900542102,9960.26447463348,4.004904691336277,0.21175743946895775,-0.07091196057473452,9440.765560373502,0.25835926761661976,0.05174894892941614
2026-06-24 08:00:00+00:00,9954.332334940154,9958.619909031533,4.004904691336277,0.21175743946895775,-0.07091196057473452,9440.765560373502,0.25808134947236483,0.05159228738666988
2026-06-24 09:00:00+00:00,9951.92642969974,9956.21400379112,4.004904691336277,0.21175743946895775,-0.07091196057473452,9440.765560373502,0.2582500939638759,0.05136300724659411
2026-06-24 10:00:00+00:00,9953.323827844435,9957.611401935814,4.004904691336277,0.21175743946895775,-0.07091196057473452,9440.765560373502,0.25809143221423575,0.051496191255935124
2026-06-24 11:00:00+00:00,9955.672064207905,9959.959638299284,4.004904691336277,0.21175743946895775,-0.07091196057473452,9440.765560373502,0.2577192819776076,0.051719914086520255
2026-06-24 12:00:00+00:00,9957.448363269392,9961.73593736077,4.004904691336277,0.21175743946895775,-0.07091196057473452,9440.765560373502,0.2584445483846955,0.051889076804234956
2026-06-24 13:00:00+00:00,9958.6607424615,9963.982125904864,4.98999037223914,0.26048111054977,-0.07091196057473452,8101.970711497778,0.27118337990101227,0.18643973110231696
2026-06-24 14:00:00+00:00,9994.541992635397,9999.863376078762,4.98999037223914,0.26048111054977,-0.07091196057473452,8101.970711497778,0.2701067551030025,0.18936048120385937
2026-06-24 15:00:00+00:00,10017.999534841907,10023.320918285272,4.98999037223914,0.26048111054977,-0.07091196057473452,8101.970711497778,0.27177298353317575,0.19125862570469418
2026-06-24 16:00:00+00:00,10017.448668845516,10022.914060025309,4.98999037223914,0.26048111054977,-0.21491969700191954,8101.826703761351,0.2703092360724196,0.1912285281822098
2026-06-24 17:00:00+00:00,10015.085027570338,10020.910704332984,5.331884123649266,0.27887294199625745,-0.21491969700191954,7983.2909856790675,0.32369932034283205,0.2028733691524318
2026-06-24 18:00:00+00:00,10012.435941659805,10018.261618422452,5.331884123649266,0.27887294199625745,-0.21491969700191954,7983.2909856790675,0.3219460342390935,0.2026624657380188
2026-06-24 19:00:00+00:00,9983.082458506593,9988.90813526924,5.331884123649266,0.27887294199625745,-0.21491969700191954,7983.2909856790675,0.32185439589273457,0.2003180361515998
2026-06-24 20:00:00+00:00,9984.017449095678,9989.843125858324,5.331884123649266,0.27887294199625745,-0.21491969700191954,7983.2909856790675,0.32127812235648356,0.20039292535469572
2026-06-24 21:00:00+00:00,9978.506834750251,9984.69354498547,5.674714221351057,0.29707631686427316,-0.21491969700191954,8161.828413336013,0.27469079901756244,0.1820591448700157
2026-06-24 22:00:00+00:00,9976.675092993679,9982.861803228898,5.674714221351057,0.29707631686427316,-0.21491969700191954,8161.828413336013,0.2752671316634886,0.1819089689441905
2026-06-24 23:00:00+00:00,9969.342879135907,9975.529589371126,5.674714221351057,0.29707631686427316,-0.21491969700191954,8161.828413336013,0.274194957939789,0.18130728250732614
2026-06-25 00:00:00+00:00,9963.329894740395,9969.72630172189,5.674714221351057,0.29707631686427316,-0.4246164432790415,8161.618716589735,0.27427431304072253,0.18083423887246527
2026-06-25 01:00:00+00:00,9972.931735529563,9979.328142511058,5.674714221351057,0.29707631686427316,-0.4246164432790415,8161.618716589735,0.2737403659532391,0.18162292362704577
2026-06-25 02:00:00+00:00,9970.663039419876,9977.059446401372,5.674714221351057,0.29707631686427316,-0.4246164432790415,8161.618716589735,0.2739709955672567,0.1814367124511107
2026-06-25 03:00:00+00:00,9970.341935441638,9976.738342423134,5.674714221351057,0.29707631686427316,-0.4246164432790415,8161.618716589735,0.2737187711747562,0.1814103498719961
2026-06-25 04:00:00+00:00,9970.851833376762,9977.248240358258,5.674714221351057,0.29707631686427316,-0.4246164432790415,8161.618716589735,0.27398506278745904,0.18145221160851469
2026-06-25 05:00:00+00:00,9962.574679779083,9969.415872013176,6.090810740772613,0.325765050041098,-0.4246164432790415,7866.958164419455,0.3391813661044636,0.21034888898881493
2026-06-25 06:00:00+00:00,9961.368226602815,9968.209418836908,6.090810740772613,0.325765050041098,-0.4246164432790415,7866.958164419455,0.3393738927199857,0.210253251816355
2026-06-25 07:00:00+00:00,9959.728074075578,9966.56926630967,6.090810740772613,0.325765050041098,-0.4246164432790415,7866.958164419455,0.33934515117966474,0.21012319755028697
2026-06-25 08:00:00+00:00,9959.248762767365,9966.089955001458,6.090810740772613,0.325765050041098,-0.4246164432790415,7866.958164419455,0.33990284758692046,0.21008518294772743
2026-06-25 09:00:00+00:00,9963.245597991236,9970.42654686606,6.415705436846452,0.3406269946986239,-0.4246164432790415,7604.685209098945,0.38973985089019364,0.23672611155624007
2026-06-25 10:00:00+00:00,9967.150303021492,9974.331251896316,6.415705436846452,0.3406269946986239,-0.4246164432790415,7604.685209098945,0.3898930998652946,0.23702512976114923
2026-06-25 11:00:00+00:00,9964.32177274727,9971.502721622093,6.415705436846452,0.3406269946986239,-0.4246164432790415,7604.685209098945,0.38927515033830595,0.23680854728136183
2026-06-25 12:00:00+00:00,9960.153847190946,9967.33479606577,6.415705436846452,0.3406269946986239,-0.4246164432790415,7604.685209098945,0.3885504148740223,0.23648918221843648
2026-06-25 13:00:00+00:00,9962.192305571205,9969.373254446029,6.415705436846452,0.3406269946986239,-0.4246164432790415,7604.685209098945,0.38807593464179796,0.23664541138739706
2026-06-25 14:00:00+00:00,9958.818333487852,9965.999282362676,6.415705436846452,0.3406269946986239,-0.4246164432790415,7604.685209098945,0.37775281728662763,0.23638679264514953
2026-06-25 15:00:00+00:00,9959.869603404388,9967.277957881262,6.634892549484149,0.3488454841113534,-0.4246164432790415,7969.777876382467,0.3446326087296848,0.19981102225893468
2026-06-25 16:00:00+00:00,9970.03405901115,9977.47575966048,6.634892549484149,0.3488454841113534,-0.457962615732914,7969.744530210013,0.3439875174933997,0.20063016003372908
2026-06-25 17:00:00+00:00,9961.687645996579,9969.129346645908,6.634892549484149,0.3488454841113534,-0.457962615732914,7969.744530210013,0.34229575487440467,0.1999604069685012
2026-06-25 18:00:00+00:00,9957.870484797264,9965.312185446594,6.634892549484149,0.3488454841113534,-0.457962615732914,7969.744530210013,0.34303074900363634,0.19965372693112782
2026-06-25 19:00:00+00:00,9969.455945476802,9977.33747649014,7.0693283400251135,0.354240057579547,-0.457962615732914,8693.369745321079,0.2694093128099938,0.12799958263867856
2026-06-25 20:00:00+00:00,9969.277410124443,9977.15894113778,7.0693283400251135,0.354240057579547,-0.457962615732914,8693.369745321079,0.26870987985480166,0.12798396637128362
2026-06-25 21:00:00+00:00,9968.708583734522,9976.67237789632,7.146384142686251,0.3594474033786444,-0.457962615732914,8564.866351749855,0.2564507885639234,0.14082488420568845
2026-06-25 22:00:00+00:00,9962.160018713656,9970.123812875454,7.146384142686251,0.3594474033786444,-0.457962615732914,8564.866351749855,0.25698679146935327,0.14026011069276348
2026-06-25 23:00:00+00:00,9964.507579660063,9972.471373821862,7.146384142686251,0.3594474033786444,-0.457962615732914,8564.866351749855,0.25638670929477836,0.14046265876371145
2026-06-26 00:00:00+00:00,9965.135327828297,9973.244579711856,7.146384142686251,0.3594474033786444,-0.6034203374956455,8564.720894028093,0.2565838318723084,0.1405314015043484
2026-06-26 01:00:00+00:00,9965.343929394265,9973.453181277824,7.146384142686251,0.3594474033786444,-0.6034203374956455,8564.720894028093,0.2563255214916534,0.14054939250363715
2026-06-26 02:00:00+00:00,9962.77284551802,9970.88209740158,7.146384142686251,0.3594474033786444,-0.6034203374956455,8564.720894028093,0.25514821567227736,0.14032759485416493
2026-06-26 03:00:00+00:00,9958.95457983876,9967.06383172232,7.146384142686251,0.3594474033786444,-0.6034203374956455,8564.720894028093,0.25264579807299176,0.13999799623880216
2026-06-26 04:00:00+00:00,9947.386980842917,9956.00028548347,7.605367804812396,0.4045164982457067,-0.6034203374956455,9329.234680576208,0.17797560735010506,0.06214217879099016
2026-06-26 05:00:00+00:00,9944.249857801891,9953.40317583789,8.128922777208533,0.42097492129458597,-0.6034203374956455,8456.119504943581,0.23809226115185506,0.14964732122964294
2026-06-26 06:00:00+00:00,9942.724859297321,9951.87817733332,8.128922777208533,0.42097492129458597,-0.6034203374956455,8456.119504943581,0.23892691083888407,0.14951689555842773
2026-06-26 07:00:00+00:00,9951.094609890948,9960.247927926946,8.128922777208533,0.42097492129458597,-0.6034203374956455,8456.119504943581,0.24032082076229103,0.15023222706187797
2026-06-26 08:00:00+00:00,9951.658188768248,9960.811506804246,8.128922777208533,0.42097492129458597,-0.6034203374956455,8456.119504943581,0.24087645902094537,0.1502803508175731
2026-06-26 09:00:00+00:00,9955.037499566359,9964.190817602357,8.128922777208533,0.42097492129458597,-0.6034203374956455,8456.119504943581,0.23992302140996613,0.15056879441067614
2026-06-26 10:00:00+00:00,9959.304180668005,9968.457498704003,8.128922777208533,0.42097492129458597,-0.6034203374956455,8456.119504943581,0.239826030765209,0.15093270056378574
2026-06-26 11:00:00+00:00,9963.354541800007,9972.507859836005,8.128922777208533,0.42097492129458597,-0.6034203374956455,8456.119504943581,0.23969145631717087,0.151277868365821
2026-06-26 12:00:00+00:00,9962.737875238206,9971.891193274205,8.128922777208533,0.42097492129458597,-0.6034203374956455,8456.119504943581,0.23949212699339906,0.15122533475855435
2026-06-26 13:00:00+00:00,9969.91937217651,9979.072690212508,8.128922777208533,0.42097492129458597,-0.6034203374956455,8456.119504943581,0.2394866026186369,0.1518367211130669
2026-06-26 14:00:00+00:00,9939.276463702512,9948.42978173851,8.128922777208533,0.42097492129458597,-0.6034203374956455,8456.119504943581,0.24200791863786003,0.14922182355781213
2026-06-26 15:00:00+00:00,9968.36906577473,9977.522383810729,8.128922777208533,0.42097492129458597,-0.6034203374956455,8456.119504943581,0.24263766045349663,0.15170481257794594
2026-06-26 16:00:00+00:00,9971.774192700557,9981.219505260085,8.128922777208533,0.42097492129458597,-0.8954148610242665,8455.827510420053,0.24416851121484592,0.1520237675849292
2026-06-26 17:00:00+00:00,9968.124776136567,9978.000277206484,8.532354220456847,0.44773198843484674,-0.8954148610242665,8348.610520707802,0.2981740773586817,0.16246930007395574
2026-06-26 18:00:00+00:00,9968.939250627998,9978.814751697915,8.532354220456847,0.44773198843484674,-0.8954148610242665,8348.610520707802,0.2976751678334562,0.16253772735330116
2026-06-26 19:00:00+00:00,9978.608490271474,9988.48399134139,8.532354220456847,0.44773198843484674,-0.8954148610242665,8348.610520707802,0.2958510691992618,0.16334922561124823
2026-06-26 20:00:00+00:00,9974.620080699646,9984.495581769563,8.532354220456847,0.44773198843484674,-0.8954148610242665,8348.610520707802,0.29615188530204195,0.1630146859566195
2026-06-26 21:00:00+00:00,9974.188993472322,9984.36197518944,8.826186284661052,0.4513805714317218,-0.8954148610242665,7858.596581636591,0.3450627400927062,0.21210670995108427
2026-06-26 22:00:00+00:00,9972.699667626875,9982.872649343994,8.826186284661052,0.4513805714317218,-0.8954148610242665,7858.596581636591,0.345034794483335,0.21198904573984434
2026-06-26 23:00:00+00:00,9976.967330837637,9987.140312554755,8.826186284661052,0.4513805714317218,-0.8954148610242665,7858.596581636591,0.3456678288502494,0.2123261186446318
2026-06-27 00:00:00+00:00,9974.638842184086,9985.033972957664,8.826186284661052,0.4513805714317218,-1.1175639174852385,7858.37443258013,0.34571069673792565,0.21216451473450734
2026-06-27 01:00:00+00:00,9981.899564685564,9992.702263552754,9.21429970308119,0.47083524662460313,-1.1175639174852385,7707.336134288688,0.390387324266505,0.22786879547896208
2026-06-27 02:00:00+00:00,9982.391760475357,9993.194459342547,9.21429970308119,0.47083524662460313,-1.1175639174852385,7707.336134288688,0.3903028157080898,0.2279068664881102
2026-06-27 03:00:00+00:00,9978.149785920012,9988.952484787202,9.21429970308119,0.47083524662460313,-1.1175639174852385,7707.336134288688,0.39123820676551857,0.22757862934024375
2026-06-27 04:00:00+00:00,9979.180381728584,9989.983080595774,9.21429970308119,0.47083524662460313,-1.1175639174852385,7707.336134288688,0.3913422661354291,0.2276584008441751
2026-06-27 05:00:00+00:00,9978.851706106972,9989.654404974162,9.21429970308119,0.47083524662460313,-1.1175639174852385,7707.336134288688,0.3910953765116555,0.22763296205996686
2026-06-27 06:00:00+00:00,9975.022775960635,9985.825474827825,9.21429970308119,0.47083524662460313,-1.1175639174852385,7707.336134288688,0.39130305993347925,0.22733648760551925
2026-06-27 07:00:00+00:00,9975.518849922824,9986.321548790014,9.21429970308119,0.47083524662460313,-1.1175639174852385,7707.336134288688,0.3916607235422775,0.22737491149662686
2026-06-27 08:00:00+00:00,9974.43450830171,9985.2372071689,9.21429970308119,0.47083524662460313,-1.1175639174852385,7707.336134288688,0.39189106686009734,0.2272909178085352
2026-06-27 09:00:00+00:00,9974.215764866483,9985.277594410056,9.45026061226126,0.49400501382610346,-1.1175639174852385,8100.368355346292,0.43125257145143503,0.1878691471785376
2026-06-27 10:00:00+00:00,9974.11659525511,9985.178424798682,9.45026061226126,0.49400501382610346,-1.1175639174852385,8100.368355346292,0.43102280268501325,0.1878610724081766
2026-06-27 11:00:00+00:00,9970.610826741737,9981.67265628531,9.45026061226126,0.49400501382610346,-1.1175639174852385,8100.368355346292,0.43130545720837365,0.18757551607363404
2026-06-27 12:00:00+00:00,9970.693061877791,9981.754891421364,9.45026061226126,0.49400501382610346,-1.1175639174852385,8100.368355346292,0.43113364728512055,0.18758221669490024
2026-06-27 13:00:00+00:00,9971.708250581534,9982.770080125107,9.45026061226126,0.49400501382610346,-1.1175639174852385,8100.368355346292,0.4314955054803194,0.18766492643084587
2026-06-27 14:00:00+00:00,9971.597087796768,9982.65891734034,9.45026061226126,0.49400501382610346,-1.1175639174852385,8100.368355346292,0.4320144531617535,0.18765587056666014
2026-06-27 15:00:00+00:00,9969.181497852811,9980.243327396383,9.45026061226126,0.49400501382610346,-1.1175639174852385,8100.368355346292,0.432188765907339,0.18745903491766377
2026-06-27 16:00:00+00:00,9965.500414238479,9976.562243782051,9.45026061226126,0.49400501382610346,-1.1175639174852385,8100.368355346292,0.43244879571452133,0.18715889632871102
2026-06-27 17:00:00+00:00,9964.441747933062,9975.503577476635,9.45026061226126,0.49400501382610346,-1.1175639174852385,8100.368355346292,0.43251599533980933,0.18707253649944186
2026-06-27 18:00:00+00:00,9963.169236712733,9974.231066256305,9.45026061226126,0.49400501382610346,-1.1175639174852385,8100.368355346292,0.4317321465937692,0.18696870815988031
2026-06-27 19:00:00+00:00,9965.093110375596,9976.154939919168,9.45026061226126,0.49400501382610346,-1.1175639174852385,8100.368355346292,0.43195490967180245,0.18712567302434566
2026-06-27 20:00:00+00:00,9967.854536339895,9978.916365883468,9.45026061226126,0.49400501382610346,-1.1175639174852385,8100.368355346292,0.4312798847814745,0.18735086614529659
2026-06-27 21:00:00+00:00,9970.186164421542,9981.311070898957,9.51017509755113,0.4971674623782641,-1.1175639174852385,8000.450965377888,0.4214003926062601,0.19756252958170673
2026-06-27 22:00:00+00:00,9971.271170568923,9982.396077046338,9.51017509755113,0.4971674623782641,-1.1175639174852385,8000.450965377888,0.4211868378610463,0.19764984538862848
2026-06-27 23:00:00+00:00,9968.79825080355,9979.923157280964,9.51017509755113,0.4971674623782641,-1.1175639174852385,8000.450965377888,0.42102987290874583,0.19745080960656405
2026-06-28 00:00:00+00:00,9969.600365541606,9980.72527201902,9.51017509755113,0.4971674623782641,-1.1175639174852385,8000.450965377888,0.4205884402348601,0.19751537955019557
2026-06-28 01:00:00+00:00,9970.90201203033,9982.026918507745,9.51017509755113,0.4971674623782641,-1.1175639174852385,8000.450965377888,0.42079818973889843,0.19762013950944526
2026-06-28 02:00:00+00:00,9968.57336100798,9979.698267485395,9.51017509755113,0.4971674623782641,-1.1175639174852385,8000.450965377888,0.42071973304306726,0.19743270419500467
2026-06-28 03:00:00+00:00,9970.969091858902,9982.093998336317,9.51017509755113,0.4971674623782641,-1.1175639174852385,8000.450965377888,0.42055008257325444,0.19762553753074039
2026-06-28 04:00:00+00:00,9971.437035469042,9982.561941946456,9.51017509755113,0.4971674623782641,-1.1175639174852385,8000.450965377888,0.4207993523283713,0.1976631916824256
2026-06-28 05:00:00+00:00,9971.972600546376,9983.097507023791,9.51017509755113,0.4971674623782641,-1.1175639174852385,8000.450965377888,0.4206978808502203,0.1977062828131383
2026-06-28 06:00:00+00:00,9974.69410172987,9985.819008207285,9.51017509755113,0.4971674623782641,-1.1175639174852385,8000.450965377888,0.42029829368985927,0.1979251810849616
2026-06-28 07:00:00+00:00,9977.196839716686,9988.3217461941,9.51017509755113,0.4971674623782641,-1.1175639174852385,8000.450965377888,0.4202733588857134,0.19812637818970097
2026-06-28 08:00:00+00:00,9976.679445078711,9987.804351556126,9.51017509755113,0.4971674623782641,-1.1175639174852385,8000.450965377888,0.42096083370388576,0.1980847926988028
2026-06-28 09:00:00+00:00,9974.538565605382,9985.663472082797,9.51017509755113,0.4971674623782641,-1.1175639174852385,8000.450965377888,0.421655106875409,0.1979126740794432
2026-06-28 10:00:00+00:00,9970.939756625592,9982.064663103007,9.51017509755113,0.4971674623782641,-1.1175639174852385,8000.450965377888,0.4215981714517833,0.19762317688644476
2026-06-28 11:00:00+00:00,9970.48100794946,9981.605914426875,9.51017509755113,0.4971674623782641,-1.1175639174852385,8000.450965377888,0.42115672036271207,0.19758625897796378
2026-06-28 12:00:00+00:00,9968.233486719739,9979.358393197153,9.51017509755113,0.4971674623782641,-1.1175639174852385,8000.450965377888,0.4215516926125593,0.19740534006987753
2026-06-28 13:00:00+00:00,9968.415899758831,9979.933621938655,9.878096310384928,0.5220619519527016,-1.1175639174852385,8293.744722097681,0.36000497470080783,0.1679977234599197
2026-06-28 14:00:00+00:00,9970.435084327992,9981.952806507816,9.878096310384928,0.5220619519527016,-1.1175639174852385,8293.744722097681,0.3599155116736717,0.16816621822911348
2026-06-28 15:00:00+00:00,9971.755561459408,9983.273283639232,9.878096310384928,0.5220619519527016,-1.1175639174852385,8293.744722097681,0.35976445737569895,0.16827637109830468
2026-06-28 16:00:00+00:00,9970.790633206207,9982.30835538603,9.878096310384928,0.5220619519527016,-1.1175639174852385,8293.744722097681,0.3595373508196497,0.16819588062789906
2026-06-28 17:00:00+00:00,9971.833907682256,9983.35162986208,9.878096310384928,0.5220619519527016,-1.1175639174852385,8293.744722097681,0.35931076416074986,0.16828290574432667
2026-06-28 18:00:00+00:00,9973.499508076522,9985.017230256346,9.878096310384928,0.5220619519527016,-1.1175639174852385,8293.744722097681,0.35903804484685875,0.16842180466531126
2026-06-28 19:00:00+00:00,9972.289139651257,9983.80686183108,9.878096310384928,0.5220619519527016,-1.1175639174852385,8293.744722097681,0.35881342478954154,0.16832087337695031
2026-06-28 20:00:00+00:00,9969.825550645897,9981.343272825721,9.878096310384928,0.5220619519527016,-1.1175639174852385,8293.744722097681,0.35840245372175394,0.16811536170155256
2026-06-28 21:00:00+00:00,9973.039335468884,9984.557057648708,9.878096310384928,0.5220619519527016,-1.1175639174852385,8293.744722097681,0.3591737063105126,0.16838343426550328
2026-06-28 22:00:00+00:00,9974.316396503695,9985.834118683519,9.878096310384928,0.5220619519527016,-1.1175639174852385,8293.744722097681,0.35875840732535463,0.16848991024538842
2026-06-28 23:00:00+00:00,9985.879382622517,9997.397104802341,9.878096310384928,0.5220619519527016,-1.1175639174852385,8293.744722097681,0.35855949817438637,0.16945274378834363
2026-06-29 00:00:00+00:00,9985.59665985378,9997.114382033604,9.878096310384928,0.5220619519527016,-1.1175639174852385,8293.744722097681,0.36026677532152107,0.16942922845642683
2026-06-29 01:00:00+00:00,9985.83110091856,9997.44234459258,9.967830282202403,0.5258494743326352,-1.1175639174852385,8189.709089484497,0.3698733328144129,0.17986705295554653
2026-06-29 02:00:00+00:00,9984.466512790035,9996.077756464056,9.967830282202403,0.5258494743326352,-1.1175639174852385,8189.709089484497,0.3699173031391639,0.17975496447471334
2026-06-29 03:00:00+00:00,9982.176961185183,9993.788204859204,9.967830282202403,0.5258494743326352,-1.1175639174852385,8189.709089484497,0.37027415498583,0.17956682982785618
2026-06-29 04:00:00+00:00,9986.19815033741,9997.80939401143,9.967830282202403,0.5258494743326352,-1.1175639174852385,8189.709089484497,0.37189025934276054,0.17989719749274294
2026-06-29 05:00:00+00:00,9986.160373208097,9999.120227217141,11.256120080345404,0.5861700112146825,-1.1175639174852385,8838.009300227031,0.2992488705527588,0.11497422733781082
2026-06-29 06:00:00+00:00,9984.6142415306,9997.574095539645,11.256120080345404,0.5861700112146825,-1.1175639174852385,8838.009300227031,0.29963536339411934,0.11483717984159196
2026-06-29 07:00:00+00:00,9985.838296287911,9998.798150296956,11.256120080345404,0.5861700112146825,-1.1175639174852385,8838.009300227031,0.2993605179200437,0.11494568227562507
2026-06-29 08:00:00+00:00,9985.392972114825,9998.35282612387,11.256120080345404,0.5861700112146825,-1.1175639174852385,8838.009300227031,0.29940334084830433,0.11490621101162203
2026-06-29 09:00:00+00:00,9981.10760523494,9994.602815527658,11.761976027677278,0.6156703475559862,-1.1175639174852385,9012.162447360595,0.2257680630876734,0.0970779192247309
2026-06-29 10:00:00+00:00,9983.362466784592,9996.85767707731,11.761976027677278,0.6156703475559862,-1.1175639174852385,9012.162447360595,0.22636596492519273,0.0972818549517012
2026-06-29 11:00:00+00:00,9980.863592984802,9994.35880327752,11.761976027677278,0.6156703475559862,-1.1175639174852385,9012.162447360595,0.2266013066485394,0.09705584457692361
2026-06-29 12:00:00+00:00,9978.255758103249,9991.750968395967,11.761976027677278,0.6156703475559862,-1.1175639174852385,9012.162447360595,0.22661551257616996,0.09681985851666498
2026-06-29 13:00:00+00:00,9971.61180308092,9985.6876942145,12.31964760544833,0.6386796106465252,-1.1175639174852385,9437.388267490072,0.3147364521942164,0.05357444173927705
2026-06-29 14:00:00+00:00,9977.266088460095,9991.341979593677,12.31964760544833,0.6386796106465252,-1.1175639174852385,9437.388267490072,0.317111290438697,0.05411079710447507
2026-06-29 15:00:00+00:00,9968.902663221477,9982.978554355059,12.31964760544833,0.6386796106465252,-1.1175639174852385,9437.388267490072,0.3174811175333395,0.0533172419961863
2026-06-29 16:00:00+00:00,9967.532481086098,9981.756464782782,12.31964760544833,0.6386796106465252,-1.2656564805874946,9437.24017492697,0.3185197421845001,0.05320196419378478
2026-06-29 17:00:00+00:00,9964.090806768041,9978.695539374774,12.67547600583271,0.6636001203141492,-1.2656564805874946,9166.804691481388,0.314307542555883,0.0800159423221136
2026-06-29 18:00:00+00:00,9957.066708837023,9971.671441443756,12.67547600583271,0.6636001203141492,-1.2656564805874946,9166.804691481388,0.3172719815985985,0.07936695017361559
2026-06-29 19:00:00+00:00,9959.9198309814,9974.524563588133,12.67547600583271,0.6636001203141492,-1.2656564805874946,9166.804691481388,0.31678757440202404,0.07963067504147396
2026-06-29 20:00:00+00:00,9964.487099771673,9979.091832378406,12.67547600583271,0.6636001203141492,-1.2656564805874946,9166.804691481388,0.31651076015766233,0.08005253058218754
2026-06-29 21:00:00+00:00,9962.39176807699,9977.018678037666,12.695812487708839,0.6654409923791168,-1.2656564805874946,9200.678491459725,0.3195245796045601,0.07645887597575343
2026-06-29 22:00:00+00:00,9958.448696628671,9973.075606589347,12.695812487708839,0.6654409923791168,-1.2656564805874946,9200.678491459725,0.3203352732496978,0.07609319767098685
2026-06-29 23:00:00+00:00,9957.62121315215,9972.248123112826,12.695812487708839,0.6654409923791168,-1.2656564805874946,9200.678491459725,0.3200757341408306,0.07601642053753212
2026-06-30 00:00:00+00:00,9959.250627646,9973.810054085207,12.695812487708839,0.6654409923791168,-1.1981729591170045,9200.745974981195,0.32038936267576673,0.07616081581070595
2026-06-30 01:00:00+00:00,9963.434447236436,9977.993873675641,12.695812487708839,0.6654409923791168,-1.1981729591170045,9200.745974981195,0.31911283402223983,0.07654875196843271
2026-06-30 02:00:00+00:00,9963.122069037241,9977.681495476447,12.695812487708839,0.6654409923791168,-1.1981729591170045,9200.745974981195,0.31942992669301745,0.07651979859057527
2026-06-30 03:00:00+00:00,9964.57029805864,9979.129724497845,12.695812487708839,0.6654409923791168,-1.1981729591170045,9200.745974981195,0.31939329535054384,0.07665401519885484
2026-06-30 04:00:00+00:00,9967.651258760658,9982.210685199863,12.695812487708839,0.6654409923791168,-1.1981729591170045,9200.745974981195,0.31910658638418277,0.07693941770940506
2026-06-30 05:00:00+00:00,9969.36851581771,9983.952742344442,12.719097260102776,0.6669563075128372,-1.1981729591170045,9161.914736218903,0.315567931086186,0.08099347298855253
2026-06-30 06:00:00+00:00,9968.935146183316,9983.519372710047,12.719097260102776,0.6669563075128372,-1.1981729591170045,9161.914736218903,0.3155306889704108,0.08095352192890802
2026-06-30 07:00:00+00:00,9968.630667094456,9983.214893621187,12.719097260102776,0.6669563075128372,-1.1981729591170045,9161.914736218903,0.31536570319106716,0.08092545082831167
2026-06-30 08:00:00+00:00,9970.14975166049,9984.733978187222,12.719097260102776,0.6669563075128372,-1.1981729591170045,9161.914736218903,0.31491716226146726,0.08106548402715598
2026-06-30 09:00:00+00:00,9976.166230673294,9991.336290268166,13.255482204632333,0.7164044311206957,-1.1981729591170045,8603.339369402722,0.39183019417477627,0.13761066420982435
2026-06-30 10:00:00+00:00,9973.093089057498,9988.26314865237,13.255482204632333,0.7164044311206957,-1.1981729591170045,8603.339369402722,0.3924137972844,0.13734492473129264
2026-06-30 11:00:00+00:00,9974.409377275395,9989.579436870266,13.255482204632333,0.7164044311206957,-1.1981729591170045,8603.339369402722,0.3931673906208214,0.13745876633020182
2026-06-30 12:00:00+00:00,9978.58994302304,9993.760002617912,13.255482204632333,0.7164044311206957,-1.1981729591170045,8603.339369402722,0.39200104999446805,0.13782013104786253
2026-06-30 13:00:00+00:00,9981.59220699112,9997.036916600422,13.516380074113162,0.7301565760720329,-1.1981729591170045,8600.505529809026,0.39859283663458017,0.13836336413491004
2026-06-30 14:00:00+00:00,10011.046496029325,10026.491205638627,13.516380074113162,0.7301565760720329,-1.1981729591170045,8600.505529809026,0.3958099866521283,0.1408984532016468
2026-06-30 15:00:00+00:00,10029.292077610773,10044.736787220076,13.516380074113162,0.7301565760720329,-1.1981729591170045,8600.505529809026,0.39343985239145396,0.14246135587090403
2026-06-30 16:00:00+00:00,10037.418973286442,10052.972667297723,13.516380074113162,0.7301565760720329,-1.3071573610951062,8600.396545407048,0.3962111602925242,0.1431665283380002
2026-06-30 17:00:00+00:00,10039.210153982385,10054.936644251173,13.681158568716796,0.7381743389747706,-1.3071573610951062,8726.588154541818,0.4107313358243618,0.13074952902742784
2026-06-30 18:00:00+00:00,10030.704512455204,10046.431002723992,13.681158568716796,0.7381743389747706,-1.3071573610951062,8726.588154541818,0.4089756391656463,0.1300124389362735
2026-06-30 19:00:00+00:00,10026.563138903291,10042.289629172079,13.681158568716796,0.7381743389747706,-1.3071573610951062,8726.588154541818,0.40886798795631984,0.12965309910806241
2026-06-30 20:00:00+00:00,10025.240079049898,10040.966569318685,13.681158568716796,0.7381743389747706,-1.3071573610951062,8726.588154541818,0.4110603724541679,0.12953823691683145
2026-06-30 21:00:00+00:00,10025.101759214107,10041.004068048427,13.847114979971625,0.7480364932529575,-1.3071573610951062,8610.936118479063,0.39823076880015784,0.1410624724517413
2026-06-30 22:00:00+00:00,10027.20229493793,10043.10460377225,13.847114979971625,0.7480364932529575,-1.3071573610951062,8610.936118479063,0.398309422250074,0.14124240588761686
2026-06-30 23:00:00+00:00,10029.654271939553,10045.556580773873,13.847114979971625,0.7480364932529575,-1.3071573610951062,8610.936118479063,0.39790597353538887,0.1414523487045516
2026-07-01 00:00:00+00:00,10028.470975777402,10044.860616498523,13.847114979971625,0.7480364932529575,-1.7944892478967118,8610.44878659226,0.398022019092878,0.14139964034499455
2026-07-01 01:00:00+00:00,10028.867832660037,10045.257473381158,13.847114979971625,0.7480364932529575,-1.7944892478967118,8610.44878659226,0.3984235440857399,0.14143361640967583
2026-07-01 02:00:00+00:00,10025.711610111486,10042.101250832608,13.847114979971625,0.7480364932529575,-1.7944892478967118,8610.44878659226,0.3978102254548541,0.1411633287049524
2026-07-01 03:00:00+00:00,10021.179890316464,10037.569531037585,13.847114979971625,0.7480364932529575,-1.7944892478967118,8610.44878659226,0.39896753934189993,0.14077495057117992
2026-07-01 04:00:00+00:00,10020.345552956293,10036.735193677414,13.847114979971625,0.7480364932529575,-1.7944892478967118,8610.44878659226,0.3991444024324499,0.14070340777300566
2026-07-01 05:00:00+00:00,10019.409230229976,10035.798870951097,13.847114979971625,0.7480364932529575,-1.7944892478967118,8610.44878659226,0.39918933538897494,0.14062310574027492
2026-07-01 06:00:00+00:00,10019.457348260228,10035.84698898135,13.847114979971625,0.7480364932529575,-1.7944892478967118,8610.44878659226,0.39873547113590607,0.14062723286232937
2026-07-01 07:00:00+00:00,10025.575988908546,10041.965629629667,13.847114979971625,0.7480364932529575,-1.7944892478967118,8610.44878659226,0.3972940531497877,0.14115171077271407
2026-07-01 08:00:00+00:00,10022.980815364379,10039.3704560855,13.847114979971625,0.7480364932529575,-1.7944892478967118,8610.44878659226,0.3974618022292394,0.14092933577273004
2026-07-01 09:00:00+00:00,10009.94427286952,10026.7773171318,14.270558033131092,0.7679969812523906,-1.7944892478967118,8321.036526419539,0.4463748396850255,0.16872299189791856
2026-07-01 10:00:00+00:00,10013.554837091979,10030.38788135426,14.270558033131092,0.7679969812523906,-1.7944892478967118,8321.036526419539,0.44648389183230747,0.16902272351902978
2026-07-01 11:00:00+00:00,10017.594729786939,10034.42777404922,14.270558033131092,0.7679969812523906,-1.7944892478967118,8321.036526419539,0.4463046998270406,0.1693578397938927
2026-07-01 12:00:00+00:00,10014.495234430142,10031.328278692423,14.270558033131092,0.7679969812523906,-1.7944892478967118,8321.036526419539,0.4467442352465202,0.16910075529203317
2026-07-01 13:00:00+00:00,9990.241679199005,10007.074723461286,14.270558033131092,0.7679969812523906,-1.7944892478967118,8321.036526419539,0.45243284598454836,0.16708356077660966
2026-07-01 14:00:00+00:00,9965.994624244438,9983.311246176216,14.748204650375563,0.7739280335046795,-1.7944892478967118,7524.481184394843,0.37707952171374925,0.24498442271984439
2026-07-01 15:00:00+00:00,9995.319995601516,10012.636617533293,14.748204650375563,0.7739280335046795,-1.7944892478967118,7524.481184394843,0.37895734107715456,0.2471995706284518
2026-07-01 16:00:00+00:00,9989.609528558787,10007.591112751516,14.748204650375563,0.7739280335046795,-2.459451508848326,7523.816222133892,0.38251001169818843,0.24683580468040955
2026-07-01 17:00:00+00:00,9985.829635524258,10004.497493820383,15.388698881840517,0.8197079054350426,-2.459451508848326,8013.667922501013,0.43101925021956217,0.19749603037561805
2026-07-01 18:00:00+00:00,9999.2723091321,10017.940167428225,15.388698881840517,0.8197079054350426,-2.459451508848326,8013.667922501013,0.4313640908553397,0.19857488877642435
2026-07-01 19:00:00+00:00,10009.254957535364,10027.922815831489,15.388698881840517,0.8197079054350426,-2.459451508848326,8013.667922501013,0.42988179302534973,0.19937418354320116
2026-07-01 20:00:00+00:00,10011.808226744748,10030.476085040873,15.388698881840517,0.8197079054350426,-2.459451508848326,8013.667922501013,0.4277828644492522,0.19957836376710275
2026-07-01 21:00:00+00:00,10004.549362263744,10023.217220559869,15.388698881840517,0.8197079054350426,-2.459451508848326,8013.667922501013,0.42775401162879934,0.1989976127532697
2026-07-01 22:00:00+00:00,9991.731115279257,10010.398973575382,15.388698881840517,0.8197079054350426,-2.459451508848326,8013.667922501013,0.4308342364381896,0.1979700184038589
2026-07-01 23:00:00+00:00,10000.528118709828,10019.195977005953,15.388698881840517,0.8197079054350426,-2.459451508848326,8013.667922501013,0.42962763822220285,0.19867552719457182
2026-07-02 00:00:00+00:00,10008.136292623843,10027.405185292075,15.388698881840517,0.8197079054350426,-3.0604858809556257,8013.066888128906,0.4279474038879637,0.19934474772943855
2026-07-02 01:00:00+00:00,10014.954042985586,10034.222935653817,15.388698881840517,0.8197079054350426,-3.0604858809556257,8013.066888128906,0.427893747325607,0.1998897994203768
2026-07-02 02:00:00+00:00,10012.520548085335,10031.789440753566,15.388698881840517,0.8197079054350426,-3.0604858809556257,8013.066888128906,0.4292024961233831,0.19969533648934965
2026-07-02 03:00:00+00:00,10008.35515315019,10027.624045818422,15.388698881840517,0.8197079054350426,-3.0604858809556257,8013.066888128906,0.4293980223213858,0.19936225628376666
2026-07-02 04:00:00+00:00,10005.210678135269,10024.4795708035,15.388698881840517,0.8197079054350426,-3.0604858809556257,8013.066888128906,0.4310870388560456,0.19911062886060588
2026-07-02 05:00:00+00:00,10004.63617296637,10024.517044340786,15.975494956191538,0.8448905372693328,-3.0604858809556257,8445.553596080412,0.3337326070972515,0.15583600941919012
2026-07-02 06:00:00+00:00,10003.9676376999,10023.848509074316,15.975494956191538,0.8448905372693328,-3.0604858809556257,8445.553596080412,0.333220773561059,0.15577959646196904
2026-07-02 07:00:00+00:00,10007.601839297777,10027.482710672193,15.975494956191538,0.8448905372693328,-3.0604858809556257,8445.553596080412,0.33258488909709283,0.15608617012354797
2026-07-02 08:00:00+00:00,10007.43506713283,10027.315938507247,15.975494956191538,0.8448905372693328,-3.0604858809556257,8445.553596080412,0.33286159544161564,0.15607210644634276
2026-07-02 09:00:00+00:00,9996.74794491053,10016.628816284947,15.975494956191538,0.8448905372693328,-3.0604858809556257,8445.553596080412,0.33361523712991975,0.15516989698833522
2026-07-02 10:00:00+00:00,9985.65932668037,10005.540198054787,15.975494956191538,0.8448905372693328,-3.0604858809556257,8445.553596080412,0.3350481392283552,0.1542317517767704
2026-07-02 11:00:00+00:00,9989.543668540739,10009.424539915155,15.975494956191538,0.8448905372693328,-3.0604858809556257,8445.553596080412,0.3357374521973005,0.15456062095435744
2026-07-02 12:00:00+00:00,9984.033206789169,10003.914078163585,15.975494956191538,0.8448905372693328,-3.0604858809556257,8445.553596080412,0.33476573882629995,0.15409399977381755
2026-07-02 13:00:00+00:00,9981.662061459,10001.542932833416,15.975494956191538,0.8448905372693328,-3.0604858809556257,8445.553596080412,0.3353757520053618,0.15389305467571168
2026-07-02 14:00:00+00:00,10033.433186080303,10053.31405745472,15.975494956191538,0.8448905372693328,-3.0604858809556257,8445.553596080412,0.33637838481642013,0.15825884924442474
2026-07-02 15:00:00+00:00,10067.970284142473,10088.026846748859,16.142377667385436,0.853699058044275,-3.0604858809556257,8167.2488613793885,0.30670111553770424,0.18878893849704856
2026-07-02 16:00:00+00:00,10051.781964858601,10072.328231882366,16.142377667385436,0.853699058044275,-3.550190298333717,8166.759156962011,0.30582889204300606,0.18753120735076625
2026-07-02 17:00:00+00:00,10056.659129657726,10078.201290667643,17.100296456112776,0.8916742554699774,-3.550190298333717,7651.801703984984,0.4613440056096947,0.23913084799510254
2026-07-02 18:00:00+00:00,10065.647468652147,10087.189629662063,17.100296456112776,0.8916742554699774,-3.550190298333717,7651.801703984984,0.4601529303822795,0.23981028266534274
2026-07-02 19:00:00+00:00,10065.349372014316,10086.891533024233,17.100296456112776,0.8916742554699774,-3.550190298333717,7651.801703984984,0.46123364099792874,0.23978776879220465
2026-07-02 20:00:00+00:00,10065.37243095613,10086.914591966046,17.100296456112776,0.8916742554699774,-3.550190298333717,7651.801703984984,0.4610093065154229,0.23978951037600854
2026-07-02 21:00:00+00:00,10058.501781295963,10080.315432565487,17.35718187411793,0.9062790970704516,-3.550190298333717,7606.939795957312,0.49665351620729836,0.2437303326721474
2026-07-02 22:00:00+00:00,10059.025128577283,10080.838779846807,17.35718187411793,0.9062790970704516,-3.550190298333717,7606.939795957312,0.49613024906555414,0.24376967959387
2026-07-02 23:00:00+00:00,10061.353846698312,10083.167497967836,17.35718187411793,0.9062790970704516,-3.550190298333717,7606.939795957312,0.49677708571273416,0.2439447104373959
2026-07-03 00:00:00+00:00,10062.313588613186,10084.43980035387,17.35718187411793,0.9062790970704516,-3.862750769494802,7606.62723548615,0.4967501578665268,0.24404788535968144
2026-07-03 01:00:00+00:00,10061.24238613683,10083.388516031117,17.376380212405067,0.9069989123876147,-3.862750769494802,7574.6108066693005,0.4926435186253656,0.24714955509806674
2026-07-03 02:00:00+00:00,10055.02782261921,10077.173952513496,17.376380212405067,0.9069989123876147,-3.862750769494802,7574.6108066693005,0.49449134535560135,0.24668425186950824
2026-07-03 03:00:00+00:00,10064.24691053021,10086.393040424497,17.376380212405067,0.9069989123876147,-3.862750769494802,7574.6108066693005,0.4943831880312844,0.24737430688986833
2026-07-03 04:00:00+00:00,10063.379014619892,10085.525144514178,17.376380212405067,0.9069989123876147,-3.862750769494802,7574.6108066693005,0.49491654077286196,0.2473093981986523
2026-07-03 05:00:00+00:00,10063.48846408619,10085.665877215197,17.406386434456252,0.9082759250551307,-3.862750769494802,7524.570430361943,0.49048181194038776,0.2522900525781834
2026-07-03 06:00:00+00:00,10059.948935775259,10082.126348904267,17.406386434456252,0.9082759250551307,-3.862750769494802,7524.570430361943,0.49083252830729196,0.2520269756436819
2026-07-03 07:00:00+00:00,10062.569123536388,10084.746536665396,17.406386434456252,0.9082759250551307,-3.862750769494802,7524.570430361943,0.49169123362190226,0.25222173999660336
2026-07-03 08:00:00+00:00,10054.441564729204,10076.618977858212,17.406386434456252,0.9082759250551307,-3.862750769494802,7524.570430361943,0.49157463482136116,0.2516172696494655
2026-07-03 09:00:00+00:00,10056.57681095567,10078.791621414466,17.442331864157563,0.9097278251426222,-3.862750769494802,7584.443534434424,0.49695315126709644,0.2458225421028054
2026-07-03 10:00:00+00:00,10055.467722388888,10077.682532847684,17.442331864157563,0.9097278251426222,-3.862750769494802,7584.443534434424,0.49755546086144953,0.2457393585434751
2026-07-03 11:00:00+00:00,10056.569421171498,10078.784231630294,17.442331864157563,0.9097278251426222,-3.862750769494802,7584.443534434424,0.49863873781783663,0.24582198791693866
2026-07-03 12:00:00+00:00,10053.970379114775,10076.18518957357,17.442331864157563,0.9097278251426222,-3.862750769494802,7584.443534434424,0.4988596545296834,0.24562702609611098
2026-07-03 13:00:00+00:00,10049.063693018314,10071.332717733148,17.49302269388172,0.9132512514587026,-3.862750769494802,7668.877559811631,0.4909349946098673,0.23685650782175258
2026-07-03 14:00:00+00:00,10047.270024929605,10069.53904964444,17.49302269388172,0.9132512514587026,-3.862750769494802,7668.877559811631,0.49160539236404677,0.2367202692091116
2026-07-03 15:00:00+00:00,10051.961109966102,10074.230134680936,17.49302269388172,0.9132512514587026,-3.862750769494802,7668.877559811631,0.49092956671391325,0.23707647931424466
2026-07-03 16:00:00+00:00,10050.71407263024,10072.983097345075,17.49302269388172,0.9132512514587026,-3.862750769494802,7668.877559811631,0.4901737229856875,0.23698181995891668
2026-07-03 17:00:00+00:00,10051.774572484686,10074.111423045997,17.557796180813437,0.9163036110029986,-3.862750769494802,7657.232514647081,0.4897325348921848,0.23822082763299576
2026-07-03 18:00:00+00:00,10052.127928825477,10074.464779386788,17.557796180813437,0.9163036110029986,-3.862750769494802,7657.232514647081,0.4898616178909476,0.2382476059930352
2026-07-03 19:00:00+00:00,10055.83345158344,10078.17030214475,17.557796180813437,0.9163036110029986,-3.862750769494802,7657.232514647081,0.48974912316003344,0.2385283078210353
2026-07-03 20:00:00+00:00,10051.893324355722,10074.230174917033,17.557796180813437,0.9163036110029986,-3.862750769494802,7657.232514647081,0.48963357538822055,0.23822982720144684
2026-07-03 21:00:00+00:00,10049.730211806493,10072.497790551348,17.962796018685328,0.9420319566754957,-3.862750769494802,7577.207701115764,0.508983273865536,0.24602874490958893
2026-07-03 22:00:00+00:00,10048.35121561443,10071.118794359285,17.962796018685328,0.9420319566754957,-3.862750769494802,7577.207701115764,0.5085865908451532,0.2459252728605548
2026-07-03 23:00:00+00:00,10051.254574001076,10074.02215274593,17.962796018685328,0.9420319566754957,-3.862750769494802,7577.207701115764,0.5078953917218848,0.24614309135943763
2026-07-04 00:00:00+00:00,10051.144470272216,10073.912049017072,17.962796018685328,0.9420319566754957,-3.862750769494802,7577.207701115764,0.5083267032016859,0.24613483334892808
2026-07-04 01:00:00+00:00,10047.922390026351,10070.706935099637,17.97908988072647,0.9427044230652241,-3.862750769494802,7604.347843988955,0.5078967654558676,0.24319202031883813
2026-07-04 02:00:00+00:00,10046.853656724874,10069.63820179816,17.97908988072647,0.9427044230652241,-3.862750769494802,7604.347843988955,0.5070206033791717,0.24311151492696675
2026-07-04 03:00:00+00:00,10047.56673840827,10070.351283481556,17.97908988072647,0.9427044230652241,-3.862750769494802,7604.347843988955,0.5074407358143069,0.24316523174509097
2026-07-04 04:00:00+00:00,10047.16489361218,10069.949438685466,17.97908988072647,0.9427044230652241,-3.862750769494802,7604.347843988955,0.5078974198597693,0.24313496150305317
2026-07-04 05:00:00+00:00,10047.168062471814,10069.9526075451,17.97908988072647,0.9427044230652241,-3.862750769494802,7604.347843988955,0.508511716891019,0.24313520021699261
2026-07-04 06:00:00+00:00,10052.425769616186,10075.210314689471,17.97908988072647,0.9427044230652241,-3.862750769494802,7604.347843988955,0.5079775158671818,0.24353106222645607
2026-07-04 07:00:00+00:00,10050.202991989743,10072.987537063029,17.97908988072647,0.9427044230652241,-3.862750769494802,7604.347843988955,0.5080095060499337,0.24336375593111836
2026-07-04 08:00:00+00:00,10051.543133074361,10074.327678147647,17.97908988072647,0.9427044230652241,-3.862750769494802,7604.347843988955,0.507956954751006,0.2434646358958525
2026-07-04 09:00:00+00:00,10051.753897088733,10074.694181268746,18.12106307392935,0.9564703365880378,-3.862750769494802,7831.223465062241,0.48453164552889366,0.2209097491602555
2026-07-04 10:00:00+00:00,10049.71746946249,10072.657753642503,18.12106307392935,0.9564703365880378,-3.862750769494802,7831.223465062241,0.4840668983572736,0.22075187796487436
2026-07-04 11:00:00+00:00,10050.135016809147,10073.07530098916,18.12106307392935,0.9564703365880378,-3.862750769494802,7831.223465062241,0.4839920008279926,0.22078425295139922
2026-07-04 12:00:00+00:00,10052.026272297866,10074.966556477879,18.12106307392935,0.9564703365880378,-3.862750769494802,7831.223465062241,0.483965801562744,0.22093085981638153
2026-07-04 13:00:00+00:00,10052.624705074308,10075.574107232915,18.12980884759432,0.9568425415173468,-3.862750769494802,7816.638429846963,0.4838818637667571,0.22242810617397038
2026-07-04 14:00:00+00:00,10045.082613529692,10068.032015688299,18.12980884759432,0.9568425415173468,-3.862750769494802,7816.638429846963,0.4843701814344624,0.22184428634576314
2026-07-04 15:00:00+00:00,10045.386844886243,10068.33624704485,18.12980884759432,0.9568425415173468,-3.862750769494802,7816.638429846963,0.48433322979668747,0.22186785331954223
2026-07-04 16:00:00+00:00,10044.18943650186,10067.138838660467,18.12980884759432,0.9568425415173468,-3.862750769494802,7816.638429846963,0.4854206368881243,0.22177508904398938
2026-07-04 17:00:00+00:00,10042.995900287515,10067.78834464869,19.86095824649904,1.0687353451811983,-3.862750769494802,9028.32288371378,0.29542374176275565,0.1010329016010738
2026-07-04 18:00:00+00:00,10043.505799510956,10068.298243872132,19.86095824649904,1.0687353451811983,-3.862750769494802,9028.32288371378,0.2956425764553669,0.10107854130443261
2026-07-04 19:00:00+00:00,10044.668324155178,10069.460768516354,19.86095824649904,1.0687353451811983,-3.862750769494802,9028.32288371378,0.2955946214761274,0.10118257842295454
2026-07-04 20:00:00+00:00,10044.589704128146,10069.382148489321,19.86095824649904,1.0687353451811983,-3.862750769494802,9028.32288371378,0.29577089062602996,0.10117554328741758
2026-07-04 21:00:00+00:00,10046.90942714106,10071.71832837686,19.876590033154205,1.0695604331517639,-3.862750769494802,9002.254274168521,0.2931564039322175,0.1039777615741684
2026-07-04 22:00:00+00:00,10040.55623972346,10065.365140959262,19.876590033154205,1.0695604331517639,-3.862750769494802,9002.254274168521,0.2933802770011369,0.10341080123102186
2026-07-04 23:00:00+00:00,10043.807605663169,10068.61650689897,19.876590033154205,1.0695604331517639,-3.862750769494802,9002.254274168521,0.29337805782024723,0.10370104370650937
2026-07-05 00:00:00+00:00,10042.806814015137,10067.615715250939,19.876590033154205,1.0695604331517639,-3.862750769494802,9002.254274168521,0.2936499759458264,0.1036117251996208
2026-07-05 01:00:00+00:00,10042.731142180188,10067.556963763647,19.89266200494601,1.070408809019661,-3.862750769494802,9029.024821849738,0.2961216211866126,0.10093930684580513
2026-07-05 02:00:00+00:00,10040.084779649424,10064.910601232883,19.89266200494601,1.070408809019661,-3.862750769494802,9029.024821849738,0.2964991496491773,0.10070233269832896
2026-07-05 03:00:00+00:00,10039.853605772423,10064.679427355883,19.89266200494601,1.070408809019661,-3.862750769494802,9029.024821849738,0.2962002954812131,0.10068162580991308
2026-07-05 04:00:00+00:00,10039.411732687247,10064.237554270707,19.89266200494601,1.070408809019661,-3.862750769494802,9029.024821849738,0.2963159604250491,0.10064204335277915
2026-07-05 05:00:00+00:00,10039.343682621457,10064.185834682725,19.908173731861375,1.071227559912499,-3.862750769494802,9003.156431930549,0.2941815439082664,0.10321264850057811
2026-07-05 06:00:00+00:00,10042.245133649569,10067.087285710837,19.908173731861375,1.071227559912499,-3.862750769494802,9003.156431930549,0.29420998895009587,0.10347175237111468
2026-07-05 07:00:00+00:00,10040.798408248747,10065.640560310016,19.908173731861375,1.071227559912499,-3.862750769494802,9003.156431930549,0.2941554659327759,0.10334257636979856
2026-07-05 08:00:00+00:00,10038.7836342969,10063.625786358169,19.908173731861375,1.071227559912499,-3.862750769494802,9003.156431930549,0.2945874931036774,0.1031626181112415
2026-07-05 09:00:00+00:00,10037.359665251055,10062.201817312323,19.908173731861375,1.071227559912499,-3.862750769494802,9003.156431930549,0.2945140185142687,0.10303538657689797
2026-07-05 10:00:00+00:00,10040.802668068176,10065.644820129444,19.908173731861375,1.071227559912499,-3.862750769494802,9003.156431930549,0.29376554374252806,0.10334295677750507
2026-07-05 11:00:00+00:00,10041.666271118524,10066.508423179792,19.908173731861375,1.071227559912499,-3.862750769494802,9003.156431930549,0.2940635041384071,0.10342007104686382
2026-07-05 12:00:00+00:00,10041.675900821987,10066.518052883255,19.908173731861375,1.071227559912499,-3.862750769494802,9003.156431930549,0.29392178046395667,0.1034209308434688
2026-07-05 13:00:00+00:00,10039.175937935188,10064.307838310757,20.1730964679743,1.0960531381004375,-3.862750769494802,8648.364923863826,0.25884094039505523,0.1385383643707132
2026-07-05 14:00:00+00:00,10041.211139904515,10066.343040280084,20.1730964679743,1.0960531381004375,-3.862750769494802,8648.364923863826,0.25916377955658454,0.13871296964421104
2026-07-05 15:00:00+00:00,10039.396512321988,10064.528412697557,20.1730964679743,1.0960531381004375,-3.862750769494802,8648.364923863826,0.2591995810209854,0.13855729144185702
2026-07-05 16:00:00+00:00,10040.949914955741,10066.08181533131,20.1730964679743,1.0960531381004375,-3.862750769494802,8648.364923863826,0.2591770616079095,0.1386905624355018
2026-07-05 17:00:00+00:00,10038.357149506775,10063.489049882344,20.1730964679743,1.0960531381004375,-3.862750769494802,8648.364923863826,0.25909584627951193,0.13846809840903537
2026-07-05 18:00:00+00:00,10039.390074046081,10064.52197442165,20.1730964679743,1.0960531381004375,-3.862750769494802,8648.364923863826,0.25923931627369506,0.13855673899735652
2026-07-05 19:00:00+00:00,10038.103525665687,10063.235426041256,20.1730964679743,1.0960531381004375,-3.862750769494802,8648.364923863826,0.2595403013240776,0.13844633084810687
2026-07-05 20:00:00+00:00,10035.896811513361,10061.02871188893,20.1730964679743,1.0960531381004375,-3.862750769494802,8648.364923863826,0.2595842695581146,0.13825689061068597
2026-07-05 21:00:00+00:00,10035.819732980395,10060.951633355964,20.1730964679743,1.0960531381004375,-3.862750769494802,8648.364923863826,0.25949568935870787,0.13825027212844607
2026-07-05 22:00:00+00:00,10030.48085419784,10055.612754573409,20.1730964679743,1.0960531381004375,-3.862750769494802,8648.364923863826,0.26025657759984694,0.1377915924893657
2026-07-05 23:00:00+00:00,10029.09988440789,10054.231784783458,20.1730964679743,1.0960531381004375,-3.862750769494802,8648.364923863826,0.26080446434179894,0.13767286959527372
2026-07-06 00:00:00+00:00,10036.026059932357,10061.157960307926,20.1730964679743,1.0960531381004375,-3.862750769494802,8648.364923863826,0.26042277997378366,0.13826798852272856
2026-07-06 01:00:00+00:00,10023.830778916403,10049.88001490106,21.034055676904572,1.1524295382591914,-3.862750769494802,8691.721069973792,0.25455825253463005,0.13289427348918334
2026-07-06 02:00:00+00:00,10027.98431550311,10054.033551487768,21.034055676904572,1.1524295382591914,-3.862750769494802,8691.721069973792,0.2534259087744295,0.1332534239671153
2026-07-06 03:00:00+00:00,10029.524891672572,10055.57412765723,21.034055676904572,1.1524295382591914,-3.862750769494802,8691.721069973792,0.25332994856951124,0.13338655979701963
2026-07-06 04:00:00+00:00,10028.241161633858,10054.290397618515,21.034055676904572,1.1524295382591914,-3.862750769494802,8691.721069973792,0.25299115382944926,0.13327562332399193
2026-07-06 05:00:00+00:00,10024.907628749612,10052.1511054492,22.18303073111865,1.197695198974455,-3.862750769494802,9005.772982945382,0.25292306255078084,0.1016602529964004
2026-07-06 06:00:00+00:00,10023.082917184103,10050.326393883692,22.18303073111865,1.197695198974455,-3.862750769494802,9005.772982945382,0.25284925151889137,0.10149670941009493
2026-07-06 07:00:00+00:00,10020.192884809978,10047.436361509566,22.18303073111865,1.197695198974455,-3.862750769494802,9005.772982945382,0.25264842760650175,0.10123756234297605
2026-07-06 08:00:00+00:00,10020.977714778719,10048.221191478307,22.18303073111865,1.197695198974455,-3.862750769494802,9005.772982945382,0.25323018853189483,0.10130795225062073
2026-07-06 09:00:00+00:00,10020.65279656012,10047.896273259708,22.18303073111865,1.197695198974455,-3.862750769494802,9005.772982945382,0.2532091679818323,0.10127881229086434
2026-07-06 10:00:00+00:00,10020.745050796475,10047.988527496063,22.18303073111865,1.197695198974455,-3.862750769494802,9005.772982945382,0.25284838877766613,0.10128708621026346
2026-07-06 11:00:00+00:00,10021.46059479827,10048.70407149786,22.18303073111865,1.197695198974455,-3.862750769494802,9005.772982945382,0.2527830100514637,0.10135125536292501
2026-07-06 12:00:00+00:00,10023.838619017333,10051.082095716922,22.18303073111865,1.197695198974455,-3.862750769494802,9005.772982945382,0.25252597449133807,0.10156444798906351
2026-07-06 13:00:00+00:00,10022.301633257759,10049.583521106511,22.219261031887918,1.1998760473716166,-3.862750769494802,9066.12058726006,0.2452181910544375,0.09540533512030117
2026-07-06 14:00:00+00:00,10024.148402900766,10051.430290749518,22.219261031887918,1.1998760473716166,-3.862750769494802,9066.12058726006,0.2472121620296684,0.09557199047087869
2026-07-06 15:00:00+00:00,10023.066910443402,10050.348798292154,22.219261031887918,1.1998760473716166,-3.862750769494802,9066.12058726006,0.2485881573813499,0.0954744023694249
2026-07-06 16:00:00+00:00,10016.483977168044,10043.791126553748,22.219261031887918,1.1998760473716166,-3.888012306445779,9066.095325723109,0.25175697570996064,0.09488246111223138
2026-07-06 17:00:00+00:00,10016.259898917133,10043.863584548053,22.498725614715347,1.2169477097579915,-3.888012306445779,9157.600540312007,0.28332087226344826,0.08572654536429875
2026-07-06 18:00:00+00:00,10018.275390167102,10045.879075798022,22.498725614715347,1.2169477097579915,-3.888012306445779,9157.600540312007,0.2820011936364949,0.08591048023094323
2026-07-06 19:00:00+00:00,10016.974044383349,10044.577730014269,22.498725614715347,1.2169477097579915,-3.888012306445779,9157.600540312007,0.2831407086446237,0.0857917271486995
2026-07-06 20:00:00+00:00,10006.348022359649,10033.951707990569,22.498725614715347,1.2169477097579915,-3.888012306445779,9157.600540312007,0.2835477544084563,0.08482090370543548
2026-07-06 21:00:00+00:00,10008.892920808594,10036.594421937736,22.5890638031429,1.2244250195523911,-3.888012306445779,9078.986760154827,0.26838682413980475,0.09290799372231093
2026-07-06 22:00:00+00:00,10011.528729046582,10039.230230175725,22.5890638031429,1.2244250195523911,-3.888012306445779,9078.986760154827,0.2688881677359308,0.09314681045524634
2026-07-06 23:00:00+00:00,10011.367537498609,10039.069038627751,22.5890638031429,1.2244250195523911,-3.888012306445779,9078.986760154827,0.2683521877252741,0.09313220934617113
2026-07-07 00:00:00+00:00,10010.602028463476,10038.351916678359,22.5890638031429,1.2244250195523911,-3.936399392186729,9078.938373069086,0.26798049217076314,0.09306769490439828
2026-07-07 01:00:00+00:00,10012.352717083757,10040.10260529864,22.5890638031429,1.2244250195523911,-3.936399392186729,9078.938373069086,0.2679883510644846,0.09322627462194928
2026-07-07 02:00:00+00:00,10014.039694006677,10041.78958222156,22.5890638031429,1.2244250195523911,-3.936399392186729,9078.938373069086,0.2675391073794738,0.09337903079186333
2026-07-07 03:00:00+00:00,10011.265329749229,10039.015217964112,22.5890638031429,1.2244250195523911,-3.936399392186729,9078.938373069086,0.2666657215407565,0.0931277841482898
2026-07-07 04:00:00+00:00,10014.603684014683,10042.353572229566,22.5890638031429,1.2244250195523911,-3.936399392186729,9078.938373069086,0.2660231719274864,0.0934300887452097
2026-07-07 05:00:00+00:00,10014.059182584198,10042.270496341218,23.024588507764495,1.2503258570682911,-3.936399392186729,9081.086583996746,0.2779971672378633,0.09316627569068273
2026-07-07 06:00:00+00:00,10009.017721711616,10037.229035468636,23.024588507764495,1.2503258570682911,-3.936399392186729,9081.086583996746,0.2786818589875337,0.09270951091454221
2026-07-07 07:00:00+00:00,10004.443827999476,10032.655141756495,23.024588507764495,1.2503258570682911,-3.936399392186729,9081.086583996746,0.2792555250062101,0.09229471021852577
2026-07-07 08:00:00+00:00,10004.444365336843,10032.655679093863,23.024588507764495,1.2503258570682911,-3.936399392186729,9081.086583996746,0.2790593498036502,0.0922947589712553
2026-07-07 09:00:00+00:00,10006.261031146232,10034.476980742273,23.02916748848621,1.2503827153667533,-3.936399392186729,9073.450370479834,0.27992184937813747,0.09322269904441449
2026-07-07 10:00:00+00:00,10008.820782148096,10037.036731744136,23.02916748848621,1.2503827153667533,-3.936399392186729,9073.450370479834,0.2807812874337896,0.09345460689401137
2026-07-07 11:00:00+00:00,10002.373659586003,10030.589609182043,23.02916748848621,1.2503827153667533,-3.936399392186729,9073.450370479834,0.2802765675372177,0.09287028466647158
2026-07-07 12:00:00+00:00,9998.665003869997,10026.880953466038,23.02916748848621,1.2503827153667533,-3.936399392186729,9073.450370479834,0.280577002208017,0.09253381656771754
2026-07-07 13:00:00+00:00,9999.257680303785,10028.292501156535,23.81014677575693,1.2882746848056223,-3.936399392186729,9421.05867061058,0.16518904481403676,0.05782419337308631
2026-07-07 14:00:00+00:00,9993.01505353511,10022.04987438786,23.81014677575693,1.2882746848056223,-3.936399392186729,9421.05867061058,0.16356492409058265,0.05723561706456099
2026-07-07 15:00:00+00:00,9997.612449497426,10026.647270350177,23.81014677575693,1.2882746848056223,-3.936399392186729,9421.05867061058,0.1631827767313315,0.05766914668870062
2026-07-07 16:00:00+00:00,10003.052640074822,10032.12506264847,23.81014677575693,1.2882746848056223,-3.974001113086043,9421.021068889682,0.16368106113037034,0.058185395211594854
2026-07-07 17:00:00+00:00,9995.713177600113,10025.259111611067,24.27402678349333,1.2979061143752988,-3.974001113086043,8967.08653472027,0.24211068332467853,0.10290677859634301
2026-07-07 18:00:00+00:00,9998.193806003066,10027.73974001402,24.27402678349333,1.2979061143752988,-3.974001113086043,8967.08653472027,0.24152437754112546,0.10312935429034216
2026-07-07 19:00:00+00:00,10018.578536444584,10048.124470455537,24.27402678349333,1.2979061143752988,-3.974001113086043,8967.08653472027,0.24000067786089466,0.10495421060974862
2026-07-07 20:00:00+00:00,10012.802997460596,10042.34893147155,24.27402678349333,1.2979061143752988,-3.974001113086043,8967.08653472027,0.2390935762940184,0.10443793441312448
2026-07-07 21:00:00+00:00,10012.977574668654,10042.523508679607,24.27402678349333,1.2979061143752988,-3.974001113086043,8967.08653472027,0.2392137257316438,0.10445354862217338
2026-07-07 22:00:00+00:00,10014.18514482322,10043.731078834173,24.27402678349333,1.2979061143752988,-3.974001113086043,8967.08653472027,0.23886975634303823,0.1045615389529961
2026-07-07 23:00:00+00:00,10015.194776265693,10044.740710276646,24.27402678349333,1.2979061143752988,-3.974001113086043,8967.08653472027,0.23892794903111564,0.10465180807359435
2026-07-08 00:00:00+00:00,10020.458927461254,10050.008677935099,24.27402678349333,1.2979061143752988,-3.977817575975699,8967.082718257381,0.23848481958583467,0.10512255145491137
2026-07-08 01:00:00+00:00,10008.204929665699,10037.754680139544,24.27402678349333,1.2979061143752988,-3.977817575975699,8967.082718257381,0.23889881054798334,0.10402686782744497
2026-07-08 02:00:00+00:00,10014.535806833634,10044.085557307479,24.27402678349333,1.2979061143752988,-3.977817575975699,8967.082718257381,0.2382625691136158,0.10459327409479126
2026-07-08 03:00:00+00:00,10015.047285571598,10044.597036045443,24.27402678349333,1.2979061143752988,-3.977817575975699,8967.082718257381,0.23861587090057332,0.10463900343476058
2026-07-08 04:00:00+00:00,10014.979960422268,10044.529710896113,24.27402678349333,1.2979061143752988,-3.977817575975699,8967.082718257381,0.2382686786059862,0.10463298441994132
2026-07-08 05:00:00+00:00,10012.956192293062,10043.280051767257,24.999009245218435,1.3470326529995196,-3.977817575975699,8283.633304580984,0.31819386088324725,0.17270852428607775
2026-07-08 06:00:00+00:00,10014.727402836668,10045.051262310863,24.999009245218435,1.3470326529995196,-3.977817575975699,8283.633304580984,0.3180660772754774,0.1728548395401509
2026-07-08 07:00:00+00:00,10015.661491871673,10045.985351345867,24.999009245218435,1.3470326529995196,-3.977817575975699,8283.633304580984,0.318141231601553,0.1729319814468907
2026-07-08 08:00:00+00:00,10015.537766631649,10045.861626105843,24.999009245218435,1.3470326529995196,-3.977817575975699,8283.633304580984,0.31876960848966907,0.17292176440298376
2026-07-08 09:00:00+00:00,9998.939437703248,10029.427244617524,25.148299152123712,1.3616901861756265,-3.977817575975699,8034.667503165281,0.33981086105470176,0.1964480279909725
2026-07-08 10:00:00+00:00,9996.219183827698,10026.706990741974,25.148299152123712,1.3616901861756265,-3.977817575975699,8034.667503165281,0.33897952435149087,0.1962293587795571
2026-07-08 11:00:00+00:00,9996.466146081017,10026.953952995293,25.148299152123712,1.3616901861756265,-3.977817575975699,8034.667503165281,0.33969763865094965,0.1962492158976432
2026-07-08 12:00:00+00:00,10000.612761441214,10031.10056835549,25.148299152123712,1.3616901861756265,-3.977817575975699,8034.667503165281,0.34048002056328214,0.19658248001121634
2026-07-08 13:00:00+00:00,10004.975022101316,10035.480907809546,25.164877282525335,1.3631908497285277,-3.977817575975699,8062.281142370921,0.3433168732795481,0.19417278658256723
2026-07-08 14:00:00+00:00,10003.919690542438,10034.425576250667,25.164877282525335,1.3631908497285277,-3.977817575975699,8062.281142370921,0.34244356097266687,0.19408777841420644
2026-07-08 15:00:00+00:00,10006.954536521225,10037.460422229455,25.164877282525335,1.3631908497285277,-3.977817575975699,8062.281142370921,0.341636404217732,0.19433219038350327
2026-07-08 16:00:00+00:00,10008.410897605081,10038.906730666273,25.164877282525335,1.3631908497285277,-3.9677649289393235,8062.291195017958,0.34177474192403484,0.19444842168228843
2026-07-08 17:00:00+00:00,10022.238569000589,10052.922224057924,25.342250683889546,1.373639444508163,-3.9677649289393235,8193.407713801438,0.3593926756926884,0.18247728215688644
2026-07-08 18:00:00+00:00,10031.718066074847,10062.401721132183,25.342250683889546,1.373639444508163,-3.9677649289393235,8193.407713801438,0.35925180718726624,0.18324980229360577
2026-07-08 19:00:00+00:00,10039.19786970605,10069.881524763385,25.342250683889546,1.373639444508163,-3.9677649289393235,8193.407713801438,0.3597976348777341,0.18385833010368355
2026-07-08 20:00:00+00:00,10035.38416769945,10066.067822756786,25.342250683889546,1.373639444508163,-3.9677649289393235,8193.407713801438,0.3601202320331471,0.18354817544770427
2026-07-08 21:00:00+00:00,10030.6520728544,10061.416781209013,25.416939186847838,1.380004238825844,-3.9677649289393235,8099.441474596737,0.3480023950136538,0.19253091266957909
2026-07-08 22:00:00+00:00,10030.625617169326,10061.390325523938,25.416939186847838,1.380004238825844,-3.9677649289393235,8099.441474596737,0.34827976080727496,0.19252878297710557
2026-07-08 23:00:00+00:00,10029.588392975587,10060.3531013302,25.416939186847838,1.380004238825844,-3.9677649289393235,8099.441474596737,0.3481418813182799,0.19244527718910823
2026-07-09 00:00:00+00:00,10029.927370886271,10060.73934641967,25.416939186847838,1.380004238825844,-4.0150321077255775,8099.394207417951,0.34848466211690626,0.19247728244494072
2026-07-09 01:00:00+00:00,10029.339466723106,10060.151442256505,25.416939186847838,1.380004238825844,-4.0150321077255775,8099.394207417951,0.34858091402304897,0.192429946728658
2026-07-09 02:00:00+00:00,10028.172499457172,10058.984474990571,25.416939186847838,1.380004238825844,-4.0150321077255775,8099.394207417951,0.34811708931979635,0.19233597070090544
2026-07-09 03:00:00+00:00,10030.353577476917,10061.165553010316,25.416939186847838,1.380004238825844,-4.0150321077255775,8099.394207417951,0.34793794246964627,0.1925115954431478
2026-07-09 04:00:00+00:00,10034.09607851646,10064.90805404986,25.416939186847838,1.380004238825844,-4.0150321077255775,8099.394207417951,0.34877942792951183,0.19281277117136744
2026-07-09 05:00:00+00:00,10033.714743885204,10064.526719418604,25.416939186847838,1.380004238825844,-4.0150321077255775,8099.394207417951,0.34968656251188607,0.19278209375506467
2026-07-09 06:00:00+00:00,10034.721971148892,10065.533946682292,25.416939186847838,1.380004238825844,-4.0150321077255775,8099.394207417951,0.35004268402994815,0.19286311761255126
2026-07-09 07:00:00+00:00,10029.077237336931,10059.88921287033,25.416939186847838,1.380004238825844,-4.0150321077255775,8099.394207417951,0.35006146053482506,0.19240883126665181
2026-07-09 08:00:00+00:00,10027.70493994731,10058.51691548071,25.416939186847838,1.380004238825844,-4.0150321077255775,8099.394207417951,0.3502875694199689,0.1922983119345244
2026-07-09 09:00:00+00:00,10019.792599845045,10050.604575378444,25.416939186847838,1.380004238825844,-4.0150321077255775,8099.394207417951,0.34906543695968484,0.19166049329771487
2026-07-09 10:00:00+00:00,10027.74037330978,10058.552348843179,25.416939186847838,1.380004238825844,-4.0150321077255775,8099.394207417951,0.34960742057411137,0.1923011659759749
2026-07-09 11:00:00+00:00,10024.1742112397,10054.9861867731,25.416939186847838,1.380004238825844,-4.0150321077255775,8099.394207417951,0.3483837142900162,0.1920138221125058
2026-07-09 12:00:00+00:00,10009.696238001221,10040.50821353462,25.416939186847838,1.380004238825844,-4.0150321077255775,8099.394207417951,0.34727214079299806,0.19084515505384878
2026-07-09 13:00:00+00:00,9997.662405821578,10028.474381354978,25.416939186847838,1.380004238825844,-4.0150321077255775,8099.394207417951,0.3462650183295872,0.18987120402247998
2026-07-09 14:00:00+00:00,10000.250660929436,10031.062636462835,25.416939186847838,1.380004238825844,-4.0150321077255775,8099.394207417951,0.34778051170597907,0.1900808807661243
2026-07-09 15:00:00+00:00,10005.510619055653,10036.322594589052,25.416939186847838,1.380004238825844,-4.0150321077255775,8099.394207417951,0.3477871251464896,0.19050666020057708
2026-07-09 16:00:00+00:00,10020.086778232064,10050.92255656623,25.416939186847838,1.380004238825844,-4.0388349084922925,8099.370404617185,0.349718974735843,0.1916866007375806
2026-07-09 17:00:00+00:00,10028.510245625637,10059.346023959803,25.416939186847838,1.380004238825844,-4.0388349084922925,8099.370404617185,0.3500330117903278,0.19236554520647067
2026-07-09 18:00:00+00:00,10031.324249191059,10062.160027525224,25.416939186847838,1.380004238825844,-4.0388349084922925,8099.370404617185,0.3511448018070404,0.19259210415112138
2026-07-09 19:00:00+00:00,10034.326555335603,10065.162333669768,25.416939186847838,1.380004238825844,-4.0388349084922925,8099.370404617185,0.35177078383742594,0.19283368346125182
2026-07-09 20:00:00+00:00,10067.127493831602,10097.963272165767,25.416939186847838,1.380004238825844,-4.0388349084922925,8099.370404617185,0.3526727850812402,0.19546361068935647
2026-07-09 21:00:00+00:00,10056.253742437986,10087.594880890012,25.890684394452148,1.4116191490837695,-4.0388349084922925,8074.071184884831,0.4272421997928446,0.19710944138056377
2026-07-09 22:00:00+00:00,10060.024433605842,10091.365572057868,25.890684394452148,1.4116191490837695,-4.0388349084922925,8074.071184884831,0.4272199123755162,0.19741038024588378
2026-07-09 23:00:00+00:00,10064.566133395914,10095.90727184794,25.890684394452148,1.4116191490837695,-4.0388349084922925,8074.071184884831,0.42746926093028714,0.19777255394112686
2026-07-10 00:00:00+00:00,10070.961457121177,10102.21279352402,25.890684394452148,1.4116191490837695,-3.949032859309504,8074.160986934014,0.4279481222171436,0.19827307240613318
2026-07-10 01:00:00+00:00,10073.390319586806,10104.683014442002,25.928609812375708,1.4150521835109118,-3.949032859309504,8137.332091388691,0.4337536293253961,0.1921952954045296
2026-07-10 02:00:00+00:00,10064.900338786907,10096.193033642103,25.928609812375708,1.4150521835109118,-3.949032859309504,8137.332091388691,0.43529099552686096,0.19151389308545713
2026-07-10 03:00:00+00:00,10066.036048107188,10097.328742962383,25.928609812375708,1.4150521835109118,-3.949032859309504,8137.332091388691,0.43652190218342035,0.19160511123752316
2026-07-10 04:00:00+00:00,10061.181123450713,10092.473818305909,25.928609812375708,1.4150521835109118,-3.949032859309504,8137.332091388691,0.4362062055292619,0.19121502818172037
2026-07-10 05:00:00+00:00,10057.294787742529,10089.104889150623,26.411637241308693,1.4494313074767586,-3.949032859309504,7688.959854545166,0.42754398172359626,0.23548429107236707
2026-07-10 06:00:00+00:00,10056.290075275037,10088.100176683132,26.411637241308693,1.4494313074767586,-3.949032859309504,7688.959854545166,0.4275001588015942,0.23540790918017807
2026-07-10 07:00:00+00:00,10058.324878021827,10090.134979429922,26.411637241308693,1.4494313074767586,-3.949032859309504,7688.959854545166,0.4266177462708318,0.2355625864356296
2026-07-10 08:00:00+00:00,10056.096729266785,10087.90683067488,26.411637241308693,1.4494313074767586,-3.949032859309504,7688.959854545166,0.42639244589663494,0.23539320856296211
2026-07-10 09:00:00+00:00,10055.871031534629,10087.681132942724,26.411637241308693,1.4494313074767586,-3.949032859309504,7688.959854545166,0.42839440610387114,0.23537604744203328
2026-07-10 10:00:00+00:00,10051.25526209199,10083.065363500085,26.411637241308693,1.4494313074767586,-3.949032859309504,7688.959854545166,0.4304651020378411,0.23502491439613024
2026-07-10 11:00:00+00:00,10027.082208413065,10058.89230982116,26.411637241308693,1.4494313074767586,-3.949032859309504,7688.959854545166,0.43540057927576614,0.23318073047273252
2026-07-10 12:00:00+00:00,10023.90744776004,10055.953891640205,26.62836362559457,1.4690473952619292,-3.949032859309504,7327.532487684421,0.3995457913472045,0.2689943990532512
2026-07-10 13:00:00+00:00,10034.545321055572,10066.910405916273,26.929526044804373,1.4865259565860651,-3.949032859309504,7829.168690614883,0.3926778025367522,0.2197784313966999
2026-07-10 14:00:00+00:00,10064.751216464072,10097.116301324773,26.929526044804373,1.4865259565860651,-3.949032859309504,7829.168690614883,0.39197607762208636,0.22211999857405193
2026-07-10 15:00:00+00:00,10069.136072372625,10101.501157233326,26.929526044804373,1.4865259565860651,-3.949032859309504,7829.168690614883,0.3892865580348156,0.22245874578095057
2026-07-10 16:00:00+00:00,10082.168225825204,10114.428539553077,26.929526044804373,1.4865259565860651,-3.844261726480886,7829.273461747712,0.38977018233929717,0.22345339946885268
2026-07-10 17:00:00+00:00,10083.473569547965,10116.11678737362,27.296435514212,1.5025205849621555,-3.844261726480886,7922.934317734634,0.4028454166251663,0.21426537560807885
2026-07-10 18:00:00+00:00,10085.763154991593,10118.406372817248,27.296435514212,1.5025205849621555,-3.844261726480886,7922.934317734634,0.40072795673863,0.21444374649889963
2026-07-10 19:00:00+00:00,10089.119585310826,10121.76280313648,27.296435514212,1.5025205849621555,-3.844261726480886,7922.934317734634,0.40104218011824394,0.2147050839530172
2026-07-10 20:00:00+00:00,10089.626927905863,10122.270145731518,27.296435514212,1.5025205849621555,-3.844261726480886,7922.934317734634,0.40151378255077436,0.2147445713952611
2026-07-10 21:00:00+00:00,10087.450311079527,10120.22314992374,27.41860947313729,1.5099676445949528,-3.844261726480886,7927.432380109642,0.421499910580843,0.21412922635142348
2026-07-10 22:00:00+00:00,10083.943872989428,10116.716711833642,27.41860947313729,1.5099676445949528,-3.844261726480886,7927.432380109642,0.42166343062103423,0.21385595953743441
2026-07-10 23:00:00+00:00,10084.17626313405,10116.949101978264,27.41860947313729,1.5099676445949528,-3.844261726480886,7927.432380109642,0.4216422954822075,0.21387407625043994
2026-07-11 00:00:00+00:00,10083.540707941977,10116.153965189522,27.41860947313729,1.5099676445949528,-3.6846801298130236,7927.59196170631,0.42204613560096865,0.21380870159403464
2026-07-11 01:00:00+00:00,10083.653618232362,10116.351446505045,27.497765665440475,1.5153824774291285,-3.6846801298130236,7795.585818342031,0.4349942553603163,0.2269086073874305
2026-07-11 02:00:00+00:00,10082.327036223935,10115.024864496618,27.497765665440475,1.5153824774291285,-3.6846801298130236,7795.585818342031,0.43481082189241566,0.22680688790058742
2026-07-11 03:00:00+00:00,10082.344646530079,10115.042474802762,27.497765665440475,1.5153824774291285,-3.6846801298130236,7795.585818342031,0.4352769415841628,0.22680823839671602
2026-07-11 04:00:00+00:00,10083.63185257124,10116.329680843923,27.497765665440475,1.5153824774291285,-3.6846801298130236,7795.585818342031,0.43532131729614454,0.22690693865879052
2026-07-11 05:00:00+00:00,10082.2562972916,10115.035114927063,27.574067752176862,1.5200697534730006,-3.6846801298130236,7922.679660815937,0.43086977590985637,0.2141957685657914
2026-07-11 06:00:00+00:00,10080.392176990468,10113.17099462593,27.574067752176862,1.5200697534730006,-3.6846801298130236,7922.679660815937,0.4310924877483782,0.2140504534237995
2026-07-11 07:00:00+00:00,10079.915680608923,10112.694498244386,27.574067752176862,1.5200697534730006,-3.6846801298130236,7922.679660815937,0.43159037271587986,0.2140133001254102
2026-07-11 08:00:00+00:00,10079.062412075486,10111.841229710948,27.574067752176862,1.5200697534730006,-3.6846801298130236,7922.679660815937,0.4319370310579883,0.21394676043240274
2026-07-11 09:00:00+00:00,10079.96838432854,10113.014571543876,27.82848000605853,1.5330270794634686,-3.6846801298130236,8346.44567169817,0.46031556798903117,0.1719769989879632
2026-07-11 10:00:00+00:00,10079.975753667293,10113.021940882629,27.82848000605853,1.5330270794634686,-3.6846801298130236,8346.44567169817,0.4605035423807123,0.1719776043447754
2026-07-11 11:00:00+00:00,10081.460765723137,10114.506952938473,27.82848000605853,1.5330270794634686,-3.6846801298130236,8346.44567169817,0.46064328114075914,0.17209957310194587
2026-07-11 12:00:00+00:00,10081.72415992446,10114.770347139796,27.82848000605853,1.5330270794634686,-3.6846801298130236,8346.44567169817,0.460385154517933,0.17212120275261458
2026-07-11 13:00:00+00:00,10083.581898684402,10116.834492686234,28.020558567652607,1.5473553043662613,-3.6846801298130236,8192.17012793527,0.49236329535827966,0.1875734029587149
2026-07-11 14:00:00+00:00,10082.189161048573,10115.441755050404,28.020558567652607,1.5473553043662613,-3.6846801298130236,8192.17012793527,0.49214917041059947,0.18746117563586132
2026-07-11 15:00:00+00:00,10080.443005790783,10113.695599792614,28.020558567652607,1.5473553043662613,-3.6846801298130236,8192.17012793527,0.4925314790005842,0.18732042597441217
2026-07-11 16:00:00+00:00,10079.13313827786,10112.385732279692,28.020558567652607,1.5473553043662613,-3.6846801298130236,8192.17012793527,0.49178757962920744,0.18721481147782532
2026-07-11 17:00:00+00:00,10076.36103709032,10109.613631092152,28.020558567652607,1.5473553043662613,-3.6846801298130236,8192.17012793527,0.4919951040284402,0.18699120666870586
2026-07-11 18:00:00+00:00,10076.453021673404,10109.705615675235,28.020558567652607,1.5473553043662613,-3.6846801298130236,8192.17012793527,0.4925799587747663,0.18699862835516012
2026-07-11 19:00:00+00:00,10077.487066577265,10110.739660579096,28.020558567652607,1.5473553043662613,-3.6846801298130236,8192.17012793527,0.49301974627547335,0.18708204993830155
2026-07-11 20:00:00+00:00,10076.759936381899,10110.01253038373,28.020558567652607,1.5473553043662613,-3.6846801298130236,8192.17012793527,0.4928134948042827,0.18702339048907607
2026-07-11 21:00:00+00:00,10075.940036221173,10109.645856522422,28.448222694072378,1.5729174773639454,-3.6846801298130236,7704.29888346934,0.48215436879150597,0.23537666403593263
2026-07-11 22:00:00+00:00,10077.915372830552,10111.621193131801,28.448222694072378,1.5729174773639454,-3.6846801298130236,7704.29888346934,0.481586116556202,0.2355265351563021
2026-07-11 23:00:00+00:00,10078.899574168194,10112.605394469443,28.448222694072378,1.5729174773639454,-3.6846801298130236,7704.29888346934,0.4805943756117585,0.23560118574698952
2026-07-12 00:00:00+00:00,10083.802523523787,10117.508343825037,28.448222694072378,1.5729174773639454,-3.6846801298130236,7704.29888346934,0.4791233070571256,0.2359728519577284
2026-07-12 01:00:00+00:00,10082.946170445275,10116.651990746524,28.448222694072378,1.5729174773639454,-3.6846801298130236,7704.29888346934,0.47851665876175103,0.23590796249097606
2026-07-12 02:00:00+00:00,10077.016471544994,10110.722291846243,28.448222694072378,1.5729174773639454,-3.6846801298130236,7704.29888346934,0.4798263633446951,0.23545834173990104
2026-07-12 03:00:00+00:00,10076.169614372564,10109.875434673813,28.448222694072378,1.5729174773639454,-3.6846801298130236,7704.29888346934,0.4795939978907548,0.2353940854191266
2026-07-12 04:00:00+00:00,10074.5969899604,10108.30281026165,28.448222694072378,1.5729174773639454,-3.6846801298130236,7704.29888346934,0.48031367608074,0.2352747319672563
2026-07-12 05:00:00+00:00,10077.759485437706,10111.465305738955,28.448222694072378,1.5729174773639454,-3.6846801298130236,7704.29888346934,0.47987773318498905,0.23551470993111123
2026-07-12 06:00:00+00:00,10076.846233652968,10110.552053954218,28.448222694072378,1.5729174773639454,-3.6846801298130236,7704.29888346934,0.4800437852802441,0.23544542559954829
2026-07-12 07:00:00+00:00,10076.619738913581,10110.32555921483,28.448222694072378,1.5729174773639454,-3.6846801298130236,7704.29888346934,0.47912802740826943,0.23542824051233036
2026-07-12 08:00:00+00:00,10075.725179856478,10109.431000157727,28.448222694072378,1.5729174773639454,-3.6846801298130236,7704.29888346934,0.47918412939014965,0.23536035908642333
2026-07-12 09:00:00+00:00,10075.423810194654,10109.129630495903,28.448222694072378,1.5729174773639454,-3.6846801298130236,7704.29888346934,0.48044485062529513,0.23533748767234283
2026-07-12 10:00:00+00:00,10078.008712735844,10111.714533037093,28.448222694072378,1.5729174773639454,-3.6846801298130236,7704.29888346934,0.4804097437440946,0.23553361551144372
2026-07-12 11:00:00+00:00,10077.433982423832,10111.139802725082,28.448222694072378,1.5729174773639454,-3.6846801298130236,7704.29888346934,0.4801103585544755,0.2354900169123911
2026-07-12 12:00:00+00:00,10081.702970433531,10115.40879073478,28.448222694072378,1.5729174773639454,-3.6846801298130236,7704.29888346934,0.4804946811156074,0.23581374039052444
2026-07-12 13:00:00+00:00,10080.90237148502,10114.608191786268,28.448222694072378,1.5729174773639454,-3.6846801298130236,7704.29888346934,0.4804467767924376,0.23575305071281835
2026-07-12 14:00:00+00:00,10085.391925356307,10119.097745657557,28.448222694072378,1.5729174773639454,-3.6846801298130236,7704.29888346934,0.4805144883570559,0.23609325839886433
2026-07-12 15:00:00+00:00,10082.114641398159,10115.820461699408,28.448222694072378,1.5729174773639454,-3.6846801298130236,7704.29888346934,0.48140737880885726,0.23584494349680094
2026-07-12 16:00:00+00:00,10085.919622386455,10119.625442687704,28.448222694072378,1.5729174773639454,-3.6846801298130236,7704.29888346934,0.4811378914584227,0.23613322612951718
2026-07-12 17:00:00+00:00,10084.186149069938,10117.891969371187,28.448222694072378,1.5729174773639454,-3.6846801298130236,7704.29888346934,0.4807430399884697,0.23600191730099054
2026-07-12 18:00:00+00:00,10082.618353569967,10116.324173871217,28.448222694072378,1.5729174773639454,-3.6846801298130236,7704.29888346934,0.48048626920133175,0.23588311951315044
2026-07-12 19:00:00+00:00,10082.796864950671,10116.50268525192,28.448222694072378,1.5729174773639454,-3.6846801298130236,7704.29888346934,0.48085858611064314,0.23589664785862643
2026-07-12 20:00:00+00:00,10082.114840689934,10115.820660991183,28.448222694072378,1.5729174773639454,-3.6846801298130236,7704.29888346934,0.4811056405746422,0.2358449586017488
2026-07-12 21:00:00+00:00,10085.562422414841,10119.40245325109,28.576355954348898,1.578994752087736,-3.6846801298130236,7490.615316414864,0.4979096699539066,0.25729324724943364
2026-07-12 22:00:00+00:00,10087.711619155307,10121.551649991556,28.576355954348898,1.578994752087736,-3.6846801298130236,7490.615316414864,0.496845391354489,0.25745148164315895
2026-07-12 23:00:00+00:00,10074.957111589725,10108.797142425974,28.576355954348898,1.578994752087736,-3.6846801298130236,7490.615316414864,0.49559183313204247,0.25651144382559843
2026-07-13 00:00:00+00:00,10072.297297367899,10106.137328204148,28.576355954348898,1.578994752087736,-3.6846801298130236,7490.615316414864,0.49510005681748637,0.2563151091288461
2026-07-13 01:00:00+00:00,10067.028629039396,10100.868659875645,28.576355954348898,1.578994752087736,-3.6846801298130236,7490.615316414864,0.4949571408772499,0.25592589507420277
2026-07-13 02:00:00+00:00,10077.719782433069,10111.559813269318,28.576355954348898,1.578994752087736,-3.6846801298130236,7490.615316414864,0.4923843370175074,0.2567152611772263
2026-07-13 03:00:00+00:00,10076.148958028232,10109.988988864481,28.576355954348898,1.578994752087736,-3.6846801298130236,7490.615316414864,0.4920858812989197,0.2565993865695414
2026-07-13 04:00:00+00:00,10072.983913074113,10106.823943910362,28.576355954348898,1.578994752087736,-3.6846801298130236,7490.615316414864,0.49078647965906486,0.25636580172708245
2026-07-13 05:00:00+00:00,10072.760821426224,10107.665740826747,29.580332408273573,1.6399068624375144,-3.6846801298130236,8599.627540634514,0.37109440527654264,0.14624920683693207
2026-07-13 06:00:00+00:00,10070.425228662993,10105.330148063516,29.580332408273573,1.6399068624375144,-3.6846801298130236,8599.627540634514,0.3714049486824573,0.1460511998879862
2026-07-13 07:00:00+00:00,10069.360010312233,10104.264929712757,29.580332408273573,1.6399068624375144,-3.6846801298130236,8599.627540634514,0.37175968076642374,0.1459608622765038
2026-07-13 08:00:00+00:00,10069.753685682259,10104.658605082783,29.580332408273573,1.6399068624375144,-3.6846801298130236,8599.627540634514,0.37177033473517107,0.1459942507966261
2026-07-13 09:00:00+00:00,10074.78117167371,10110.230569813208,30.09457455378523,1.6701434559001147,-3.6846801298130236,9129.717141073897,0.2879325395583985,0.09380491888567846
2026-07-13 10:00:00+00:00,10082.537006699347,10117.986404838844,30.09457455378523,1.6701434559001147,-3.6846801298130236,9129.717141073897,0.28814049293779714,0.09450199537996717
2026-07-13 11:00:00+00:00,10084.44028334219,10119.889681481687,30.09457455378523,1.6701434559001147,-3.6846801298130236,9129.717141073897,0.2870075692327747,0.09467289363053048
2026-07-13 12:00:00+00:00,10080.900476060151,10116.349874199648,30.09457455378523,1.6701434559001147,-3.6846801298130236,9129.717141073897,0.28736935879446646,0.09435499708037967
2026-07-13 13:00:00+00:00,10083.700651891018,10119.367589563433,30.305170755502537,1.6770867871003814,-3.6846801298130236,9393.665679868418,0.31113954034018027,0.06843072755171455
2026-07-13 14:00:00+00:00,10076.048172922418,10111.715110594832,30.305170755502537,1.6770867871003814,-3.6846801298130236,9393.665679868418,0.311535864094233,0.06772322654111373
2026-07-13 15:00:00+00:00,10068.195248107213,10103.862185779628,30.305170755502537,1.6770867871003814,-3.6846801298130236,9393.665679868418,0.31216244889659633,0.06699607542529579
2026-07-13 16:00:00+00:00,10066.599704317354,10102.308819153217,30.305170755502537,1.6770867871003814,-3.7268572932600406,9393.623502704972,0.311375627897918,0.06685238525216786
2026-07-13 17:00:00+00:00,10061.114253784555,10097.531243340245,30.973595950600956,1.716536311828345,-3.7268572932600406,9307.853170039618,0.33261234579882937,0.0748685547887097
2026-07-13 18:00:00+00:00,10064.591387354376,10101.008376910066,30.973595950600956,1.716536311828345,-3.7268572932600406,9307.853170039618,0.3309163915374008,0.07518817090434089
2026-07-13 19:00:00+00:00,10058.119371026969,10094.536360582659,30.973595950600956,1.716536311828345,-3.7268572932600406,9307.853170039618,0.3323972386041636,0.07459308975279606
2026-07-13 20:00:00+00:00,10049.087430701718,10085.504420257408,30.973595950600956,1.716536311828345,-3.7268572932600406,9307.853170039618,0.3329362959733663,0.07376135054786166
2026-07-13 21:00:00+00:00,10052.11382774858,10088.755901092803,31.189383536240058,1.7258325147213838,-3.7268572932600406,9519.499210508264,0.2967672499413858,0.05298533486260865
2026-07-13 22:00:00+00:00,10053.12941651169,10089.771489855913,31.189383536240058,1.7258325147213838,-3.7268572932600406,9519.499210508264,0.2962628471397277,0.05308100432159666
2026-07-13 23:00:00+00:00,10051.593950413291,10088.236023757514,31.189383536240058,1.7258325147213838,-3.7268572932600406,9519.499210508264,0.2958971705123247,0.052936354425971256
2026-07-14 00:00:00+00:00,10047.557518766715,10083.945579646197,31.189383536240058,1.7258325147213838,-3.472844828520202,9519.753222973004,0.29611772091394134,0.05253060704632786
2026-07-14 01:00:00+00:00,10051.130929772038,10087.897779117005,31.544112343218494,1.7498921732283867,-3.472844828520202,9520.210810713812,0.2608128567025382,0.052821928474298306
2026-07-14 02:00:00+00:00,10048.895459316616,10085.662308661584,31.544112343218494,1.7498921732283867,-3.472844828520202,9520.210810713812,0.25995875373444,0.052611219884136154
2026-07-14 03:00:00+00:00,10049.14316866796,10085.910018012928,31.544112343218494,1.7498921732283867,-3.472844828520202,9520.210810713812,0.2594947495913308,0.05263457282639743
2026-07-14 04:00:00+00:00,10051.718467986717,10088.485317331684,31.544112343218494,1.7498921732283867,-3.472844828520202,9520.210810713812,0.2595282120345161,0.05287729247149928
2026-07-14 05:00:00+00:00,10051.96915869543,10088.824875022237,31.626535018732117,1.756336479554999,-3.472844828520202,9494.84626857708,0.2468169033792888,0.0554242538275611
2026-07-14 06:00:00+00:00,10054.872764980533,10091.72848130734,31.626535018732117,1.756336479554999,-3.472844828520202,9494.84626857708,0.2467270952228036,0.05569702466588485
2026-07-14 07:00:00+00:00,10055.647135615407,10092.502851942214,31.626535018732117,1.756336479554999,-3.472844828520202,9494.84626857708,0.246407985915162,0.055769744052778604
2026-07-14 08:00:00+00:00,10055.9895844351,10092.845300761906,31.626535018732117,1.756336479554999,-3.472844828520202,9494.84626857708,0.2462615395811371,0.05580189907182996
2026-07-14 09:00:00+00:00,10051.94723203622,10088.843891987855,31.664080381149112,1.759734741965571,-3.472844828520202,9432.233119186336,0.23982957927315643,0.0616511506223207
2026-07-14 10:00:00+00:00,10050.632938499382,10087.529598451018,31.664080381149112,1.759734741965571,-3.472844828520202,9432.233119186336,0.2397911073376764,0.06152844533245647
2026-07-14 11:00:00+00:00,10053.498201322545,10090.39486127418,31.664080381149112,1.759734741965571,-3.472844828520202,9432.233119186336,0.23967484192506772,0.061795911203771973
2026-07-14 12:00:00+00:00,10061.193405473165,10098.0900654248,31.664080381149112,1.759734741965571,-3.472844828520202,9432.233119186336,0.23933412129350312,0.06251348731102634
2026-07-14 13:00:00+00:00,10048.468713792618,10085.435202200746,31.729226830819922,1.7644167487893767,-3.472844828520202,9457.541192264496,0.23086871916414786,0.05880771870414531
2026-07-14 14:00:00+00:00,10056.492777535002,10093.459265943131,31.729226830819922,1.7644167487893767,-3.472844828520202,9457.541192264496,0.230610156767072,0.059558694916829476
2026-07-14 15:00:00+00:00,10068.1578536324,10105.124342040528,31.729226830819922,1.7644167487893767,-3.472844828520202,9457.541192264496,0.23134729746787763,0.06064830033903409
2026-07-14 16:00:00+00:00,10073.898793424818,10110.705239435765,31.729226830819922,1.7644167487893767,-3.3128024313392994,9457.701234661678,0.23081659949862107,0.061167733704584074
2026-07-14 17:00:00+00:00,10075.939830670397,10113.700023869978,32.628285697819564,1.8191050704223855,-3.3128024313392994,9505.866182627291,0.38236780188418656,0.056577714597683945
2026-07-14 18:00:00+00:00,10079.430360303266,10117.190553502847,32.628285697819564,1.8191050704223855,-3.3128024313392994,9505.866182627291,0.38251311220463724,0.056904423878446
2026-07-14 19:00:00+00:00,10087.99469579479,10125.754888994372,32.628285697819564,1.8191050704223855,-3.3128024313392994,9505.866182627291,0.38230575358003205,0.05770507724495159
2026-07-14 20:00:00+00:00,10082.97164418847,10120.731837388052,32.628285697819564,1.8191050704223855,-3.3128024313392994,9505.866182627291,0.38336225244333555,0.05723565253640333
2026-07-14 21:00:00+00:00,10081.170999443873,10119.657169785221,33.31765563742129,1.8557122725863815,-3.3128024313392994,9549.06386787803,0.26911615157693464,0.05278227416191987
2026-07-14 22:00:00+00:00,10080.13865573065,10118.624826071999,33.31765563742129,1.8557122725863815,-3.3128024313392994,9549.06386787803,0.2691098331679722,0.05268526614469715
2026-07-14 23:00:00+00:00,10080.612699970685,10119.098870312033,33.31765563742129,1.8557122725863815,-3.3128024313392994,9549.06386787803,0.2692437606812371,0.05272981394218238
2026-07-15 00:00:00+00:00,10081.132416430757,10119.475177300308,33.31765563742129,1.8557122725863815,-3.16939295954242,9549.207277349828,0.2700566814453622,0.05276442339096459
2026-07-15 01:00:00+00:00,10081.874687215659,10120.21744808521,33.31765563742129,1.8557122725863815,-3.16939295954242,9549.207277349828,0.26995706893555366,0.05283416293016235
2026-07-15 02:00:00+00:00,10081.881008855342,10120.223769724893,33.31765563742129,1.8557122725863815,-3.16939295954242,9549.207277349828,0.2699565543441986,0.05283475683135362
2026-07-15 03:00:00+00:00,10081.84613245528,10120.188893324832,33.31765563742129,1.8557122725863815,-3.16939295954242,9549.207277349828,0.26987211893410396,0.05283148027728704
2026-07-15 04:00:00+00:00,10079.677769697668,10118.020530567219,33.31765563742129,1.8557122725863815,-3.16939295954242,9549.207277349828,0.2707988831271637,0.05262772327331561
2026-07-15 05:00:00+00:00,10080.622987100936,10118.985065499832,33.336004597676606,1.8566808416756795,-3.16939295954242,9579.770528815097,0.2673213735657598,0.049684673152316595
2026-07-15 06:00:00+00:00,10079.032633322551,10117.394711721447,33.336004597676606,1.8566808416756795,-3.16939295954242,9579.770528815097,0.26783422177612387,0.049534724479096376
2026-07-15 07:00:00+00:00,10079.330692458278,10117.692770857173,33.336004597676606,1.8566808416756795,-3.16939295954242,9579.770528815097,0.26749546308588495,0.04956283099402325
2026-07-15 08:00:00+00:00,10079.898697817673,10118.260776216568,33.336004597676606,1.8566808416756795,-3.16939295954242,9579.770528815097,0.2669405076727659,0.049616388417758034
2026-07-15 09:00:00+00:00,10069.93804173256,10108.300120131455,33.336004597676606,1.8566808416756795,-3.16939295954242,9579.770528815097,0.2674578310106911,0.048676318651224584
2026-07-15 10:00:00+00:00,10072.237417863938,10110.599496262834,33.336004597676606,1.8566808416756795,-3.16939295954242,9579.770528815097,0.26715381902093754,0.048893494922529354
2026-07-15 11:00:00+00:00,10077.270019247693,10115.632097646589,33.336004597676606,1.8566808416756795,-3.16939295954242,9579.770528815097,0.2671781986723517,0.04936847871321958
2026-07-15 12:00:00+00:00,10076.955650529315,10115.31772892821,33.336004597676606,1.8566808416756795,-3.16939295954242,9579.770528815097,0.2670550852368738,0.04933882205664975
2026-07-15 13:00:00+00:00,10074.322719332471,10112.684797731366,33.336004597676606,1.8566808416756795,-3.16939295954242,9579.770528815097,0.2683329792395334,0.04909036610156781
2026-07-15 14:00:00+00:00,10064.617379682433,10102.979458081329,33.336004597676606,1.8566808416756795,-3.16939295954242,9579.770528815097,0.26863291961597774,0.048173401191197104
2026-07-15 15:00:00+00:00,10056.920881349402,10095.282959748298,33.336004597676606,1.8566808416756795,-3.16939295954242,9579.770528815097,0.27030640447957044,0.047444974278278595
2026-07-15 16:00:00+00:00,10067.399034919845,10105.524668885939,33.336004597676606,1.8566808416756795,-2.9329485267404056,9580.0069732479,0.27032815367540025,0.048412907840582636
2026-07-15 17:00:00+00:00,10050.145567394798,10088.735539184012,33.778447993774144,1.8785752686974877,-2.9329485267404056,9195.333295608078,0.2619381049288796,0.08505471548192764
2026-07-15 18:00:00+00:00,10055.587739670369,10094.177711459582,33.778447993774144,1.8785752686974877,-2.9329485267404056,9195.333295608078,0.2635042772103923,0.08554989189428432
2026-07-15 19:00:00+00:00,10053.257890249193,10091.847862038407,33.778447993774144,1.8785752686974877,-2.9329485267404056,9195.333295608078,0.2633855001712892,0.08533796745363804
2026-07-15 20:00:00+00:00,10060.462976111983,10099.052947901197,33.778447993774144,1.8785752686974877,-2.9329485267404056,9195.333295608078,0.2653484916633633,0.08599302860694469
2026-07-15 21:00:00+00:00,10059.42357745367,10098.294771974259,34.03873682584496,1.8995091680032037,-2.9329485267404056,9177.88162436326,0.22196974184819415,0.08763344602231718
2026-07-15 22:00:00+00:00,10058.76357823327,10097.63477275386,34.03873682584496,1.8995091680032037,-2.9329485267404056,9177.88162436326,0.22170033480785753,0.08757358168514894
2026-07-15 23:00:00+00:00,10056.81667113981,10095.687865660399,34.03873682584496,1.8995091680032037,-2.9329485267404056,9177.88162436326,0.22212573707414998,0.08739694433317492
2026-07-16 00:00:00+00:00,10056.256621690647,10095.028131615143,34.03873682584496,1.8995091680032037,-2.8332639306476213,9177.981308959352,0.22171234153070923,0.08733620727586805
