ts,equity,gross_equity,fees,spread,funding,cash,gross_exposure,net_exposure
2026-08-11 00:00:00+00:00,10000.0,10000.0,0.0,0.0,0.0,10000.0,0.0,0.0
2026-08-11 01:00:00+00:00,9999.63856328744,10000.23809021836,0.5676496040604401,0.031877326858584944,0.0,9541.708231518958,0.09486274718579661,0.04579468836500973
2026-08-11 02:00:00+00:00,10000.660667451371,10001.26019438229,0.5676496040604401,0.031877326858584944,0.0,9541.708231518958,0.09495491853995774,0.04589221164419083
2026-08-11 03:00:00+00:00,10000.79720733675,10001.396734267668,0.5676496040604401,0.031877326858584944,0.0,9541.708231518958,0.0949338964966875,0.04590523798252767
2026-08-11 04:00:00+00:00,10000.457999960909,10001.057526891827,0.5676496040604401,0.031877326858584944,0.0,9541.708231518958,0.09507080832526425,0.04587287586665961
2026-08-11 05:00:00+00:00,9999.552062875751,10001.06050056531,1.434588590698381,0.07384909885978583,0.0,10227.861158441783,0.08726607277784652,-0.02283193228361206
2026-08-11 06:00:00+00:00,9999.503266733162,10001.01170442272,1.434588590698381,0.07384909885978583,0.0,10227.861158441783,0.08721966054275807,-0.022836923556826424
2026-08-11 07:00:00+00:00,9999.780540023003,10001.288977712562,1.434588590698381,0.07384909885978583,0.0,10227.861158441783,0.087096444655525,-0.022808562398535886
2026-08-11 08:00:00+00:00,9999.928534184746,10001.436971874306,1.434588590698381,0.07384909885978583,0.0,10227.861158441783,0.0871199547725034,-0.02279342532077599
2026-08-11 09:00:00+00:00,10000.16041746093,10001.768432739016,1.5304702627467455,0.0775450153401893,0.0,10089.970105647264,0.08678240918871968,-0.00898082475052317
2026-08-11 10:00:00+00:00,10000.252955349019,10001.860970627105,1.5304702627467455,0.0775450153401893,0.0,10089.970105647264,0.08691880181483978,-0.008971488091234433
2026-08-11 11:00:00+00:00,10000.153333631199,10001.761348909286,1.5304702627467455,0.0775450153401893,0.0,10089.970105647264,0.08701304923916196,-0.008981539484400298
2026-08-11 12:00:00+00:00,9999.416134362082,10001.024149640169,1.5304702627467455,0.0775450153401893,0.0,10089.970105647264,0.08704884625131637,-0.009055925872911841
2026-08-11 13:00:00+00:00,10001.048293920236,10003.373898394804,2.21560033358482,0.11000414098478828,0.0,9662.47665384968,0.12468778822408418,0.03385361515316113
2026-08-11 14:00:00+00:00,10003.197005642314,10005.522610116883,2.21560033358482,0.11000414098478828,0.0,9662.47665384968,0.12457880845594288,0.03406114581172898
2026-08-11 15:00:00+00:00,10004.189489119093,10006.515093593662,2.21560033358482,0.11000414098478828,0.0,9662.47665384968,0.12502253746839115,0.03415697350005935
2026-08-11 16:00:00+00:00,10003.535530448908,10005.749984676337,2.21560033358482,0.11000414098478828,0.11115024713966079,9662.58780409682,0.12410696998755429,0.0340827225848607
2026-08-11 17:00:00+00:00,10002.097517987502,10004.355597733453,2.2586907797593008,0.11053921333086737,0.11115024713966079,9734.362123941446,0.11666375729254448,0.02676792478423332
2026-08-11 18:00:00+00:00,10003.33203641328,10005.59011615923,2.2586907797593008,0.11053921333086737,0.11115024713966079,9734.362123941446,0.11658620548040656,0.026888032056993742
2026-08-11 19:00:00+00:00,10003.189765868387,10005.447845614337,2.2586907797593008,0.11053921333086737,0.11115024713966079,9734.362123941446,0.11624450972636666,0.02687419195467036
2026-08-11 20:00:00+00:00,10001.944422447536,10004.202502193486,2.2586907797593008,0.11053921333086737,0.11115024713966079,9734.362123941446,0.11621186374860662,0.026753027931803848
2026-08-11 21:00:00+00:00,10001.484543834747,10003.855646573704,2.367333870077431,0.11491911601776326,0.11115024713966079,9812.548481019749,0.09828965946104336,0.01889080185915655
2026-08-11 22:00:00+00:00,10001.842111855362,10004.213214594318,2.367333870077431,0.11491911601776326,0.11115024713966079,9812.548481019749,0.09829037437594941,0.018925876725372475
2026-08-11 23:00:00+00:00,10002.306100558179,10004.677203297135,2.367333870077431,0.11491911601776326,0.11115024713966079,9812.548481019749,0.0983098411237444,0.018971386961237003
2026-08-12 00:00:00+00:00,10002.359185765963,10004.616155968286,2.367333870077431,0.11491911601776326,0.22528278377218497,9812.66261355638,0.09829720374358386,0.0189651829819842
2026-08-12 01:00:00+00:00,10002.097306784448,10004.425830706048,2.4360981357627884,0.1177085696100517,0.22528278377218497,9817.47726394006,0.08694529323161285,0.018458133047671823
2026-08-12 02:00:00+00:00,10001.555525920576,10003.884049842176,2.4360981357627884,0.1177085696100517,0.22528278377218497,9817.47726394006,0.08690542346607395,0.018404963258310026
2026-08-12 03:00:00+00:00,10001.906707348173,10004.235231269773,2.4360981357627884,0.1177085696100517,0.22528278377218497,9817.47726394006,0.08693148500723463,0.018439428481433165
2026-08-12 04:00:00+00:00,10001.769165680036,10004.097689601636,2.4360981357627884,0.1177085696100517,0.22528278377218497,9817.47726394006,0.08692675707936838,0.018425930321642928
2026-08-12 05:00:00+00:00,10001.29655586731,10004.194928196304,2.9807079754373267,0.14294713733082764,0.22528278377218497,9819.591931720079,0.1719050589687826,0.01816810681817368
2026-08-12 06:00:00+00:00,10001.452491372458,10004.350863701453,2.9807079754373267,0.14294713733082764,0.22528278377218497,9819.591931720079,0.17190947047489394,0.018183414839920285
2026-08-12 07:00:00+00:00,10001.675135990241,10004.573508319236,2.9807079754373267,0.14294713733082764,0.22528278377218497,9819.591931720079,0.17202351472388402,0.01820527079658398
2026-08-12 08:00:00+00:00,10001.942106356391,10004.840478685386,2.9807079754373267,0.14294713733082764,0.22528278377218497,9819.591931720079,0.1720101202415727,0.018231476716949357
2026-08-12 09:00:00+00:00,10002.79004399664,10005.688416325635,2.9807079754373267,0.14294713733082764,0.22528278377218497,9819.591931720079,0.17236033209276735,0.018314701345402123
2026-08-12 10:00:00+00:00,10005.31481885661,10008.213191185605,2.9807079754373267,0.14294713733082764,0.22528278377218497,9819.591931720079,0.17282061153643424,0.018562423122009775
2026-08-12 11:00:00+00:00,10005.241053219452,10008.139425548447,2.9807079754373267,0.14294713733082764,0.22528278377218497,9819.591931720079,0.17269152111864372,0.01855518727753537
2026-08-12 12:00:00+00:00,10003.680591092085,10006.57896342108,2.9807079754373267,0.14294713733082764,0.22528278377218497,9819.591931720079,0.17259225297404834,0.018402092879287887
2026-08-12 13:00:00+00:00,10007.46170491123,10010.473835023247,3.0914787126006633,0.14593418319055323,0.22528278377218497,9787.08631672618,0.15444325212904564,0.022021107318042354
2026-08-12 14:00:00+00:00,10019.958411927051,10022.97054203907,3.0914787126006633,0.14593418319055323,0.22528278377218497,9787.08631672618,0.1542648025554447,0.023240824525147537
2026-08-12 15:00:00+00:00,10023.084745462462,10026.09687557448,3.0914787126006633,0.14593418319055323,0.22528278377218497,9787.08631672618,0.15371632093644091,0.023545488712257024
2026-08-12 16:00:00+00:00,10020.57286559449,10023.476574176397,3.0914787126006633,0.14593418319055323,0.33370431388367516,9787.194738256292,0.1533641370015215,0.02328989873817472
2026-08-12 17:00:00+00:00,10020.997845046868,10024.05201442855,3.2330084048387695,0.15486529072674862,0.33370431388367516,9814.481617042191,0.16251017350534286,0.020608349707085555
2026-08-12 18:00:00+00:00,10022.232428966152,10025.286598347833,3.2330084048387695,0.15486529072674862,0.33370431388367516,9814.481617042191,0.16235243383232037,0.020728995600174105
2026-08-12 19:00:00+00:00,10020.420234476209,10023.47440385789,3.2330084048387695,0.15486529072674862,0.33370431388367516,9814.481617042191,0.16269019926669318,0.020551894293361676
2026-08-12 20:00:00+00:00,10022.909301889993,10025.963471271674,3.2330084048387695,0.15486529072674862,0.33370431388367516,9814.481617042191,0.1626840577995975,0.020795128297579173
2026-08-12 21:00:00+00:00,10019.160797387543,10022.276125914934,3.2909563466333505,0.15807649464095144,0.33370431388367516,9717.843766109429,0.15292067694080674,0.030074078794771034
2026-08-12 22:00:00+00:00,10020.970259438469,10024.08558796586,3.2909563466333505,0.15807649464095144,0.33370431388367516,9717.843766109429,0.15304219276296063,0.03024921594229196
2026-08-12 23:00:00+00:00,10020.50289211256,10023.61822063995,3.2909563466333505,0.15807649464095144,0.33370431388367516,9717.843766109429,0.1528980726257527,0.030203985694307135
2026-08-13 00:00:00+00:00,10021.081437498631,10024.063739910749,3.2909563466333505,0.15807649464095144,0.4667304291554663,9717.9767922247,0.1528553255723119,0.030246700135548487
2026-08-13 01:00:00+00:00,10020.95796638917,10024.075748982264,3.4220214711626933,0.16249155108764454,0.4667304291554663,9936.28760131574,0.13132386647406274,0.008449328433211707
2026-08-13 02:00:00+00:00,10021.399990405278,10024.517772998372,3.4220214711626933,0.16249155108764454,0.4667304291554663,9936.28760131574,0.1312850686205326,0.008493063760654907
2026-08-13 03:00:00+00:00,10021.476105702573,10024.593888295667,3.4220214711626933,0.16249155108764454,0.4667304291554663,9936.28760131574,0.1313799087902082,0.00850059447214144
2026-08-13 04:00:00+00:00,10020.838272995508,10023.956055588602,3.4220214711626933,0.16249155108764454,0.4667304291554663,9936.28760131574,0.131471978028406,0.00843748490658883
2026-08-13 05:00:00+00:00,10020.725739026864,10024.128360948516,3.6909728977661755,0.1783794530428493,0.4667304291554663,9738.807794420252,0.09033551936991567,0.028133485732340747
2026-08-13 06:00:00+00:00,10020.327986907563,10023.730608829215,3.6909728977661755,0.1783794530428493,0.4667304291554663,9738.807794420252,0.09034270565712985,0.02809490795661995
2026-08-13 07:00:00+00:00,10020.009275444707,10023.411897366359,3.6909728977661755,0.1783794530428493,0.4667304291554663,9738.807794420252,0.09034093920889348,0.02806399408367562
2026-08-13 08:00:00+00:00,10019.788631644984,10023.191253566636,3.6909728977661755,0.1783794530428493,0.4667304291554663,9738.807794420252,0.09024895861153015,0.028042591271568718
2026-08-13 09:00:00+00:00,10019.413365346827,10022.81598726848,3.6909728977661755,0.1783794530428493,0.4667304291554663,9738.807794420252,0.09025284744612053,0.028006187657361133
2026-08-13 10:00:00+00:00,10020.167481407372,10023.570103329024,3.6909728977661755,0.1783794530428493,0.4667304291554663,9738.807794420252,0.09030956968183888,0.02807933974249326
2026-08-13 11:00:00+00:00,10021.373805289502,10024.776427211154,3.6909728977661755,0.1783794530428493,0.4667304291554663,9738.807794420252,0.0902856498897359,0.02819633478995721
2026-08-13 12:00:00+00:00,10020.6889196478,10024.091541569453,3.6909728977661755,0.1783794530428493,0.4667304291554663,9738.807794420252,0.0901031457548121,0.028129914768121166
2026-08-13 13:00:00+00:00,10020.118632052036,10023.539213476915,3.7080319766771983,0.1792798773583108,0.4667304291554663,9710.358937156303,0.08734912203329011,0.030913775202709003
2026-08-13 14:00:00+00:00,10020.532239563685,10023.952820988565,3.7080319766771983,0.1792798773583108,0.4667304291554663,9710.358937156303,0.0883474319884731,0.03095377520794116
2026-08-13 15:00:00+00:00,10018.668786115944,10022.125263248592,3.7415949766361662,0.1816125851675258,0.4667304291554663,9654.387040891397,0.08260426497358782,0.036360294266776755
2026-08-13 16:00:00+00:00,10019.17024299314,10022.597527671709,3.7415949766361662,0.1816125851675258,0.4959228832348803,9654.416233345475,0.08210964211815086,0.03640561052475909
2026-08-13 17:00:00+00:00,10020.894453226294,10024.409437889397,3.8262379815594425,0.18466956477891847,0.4959228832348803,9764.639333501129,0.0702626204749641,0.025572080508508174
2026-08-13 18:00:00+00:00,10020.276826327865,10023.791810990968,3.8262379815594425,0.18466956477891847,0.4959228832348803,9764.639333501129,0.07034055585011,0.025512019004810253
2026-08-13 19:00:00+00:00,10019.591341669033,10023.106326332136,3.8262379815594425,0.18466956477891847,0.4959228832348803,9764.639333501129,0.07069194047377632,0.025445349962290396
2026-08-13 20:00:00+00:00,10016.632773671567,10020.14775833467,3.8262379815594425,0.18466956477891847,0.4959228832348803,9764.639333501129,0.07084456521551821,0.025157500116485817
2026-08-13 21:00:00+00:00,10016.644689284407,10020.196358715477,3.8618523256269026,0.1857399886771824,0.4959228832348803,9764.154115290576,0.06494132297792948,0.02520710096305409
2026-08-13 22:00:00+00:00,10017.191731034221,10020.76103149744,3.8783544948869353,0.18686885156641908,0.4959228832348803,9736.633997687928,0.06220231301718834,0.02800762338182056
2026-08-13 23:00:00+00:00,10017.153849419788,10020.723149883008,3.8783544948869353,0.18686885156641908,0.4959228832348803,9736.633997687928,0.06224180004748783,0.02800394762311741
2026-08-14 00:00:00+00:00,10017.049838958535,10020.598423398362,3.8783544948869353,0.18686885156641908,0.51663890662742,9736.65471371132,0.06221373011756966,0.027991786978706735
2026-08-14 01:00:00+00:00,10016.223899066015,10019.863338858859,3.965852404624748,0.19022629484540896,0.51663890662742,9831.911497657016,0.04760171517750852,0.01840138591811893
2026-08-14 02:00:00+00:00,10016.364480732282,10020.003920525125,3.965852404624748,0.19022629484540896,0.51663890662742,9831.911497657016,0.04763146679535707,0.018415162849762842
2026-08-14 03:00:00+00:00,10016.146493836774,10019.785933629617,3.965852404624748,0.19022629484540896,0.51663890662742,9831.911497657016,0.04764117473295204,0.018393800080012974
2026-08-14 04:00:00+00:00,10016.519325512012,10020.158765304855,3.965852404624748,0.19022629484540896,0.51663890662742,9831.911497657016,0.04759229649040069,0.018430337111695214
2026-08-14 05:00:00+00:00,10015.64939575978,10019.695389067574,4.354829952585838,0.20780226183546885,0.51663890662742,10227.178168364582,0.06498347779341897,-0.021119826008921178
2026-08-14 06:00:00+00:00,10015.59777632048,10019.643769628274,4.354829952585838,0.20780226183546885,0.51663890662742,10227.178168364582,0.06501025368847077,-0.021125088763482083
2026-08-14 07:00:00+00:00,10015.741039504033,10019.787032811828,4.354829952585838,0.20780226183546885,0.51663890662742,10227.178168364582,0.06496568155824374,-0.021110482791697558
2026-08-14 08:00:00+00:00,10015.612682183639,10019.658675491433,4.354829952585838,0.20780226183546885,0.51663890662742,10227.178168364582,0.06495735325384078,-0.021123569061060936
2026-08-14 09:00:00+00:00,10015.780941827157,10020.208131525324,4.718207950383643,0.22562065440894766,0.51663890662742,9838.627520523423,0.03561295742433253,0.01768742970045592
2026-08-14 10:00:00+00:00,10016.33843153579,10020.765621233957,4.718207950383643,0.22562065440894766,0.51663890662742,9838.627520523423,0.03559650961680247,0.017742103287250694
2026-08-14 11:00:00+00:00,10016.50353427515,10020.930723973317,4.718207950383643,0.22562065440894766,0.51663890662742,9838.627520523423,0.035641820506485296,0.017758293913944994
2026-08-14 12:00:00+00:00,10015.832160735255,10020.259350433422,4.718207950383643,0.22562065440894766,0.51663890662742,9838.627520523423,0.035627348081661535,0.017692453045142095
2026-08-14 13:00:00+00:00,10016.294908941405,10020.757586428648,4.752413202811803,0.22690319105792137,0.51663890662742,9895.602069317929,0.029916011786872594,0.012049649168749559
2026-08-14 14:00:00+00:00,10017.537617323742,10022.000294810985,4.752413202811803,0.22690319105792137,0.51663890662742,9895.602069317929,0.029729154153587605,0.012172207648608702
2026-08-14 15:00:00+00:00,10019.095117759545,10023.557795246788,4.752413202811803,0.22690319105792137,0.51663890662742,9895.602069317929,0.029603042128479667,0.012325768643788714
2026-08-14 16:00:00+00:00,10017.394696124355,10021.858489577355,4.752413202811803,0.22690319105792137,0.5155229408694283,9895.60095335217,0.029662493596254197,0.012158225413570319
2026-08-14 17:00:00+00:00,10016.292395903207,10020.756189356207,4.752413202811803,0.22690319105792137,0.5155229408694283,9895.60095335217,0.029705146465409782,0.012049512711949352
2026-08-14 18:00:00+00:00,10017.359044945693,10021.822838398693,4.752413202811803,0.22690319105792137,0.5155229408694283,9895.60095335217,0.029647142170419704,0.012154709744077348
2026-08-14 19:00:00+00:00,10017.858680823452,10022.322474276452,4.752413202811803,0.22690319105792137,0.5155229408694283,9895.60095335217,0.02954438851087969,0.012203978052247148
2026-08-14 20:00:00+00:00,10017.707617237478,10022.171410690478,4.752413202811803,0.22690319105792137,0.5155229408694283,9895.60095335217,0.029568827078119,0.0121890824279199
2026-08-14 21:00:00+00:00,10017.583493961252,10022.077169344513,4.781215193417596,0.22798313071318074,0.5155229408694283,9943.575469037887,0.024762735501818456,0.007387812137326151
2026-08-14 22:00:00+00:00,10017.60770022739,10022.101375610651,4.781215193417596,0.22798313071318074,0.5155229408694283,9943.575469037887,0.024764181687728835,0.0073902106575628405
2026-08-14 23:00:00+00:00,10017.595165466702,10022.088840849963,4.781215193417596,0.22798313071318074,0.5155229408694283,9943.575469037887,0.024750097703134983,0.0073889686303137
2026-08-15 00:00:00+00:00,10017.527397287891,10021.996922420238,4.781215193417596,0.22798313071318074,0.5396731917839991,9943.599619288801,0.02475558240502134,0.007379842856142879
2026-08-15 01:00:00+00:00,10017.36441325481,10021.833938387157,4.781215193417596,0.22798313071318074,0.5396731917839991,9943.599619288801,0.024780411678343463,0.007363692776156331
2026-08-15 02:00:00+00:00,10017.22791810906,10021.697443241406,4.781215193417596,0.22798313071318074,0.5396731917839991,9943.599619288801,0.024792354454587703,0.007350167074381236
2026-08-15 03:00:00+00:00,10017.113701933446,10021.583227065792,4.781215193417596,0.22798313071318074,0.5396731917839991,9943.599619288801,0.024804905015029608,0.007338848777413311
2026-08-15 04:00:00+00:00,10017.13639309278,10021.605918225127,4.781215193417596,0.22798313071318074,0.5396731917839991,9943.599619288801,0.024791625370620712,0.007341097387341592
2026-08-15 05:00:00+00:00,10017.001346735406,10021.572156907263,4.878437745165789,0.2320456184745411,0.5396731917839991,9946.604050462038,0.010473506480576879,0.007027781452411473
2026-08-15 06:00:00+00:00,10017.042372666847,10021.613182838704,4.878437745165789,0.2320456184745411,0.5396731917839991,9946.604050462038,0.010464508776256647,0.0070318482825841005
2026-08-15 07:00:00+00:00,10017.031389230297,10021.602199402154,4.878437745165789,0.2320456184745411,0.5396731917839991,9946.604050462038,0.010462624565126255,0.0070307595166347265
2026-08-15 08:00:00+00:00,10017.017103230239,10021.587913402096,4.878437745165789,0.2320456184745411,0.5396731917839991,9946.604050462038,0.010460246399547497,0.0070293433706421285
2026-08-15 09:00:00+00:00,10017.087185113236,10021.657995285093,4.878437745165789,0.2320456184745411,0.5396731917839991,9946.604050462038,0.010464017175117513,0.007036290425418848
2026-08-15 10:00:00+00:00,10017.117508220877,10021.688318392735,4.878437745165789,0.2320456184745411,0.5396731917839991,9946.604050462038,0.010472221595642388,0.007039296254732959
2026-08-15 11:00:00+00:00,10017.104346090327,10021.675156262185,4.878437745165789,0.2320456184745411,0.5396731917839991,9946.604050462038,0.010471429998339015,0.007037991538523389
2026-08-15 12:00:00+00:00,10017.101600866854,10021.672411038711,4.878437745165789,0.2320456184745411,0.5396731917839991,9946.604050462038,0.010469515597784265,0.007037719413639094
2026-08-15 13:00:00+00:00,10017.117077169738,10021.687887341595,4.878437745165789,0.2320456184745411,0.5396731917839991,9946.604050462038,0.01047183810950125,0.007039253526187449
2026-08-15 14:00:00+00:00,10017.142152166478,10021.712962338335,4.878437745165789,0.2320456184745411,0.5396731917839991,9946.604050462038,0.01047416417334417,0.007041739114103039
2026-08-15 15:00:00+00:00,10017.160217738534,10021.731027910391,4.878437745165789,0.2320456184745411,0.5396731917839991,9946.604050462038,0.010464100159667668,0.007043529877015901
2026-08-15 16:00:00+00:00,10017.165016666055,10021.735826837912,4.878437745165789,0.2320456184745411,0.5396731917839991,9946.604050462038,0.01046939771395689,0.00704400557309591
2026-08-15 17:00:00+00:00,10017.152558035823,10021.724750866179,4.879751082186039,0.23211493995394783,0.5396731917839991,9944.41384209127,0.010532269480825996,0.00726141640781964
2026-08-15 18:00:00+00:00,10017.168135355465,10021.74032818582,4.879751082186039,0.23211493995394783,0.5396731917839991,9944.41384209127,0.010532433281145195,0.007262960178077757
2026-08-15 19:00:00+00:00,10017.189234649246,10021.761427479601,4.879751082186039,0.23211493995394783,0.5396731917839991,9944.41384209127,0.010532684231165422,0.00726505118883523
2026-08-15 20:00:00+00:00,10017.184699351108,10021.756892181464,4.879751082186039,0.23211493995394783,0.5396731917839991,9944.41384209127,0.010533611129368898,0.0072646017263266
2026-08-15 21:00:00+00:00,10017.183600302327,10021.755793132683,4.879751082186039,0.23211493995394783,0.5396731917839991,9944.41384209127,0.010531211099671778,0.007264492807026211
2026-08-15 22:00:00+00:00,10017.189586668132,10021.761779498487,4.879751082186039,0.23211493995394783,0.5396731917839991,9944.41384209127,0.010535468763742414,0.007265086075012377
2026-08-15 23:00:00+00:00,10017.191727322717,10021.763920153073,4.879751082186039,0.23211493995394783,0.5396731917839991,9944.41384209127,0.01053613850384803,0.007265298220552193
2026-08-16 00:00:00+00:00,10017.181885351743,10021.754078182099,4.879751082186039,0.23211493995394783,0.5396731917839991,9944.41384209127,0.010534249758955632,0.0072643228498110255
2026-08-16 01:00:00+00:00,10017.196819144421,10021.769011974777,4.879751082186039,0.23211493995394783,0.5396731917839991,9944.41384209127,0.010532516817420326,0.007265802835584865
2026-08-16 02:00:00+00:00,10017.174730764742,10021.746923595098,4.879751082186039,0.23211493995394783,0.5396731917839991,9944.41384209127,0.010531709873956713,0.007263613806197136
2026-08-16 03:00:00+00:00,10017.168842175077,10021.741035005432,4.879751082186039,0.23211493995394783,0.5396731917839991,9944.41384209127,0.010537544338144711,0.007263030226413707
2026-08-16 04:00:00+00:00,10017.17667062946,10021.748863459816,4.879751082186039,0.23211493995394783,0.5396731917839991,9944.41384209127,0.010540150782614182,0.0072638060534094785
2026-08-16 05:00:00+00:00,10017.125160829322,10021.726055797155,4.907466254306845,0.2331019053102241,0.5396731917839991,9990.578080453826,0.006482154296988351,0.0026501695795222327
2026-08-16 06:00:00+00:00,10017.142350604983,10021.743245572816,4.907466254306845,0.2331019053102241,0.5396731917839991,9990.578080453826,0.0064841847474777555,0.0026518810676132674
2026-08-16 07:00:00+00:00,10017.119601281269,10021.720496249101,4.907466254306845,0.2331019053102241,0.5396731917839991,9990.578080453826,0.006490159684740003,0.0026496160457191997
2026-08-16 08:00:00+00:00,10017.13834169783,10021.739236665662,4.907466254306845,0.2331019053102241,0.5396731917839991,9990.578080453826,0.006490752003210024,0.002651481924078246
2026-08-16 09:00:00+00:00,10017.091728915908,10021.69262388374,4.907466254306845,0.2331019053102241,0.5396731917839991,9990.578080453826,0.006494577187237821,0.0026468409374296427
2026-08-16 10:00:00+00:00,10017.092343311238,10021.693238279071,4.907466254306845,0.2331019053102241,0.5396731917839991,9990.578080453826,0.006493667270977018,0.002646902109784137
2026-08-16 11:00:00+00:00,10017.059372193073,10021.660267160905,4.907466254306845,0.2331019053102241,0.5396731917839991,9990.578080453826,0.0064945037579865125,0.0026436193253239464
2026-08-16 12:00:00+00:00,10017.053103134913,10021.653998102745,4.907466254306845,0.2331019053102241,0.5396731917839991,9990.578080453826,0.006497071996790047,0.002642995141235718
2026-08-16 13:00:00+00:00,10017.048767421094,10021.649662388927,4.907466254306845,0.2331019053102241,0.5396731917839991,9990.578080453826,0.006496032831161544,0.0026425634517583843
2026-08-16 14:00:00+00:00,10017.02813794716,10021.629032914992,4.907466254306845,0.2331019053102241,0.5396731917839991,9990.578080453826,0.006499504465564978,0.002640509453410977
2026-08-16 15:00:00+00:00,10016.985759635054,10021.586654602886,4.907466254306845,0.2331019053102241,0.5396731917839991,9990.578080453826,0.006501223083271835,0.0026362899793309818
2026-08-16 16:00:00+00:00,10016.983385217947,10021.58428018578,4.907466254306845,0.2331019053102241,0.5396731917839991,9990.578080453826,0.006502947397273627,0.002636053565096899
2026-08-16 17:00:00+00:00,10016.963439412122,10021.564334379955,4.907466254306845,0.2331019053102241,0.5396731917839991,9990.578080453826,0.0065106777942334736,0.0026340676111965065
2026-08-16 18:00:00+00:00,10017.039717024607,10021.64061199244,4.907466254306845,0.2331019053102241,0.5396731917839991,9990.578080453826,0.0065013282186989875,0.002641662339204521
2026-08-16 19:00:00+00:00,10017.055653873653,10021.656548841485,4.907466254306845,0.2331019053102241,0.5396731917839991,9990.578080453826,0.006500014363769443,0.0026432491077942087
2026-08-16 20:00:00+00:00,10017.058729239363,10021.659624207196,4.907466254306845,0.2331019053102241,0.5396731917839991,9990.578080453826,0.006503804921151192,0.0026435553091288208
2026-08-16 21:00:00+00:00,10017.053635809516,10021.654530777349,4.907466254306845,0.2331019053102241,0.5396731917839991,9990.578080453826,0.006501472712632854,0.002643048177464457
2026-08-16 22:00:00+00:00,10017.17978464539,10021.780679613223,4.907466254306845,0.2331019053102241,0.5396731917839991,9990.578080453826,0.006492148743770167,0.0026556081415589237
2026-08-16 23:00:00+00:00,10017.205116232144,10021.806011199977,4.907466254306845,0.2331019053102241,0.5396731917839991,9990.578080453826,0.006489342473707332,0.002658130233868415
2026-08-17 00:00:00+00:00,10017.212239729151,10021.813134696984,4.907466254306845,0.2331019053102241,0.5396731917839991,9990.578080453826,0.006495922127389857,0.0026588394692977782
2026-08-17 01:00:00+00:00,10017.146058817712,10021.746953785545,4.907466254306845,0.2331019053102241,0.5396731917839991,9990.578080453826,0.006478624703405139,0.0026522502724714574
2026-08-17 02:00:00+00:00,10017.122888930096,10021.723783897929,4.907466254306845,0.2331019053102241,0.5396731917839991,9990.578080453826,0.006485402164792394,0.0026499433790120987
2026-08-17 03:00:00+00:00,10017.052158174873,10021.653053142705,4.907466254306845,0.2331019053102241,0.5396731917839991,9990.578080453826,0.006504335316717578,0.0026429010554208186
2026-08-17 04:00:00+00:00,10017.132780262724,10021.733675230556,4.907466254306845,0.2331019053102241,0.5396731917839991,9990.578080453826,0.006503123133724808,0.002650928203848942
2026-08-17 05:00:00+00:00,10016.364158467,10021.492097483859,5.4129324316025045,0.2546797770413126,0.5396731917839991,9569.792473545845,0.08158154077690254,0.04458421018405769
2026-08-17 06:00:00+00:00,10016.20224330585,10021.330182322708,5.4129324316025045,0.2546797770413126,0.5396731917839991,9569.792473545845,0.08158928467928504,0.044568765577627435
2026-08-17 07:00:00+00:00,10017.325951082717,10022.453890099576,5.4129324316025045,0.2546797770413126,0.5396731917839991,9569.792473545845,0.08178833817361272,0.044675942434367955
2026-08-17 08:00:00+00:00,10016.936792612863,10022.064731629722,5.4129324316025045,0.2546797770413126,0.5396731917839991,9569.792473545845,0.08167582868940468,0.04463882804938646
2026-08-17 09:00:00+00:00,10017.601089113512,10023.013542570108,5.6838220473689125,0.268304601011508,0.5396731917839991,9289.25765793236,0.12140202500567669,0.07270637198487259
2026-08-17 10:00:00+00:00,10018.087320933993,10023.49977439059,5.6838220473689125,0.268304601011508,0.5396731917839991,9289.25765793236,0.1212991912402389,0.07275137854694648
2026-08-17 11:00:00+00:00,10017.761310310032,10023.173763766628,5.6838220473689125,0.268304601011508,0.5396731917839991,9289.25765793236,0.12153975513046514,0.07272120285276859
2026-08-17 12:00:00+00:00,10018.705471760251,10024.117925216848,5.6838220473689125,0.268304601011508,0.5396731917839991,9289.25765793236,0.12159662029859424,0.07280858948134451
2026-08-17 13:00:00+00:00,10018.489535073895,10023.901988530492,5.6838220473689125,0.268304601011508,0.5396731917839991,9289.25765793236,0.12134370566314286,0.0727886049677005
2026-08-17 14:00:00+00:00,10010.278384926465,10015.690838383061,5.6838220473689125,0.268304601011508,0.5396731917839991,9289.25765793236,0.12159608514186816,0.07202803950785454
2026-08-17 15:00:00+00:00,10006.278876252674,10011.69132970927,5.6838220473689125,0.268304601011508,0.5396731917839991,9289.25765793236,0.12176080963497467,0.07165712920734005
2026-08-17 16:00:00+00:00,10008.40157826531,10013.864778427296,5.6838220473689125,0.268304601011508,0.48892648639500774,9289.20691122697,0.12229887745162496,0.07185909372383457
2026-08-17 17:00:00+00:00,10007.505786609818,10013.128243433643,5.837302989273552,0.27408032094461376,0.48892648639500774,9479.323240664282,0.09635052495455834,0.05277864007355871
2026-08-17 18:00:00+00:00,10005.077552614908,10010.723074920064,5.860085569641651,0.2743632219078095,0.48892648639500774,9517.271425364077,0.09236605246072033,0.04875585668232417
2026-08-17 19:00:00+00:00,10004.834415346486,10010.479937651642,5.860085569641651,0.2743632219078095,0.48892648639500774,9517.271425364077,0.09250747459829367,0.0487327395678365
2026-08-17 20:00:00+00:00,10004.5317709827,10010.177293287856,5.860085569641651,0.2743632219078095,0.48892648639500774,9517.271425364077,0.09241748266986496,0.04870396304121693
2026-08-17 21:00:00+00:00,10004.291215086512,10010.00076340149,5.919424956649893,0.27904984472043026,0.48892648639500774,9544.834384951164,0.08248293692796518,0.04592597518977507
2026-08-17 22:00:00+00:00,10004.166110670654,10009.875658985631,5.919424956649893,0.27904984472043026,0.48892648639500774,9544.834384951164,0.08252379664186314,0.04591404427297126
2026-08-17 23:00:00+00:00,10004.133566229128,10009.843114544105,5.919424956649893,0.27904984472043026,0.48892648639500774,9544.834384951164,0.08251519471326695,0.045910940536461484
2026-08-18 00:00:00+00:00,10003.976340703808,10009.72918299554,5.919424956649893,0.27904984472043026,0.4456325096392252,9544.791090974408,0.08257201971853975,0.04590027346037247
2026-08-18 01:00:00+00:00,10003.914142276099,10009.759509885105,6.008810999140654,0.28218911950557035,0.4456325096392252,9693.678442416518,0.0676567056618171,0.031011431670383782
2026-08-18 02:00:00+00:00,10004.140544075979,10009.985911684986,6.008810999140654,0.28218911950557035,0.4456325096392252,9693.678442416518,0.0674166276428318,0.031033360666179767
2026-08-18 03:00:00+00:00,10003.471727145401,10009.317094754408,6.008810999140654,0.28218911950557035,0.4456325096392252,9693.678442416518,0.06711658473982902,0.03096857702793603
2026-08-18 04:00:00+00:00,10002.715464531264,10008.56083214027,6.008810999140654,0.28218911950557035,0.4456325096392252,9693.678442416518,0.06715034176468354,0.030895312698893035
2026-08-18 05:00:00+00:00,10002.379274862937,10009.290835482143,7.02512092607557,0.33207220277027005,0.4456325096392252,10079.345099527121,0.17983093671535352,-0.007694751673495227
2026-08-18 06:00:00+00:00,9999.535513601484,10006.44707422069,7.02512092607557,0.33207220277027005,0.4456325096392252,10079.345099527121,0.1794562886602011,-0.007981329314454663
2026-08-18 07:00:00+00:00,10001.352546441307,10008.264107060513,7.02512092607557,0.33207220277027005,0.4456325096392252,10079.345099527121,0.17967514158033174,-0.007798200565739145
2026-08-18 08:00:00+00:00,9999.647125394833,10006.55868601404,7.02512092607557,0.33207220277027005,0.4456325096392252,10079.345099527121,0.17937578542466748,-0.007970078657064767
2026-08-18 09:00:00+00:00,9992.994402023656,9999.905962642863,7.02512092607557,0.33207220277027005,0.4456325096392252,10079.345099527121,0.17908122849682723,-0.008641123373988667
2026-08-18 10:00:00+00:00,9990.514533819503,9997.42609443871,7.02512092607557,0.33207220277027005,0.4456325096392252,10079.345099527121,0.17914256670164075,-0.00889149056406579
2026-08-18 11:00:00+00:00,9992.97309224813,9999.884652867337,7.02512092607557,0.33207220277027005,0.4456325096392252,10079.345099527121,0.17918943340887675,-0.008643274277001045
2026-08-18 12:00:00+00:00,9993.020778135673,9999.93233875488,7.02512092607557,0.33207220277027005,0.4456325096392252,10079.345099527121,0.1793029809664948,-0.008638461112812046
2026-08-18 13:00:00+00:00,9991.65384987352,9998.709990349487,7.162834586501126,0.33893839910573414,0.4456325096392252,9901.40598056207,0.15608972490638906,0.009032325445560981
2026-08-18 14:00:00+00:00,9991.199205772746,9998.255346248712,7.162834586501126,0.33893839910573414,0.4456325096392252,9901.40598056207,0.15591944638628508,0.008987231999017055
2026-08-18 15:00:00+00:00,9983.320348044685,9990.376488520651,7.162834586501126,0.33893839910573414,0.4456325096392252,9901.40598056207,0.15598211267112727,0.00820512260719524
2026-08-18 16:00:00+00:00,9987.798758327053,9994.848957088332,7.162834586501126,0.33893839910573414,0.4515742243282743,9901.41192227676,0.15625475210854547,0.008649236747814011
2026-08-18 17:00:00+00:00,9985.695721333908,9992.922671363784,7.328576418146049,0.3499478360573024,0.4515742243282743,10015.732733438643,0.16808883139676795,-0.003008003943136662
2026-08-18 18:00:00+00:00,9987.57643826557,9994.803388295446,7.328576418146049,0.3499478360573024,0.4515742243282743,10015.732733438643,0.16745245333221306,-0.0028191318832060407
2026-08-18 19:00:00+00:00,9988.302785116464,9995.52973514634,7.328576418146049,0.3499478360573024,0.4515742243282743,10015.732733438643,0.16734575700940713,-0.0027462071297089316
2026-08-18 20:00:00+00:00,9987.36917948535,9994.596129515225,7.328576418146049,0.3499478360573024,0.4515742243282743,10015.732733438643,0.1672160306218043,-0.002839942475697618
2026-08-18 21:00:00+00:00,9987.066269325334,9994.500729116015,7.529237926188538,0.35679608881870145,0.4515742243282743,10296.6483353973,0.15929588633126704,-0.030998298972224538
2026-08-18 22:00:00+00:00,9986.709797775986,9994.144257566666,7.529237926188538,0.35679608881870145,0.4515742243282743,10296.6483353973,0.15926679741746558,-0.03103510003768574
2026-08-18 23:00:00+00:00,9985.565488362023,9992.999948152703,7.529237926188538,0.35679608881870145,0.4515742243282743,10296.6483353973,0.1590973802046742,-0.031153252902686175
2026-08-19 00:00:00+00:00,9985.15122925635,9992.50117646128,7.529237926188538,0.35679608881870145,0.5360868100785131,10296.732847983052,0.15928631468540433,-0.031204496714458723
2026-08-19 01:00:00+00:00,9984.4413578749,9991.882204797188,7.614039872665266,0.36289385969904236,0.5360868100785131,10155.31146857536,0.14512896236014194,-0.017113637566281266
2026-08-19 02:00:00+00:00,9986.190176822965,9993.631023745253,7.614039872665266,0.36289385969904236,0.5360868100785131,10155.31146857536,0.14519001239802154,-0.01693551682451543
2026-08-19 03:00:00+00:00,9985.073098940396,9992.513945862684,7.614039872665266,0.36289385969904236,0.5360868100785131,10155.31146857536,0.14507515487303185,-0.0170492862644171
2026-08-19 04:00:00+00:00,9984.866972068716,9992.307818991003,7.614039872665266,0.36289385969904236,0.5360868100785131,10155.31146857536,0.14511719279145877,-0.01707028215633121
2026-08-19 05:00:00+00:00,9983.79060652334,9991.67202004892,8.03005728188738,0.38744305377160415,0.5360868100785131,10116.580853407208,0.19792387262820044,-0.013300584128547724
2026-08-19 06:00:00+00:00,9983.191162159923,9991.072575685503,8.03005728188738,0.38744305377160415,0.5360868100785131,10116.580853407208,0.19774873477676555,-0.013361428132607833
2026-08-19 07:00:00+00:00,9985.20336379397,9993.08477731955,8.03005728188738,0.38744305377160415,0.5360868100785131,10116.580853407208,0.19803382873970243,-0.013157217216988246
2026-08-19 08:00:00+00:00,9989.094266430544,9996.975679956124,8.03005728188738,0.38744305377160415,0.5360868100785131,10116.580853407208,0.19812542464269428,-0.012762577224353203
2026-08-19 09:00:00+00:00,9990.121343503008,9998.043690594037,8.068938463435193,0.3894954376712145,0.5360868100785131,10181.343941472016,0.20204435329445575,-0.019141168699954574
2026-08-19 10:00:00+00:00,9988.861692216047,9996.784039307076,8.068938463435193,0.3894954376712145,0.5360868100785131,10181.343941472016,0.20197825929288027,-0.01926968809728973
2026-08-19 11:00:00+00:00,9988.7489564921,9996.671303583129,8.068938463435193,0.3894954376712145,0.5360868100785131,10181.343941472016,0.20191666200765493,-0.019281191850831412
2026-08-19 12:00:00+00:00,9988.206169452324,9996.128516543353,8.068938463435193,0.3894954376712145,0.5360868100785131,10181.343941472016,0.20175189472612157,-0.019336582439635604
2026-08-19 13:00:00+00:00,9992.216354503284,10000.3651081282,8.286179834301514,0.3986606006927651,0.5360868100785131,10252.872503519686,0.2217358699093165,-0.02608591925643501
2026-08-19 14:00:00+00:00,9984.956760104187,9993.105513729104,8.286179834301514,0.3986606006927651,0.5360868100785131,10252.872503519686,0.22255724638731791,-0.02683193826997631
2026-08-19 15:00:00+00:00,9983.662939336447,9991.811692961364,8.286179834301514,0.3986606006927651,0.5360868100785131,10252.872503519686,0.22562417876872218,-0.02696500931762534
2026-08-19 16:00:00+00:00,9987.11063114498,9995.196291791266,8.357187177385331,0.4035957788331496,0.6751223099320522,10134.594959870094,0.21365285207480134,-0.014767467205698208
2026-08-19 17:00:00+00:00,9987.757395250326,9995.974065470049,8.480632905015334,0.4111596246398545,0.6751223099320522,10340.2143935258,0.201685944973702,-0.03528890263624976
2026-08-19 18:00:00+00:00,9987.72281027121,9995.939480490933,8.480632905015334,0.4111596246398545,0.6751223099320522,10340.2143935258,0.20146457736850312,-0.035292487582063534
2026-08-19 19:00:00+00:00,9988.139423466237,9996.35609368596,8.480632905015334,0.4111596246398545,0.6751223099320522,10340.2143935258,0.20145705113663295,-0.03524930471358806
2026-08-19 20:00:00+00:00,9978.13880846991,9986.355478689633,8.480632905015334,0.4111596246398545,0.6751223099320522,10340.2143935258,0.2015307278729212,-0.036286885961993524
2026-08-19 21:00:00+00:00,9980.142948851797,9988.491213678733,8.608138700926128,0.4152484359442824,0.6751223099320522,10127.577227878566,0.1805069554927229,-0.014772762252241296
2026-08-19 22:00:00+00:00,9982.359192077049,9990.707456903985,8.608138700926128,0.4152484359442824,0.6751223099320522,10127.577227878566,0.1805950264749451,-0.014547466486356906
2026-08-19 23:00:00+00:00,9981.998128711728,9990.346393538664,8.608138700926128,0.4152484359442824,0.6751223099320522,10127.577227878566,0.18089839603002691,-0.01458416414125557
2026-08-20 00:00:00+00:00,9982.38389838556,9990.652982993475,8.608138700926128,0.4152484359442824,0.7543025289541242,10127.656408097588,0.1809814178176476,-0.014552887485675913
2026-08-20 01:00:00+00:00,9982.199010340175,9990.649711802726,8.780766826450543,0.4242371650542462,0.7543025289541242,10194.081871944167,0.1523061879873921,-0.021226070666845075
2026-08-20 02:00:00+00:00,9982.842775174462,9991.293476637013,8.780766826450543,0.4242371650542462,0.7543025289541242,10194.081871944167,0.15227362182243429,-0.021160214733123725
2026-08-20 03:00:00+00:00,9982.380578738268,9990.831280200819,8.780766826450543,0.4242371650542462,0.7543025289541242,10194.081871944167,0.15220227797894156,-0.021207495700655568
2026-08-20 04:00:00+00:00,9983.36353541511,9991.81423687766,8.780766826450543,0.4242371650542462,0.7543025289541242,10194.081871944167,0.15214731027036527,-0.021106948152449033
2026-08-20 05:00:00+00:00,9980.571730864778,9990.10778598471,9.816908008219738,0.473449640667855,0.7543025289541242,9179.407915662097,0.1554334971030981,0.08027233677656884
2026-08-20 06:00:00+00:00,9982.697975467949,9992.23403058788,9.816908008219738,0.473449640667855,0.7543025289541242,9179.407915662097,0.15533749579596043,0.08046823231353908
2026-08-20 07:00:00+00:00,9982.308717609,9991.844772728931,9.816908008219738,0.473449640667855,0.7543025289541242,9179.407915662097,0.15589810669914872,0.08043237538131523
2026-08-20 08:00:00+00:00,9979.456270562416,9988.992325682348,9.816908008219738,0.473449640667855,0.7543025289541242,9179.407915662097,0.15558310207972884,0.08016953361079561
2026-08-20 09:00:00+00:00,9963.83252061567,9973.385608258486,9.833141348361892,0.4742488234090149,0.7543025289541242,9206.447249225546,0.1570597100317448,0.07601344862261136
2026-08-20 10:00:00+00:00,9963.839779437607,9973.392867080423,9.833141348361892,0.4742488234090149,0.7543025289541242,9206.447249225546,0.1578163185583278,0.0760141217620833
2026-08-20 11:00:00+00:00,9961.665596047062,9971.218683689878,9.833141348361892,0.4742488234090149,0.7543025289541242,9206.447249225546,0.15821011258786746,0.07581245721811791
2026-08-20 12:00:00+00:00,9958.83503390686,9968.388121549677,9.833141348361892,0.4742488234090149,0.7543025289541242,9206.447249225546,0.15724842067333109,0.07554977887671176
2026-08-20 13:00:00+00:00,9960.728253751262,9970.41176544812,9.95786280207521,0.47995142373719923,0.7543025289541242,9297.564034604013,0.13628218085192198,0.06657788489486176
2026-08-20 14:00:00+00:00,9962.394724032616,9972.078235729474,9.95786280207521,0.47995142373719923,0.7543025289541242,9297.564034604013,0.1356960360027525,0.06673402408206239
2026-08-20 15:00:00+00:00,9966.979045122891,9976.662556819749,9.95786280207521,0.47995142373719923,0.7543025289541242,9297.564034604013,0.13520042452602563,0.06716328061775553
2026-08-20 16:00:00+00:00,9957.388934884983,9967.072896784548,9.95786280207521,0.47995142373719923,0.7538523262468191,9297.563584401303,0.135900324657259,0.06626489683174172
2026-08-20 17:00:00+00:00,9963.90791519693,9974.199975823622,10.528560966512645,0.5173519864239808,0.7538523262468191,8725.840996481305,0.22762266412416302,0.1242551546293727
2026-08-20 18:00:00+00:00,9959.362419952531,9969.654480579222,10.528560966512645,0.5173519864239808,0.7538523262468191,8725.840996481305,0.22639535721995976,0.12385546096806314
2026-08-20 19:00:00+00:00,9958.365576936101,9968.657637562792,10.528560966512645,0.5173519864239808,0.7538523262468191,8725.840996481305,0.2253126897635873,0.12376775796515872
2026-08-20 20:00:00+00:00,9954.610032708035,9964.902093334726,10.528560966512645,0.5173519864239808,0.7538523262468191,8725.840996481305,0.22626966796182013,0.12343718459983292
2026-08-20 21:00:00+00:00,9954.88259689086,9965.319054918737,10.662398032981026,0.5279123211412621,0.7538523262468191,8778.221390018576,0.20406480816800207,0.11819940571069937
2026-08-20 22:00:00+00:00,9956.079697194584,9966.51615522246,10.662398032981026,0.5279123211412621,0.7538523262468191,8778.221390018576,0.20408884134647154,0.11830543175622667
2026-08-20 23:00:00+00:00,9956.723070213053,9967.159528240929,10.662398032981026,0.5279123211412621,0.7538523262468191,8778.221390018576,0.20410387548799186,0.1183624041648935
2026-08-21 00:00:00+00:00,9952.933256837481,9963.499715364871,10.662398032981026,0.5279123211412621,0.6238518267330042,8778.091389519062,0.20438248693643016,0.11803976144533308
2026-08-21 01:00:00+00:00,9950.105572128132,9960.931733402987,10.909107083252593,0.5409060183350234,0.6238518267330042,9135.732180923796,0.1689117978511407,0.0818457035758021
2026-08-21 02:00:00+00:00,9944.257347571871,9955.083508846727,10.909107083252593,0.5409060183350234,0.6238518267330042,9135.732180923796,0.169949447150016,0.0813057364052927
2026-08-21 03:00:00+00:00,9944.87384963234,9955.89168287601,11.09160310538178,0.5500819650200341,0.6238518267330042,8831.389648019687,0.13953894496376992,0.1119656436520628
2026-08-21 04:00:00+00:00,9943.703515430056,9954.721348673726,11.09160310538178,0.5500819650200341,0.6238518267330042,8831.389648019687,0.1394376721330907,0.11186112555390904
2026-08-21 05:00:00+00:00,9943.177399051609,9954.95111970861,11.81233741048537,0.5852350732489922,0.6238518267330042,9670.779699729868,0.140998722571591,0.027395437935938002
2026-08-21 06:00:00+00:00,9943.579994266516,9955.353714923518,11.81233741048537,0.5852350732489922,0.6238518267330042,9670.779699729868,0.14131972900662604,0.027434816705245512
2026-08-21 07:00:00+00:00,9944.821083442,9956.594804099002,11.81233741048537,0.5852350732489922,0.6238518267330042,9670.779699729868,0.14139930337357268,0.02755619044453274
2026-08-21 08:00:00+00:00,9944.025384736851,9955.799105393853,11.81233741048537,0.5852350732489922,0.6238518267330042,9670.779699729868,0.14194373853021597,0.027478377662469498
2026-08-21 09:00:00+00:00,9943.495295686305,9955.609835358564,12.13946738816931,0.598924110821344,0.6238518267330042,9357.707312073857,0.1471181586261252,0.058911677050481066
2026-08-21 10:00:00+00:00,9941.798406125483,9953.912945797741,12.13946738816931,0.598924110821344,0.6238518267330042,9357.707312073857,0.14683262509602943,0.058751049879642345
2026-08-21 11:00:00+00:00,9941.549735573724,9953.664275245983,12.13946738816931,0.598924110821344,0.6238518267330042,9357.707312073857,0.14683460913134502,0.058727506176497975
2026-08-21 12:00:00+00:00,9942.839329639188,9954.953869311446,12.13946738816931,0.598924110821344,0.6238518267330042,9357.707312073857,0.14681831489685263,0.05884958995777772
2026-08-21 13:00:00+00:00,9942.528391177502,9954.64293084976,12.13946738816931,0.598924110821344,0.6238518267330042,9357.707312073857,0.14675629161650042,0.05882015681469782
2026-08-21 14:00:00+00:00,9923.04870340953,9935.163243081788,12.13946738816931,0.598924110821344,0.6238518267330042,9357.707312073857,0.14882480887038704,0.056972550295094626
2026-08-21 15:00:00+00:00,9918.518997156329,9930.79491329741,12.290356693694493,0.6094112741189016,0.6238518267330042,9106.074246893028,0.12363522625274204,0.08191190141353068
2026-08-21 16:00:00+00:00,9920.150013531003,9932.415249716816,12.290356693694493,0.6094112741189016,0.6345317820005704,9106.084926848294,0.12398952534411455,0.08206177180509688
2026-08-21 17:00:00+00:00,9919.69873795984,9932.223532390039,12.533914540855076,0.6254116713454546,0.6345317820005704,9511.771114268771,0.12298374470187798,0.041122985129583164
2026-08-21 18:00:00+00:00,9920.98073078385,9933.505525214048,12.533914540855076,0.6254116713454546,0.6345317820005704,9511.771114268771,0.12276349899409207,0.0412468915744731
2026-08-21 19:00:00+00:00,9919.192217146294,9931.717011576493,12.533914540855076,0.6254116713454546,0.6345317820005704,9511.771114268771,0.12294502720192413,0.04107402033940378
2026-08-21 20:00:00+00:00,9918.124964901748,9930.649759331947,12.533914540855076,0.6254116713454546,0.6345317820005704,9511.771114268771,0.12273287880402882,0.04097083390973402
2026-08-21 21:00:00+00:00,9918.448115614263,9930.992120789706,12.552659534931701,0.6258774225126681,0.6345317820005704,9480.51071248032,0.11962214925375762,0.044153823060738
2026-08-21 22:00:00+00:00,9917.439724963877,9929.98373013932,12.552659534931701,0.6258774225126681,0.6345317820005704,9480.51071248032,0.11983508179145694,0.04405663403062914
2026-08-21 23:00:00+00:00,9917.608394623852,9930.152399799295,12.552659534931701,0.6258774225126681,0.6345317820005704,9480.51071248032,0.11986696491158624,0.04407289184562633
2026-08-22 00:00:00+00:00,9917.916740237732,9930.420570334074,12.552659534931701,0.6258774225126681,0.674706861102146,9480.550887559422,0.119827299956282,0.04409856062855254
2026-08-22 01:00:00+00:00,9917.4078266047,9930.082724175256,12.715250742617009,0.6343536890414817,0.674706861102146,9601.919042421285,0.0925270219895986,0.031811617481039445
2026-08-22 02:00:00+00:00,9917.653588447809,9930.328486018365,12.715250742617009,0.6343536890414817,0.674706861102146,9601.919042421285,0.09247880554496961,0.031835609422201906
2026-08-22 03:00:00+00:00,9917.492123763597,9930.167021334153,12.715250742617009,0.6343536890414817,0.674706861102146,9601.919042421285,0.0926159432959256,0.03181984693349619
2026-08-22 04:00:00+00:00,9917.489130247408,9930.164027817964,12.715250742617009,0.6343536890414817,0.674706861102146,9601.919042421285,0.0925638268547469,0.031819554695922396
2026-08-22 05:00:00+00:00,9915.730275647771,9928.629756386026,12.928659893359619,0.6455277059976569,0.674706861102146,9514.170215199045,0.06965167188326316,0.04049727546895107
2026-08-22 06:00:00+00:00,9917.48587787758,9930.385358615835,12.928659893359619,0.6455277059976569,0.674706861102146,9514.170215199045,0.06942655083570208,0.04066712750034666
2026-08-22 07:00:00+00:00,9917.389183324218,9930.288664062473,12.928659893359619,0.6455277059976569,0.674706861102146,9514.170215199045,0.06947742382018568,0.040657774003986215
2026-08-22 08:00:00+00:00,9917.79553740427,9930.695018142525,12.928659893359619,0.6455277059976569,0.674706861102146,9514.170215199045,0.06950381532673827,0.040697080382730316
2026-08-22 09:00:00+00:00,9917.644064691036,9930.580528945466,12.963968643825377,0.6472024717055195,0.674706861102146,9572.982823891509,0.06353666750677166,0.0347523301452807
2026-08-22 10:00:00+00:00,9917.325312651144,9930.261776905574,12.963968643825377,0.6472024717055195,0.674706861102146,9572.982823891509,0.06347692084291345,0.03472130618931823
2026-08-22 11:00:00+00:00,9917.681415090612,9930.617879345042,12.963968643825377,0.6472024717055195,0.674706861102146,9572.982823891509,0.06346716380627843,0.03475596530804202
2026-08-22 12:00:00+00:00,9918.041532295154,9930.977996549584,12.963968643825377,0.6472024717055195,0.674706861102146,9572.982823891509,0.06351158127784678,0.034791012649026
2026-08-22 13:00:00+00:00,9918.019691409092,9930.996603003288,13.0029542076696,0.6486642476276863,0.674706861102146,9637.919778068039,0.05703879320529202,0.0282415161550519
2026-08-22 14:00:00+00:00,9917.872012059579,9930.848923653775,13.0029542076696,0.6486642476276863,0.674706861102146,9637.919778068039,0.057046903613711786,0.0282270464522162
2026-08-22 15:00:00+00:00,9917.90661522617,9930.883526820366,13.0029542076696,0.6486642476276863,0.674706861102146,9637.919778068039,0.05701039842453237,0.028230436927918708
2026-08-22 16:00:00+00:00,9917.491362179137,9930.468273773333,13.0029542076696,0.6486642476276863,0.674706861102146,9637.919778068039,0.05694466406604465,0.02818974818342251
2026-08-22 17:00:00+00:00,9917.417110971423,9930.521712600477,13.123088500227725,0.6562199899296106,0.674706861102146,9666.502869240097,0.04986797424655756,0.02530036187080854
2026-08-22 18:00:00+00:00,9917.781418200171,9930.886019829226,13.123088500227725,0.6562199899296106,0.674706861102146,9666.502869240097,0.0499051264035635,0.025336165253546684
2026-08-22 19:00:00+00:00,9918.010745100293,9931.115346729348,13.123088500227725,0.6562199899296106,0.674706861102146,9666.502869240097,0.04993239100160869,0.025358701691712247
2026-08-22 20:00:00+00:00,9918.499554320402,9931.604155949457,13.123088500227725,0.6562199899296106,0.674706861102146,9666.502869240097,0.0499943685932982,0.025406734526749877
2026-08-22 21:00:00+00:00,9918.396954925645,9931.53273383699,13.153139028548544,0.6573467438973943,0.674706861102146,9716.557032579807,0.044930742347798765,0.0203500548791407
2026-08-22 22:00:00+00:00,9918.560067586173,9931.695846497518,13.153139028548544,0.6573467438973943,0.674706861102146,9716.557032579807,0.04489774614514909,0.020366165414122037
2026-08-22 23:00:00+00:00,9918.515507054013,9931.651285965358,13.153139028548544,0.6573467438973943,0.674706861102146,9716.557032579807,0.04493285333723602,0.02036176425096811
2026-08-23 00:00:00+00:00,9918.637774782068,9931.773553693412,13.153139028548544,0.6573467438973943,0.674706861102146,9716.557032579807,0.044973217475933594,0.020373840318682303
2026-08-23 01:00:00+00:00,9918.150411036619,9931.31605441833,13.181651112879756,0.6586991299339353,0.674706861102146,9764.048661047496,0.040195186003584245,0.015537347549966912
2026-08-23 02:00:00+00:00,9918.255307989599,9931.42095137131,13.181651112879756,0.6586991299339353,0.674706861102146,9764.048661047496,0.04019080708123105,0.015547759374361123
2026-08-23 03:00:00+00:00,9918.50789818258,9931.673541564292,13.181651112879756,0.6586991299339353,0.674706861102146,9764.048661047496,0.04022009224310513,0.015572829978124791
2026-08-23 04:00:00+00:00,9918.637042280498,9931.80268566221,13.181651112879756,0.6586991299339353,0.674706861102146,9764.048661047496,0.040199483695485476,0.01558564756165919
2026-08-23 05:00:00+00:00,9918.678286412784,9931.956747874206,13.288645283020381,0.6645230395045907,0.674706861102146,9831.873017557355,0.027318088038405637,0.00875169718674507
2026-08-23 06:00:00+00:00,9918.508317471002,9931.786778932425,13.288645283020381,0.6645230395045907,0.674706861102146,9831.873017557355,0.027308897512348884,0.008734710617829697
2026-08-23 07:00:00+00:00,9918.37398625205,9931.652447713474,13.288645283020381,0.6645230395045907,0.674706861102146,9831.873017557355,0.027312248304430024,0.008721285244395464
2026-08-23 08:00:00+00:00,9918.357500968334,9931.635962429757,13.288645283020381,0.6645230395045907,0.674706861102146,9831.873017557355,0.027324219556437435,0.00871963764187114
2026-08-23 09:00:00+00:00,9918.379258691612,9931.657720153034,13.288645283020381,0.6645230395045907,0.674706861102146,9831.873017557355,0.027367437749539238,0.008721812191084526
2026-08-23 10:00:00+00:00,9918.292798928318,9931.571260389741,13.288645283020381,0.6645230395045907,0.674706861102146,9831.873017557355,0.027391783653462662,0.008713171018736268
2026-08-23 11:00:00+00:00,9918.26045852787,9931.538919989292,13.288645283020381,0.6645230395045907,0.674706861102146,9831.873017557355,0.027413938474596736,0.008709938736912065
2026-08-23 12:00:00+00:00,9918.379384671023,9931.657846132446,13.288645283020381,0.6645230395045907,0.674706861102146,9831.873017557355,0.027453118937965572,0.008721824781915986
2026-08-23 13:00:00+00:00,9918.539095351896,9931.81755681332,13.288645283020381,0.6645230395045907,0.674706861102146,9831.873017557355,0.02747852075313079,0.008737786579392108
2026-08-23 14:00:00+00:00,9918.505488402525,9931.783949863948,13.288645283020381,0.6645230395045907,0.674706861102146,9831.873017557355,0.027488820578713265,0.008734427877916387
2026-08-23 15:00:00+00:00,9918.598097672177,9931.8765591336,13.288645283020381,0.6645230395045907,0.674706861102146,9831.873017557355,0.02748623522052933,0.008743683256525508
2026-08-23 16:00:00+00:00,9918.481303379425,9931.759764840848,13.288645283020381,0.6645230395045907,0.674706861102146,9831.873017557355,0.027502313605276312,0.008732010796104594
2026-08-23 17:00:00+00:00,9918.412622866426,9931.753597153654,13.347931908915433,0.6677492394162211,0.674706861102146,9930.624774089882,0.02016556081381985,-0.0012312606550871443
2026-08-23 18:00:00+00:00,9918.441882438,9931.782856725229,13.347931908915433,0.6677492394162211,0.674706861102146,9930.624774089882,0.020169240698930804,-0.0012283070059070362
2026-08-23 19:00:00+00:00,9918.413805089536,9931.754779376764,13.347931908915433,0.6677492394162211,0.674706861102146,9930.624774089882,0.020181170022684873,-0.0012311413135515526
2026-08-23 20:00:00+00:00,9918.667874380646,9932.008848667874,13.347931908915433,0.6677492394162211,0.674706861102146,9930.624774089882,0.020188438002115724,-0.0012054945140485458
2026-08-23 21:00:00+00:00,9918.806224172535,9932.147198459763,13.347931908915433,0.6677492394162211,0.674706861102146,9930.624774089882,0.02017569959440121,-0.0011915294693976535
2026-08-23 22:00:00+00:00,9918.516752813872,9931.8577271011,13.347931908915433,0.6677492394162211,0.674706861102146,9930.624774089882,0.02019632901112806,-0.0012207491883878669
2026-08-23 23:00:00+00:00,9918.299891538498,9931.640865825726,13.347931908915433,0.6677492394162211,0.674706861102146,9930.624774089882,0.020175607379477763,-0.0012426406426667492
2026-08-24 00:00:00+00:00,9918.101601214137,9931.442575501365,13.347931908915433,0.6677492394162211,0.674706861102146,9930.624774089882,0.020256816595264994,-0.0012626582565166999
2026-08-24 01:00:00+00:00,9917.786749118235,9931.127723405463,13.347931908915433,0.6677492394162211,0.674706861102146,9930.624774089882,0.02016759924089488,-0.00129444454659082
2026-08-24 02:00:00+00:00,9918.206898836728,9931.547873123956,13.347931908915433,0.6677492394162211,0.674706861102146,9930.624774089882,0.02006468768903666,-0.0012520282526682753
2026-08-24 03:00:00+00:00,9918.187166932968,9931.528141220197,13.347931908915433,0.6677492394162211,0.674706861102146,9930.624774089882,0.02009972034819042,-0.001254020210304197
2026-08-24 04:00:00+00:00,9918.73505281321,9932.076027100438,13.347931908915433,0.6677492394162211,0.674706861102146,9930.624774089882,0.01996765702504444,-0.0011987134663204902
2026-08-24 05:00:00+00:00,9918.104327148449,9932.282103481019,14.147097621271309,0.7053855724008226,0.674706861102146,9522.578887281546,0.14292029726123848,0.03987913686128956
2026-08-24 06:00:00+00:00,9914.99487659265,9929.17265292522,14.147097621271309,0.7053855724008226,0.674706861102146,9522.578887281546,0.14277739825252395,0.03957803248466824
2026-08-24 07:00:00+00:00,9914.016211630204,9928.193987962773,14.147097621271309,0.7053855724008226,0.674706861102146,9522.578887281546,0.14281371869443266,0.039483224153845836
2026-08-24 08:00:00+00:00,9913.089655800859,9927.267432133429,14.147097621271309,0.7053855724008226,0.674706861102146,9522.578887281546,0.14270316955886905,0.03939344665270898
2026-08-24 09:00:00+00:00,9910.521093943253,9925.20008085627,14.624256610176674,0.7294371639424105,0.674706861102146,10045.7117385961,0.14020038649867309,-0.013641123748323098
2026-08-24 10:00:00+00:00,9910.702391901317,9925.381378814334,14.624256610176674,0.7294371639424105,0.674706861102146,10045.7117385961,0.14046359793686933,-0.013622581059956576
2026-08-24 11:00:00+00:00,9910.640854937772,9925.319841850789,14.624256610176674,0.7294371639424105,0.674706861102146,10045.7117385961,0.14026699914755436,-0.013628874826094763
2026-08-24 12:00:00+00:00,9911.55052334681,9926.229510259827,14.624256610176674,0.7294371639424105,0.674706861102146,10045.7117385961,0.14062200489010068,-0.01353584536882196
2026-08-24 13:00:00+00:00,9914.158423679519,9928.837410592536,14.624256610176674,0.7294371639424105,0.674706861102146,10045.7117385961,0.14104839884347398,-0.013269236711244343
2026-08-24 14:00:00+00:00,9901.43228863056,9916.111275543577,14.624256610176674,0.7294371639424105,0.674706861102146,10045.7117385961,0.13976542325416397,-0.014571573663257821
2026-08-24 15:00:00+00:00,9898.062040672761,9912.741027585778,14.624256610176674,0.7294371639424105,0.674706861102146,10045.7117385961,0.14063990134848317,-0.014917030961881385
2026-08-24 16:00:00+00:00,9900.651517999408,9915.238406181244,14.624256610176674,0.7294371639424105,0.7668055922816555,10045.803837327278,0.14041890314340194,-0.01466088560575868
2026-08-24 17:00:00+00:00,9898.176534751397,9913.206922918354,15.042573017991593,0.7546207412467589,0.7668055922816555,10058.638940886367,0.12146275131371277,-0.0162113097873739
2026-08-24 18:00:00+00:00,9899.269930452756,9914.300318619713,15.042573017991593,0.7546207412467589,0.7668055922816555,10058.638940886367,0.12086784432830831,-0.016099067057798795
2026-08-24 19:00:00+00:00,9899.1511216155,9914.181509782456,15.042573017991593,0.7546207412467589,0.7668055922816555,10058.638940886367,0.12055465862357642,-0.01611126219930252
2026-08-24 20:00:00+00:00,9901.352391247403,9916.58220149115,15.234787936242025,0.7618278997863261,0.7668055922816555,10378.804923052168,0.08789032452646824,-0.04822094123493911
2026-08-24 21:00:00+00:00,9901.276473773743,9916.539087575851,15.266959919913882,0.7624594744762186,0.7668055922816555,10325.15277828207,0.08293351646913408,-0.04281026851750676
2026-08-24 22:00:00+00:00,9900.96389144637,9916.226505248478,15.266959919913882,0.7624594744762186,0.7668055922816555,10325.15277828207,0.08301061914567487,-0.04284319097478635
2026-08-24 23:00:00+00:00,9900.7489385796,9916.011552381708,15.266959919913882,0.7624594744762186,0.7668055922816555,10325.15277828207,0.08294526990598017,-0.04286583190173869
2026-08-25 00:00:00+00:00,9901.096986821522,9916.310545795142,15.266959919913882,0.7624594744762186,0.8158604207690183,10325.20183311056,0.08293543535605351,-0.04283412705213632
2026-08-25 01:00:00+00:00,9900.703859214791,9916.042731744867,15.385200353925834,0.7695325969196722,0.8158604207690183,10211.035430807422,0.06320772557133233,-0.031344394904186446
2026-08-25 02:00:00+00:00,9901.100694837323,9916.439567367399,15.385200353925834,0.7695325969196722,0.8158604207690183,10211.035430807422,0.06330713433379813,-0.03130305867222489
2026-08-25 03:00:00+00:00,9902.90211100017,9918.240983530246,15.385200353925834,0.7695325969196722,0.8158604207690183,10211.035430807422,0.06346035755990624,-0.031115456494816524
2026-08-25 04:00:00+00:00,9902.50414645168,9917.843018981755,15.385200353925834,0.7695325969196722,0.8158604207690183,10211.035430807422,0.06342515639056376,-0.031156895245158477
2026-08-25 05:00:00+00:00,9901.106566659102,9917.004479229041,15.917002294192164,0.7967706965152752,0.8158604207690183,10733.068752990845,0.1417991643712179,-0.08402719238809976
2026-08-25 06:00:00+00:00,9904.212930030391,9920.11084260033,15.917002294192164,0.7967706965152752,0.8158604207690183,10733.068752990845,0.14183627407053223,-0.08368719743971721
2026-08-25 07:00:00+00:00,9902.691617775603,9918.589530345542,15.917002294192164,0.7967706965152752,0.8158604207690183,10733.068752990845,0.1418778313784581,-0.08385368011709987
2026-08-25 08:00:00+00:00,9900.942403796049,9916.840316365988,15.917002294192164,0.7967706965152752,0.8158604207690183,10733.068752990845,0.14146148951691356,-0.08404516613244366
2026-08-25 09:00:00+00:00,9898.069959502027,9914.17400949486,16.11244516213536,0.8074652514679957,0.8158604207690183,10597.12152322962,0.11036042960733247,-0.07062503766772346
2026-08-25 10:00:00+00:00,9893.3680538774,9909.472103870234,16.11244516213536,0.8074652514679957,0.8158604207690183,10597.12152322962,0.11012942673680545,-0.07113386114008015
2026-08-25 11:00:00+00:00,9894.372364703388,9910.47641469622,16.11244516213536,0.8074652514679957,0.8158604207690183,10597.12152322962,0.1100826860561386,-0.07102513758560171
2026-08-25 12:00:00+00:00,9893.42311806486,9909.527168057693,16.11244516213536,0.8074652514679957,0.8158604207690183,10597.12152322962,0.10998407792952758,-0.07112789949111187
2026-08-25 13:00:00+00:00,9893.076704491194,9909.333213579624,16.258349290700032,0.8140202185006059,0.8158604207690183,10353.80207149327,0.08530550224167342,-0.04657048365883178
2026-08-25 14:00:00+00:00,9894.207909882374,9910.464418970805,16.258349290700032,0.8140202185006059,0.8158604207690183,10353.80207149327,0.08545129311874267,-0.046450829191880164
2026-08-25 15:00:00+00:00,9904.731739462866,9920.988248551297,16.258349290700032,0.8140202185006059,0.8158604207690183,10353.80207149327,0.0860296179723767,-0.045338969680642445
2026-08-25 16:00:00+00:00,9903.317557934355,9919.50022021982,16.258349290700032,0.8140202185006059,0.8897072237357699,10353.875918296237,0.08619331778165991,-0.04549569956997918
2026-08-25 17:00:00+00:00,9901.315645913837,9918.030410796408,16.762104429193464,0.842367677112456,0.8897072237357699,10466.870679333795,0.15255959883975587,-0.0571191802832138
2026-08-25 18:00:00+00:00,9905.39730581,9922.11207069257,16.762104429193464,0.842367677112456,0.8897072237357699,10466.870679333795,0.1524689571858948,-0.05668357928403979
2026-08-25 19:00:00+00:00,9904.965954630823,9921.680719513393,16.762104429193464,0.842367677112456,0.8897072237357699,10466.870679333795,0.1527335058667298,-0.056729596777691765
2026-08-25 20:00:00+00:00,9901.614031998943,9918.328796881513,16.762104429193464,0.842367677112456,0.8897072237357699,10466.870679333795,0.15235639720419591,-0.05708732389569206
2026-08-25 21:00:00+00:00,9896.78817180608,9913.545476182444,16.803612582525002,0.8433990175750891,0.8897072237357699,10397.648915627899,0.14456594349230356,-0.05060841306563149
2026-08-25 22:00:00+00:00,9897.92954077531,9914.686845151675,16.803612582525002,0.8433990175750891,0.8897072237357699,10397.648915627899,0.1447881692628071,-0.050487263300264346
2026-08-25 23:00:00+00:00,9899.311822043679,9916.069126420043,16.803612582525002,0.8433990175750891,0.8897072237357699,10397.648915627899,0.14505668815093553,-0.05034057948094204
2026-08-26 00:00:00+00:00,9898.050228294704,9914.718806664068,16.803612582525002,0.8433990175750891,0.9784332307346308,10397.737641634896,0.14446821366277704,-0.0504834186344881
2026-08-26 01:00:00+00:00,9900.389152786847,9917.223609968558,16.95927373522948,0.8536166772169785,0.9784332307346308,10395.34834686034,0.11802058182124114,-0.04999391301039598
2026-08-26 02:00:00+00:00,9900.578365034935,9917.412822216646,16.95927373522948,0.8536166772169785,0.9784332307346308,10395.34834686034,0.11818240868567342,-0.04997384633333585
2026-08-26 03:00:00+00:00,9899.818471551389,9916.6529287331,16.95927373522948,0.8536166772169785,0.9784332307346308,10395.34834686034,0.1187754369973527,-0.05005444056705997
2026-08-26 04:00:00+00:00,9898.52104686965,9915.35550405136,16.95927373522948,0.8536166772169785,0.9784332307346308,10395.34834686034,0.11881205386810548,-0.05019207391065862
2026-08-26 05:00:00+00:00,9896.098026395046,9914.379562939364,18.34259572650147,0.9173740485527768,0.9784332307346308,8736.38029017352,0.18329061593614404,0.11718939456018995
2026-08-26 06:00:00+00:00,9897.216766007721,9915.49830255204,18.34259572650147,0.9173740485527768,0.9784332307346308,8736.38029017352,0.18340752329029505,0.11728918374518456
2026-08-26 07:00:00+00:00,9896.947234448691,9915.22877099301,18.34259572650147,0.9173740485527768,0.9784332307346308,8736.38029017352,0.18345766991914395,0.11726514416845027
2026-08-26 08:00:00+00:00,9896.173129561079,9914.454666105397,18.34259572650147,0.9173740485527768,0.9784332307346308,8736.38029017352,0.18333777885716118,0.11719609430872986
2026-08-26 09:00:00+00:00,9898.923252750987,9917.204789295305,18.34259572650147,0.9173740485527768,0.9784332307346308,8736.38029017352,0.18316865339513627,0.11744135527612937
2026-08-26 10:00:00+00:00,9899.40040429278,9917.6819408371,18.34259572650147,0.9173740485527768,0.9784332307346308,8736.38029017352,0.18315353786431998,0.11748389464223799
2026-08-26 11:00:00+00:00,9899.360177662398,9917.641714206717,18.34259572650147,0.9173740485527768,0.9784332307346308,8736.38029017352,0.18327071521674615,0.11748030848631069
2026-08-26 12:00:00+00:00,9897.593399290536,9915.874935834854,18.34259572650147,0.9173740485527768,0.9784332307346308,8736.38029017352,0.18296612436517284,0.11732277355425132
2026-08-26 13:00:00+00:00,9897.468527190262,9915.929814590616,18.513423057518573,0.9262975735717514,0.9784332307346308,8938.15363523636,0.16235623493527856,0.09692527834955754
2026-08-26 14:00:00+00:00,9896.608870567297,9915.070157967652,18.513423057518573,0.9262975735717514,0.9784332307346308,8938.15363523636,0.16253357269643945,0.09684683388684806
2026-08-26 15:00:00+00:00,9894.44998418103,9912.911271581384,18.513423057518573,0.9262975735717514,0.9784332307346308,8938.15363523636,0.16146732810715628,0.09664977340565364
2026-08-26 16:00:00+00:00,9892.139181040307,9910.73999839486,18.513423057518573,0.9262975735717514,0.8389032765376306,8938.014105282164,0.16114534544826906,0.09645285597950944
2026-08-26 17:00:00+00:00,9890.08809329708,9909.083699752066,18.88779220061752,0.9467175309049359,0.8389032765376306,9050.788207034357,0.134889504060722,0.08486273108442298
2026-08-26 18:00:00+00:00,9890.895328529838,9909.890934984824,18.88779220061752,0.9467175309049359,0.8389032765376306,9050.788207034357,0.1353829072642877,0.08493741906986216
2026-08-26 19:00:00+00:00,9893.245549383495,9912.241155838481,18.88779220061752,0.9467175309049359,0.8389032765376306,9050.788207034357,0.13575544922593225,0.08515479961999298
2026-08-26 20:00:00+00:00,9891.609137509444,9910.60474396443,18.88779220061752,0.9467175309049359,0.8389032765376306,9050.788207034357,0.13533185512908685,0.0850034528039179
2026-08-26 21:00:00+00:00,9892.236602660141,9911.30000794717,18.953478670926284,0.9488298926384996,0.8389032765376306,9160.199971078655,0.12434989288545854,0.07400112441554749
2026-08-26 22:00:00+00:00,9909.171134663702,9928.23453995073,18.953478670926284,0.9488298926384996,0.8389032765376306,9160.199971078655,0.12622392404844557,0.07558363392928386
2026-08-26 23:00:00+00:00,9909.976354116312,9929.03975940334,18.953478670926284,0.9488298926384996,0.8389032765376306,9160.199971078655,0.1262442469247955,0.07565874591882567
2026-08-27 00:00:00+00:00,9910.858260153034,9929.95545221655,18.953478670926284,0.9488298926384996,0.8051165000486098,9160.166184302167,0.12660824325552314,0.07574440640212292
2026-08-27 01:00:00+00:00,9909.326578953154,9928.567137479715,19.090261052851584,0.9554139737570742,0.8051165000486098,9311.29723500599,0.10317782284922136,0.06035014984947056
2026-08-27 02:00:00+00:00,9913.033066501675,9932.273625028236,19.090261052851584,0.9554139737570742,0.8051165000486098,9311.29723500599,0.10371616871770158,0.06070148535356782
2026-08-27 03:00:00+00:00,9912.70734680152,9931.947905328081,19.090261052851584,0.9554139737570742,0.8051165000486098,9311.29723500599,0.10362893313115555,0.06067062112850381
2026-08-27 04:00:00+00:00,9913.56865033638,9932.80920886294,19.090261052851584,0.9554139737570742,0.8051165000486098,9311.29723500599,0.10369215453275508,0.06075223126739055
2026-08-27 05:00:00+00:00,9911.188913691665,9931.468281077085,20.082437423269756,1.0020464622000254,0.8051165000486098,8962.024103181613,0.2337645700435401,0.09576699816495705
2026-08-27 06:00:00+00:00,9910.635950669843,9930.915318055262,20.082437423269756,1.0020464622000254,0.8051165000486098,8962.024103181613,0.2334097528217762,0.09571654656774219
2026-08-27 07:00:00+00:00,9909.021930159915,9929.301297545335,20.082437423269756,1.0020464622000254,0.8051165000486098,8962.024103181613,0.23330873792737147,0.09556925331812435
2026-08-27 08:00:00+00:00,9914.067912565932,9934.347279951351,20.082437423269756,1.0020464622000254,0.8051165000486098,8962.024103181613,0.23397313859200136,0.09602958319234607
2026-08-27 09:00:00+00:00,9926.393021930764,9946.675958136846,20.085774321611076,1.0022783845201062,0.8051165000486098,8956.459269047737,0.2350309952084057,0.09771260826970225
2026-08-27 10:00:00+00:00,9920.95362677926,9941.236562985341,20.085774321611076,1.0022783845201062,0.8051165000486098,8956.459269047737,0.23472073848059768,0.09721790807771741
2026-08-27 11:00:00+00:00,9919.429071708899,9939.71200791498,20.085774321611076,1.0022783845201062,0.8051165000486098,8956.459269047737,0.23429955459543828,0.09707915603808673
2026-08-27 12:00:00+00:00,9914.404762932394,9934.687699138476,20.085774321611076,1.0022783845201062,0.8051165000486098,8956.459269047737,0.23377274196394543,0.09662158412839743
2026-08-27 13:00:00+00:00,9914.435702794064,9934.971181586327,20.326093104880613,1.0145021874297817,0.8051165000486098,9053.870668585883,0.1940387178850648,0.08679919462946921
2026-08-27 14:00:00+00:00,9911.321493842042,9931.856972634305,20.326093104880613,1.0145021874297817,0.8051165000486098,9053.870668585883,0.19574547696532335,0.08651226032662718
2026-08-27 15:00:00+00:00,9921.763364682169,9942.298843474431,20.326093104880613,1.0145021874297817,0.8051165000486098,9053.870668585883,0.19628314904595176,0.08747363388907904
2026-08-27 16:00:00+00:00,9918.894668669416,9939.552441994705,20.336222049700964,1.0150368205277223,0.6934855449394409,9036.867333985369,0.19450750741217326,0.08892395414481889
2026-08-27 17:00:00+00:00,9941.49351486782,9962.685260003764,20.84740059195837,1.0378300889258187,0.6934855449394409,8522.769005761149,0.2606829384542625,0.14270738164088953
2026-08-27 18:00:00+00:00,9934.85630641641,9956.048051552354,20.84740059195837,1.0378300889258187,0.6934855449394409,8522.769005761149,0.2596481153314925,0.14213464765899694
2026-08-27 19:00:00+00:00,9920.787900989752,9941.979646125696,20.84740059195837,1.0378300889258187,0.6934855449394409,8522.769005761149,0.25869419314495523,0.14091813162230077
2026-08-27 20:00:00+00:00,9931.818376491121,9953.010121627065,20.84740059195837,1.0378300889258187,0.6934855449394409,8522.769005761149,0.2595860896131942,0.14187224507298976
2026-08-27 21:00:00+00:00,9925.287519864667,9946.592164430967,20.954492909239118,1.0436372020020002,0.6934855449394409,8581.56872077917,0.24105723216250202,0.13538336258734585
2026-08-27 22:00:00+00:00,9921.419147210327,9942.723791776627,20.954492909239118,1.0436372020020002,0.6934855449394409,8581.56872077917,0.24073974419638566,0.13504624757314992
2026-08-27 23:00:00+00:00,9922.009353096635,9943.313997662935,20.954492909239118,1.0436372020020002,0.6934855449394409,8581.56872077917,0.24100685882634565,0.13509769892517956
2026-08-28 00:00:00+00:00,9920.934615577942,9942.317408180286,20.954492909239118,1.0436372020020002,0.6153375088965137,8581.490572743127,0.24085980920437078,0.13501188091005142
2026-08-28 01:00:00+00:00,9920.82640406201,9942.242933033636,20.986701556978318,1.04516492354464,0.6153375088965137,8635.139443660719,0.2357395293395363,0.12959474423167777
2026-08-28 02:00:00+00:00,9924.664546152644,9946.08107512427,20.986701556978318,1.04516492354464,0.6153375088965137,8635.139443660719,0.23597316693375586,0.12993135400146263
2026-08-28 03:00:00+00:00,9923.38384908662,9944.800378058246,20.986701556978318,1.04516492354464,0.6153375088965137,8635.139443660719,0.23562189206973078,0.12981906424434803
2026-08-28 04:00:00+00:00,9924.399122927238,9945.815651898864,20.986701556978318,1.04516492354464,0.6153375088965137,8635.139443660719,0.23566317830120617,0.12990808443889418
2026-08-28 05:00:00+00:00,9925.205417121102,9947.102807784895,21.442838731608113,1.0698894410818194,0.6153375088965137,8265.140488480109,0.2847824955685575,0.1672574882709592
2026-08-28 06:00:00+00:00,9922.393127462485,9944.290518126278,21.442838731608113,1.0698894410818194,0.6153375088965137,8265.140488480109,0.2844285530170646,0.16702146525474304
2026-08-28 07:00:00+00:00,9928.003888482397,9949.90127914619,21.442838731608113,1.0698894410818194,0.6153375088965137,8265.140488480109,0.2851935206129615,0.16749221884687188
2026-08-28 08:00:00+00:00,9923.888794420673,9945.786185084466,21.442838731608113,1.0698894410818194,0.6153375088965137,8265.140488480109,0.28453416732502546,0.1671470066122801
2026-08-28 09:00:00+00:00,9921.389263973355,9943.32598902711,21.481690687542805,1.0703718751082167,0.6153375088965137,8200.348376633017,0.2775737060685433,0.1734677313377671
2026-08-28 10:00:00+00:00,9926.748188146224,9948.684913199979,21.481690687542805,1.0703718751082167,0.6153375088965137,8200.348376633017,0.2774958520835559,0.1739139322154604
2026-08-28 11:00:00+00:00,9929.687726293781,9951.624451347536,21.481690687542805,1.0703718751082167,0.6153375088965137,8200.348376633017,0.27812365354187363,0.1741584828575705
2026-08-28 12:00:00+00:00,9930.887856031888,9952.824581085642,21.481690687542805,1.0703718751082167,0.6153375088965137,8200.348376633017,0.2780441948395725,0.17425828430312648
2026-08-28 13:00:00+00:00,9938.636723137779,9960.739670475436,21.640148163644543,1.078136682908973,0.6153375088965137,8464.285712659814,0.2519623814322376,0.14834539701462088
2026-08-28 14:00:00+00:00,9923.4195584052,9945.522505742856,21.640148163644543,1.078136682908973,0.6153375088965137,8464.285712659814,0.2509397132641696,0.14703941893794964
2026-08-28 15:00:00+00:00,9937.585110090546,9959.688057428202,21.640148163644543,1.078136682908973,0.6153375088965137,8464.285712659814,0.25238322154898146,0.14825527339984787
2026-08-28 16:00:00+00:00,9916.852727051642,9938.918788013516,21.640148163644543,1.078136682908973,0.6522238846792195,8464.322599035597,0.24807663717546696,0.14647087821056054
2026-08-28 17:00:00+00:00,9910.743696408328,9932.931097098457,21.756092568253393,1.083532006554069,0.6522238846792195,8471.232782670178,0.24746569625875395,0.14524751702133434
2026-08-28 18:00:00+00:00,9908.527714359489,9930.715115049617,21.756092568253393,1.083532006554069,0.6522238846792195,8471.232782670178,0.24720013116556236,0.14505635681942686
2026-08-28 19:00:00+00:00,9896.447455308487,9918.634855998616,21.756092568253393,1.083532006554069,0.6522238846792195,8471.232782670178,0.24600922857748292,0.1440127559990044
2026-08-28 20:00:00+00:00,9895.933226800062,9918.12062749019,21.756092568253393,1.083532006554069,0.6522238846792195,8471.232782670178,0.24641639446423427,0.1439682758035921
2026-08-28 21:00:00+00:00,9897.745645678124,9920.029245098769,21.84896582826513,1.0868574770588804,0.6522238846792195,8567.244880578968,0.2308005639405997,0.1344246268522896
2026-08-28 22:00:00+00:00,9898.412411653646,9920.696011074291,21.84896582826513,1.0868574770588804,0.6522238846792195,8567.244880578968,0.23070726822370682,0.13448293278904616
2026-08-28 23:00:00+00:00,9898.502505323177,9920.786104743822,21.84896582826513,1.0868574770588804,0.6522238846792195,8567.244880578968,0.2308998343829629,0.1344908105067702
2026-08-29 00:00:00+00:00,9897.843208094793,9920.352022938781,21.84896582826513,1.0868574770588804,0.4270084613364793,8567.019665155627,0.23091732279878083,0.13445591276398217
2026-08-29 01:00:00+00:00,9896.85831291374,9919.404458198032,21.8842202353288,1.088933510301018,0.4270084613364793,8571.891755877026,0.22494148226714375,0.13387749072934138
2026-08-29 02:00:00+00:00,9898.38488642478,9920.931031709071,21.8842202353288,1.088933510301018,0.4270084613364793,8571.891755877026,0.22515298511379903,0.1340110680447456
2026-08-29 03:00:00+00:00,9898.706461430374,9921.252606714666,21.8842202353288,1.088933510301018,0.4270084613364793,8571.891755877026,0.2250842487646363,0.13403920105351042
2026-08-29 04:00:00+00:00,9901.47955993114,9924.025705215432,21.8842202353288,1.088933510301018,0.4270084613364793,8571.891755877026,0.22523325438513045,0.1342817299178832
2026-08-29 05:00:00+00:00,9900.631273569328,9923.277961508194,21.980800751099693,1.0928956491027462,0.4270084613364793,8732.76270164608,0.2090526018428117,0.11795900075998034
2026-08-29 06:00:00+00:00,9901.66516041939,9924.311848358257,21.980800751099693,1.0928956491027462,0.4270084613364793,8732.76270164608,0.2091859588896274,0.11805109947020274
2026-08-29 07:00:00+00:00,9903.060005809475,9925.706693748341,21.980800751099693,1.0928956491027462,0.4270084613364793,8732.76270164608,0.2090631653086239,0.11817532191836261
2026-08-29 08:00:00+00:00,9903.562962666158,9926.209650605024,21.980800751099693,1.0928956491027462,0.4270084613364793,8732.76270164608,0.20927482447153214,0.11822010577745488
2026-08-29 09:00:00+00:00,9904.067184466552,9926.731886317844,21.997203977508327,1.0945063351208761,0.4270084613364793,8760.085009100729,0.20640102708550737,0.11550630201297846
2026-08-29 10:00:00+00:00,9903.27918883069,9925.943890681981,21.997203977508327,1.0945063351208761,0.4270084613364793,8760.085009100729,0.2064648468226895,0.11543592358976416
2026-08-29 11:00:00+00:00,9902.958066580339,9925.62276843163,21.997203977508327,1.0945063351208761,0.4270084613364793,8760.085009100729,0.2065310558385467,0.11540723991717997
2026-08-29 12:00:00+00:00,9902.839284820244,9925.503986671536,21.997203977508327,1.0945063351208761,0.4270084613364793,8760.085009100729,0.20648498387886446,0.1153966294768822
2026-08-29 13:00:00+00:00,9902.475954436144,9925.182111045331,22.03755759619779,1.0956074743255966,0.4270084613364793,8773.77356109502,0.1998872572368635,0.11398183631392554
2026-08-29 14:00:00+00:00,9901.506406761953,9924.21256337114,22.03755759619779,1.0956074743255966,0.4270084613364793,8773.77356109502,0.19992174288931547,0.1138950781162733
2026-08-29 15:00:00+00:00,9900.465374760557,9923.171531369744,22.03755759619779,1.0956074743255966,0.4270084613364793,8773.77356109502,0.2001934435818199,0.11380190435672179
2026-08-29 16:00:00+00:00,9900.884539425118,9923.590696034305,22.03755759619779,1.0956074743255966,0.4270084613364793,8773.77356109502,0.1999530099394875,0.11383942251239938
2026-08-29 17:00:00+00:00,9900.984363817426,9923.956669090068,22.293454913619943,1.1058588203572486,0.4270084613364793,9059.351322955152,0.15705742026708142,0.08500498636660545
2026-08-29 18:00:00+00:00,9900.283764694326,9923.256069966968,22.293454913619943,1.1058588203572486,0.4270084613364793,9059.351322955152,0.1570378067126008,0.08494023623222269
2026-08-29 19:00:00+00:00,9900.646049327375,9923.618354600017,22.293454913619943,1.1058588203572486,0.4270084613364793,9059.351322955152,0.15711976208587003,0.08497372011691892
2026-08-29 20:00:00+00:00,9900.517236502505,9923.489541775147,22.293454913619943,1.1058588203572486,0.4270084613364793,9059.351322955152,0.15709718317261884,0.0849618149692255
2026-08-29 21:00:00+00:00,9900.106994686745,9923.09978246775,22.312237403032288,1.1075588393113351,0.4270084613364793,9028.028391445163,0.15389455160669394,0.08808779578944093
2026-08-29 22:00:00+00:00,9900.52589982729,9923.518687608295,22.312237403032288,1.1075588393113351,0.4270084613364793,9028.028391445163,0.15390636951450545,0.08812638007414805
2026-08-29 23:00:00+00:00,9900.08523930279,9923.078027083797,22.312237403032288,1.1075588393113351,0.4270084613364793,9028.028391445163,0.1539255916295222,0.08808579186728727
2026-08-30 00:00:00+00:00,9899.746675206803,9922.739462987809,22.312237403032288,1.1075588393113351,0.4270084613364793,9028.028391445163,0.15402024059897973,0.088054605068309
2026-08-30 01:00:00+00:00,9899.502188064373,9922.718217474916,22.528000822693325,1.1150370491876176,0.4270084613364793,9335.795535727071,0.11770235914014966,0.056942929212839666
2026-08-30 02:00:00+00:00,9899.817424337936,9923.03345374848,22.528000822693325,1.1150370491876176,0.4270084613364793,9335.795535727071,0.1176767781733679,0.056972958635000695
2026-08-30 03:00:00+00:00,9899.876266507143,9923.092295917686,22.528000822693325,1.1150370491876176,0.4270084613364793,9335.795535727071,0.11772500458925202,0.05697856373098789
2026-08-30 04:00:00+00:00,9899.670819430772,9922.886848841315,22.528000822693325,1.1150370491876176,0.4270084613364793,9335.795535727071,0.11774837655471349,0.056958993282578974
2026-08-30 05:00:00+00:00,9899.63736665854,9923.09802926334,22.76256188904752,1.1251091770876134,0.4270084613364793,9519.580355057493,0.08016670464766426,0.03839100337968542
2026-08-30 06:00:00+00:00,9899.209679553363,9922.670342158162,22.76256188904752,1.1251091770876134,0.4270084613364793,9519.580355057493,0.08021989362212781,0.038349457864296804
2026-08-30 07:00:00+00:00,9898.948009498075,9922.408672102874,22.76256188904752,1.1251091770876134,0.4270084613364793,9519.580355057493,0.08024556275714133,0.038324037471110836
2026-08-30 08:00:00+00:00,9899.445842596788,9922.906505201587,22.76256188904752,1.1251091770876134,0.4270084613364793,9519.580355057493,0.08022064196802954,0.03837239918064443
2026-08-30 09:00:00+00:00,9899.03827813416,9922.517175648625,22.779882566519564,1.1260234092825308,0.4270084613364793,9490.695238593285,0.07729765732250446,0.04125077892090348
2026-08-30 10:00:00+00:00,9899.384806057651,9922.863703572117,22.779882566519564,1.1260234092825308,0.4270084613364793,9490.695238593285,0.07732191384271862,0.04128433993335425
2026-08-30 11:00:00+00:00,9899.070993490564,9922.54989100503,22.779882566519564,1.1260234092825308,0.4270084613364793,9490.695238593285,0.07733618123355789,0.04125394748313445
2026-08-30 12:00:00+00:00,9899.124303432576,9922.603200947042,22.779882566519564,1.1260234092825308,0.4270084613364793,9490.695238593285,0.07735515324191372,0.04125911063644951
2026-08-30 13:00:00+00:00,9897.830410943214,9921.41832086961,22.884171301043224,1.1307470866912477,0.4270084613364793,9613.267117402404,0.05987549922633436,0.028750067613422914
2026-08-30 14:00:00+00:00,9897.093383575051,9920.681293501448,22.884171301043224,1.1307470866912477,0.4270084613364793,9613.267117402404,0.0599250657113955,0.02867773953145451
2026-08-30 15:00:00+00:00,9897.572572734647,9921.160482661044,22.884171301043224,1.1307470866912477,0.4270084613364793,9613.267117402404,0.05994707242094625,0.028724765920427206
2026-08-30 16:00:00+00:00,9897.611856554895,9921.199766481292,22.884171301043224,1.1307470866912477,0.4270084613364793,9613.267117402404,0.059965344278299304,0.02872862093133902
2026-08-30 17:00:00+00:00,9896.904848454871,9920.678540264445,23.062665946649147,1.138034324262238,0.4270084613364793,9804.556351027164,0.02997997386096021,0.009331048326904436
2026-08-30 18:00:00+00:00,9897.152118105489,9920.925809915063,23.062665946649147,1.138034324262238,0.4270084613364793,9804.556351027164,0.029933672982153388,0.009355799120126072
2026-08-30 19:00:00+00:00,9897.133988859294,9920.907680668868,23.062665946649147,1.138034324262238,0.4270084613364793,9804.556351027164,0.02994625205854734,0.00935398449049395
2026-08-30 20:00:00+00:00,9897.518414966982,9921.292106776556,23.062665946649147,1.138034324262238,0.4270084613364793,9804.556351027164,0.029906485516790066,0.00939246183156789
2026-08-30 21:00:00+00:00,9897.7136123128,9921.503546756172,23.078514777619777,1.1384281270871583,0.4270084613364793,9830.955220480575,0.027202878855374882,0.006744829608847979
2026-08-30 22:00:00+00:00,9897.489773557994,9921.279708001366,23.078514777619777,1.1384281270871583,0.4270084613364793,9830.955220480575,0.027164286703999552,0.00672236643832382
2026-08-30 23:00:00+00:00,9897.410822954042,9921.200757397413,23.078514777619777,1.1384281270871583,0.4270084613364793,9830.955220480575,0.027089940901860447,0.0067144431672313985
2026-08-31 00:00:00+00:00,9898.090050046956,9921.884362086137,23.078514777619777,1.1384281270871583,0.4226308655276665,9830.950842884766,0.026856940588391907,0.006783046711306876
2026-08-31 01:00:00+00:00,9898.689278596741,9922.506037742827,23.100150641052313,1.1392393705604436,0.4226308655276665,9866.988979408896,0.02324901402088499,0.003202474418142199
2026-08-31 02:00:00+00:00,9898.910788616131,9922.727547762217,23.100150641052313,1.1392393705604436,0.4226308655276665,9866.988979408896,0.02317004411101225,0.003224779967099599
2026-08-31 03:00:00+00:00,9899.197916264497,9923.014675410583,23.100150641052313,1.1392393705604436,0.4226308655276665,9866.988979408896,0.02315844732376688,0.0032536915746155088
2026-08-31 04:00:00+00:00,9898.984445815458,9922.801204961544,23.100150641052313,1.1392393705604436,0.4226308655276665,9866.988979408896,0.02320788053321824,0.0032321968563238197
2026-08-31 05:00:00+00:00,9896.978046966877,9921.592391491491,23.866012712463334,1.170962677676954,0.4226308655276665,10525.495931842277,0.11235801643573776,-0.06350604011575252
2026-08-31 06:00:00+00:00,9897.785662953786,9922.4000074784,23.866012712463334,1.170962677676954,0.4226308655276665,10525.495931842277,0.1126113916192586,-0.06341926267790741
2026-08-31 07:00:00+00:00,9898.247110908565,9922.86145543318,23.866012712463334,1.170962677676954,0.4226308655276665,10525.495931842277,0.11266998235038592,-0.06336968696633563
2026-08-31 08:00:00+00:00,9899.031689086623,9923.646033611238,23.866012712463334,1.170962677676954,0.4226308655276665,10525.495931842277,0.11259505909503849,-0.06328540633386505
2026-08-31 09:00:00+00:00,9897.688654567992,9923.078030786828,24.606954242702233,1.2050528416595543,0.4226308655276665,9769.561769337004,0.08514131728646174,0.012945131909342803
2026-08-31 10:00:00+00:00,9897.698758807586,9923.088135026423,24.606954242702233,1.2050528416595543,0.4226308655276665,9769.561769337004,0.08516717294601088,0.012946139561638863
2026-08-31 11:00:00+00:00,9897.59042104011,9922.979797258946,24.606954242702233,1.2050528416595543,0.4226308655276665,9769.561769337004,0.08518303631469425,0.01293533539546604
2026-08-31 12:00:00+00:00,9896.91641229078,9922.305788509617,24.606954242702233,1.2050528416595543,0.4226308655276665,9769.561769337004,0.08510727961891837,0.012868113425270158
2026-08-31 13:00:00+00:00,9896.314372455317,9921.703748674154,24.606954242702233,1.2050528416595543,0.4226308655276665,9769.561769337004,0.08497326433033962,0.012808061501270425
2026-08-31 14:00:00+00:00,9894.143452885219,9919.532829104055,24.606954242702233,1.2050528416595543,0.4226308655276665,9769.561769337004,0.08478105644958808,0.012591457172766784
2026-08-31 15:00:00+00:00,9893.357413494981,9918.746789713818,24.606954242702233,1.2050528416595543,0.4226308655276665,9769.561769337004,0.084847011661547,0.012513006352031111
2026-08-31 16:00:00+00:00,9893.338875050507,9918.778185611853,24.648072623519482,1.207865624236116,0.4166276864095903,9700.98401308166,0.07792334388208112,0.019442865992788154
2026-08-31 17:00:00+00:00,9893.677109083606,9919.242986416562,24.769161448005384,1.2133435713610976,0.4166276864095903,9775.314883821135,0.057607375980020796,0.011963421077669957
2026-08-31 18:00:00+00:00,9892.315308475221,9917.881185808177,24.769161448005384,1.2133435713610976,0.4166276864095903,9775.314883821135,0.05764589787884677,0.011827405516871003
2026-08-31 19:00:00+00:00,9889.945849242873,9915.511726575829,24.769161448005384,1.2133435713610976,0.4166276864095903,9775.314883821135,0.057534715479377885,0.011590656528267474
2026-08-31 20:00:00+00:00,9891.735718108659,9917.301595441615,24.769161448005384,1.2133435713610976,0.4166276864095903,9775.314883821135,0.057823478794556724,0.011769505130873475
2026-08-31 21:00:00+00:00,9891.782050411684,9917.34792774464,24.769161448005384,1.2133435713610976,0.4166276864095903,9775.314883821135,0.057816990272745554,0.011774133922178598
2026-08-31 22:00:00+00:00,9891.704118328425,9917.269995661381,24.769161448005384,1.2133435713610976,0.4166276864095903,9775.314883821135,0.05783437810200579,0.011766348155484389
2026-08-31 23:00:00+00:00,9891.869705123838,9917.435582456794,24.769161448005384,1.2133435713610976,0.4166276864095903,9775.314883821135,0.05779623961859473,0.011782890876770154
2026-09-01 00:00:00+00:00,9891.788370577628,9917.352822515164,24.769161448005384,1.2133435713610976,0.4180530818285036,9775.316309216552,0.05778473487025568,0.011774621231031658
2026-09-01 01:00:00+00:00,9891.743594321082,9917.37364394112,24.831577128638642,1.2165255732290359,0.4180530818285036,9821.797380711467,0.04727852146885145,0.007071171320066596
2026-09-01 02:00:00+00:00,9891.800529597449,9917.430579217487,24.831577128638642,1.2165255732290359,0.4180530818285036,9821.797380711467,0.047252506167546844,0.00707688642492579
2026-09-01 03:00:00+00:00,9891.630927869204,9917.260977489243,24.831577128638642,1.2165255732290359,0.4180530818285036,9821.797380711467,0.047251711860467616,0.0070598617828515915
2026-09-01 04:00:00+00:00,9891.535880275746,9917.165929895784,24.831577128638642,1.2165255732290359,0.4180530818285036,9821.797380711467,0.04726545171634038,0.0070503206386119685
2026-09-01 05:00:00+00:00,9888.899020711626,9915.764485829435,26.01613402325062,1.2673841763880207,0.4180530818285036,9139.226688576038,0.21073738750710308,0.07580948400478656
2026-09-01 06:00:00+00:00,9887.230101691383,9914.095566809192,26.01613402325062,1.2673841763880207,0.4180530818285036,9139.226688576038,0.21145990245397134,0.07565348489132313
2026-09-01 07:00:00+00:00,9888.617335005698,9915.482800123507,26.01613402325062,1.2673841763880207,0.4180530818285036,9139.226688576038,0.21113848409152083,0.07578315764902915
2026-09-01 08:00:00+00:00,9887.192395003462,9914.057860121271,26.01613402325062,1.2673841763880207,0.4180530818285036,9139.226688576038,0.21074699093204768,0.07564995972015386
2026-09-01 09:00:00+00:00,9884.384521619644,9911.249986737454,26.01613402325062,1.2673841763880207,0.4180530818285036,9139.226688576038,0.20876644812591946,0.07538737808244492
2026-09-01 10:00:00+00:00,9884.400537499901,9911.266002617711,26.01613402325062,1.2673841763880207,0.4180530818285036,9139.226688576038,0.20879816956672426,0.07538887624968121
2026-09-01 11:00:00+00:00,9883.727871282706,9910.593336400516,26.01613402325062,1.2673841763880207,0.4180530818285036,9139.226688576038,0.20881513807046764,0.0753259491158014
2026-09-01 12:00:00+00:00,9883.042394979291,9909.9078600971,26.01613402325062,1.2673841763880207,0.4180530818285036,9139.226688576038,0.20812283415642588,0.07526181480119118
2026-09-01 13:00:00+00:00,9880.576937997788,9907.756226800473,26.318026006530676,1.2793158779830405,0.4180530818285036,9321.913097469662,0.1730807361910409,0.05654162140873272
2026-09-01 14:00:00+00:00,9888.927013896671,9916.106302699356,26.318026006530676,1.2793158779830405,0.4180530818285036,9321.913097469662,0.17283289313008965,0.05733826487243751
2026-09-01 15:00:00+00:00,9896.142645621923,9923.321934424608,26.318026006530676,1.2793158779830405,0.4180530818285036,9321.913097469662,0.17405851468939704,0.058025593275608495
2026-09-01 16:00:00+00:00,9903.87904307248,9931.033872602766,26.318026006530676,1.2793158779830405,0.4425123542279032,9321.937556742061,0.1746673591555077,0.05875894523746971
2026-09-01 17:00:00+00:00,9903.020824210165,9931.30202121054,27.38146186549971,1.3422474891037321,0.4425123542279032,9388.756354472542,0.2576051729256411,0.0519300604195831
2026-09-01 18:00:00+00:00,9904.641854005098,9932.923051005473,27.38146186549971,1.3422474891037321,0.4425123542279032,9388.756354472542,0.2563285718321684,0.052085225002249914
2026-09-01 19:00:00+00:00,9896.71806597276,9924.999262973135,27.38146186549971,1.3422474891037321,0.4425123542279032,9388.756354472542,0.2556864872895858,0.05132627888498814
2026-09-01 20:00:00+00:00,9898.168927107314,9926.450124107689,27.38146186549971,1.3422474891037321,0.4425123542279032,9388.756354472542,0.25615110201986896,0.051465334284170924
2026-09-01 21:00:00+00:00,9900.784735432535,9929.06593243291,27.38146186549971,1.3422474891037321,0.4425123542279032,9388.756354472542,0.25614139508270056,0.05171593915455678
2026-09-01 22:00:00+00:00,9902.21503179206,9930.496228792435,27.38146186549971,1.3422474891037321,0.4425123542279032,9388.756354472542,0.25596951090952885,0.051852911259855305
2026-09-01 23:00:00+00:00,9904.245505645667,9932.526702646042,27.38146186549971,1.3422474891037321,0.4425123542279032,9388.756354472542,0.2556700485458539,0.05204729132363327
2026-09-02 00:00:00+00:00,9901.794392814345,9929.98958955795,27.38146186549971,1.3422474891037321,0.5285126109980346,9388.842354729315,0.256171980358793,0.05180394762158215
2026-09-02 01:00:00+00:00,9902.581875225382,9931.221185979273,27.802380301193214,1.3654430636954846,0.5285126109980346,9507.463890899966,0.18496317981115984,0.039900501637248335
2026-09-02 02:00:00+00:00,9903.01238584198,9931.65169659587,27.802380301193214,1.3654430636954846,0.5285126109980346,9507.463890899966,0.18440597307134762,0.039942239747929216
2026-09-02 03:00:00+00:00,9900.508557048459,9929.14786780235,27.802380301193214,1.3654430636954846,0.5285126109980346,9507.463890899966,0.18512165347554088,0.03969944209266641
2026-09-02 04:00:00+00:00,9898.469710325442,9927.109021079334,27.802380301193214,1.3654430636954846,0.5285126109980346,9507.463890899966,0.18529892370988157,0.03950164327093951
2026-09-02 05:00:00+00:00,9897.734713611993,9927.060534646935,28.458082415483783,1.3962512304553993,0.5285126109980346,9518.205559889846,0.20761627206773814,0.038345052146143505
2026-09-02 06:00:00+00:00,9897.370453242778,9926.69627427772,28.458082415483783,1.3962512304553993,0.5285126109980346,9518.205559889846,0.20802264709313087,0.038309659635777614
2026-09-02 07:00:00+00:00,9899.282562690445,9928.608383725386,28.458082415483783,1.3962512304553993,0.5285126109980346,9518.205559889846,0.20782287195765278,0.03849541624731942
2026-09-02 08:00:00+00:00,9900.606418780722,9929.932239815664,28.458082415483783,1.3962512304553993,0.5285126109980346,9518.205559889846,0.20762915340686502,0.0386239834931212
2026-09-02 09:00:00+00:00,9902.136951841509,9931.593203993305,28.581362061155087,1.4034027016380621,0.5285126109980346,9505.623628673911,0.1855680452189263,0.04004320734968811
2026-09-02 10:00:00+00:00,9903.133401378804,9932.5896535306,28.581362061155087,1.4034027016380621,0.5285126109980346,9505.623628673911,0.18530443635404323,0.040139797839090836
2026-09-02 11:00:00+00:00,9904.12352866552,9933.579780817316,28.581362061155087,1.4034027016380621,0.5285126109980346,9505.623628673911,0.18509058092513547,0.040235756232061166
2026-09-02 12:00:00+00:00,9904.594945319315,9934.051197471112,28.581362061155087,1.4034027016380621,0.5285126109980346,9505.623628673911,0.18596380983742972,0.040281436933869645
2026-09-02 13:00:00+00:00,9905.089731639211,9934.77221417645,28.79526531141041,1.4157298368267637,0.5285126109980346,9637.88637595287,0.15005083672338396,0.02697636901085612
2026-09-02 14:00:00+00:00,9911.964035275087,9941.646517812325,28.79526531141041,1.4157298368267637,0.5285126109980346,9637.88637595287,0.1513573780752216,0.027651195902932812
2026-09-02 15:00:00+00:00,9922.147463775465,9951.829946312704,28.79526531141041,1.4157298368267637,0.5285126109980346,9637.88637595287,0.15221109492191112,0.02864914967857491
2026-09-02 16:00:00+00:00,9929.304945648353,9958.949613849576,28.79526531141041,1.4157298368267637,0.5663269470134781,9637.924190288886,0.15234403536627575,0.029345533947687637
2026-09-02 17:00:00+00:00,9926.137107374601,9956.223863957663,29.213274847729256,1.4398086823449012,0.5663269470134781,9770.799347823122,0.15136234114018124,0.01564936670440214
2026-09-02 18:00:00+00:00,9924.61332633786,9954.700082920921,29.213274847729256,1.4398086823449012,0.5663269470134781,9770.799347823122,0.1519603695524868,0.015498233881470043
2026-09-02 19:00:00+00:00,9924.748582417544,9954.835339000605,29.213274847729256,1.4398086823449012,0.5663269470134781,9770.799347823122,0.15203373176808288,0.015511650830848689
2026-09-02 20:00:00+00:00,9929.20985712295,9959.296613706012,29.213274847729256,1.4398086823449012,0.5663269470134781,9770.799347823122,0.151989139979369,0.015953989449239953
2026-09-02 21:00:00+00:00,9933.50377374809,9963.614331791641,29.234948365894827,1.4419366246696048,0.5663269470134781,9734.655144029006,0.14891025480106482,0.02001797495105352
2026-09-02 22:00:00+00:00,9939.073532091346,9969.184090134897,29.234948365894827,1.4419366246696048,0.5663269470134781,9734.655144029006,0.14940812723979052,0.020567147169433062
2026-09-02 23:00:00+00:00,9939.488931369802,9969.599489413353,29.234948365894827,1.4419366246696048,0.5663269470134781,9734.655144029006,0.14931274783437035,0.020608080431009347
2026-09-03 00:00:00+00:00,9936.988637452823,9967.139666838055,29.234948365894827,1.4419366246696048,0.5258556053324626,9734.614672687323,0.1493971418023509,0.020365723676360678
2026-09-03 01:00:00+00:00,9935.846653306033,9966.229990481681,29.4547147135346,1.4544780674466267,0.5258556053324626,9869.414514551487,0.11222737367237103,0.006686107492655513
2026-09-03 02:00:00+00:00,9937.277104502147,9967.660441677795,29.4547147135346,1.4544780674466267,0.5258556053324626,9869.414514551487,0.11255674285164502,0.006829093044000431
2026-09-03 03:00:00+00:00,9936.575241988992,9966.95857916464,29.4547147135346,1.4544780674466267,0.5258556053324626,9869.414514551487,0.11292825737985908,0.00675894116452765
2026-09-03 04:00:00+00:00,9937.947123176438,9968.330460352086,29.4547147135346,1.4544780674466267,0.5258556053324626,9869.414514551487,0.11311863175800033,0.006896052854329027
2026-09-03 05:00:00+00:00,9937.817244313721,9968.519293595788,29.759311404423105,1.4685934829752716,0.5258556053324626,9901.432306482318,0.1334887310793608,0.003661260509919412
2026-09-03 06:00:00+00:00,9936.59580670715,9967.297855989216,29.759311404423105,1.4685934829752716,0.5258556053324626,9901.432306482318,0.13332000649442735,0.0035387874186344967
2026-09-03 07:00:00+00:00,9936.036603943423,9966.73865322549,29.759311404423105,1.4685934829752716,0.5258556053324626,9901.432306482318,0.1332618915084125,0.0034827063184701187
2026-09-03 08:00:00+00:00,9935.900100835868,9966.602150117935,29.759311404423105,1.4685934829752716,0.5258556053324626,9901.432306482318,0.13351396043853356,0.003469015791599065
2026-09-03 09:00:00+00:00,9936.870366281386,9967.704967268892,29.885344108401377,1.475112484437167,0.5258556053324626,10032.198764401155,0.11252447332301545,-0.009593402611273482
2026-09-03 10:00:00+00:00,9935.858149263453,9966.692750250959,29.885344108401377,1.475112484437167,0.5258556053324626,10032.198764401155,0.11215683862288327,-0.009696255088428727
2026-09-03 11:00:00+00:00,9936.180946233118,9967.015547220624,29.885344108401377,1.475112484437167,0.5258556053324626,10032.198764401155,0.11214552608999755,-0.009663453059843645
2026-09-03 12:00:00+00:00,9933.842418546978,9964.677019534483,29.885344108401377,1.475112484437167,0.5258556053324626,10032.198764401155,0.1121641726741836,-0.009901138120586874
2026-09-03 13:00:00+00:00,9935.6257752542,9966.542011921085,29.96130858349002,1.4807836887265693,0.5258556053324626,9968.253859159482,0.1004590897108176,-0.003283948554759972
2026-09-03 14:00:00+00:00,9940.404744090982,9971.320980757866,29.96130858349002,1.4807836887265693,0.5258556053324626,9968.253859159482,0.10359748199828363,-0.002801607759991295
2026-09-03 15:00:00+00:00,9936.390774803105,9967.30701146999,29.96130858349002,1.4807836887265693,0.5258556053324626,9968.253859159482,0.10488489576106506,-0.0032067060443291143
2026-09-03 16:00:00+00:00,9933.848140866527,9964.887852308053,30.04375004946724,1.487657974443928,0.4916965823847413,9830.734815375197,0.09180564532528689,0.010379998166786359
2026-09-03 17:00:00+00:00,9933.594021492876,9965.13775245861,30.520647155524664,1.5147803925937486,0.4916965823847413,9978.342461224212,0.016502721356713577,-0.004504758261160746
2026-09-03 18:00:00+00:00,9934.34850822578,9965.892239191513,30.520647155524664,1.5147803925937486,0.4916965823847413,9978.342461224212,0.016553655937347693,-0.004428468858527055
2026-09-03 19:00:00+00:00,9934.265173740387,9965.80890470612,30.520647155524664,1.5147803925937486,0.4916965823847413,9978.342461224212,0.01653901042249262,-0.004436894597935411
2026-09-03 20:00:00+00:00,9933.78937553712,9965.333106502854,30.520647155524664,1.5147803925937486,0.4916965823847413,9978.342461224212,0.016555865220043157,-0.004485004060666723
2026-09-03 21:00:00+00:00,9933.862905197422,9965.406636163156,30.520647155524664,1.5147803925937486,0.4916965823847413,9978.342461224212,0.016543797201206963,-0.004477568942844812
2026-09-03 22:00:00+00:00,9933.869851400485,9965.413582366218,30.520647155524664,1.5147803925937486,0.4916965823847413,9978.342461224212,0.016551734876783776,-0.004476866567509791
2026-09-03 23:00:00+00:00,9934.089957029457,9965.63368799519,30.520647155524664,1.5147803925937486,0.4916965823847413,9978.342461224212,0.01656065472972885,-0.004454610778256718
2026-09-04 00:00:00+00:00,9934.087418642426,9965.633252776506,30.520647155524664,1.5147803925937486,0.48959341403794704,9978.340358055864,0.016570137111968378,-0.0044546557271473285
2026-09-04 01:00:00+00:00,9934.117150655786,9965.662984789866,30.520647155524664,1.5147803925937486,0.48959341403794704,9978.340358055864,0.016577988379282007,-0.004451649475178443
2026-09-04 02:00:00+00:00,9934.055244501451,9965.601078635531,30.520647155524664,1.5147803925937486,0.48959341403794704,9978.340358055864,0.01657750527964198,-0.004457908926862926
2026-09-04 03:00:00+00:00,9933.975771074267,9965.521605208347,30.520647155524664,1.5147803925937486,0.48959341403794704,9978.340358055864,0.016602366189485927,-0.004465944754040869
2026-09-04 04:00:00+00:00,9933.931000568802,9965.476834702882,30.520647155524664,1.5147803925937486,0.48959341403794704,9978.340358055864,0.016603058388879127,-0.0044704717079793906
2026-09-04 05:00:00+00:00,9932.228578211061,9964.713524127363,31.418507018958152,1.556032311382805,0.48959341403794704,9033.761304087198,0.14952804680231874,0.09045978624524258
2026-09-04 06:00:00+00:00,9934.041896238403,9966.526842154704,31.418507018958152,1.556032311382805,0.48959341403794704,9033.761304087198,0.14920758811721802,0.09062580987222359
2026-09-04 07:00:00+00:00,9932.066934643057,9964.551880559358,31.418507018958152,1.556032311382805,0.48959341403794704,9033.761304087198,0.1491608924468274,0.09044498355348053
2026-09-04 08:00:00+00:00,9933.266262003077,9965.751207919378,31.418507018958152,1.556032311382805,0.48959341403794704,9033.761304087198,0.14940492959251117,0.09055480183358033
2026-09-04 09:00:00+00:00,9937.28472235535,9969.791150846146,31.439726107032772,1.5562957977990692,0.48959341403794704,9069.10523179016,0.14564602583044425,0.08736586651402846
2026-09-04 10:00:00+00:00,9937.987376193527,9970.493804684322,31.439726107032772,1.5562957977990692,0.48959341403794704,9069.10523179016,0.14566405963293932,0.08743039324891648
2026-09-04 11:00:00+00:00,9940.630520181363,9973.136948672158,31.439726107032772,1.5562957977990692,0.48959341403794704,9069.10523179016,0.14559940110853237,0.08767303911173865
2026-09-04 12:00:00+00:00,9941.168359342511,9973.674787833306,31.439726107032772,1.5562957977990692,0.48959341403794704,9069.10523179016,0.14549031067598314,0.08772239801499832
2026-09-04 13:00:00+00:00,9942.062964752009,9974.643883208744,31.51073834086055,1.5597735299126538,0.48959341403794704,9187.387942602623,0.13262524614338833,0.07590728652845649
2026-09-04 14:00:00+00:00,9946.20131241902,9978.782230875755,31.51073834086055,1.5597735299126538,0.48959341403794704,9187.387942602623,0.13403516195273088,0.07629177672775704
2026-09-04 15:00:00+00:00,9937.596417588287,9970.177336045022,31.51073834086055,1.5597735299126538,0.48959341403794704,9187.387942602623,0.13294162912447638,0.075491944275166
2026-09-04 16:00:00+00:00,9932.787103138944,9965.431441851206,31.563200314772214,1.5610770754905956,0.4799386780008624,9274.762449078782,0.12425281261702413,0.06624773562822196
2026-09-04 17:00:00+00:00,9933.33873650549,9966.472743584844,32.02354162810359,1.5904041292528786,0.4799386780008624,9139.57245032026,0.14375253795214804,0.07990931420350146
2026-09-04 18:00:00+00:00,9932.318012688329,9965.452019767683,32.02354162810359,1.5904041292528786,0.4799386780008624,9139.57245032026,0.14300480078697328,0.07981475838322469
2026-09-04 19:00:00+00:00,9934.208389541413,9967.342396620767,32.02354162810359,1.5904041292528786,0.4799386780008624,9139.57245032026,0.14341295855383096,0.07998986009370752
2026-09-04 20:00:00+00:00,9932.397300621387,9965.531307700741,32.02354162810359,1.5904041292528786,0.4799386780008624,9139.57245032026,0.14342700527654265,0.07982210400016179
2026-09-04 21:00:00+00:00,9931.62393845807,9964.757945537423,32.02354162810359,1.5904041292528786,0.4799386780008624,9139.57245032026,0.14324214366625118,0.07975045098825802
2026-09-04 22:00:00+00:00,9931.653931538858,9964.787938618212,32.02354162810359,1.5904041292528786,0.4799386780008624,9139.57245032026,0.1432554640723731,0.07975323009426181
2026-09-04 23:00:00+00:00,9931.495032443763,9964.629039523117,32.02354162810359,1.5904041292528786,0.4799386780008624,9139.57245032026,0.14322725734978223,0.07973850659306432
2026-09-05 00:00:00+00:00,9930.285376835514,9963.603728104414,32.02354162810359,1.5904041292528786,0.29559448845619657,9139.388106130715,0.14320127299423618,0.07964496897035142
2026-09-05 01:00:00+00:00,9929.659163034437,9963.168936405193,32.20738624997332,1.5979816092384265,0.29559448845619657,9293.907615990727,0.11233847737453623,0.06402551553939022
2026-09-05 02:00:00+00:00,9930.201582893647,9963.711356264403,32.20738624997332,1.5979816092384265,0.29559448845619657,9293.907615990727,0.11233883746126237,0.06407664150534848
2026-09-05 03:00:00+00:00,9930.072203943753,9963.581977314509,32.20738624997332,1.5979816092384265,0.29559448845619657,9293.907615990727,0.11232646733749375,0.06406444735622081
2026-09-05 04:00:00+00:00,9930.051687687375,9963.56146105813,32.20738624997332,1.5979816092384265,0.29559448845619657,9293.907615990727,0.11228981384647113,0.06406251364083289
2026-09-05 05:00:00+00:00,9930.20213719332,9963.802310891464,32.292687219671464,1.6030809669286255,0.29559448845619657,9381.874710573116,0.10009621012356908,0.0552181535727714
2026-09-05 06:00:00+00:00,9930.43561916728,9964.035792865423,32.292687219671464,1.6030809669286255,0.29559448845619657,9381.874710573116,0.1001774925337012,0.055240367052514304
2026-09-05 07:00:00+00:00,9930.46653232948,9964.066706027623,32.292687219671464,1.6030809669286255,0.29559448845619657,9381.874710573116,0.10018879257904184,0.05524330805308852
2026-09-05 08:00:00+00:00,9930.624526489633,9964.224700187777,32.292687219671464,1.6030809669286255,0.29559448845619657,9381.874710573116,0.10023713390724853,0.055258338934549754
2026-09-05 09:00:00+00:00,9930.285631659372,9964.031652409112,32.43103843680136,1.610576801395699,0.29559448845619657,9470.390714575475,0.07703097871203604,0.04631235536847764
2026-09-05 10:00:00+00:00,9930.366217460047,9964.112238209787,32.43103843680136,1.610576801395699,0.29559448845619657,9470.390714575475,0.07704710564809936,0.04632009462811372
2026-09-05 11:00:00+00:00,9930.596375366144,9964.342396115884,32.43103843680136,1.610576801395699,0.29559448845619657,9470.390714575475,0.07705748190336112,0.04634219772865368
2026-09-05 12:00:00+00:00,9930.82107501738,9964.567095767121,32.43103843680136,1.610576801395699,0.29559448845619657,9470.390714575475,0.07707958944201018,0.046363775660020104
2026-09-05 13:00:00+00:00,9930.870892843603,9964.671335701389,32.48372062430339,1.612316721939,0.29559448845619657,9558.14167822469,0.06827304885370396,0.03753237944997434
2026-09-05 14:00:00+00:00,9931.038981312473,9964.839424170259,32.48372062430339,1.612316721939,0.29559448845619657,9558.14167822469,0.06826596680159382,0.03754866976048265
2026-09-05 15:00:00+00:00,9930.91632029326,9964.716763151046,32.48372062430339,1.612316721939,0.29559448845619657,9558.14167822469,0.06831994429046861,0.03753678211010848
2026-09-05 16:00:00+00:00,9931.143462131924,9964.94390498971,32.48372062430339,1.612316721939,0.29559448845619657,9558.14167822469,0.06836213645406203,0.037558795251474576
2026-09-05 17:00:00+00:00,9930.792862692491,9964.641331644127,32.53001104436098,1.6140523957319342,0.29559448845619657,9635.246087900621,0.060660025602220766,0.029760642365441493
2026-09-05 18:00:00+00:00,9930.715537399068,9964.564006350703,32.53001104436098,1.6140523957319342,0.29559448845619657,9635.246087900621,0.06065553351646173,0.029753087618481257
2026-09-05 19:00:00+00:00,9930.849771186235,9964.69824013787,32.53001104436098,1.6140523957319342,0.29559448845619657,9635.246087900621,0.06063271886914625,0.029766202298547425
2026-09-05 20:00:00+00:00,9930.980888396365,9964.829357348,32.53001104436098,1.6140523957319342,0.29559448845619657,9635.246087900621,0.060603508624809795,0.029779012145848355
2026-09-05 21:00:00+00:00,9930.852141335787,9964.75988610196,32.585979611086735,1.6173596435425763,0.29559448845619657,9614.02407389103,0.051197962748976464,0.03190341200691165
2026-09-05 22:00:00+00:00,9930.806628194128,9964.714372960301,32.585979611086735,1.6173596435425763,0.29559448845619657,9614.02407389103,0.05123453289970941,0.031898975195401864
2026-09-05 23:00:00+00:00,9931.054870602284,9964.962615368457,32.585979611086735,1.6173596435425763,0.29559448845619657,9614.02407389103,0.05125429393768582,0.031923174410174886
2026-09-06 00:00:00+00:00,9931.002117072363,9964.909015376563,32.585979611086735,1.6173596435425763,0.2964409504297616,9614.024920353004,0.05123864691664614,0.03191794674723147
2026-09-06 01:00:00+00:00,9930.659325997596,9964.619158092619,32.63741869875737,1.6188543466946559,0.2964409504297616,9699.705294049729,0.04263386193561218,0.02325666648771747
2026-09-06 02:00:00+00:00,9930.691155653001,9964.650987748024,32.63741869875737,1.6188543466946559,0.2964409504297616,9699.705294049729,0.04264859435701036,0.02325979712618335
2026-09-06 03:00:00+00:00,9930.422765783727,9964.38259787875,32.63741869875737,1.6188543466946559,0.2964409504297616,9699.705294049729,0.04265292701570985,0.02323339873594894
2026-09-06 04:00:00+00:00,9930.39297476412,9964.352806859142,32.63741869875737,1.6188543466946559,0.2964409504297616,9699.705294049729,0.04266016141863633,0.023230468451815714
2026-09-06 05:00:00+00:00,9930.424318098085,9964.403564445283,32.655953793754044,1.619733503874758,0.2964409504297616,9730.578583949187,0.039539340697429294,0.020124591633479516
2026-09-06 06:00:00+00:00,9930.295585618835,9964.274831966033,32.655953793754044,1.619733503874758,0.2964409504297616,9730.578583949187,0.039563640344294666,0.020111888910827568
2026-09-06 07:00:00+00:00,9930.17724661773,9964.156492964928,32.655953793754044,1.619733503874758,0.2964409504297616,9730.578583949187,0.03955887181733458,0.020100211477748445
2026-09-06 08:00:00+00:00,9930.486195512678,9964.465441859877,32.655953793754044,1.619733503874758,0.2964409504297616,9730.578583949187,0.03952626489419242,0.02013069729192358
2026-09-06 09:00:00+00:00,9930.38460941247,9964.38879536373,32.67999207493579,1.6206348267537127,0.2964409504297616,9770.61834763758,0.0354994013134579,0.016088627788238465
2026-09-06 10:00:00+00:00,9930.093011836943,9964.097197788204,32.67999207493579,1.6206348267537127,0.2964409504297616,9770.61834763758,0.03555041557236244,0.0160597351917312
2026-09-06 11:00:00+00:00,9929.747292963966,9963.751478915226,32.67999207493579,1.6206348267537127,0.2964409504297616,9770.61834763758,0.03559786461135612,0.01602547785270838
2026-09-06 12:00:00+00:00,9929.831559673557,9963.835745624818,32.67999207493579,1.6206348267537127,0.2964409504297616,9770.61834763758,0.035584930524254745,0.016033828074442317
2026-09-06 13:00:00+00:00,9929.854828017787,9963.877165139185,32.696520286370095,1.6222577854570026,0.2964409504297616,9798.148838483321,0.032810867374654544,0.013263636963034868
2026-09-06 14:00:00+00:00,9930.093602875948,9964.115939997346,32.696520286370095,1.6222577854570026,0.2964409504297616,9798.148838483321,0.03272723998996762,0.013287363610994897
2026-09-06 15:00:00+00:00,9930.302648180954,9964.324985302352,32.696520286370095,1.6222577854570026,0.2964409504297616,9798.148838483321,0.03267003210609552,0.013308135147506343
2026-09-06 16:00:00+00:00,9930.187214225167,9964.209551346565,32.696520286370095,1.6222577854570026,0.2964409504297616,9798.148838483321,0.032691746220804306,0.013296665298786939
2026-09-06 17:00:00+00:00,9930.088999819362,9964.128916287329,32.71346431141457,1.6228931069809793,0.2964409504297616,9826.371936199066,0.02986248789516871,0.010444726489579429
2026-09-06 18:00:00+00:00,9930.073569241407,9964.113485709375,32.71346431141457,1.6228931069809793,0.2964409504297616,9826.371936199066,0.029889914376890345,0.010443188796058853
2026-09-06 19:00:00+00:00,9929.798164976295,9963.838081444263,32.71346431141457,1.6228931069809793,0.2964409504297616,9826.371936199066,0.02992623316505249,0.010415743307051913
2026-09-06 20:00:00+00:00,9929.852547166678,9963.892463634646,32.71346431141457,1.6228931069809793,0.2964409504297616,9826.371936199066,0.02992539868452467,0.010421162900061292
2026-09-06 21:00:00+00:00,9929.624147111492,9963.699414387904,32.7477550948019,1.623953132037987,0.2964409504297616,9883.488951061236,0.0241842077403263,0.004646217758773625
2026-09-06 22:00:00+00:00,9929.577762836612,9963.653030113024,32.7477550948019,1.623953132037987,0.2964409504297616,9883.488951061236,0.024200159946594905,0.004641568138765502
2026-09-06 23:00:00+00:00,9929.37414181128,9963.449409087692,32.7477550948019,1.623953132037987,0.2964409504297616,9883.488951061236,0.024194126043089802,0.0046211563885812865
2026-09-07 00:00:00+00:00,9928.987121416245,9963.062388692657,32.7477550948019,1.623953132037987,0.2964409504297616,9883.488951061236,0.02421254138344662,0.004582357676431336
2026-09-07 01:00:00+00:00,9929.212969363,9963.288236639411,32.7477550948019,1.623953132037987,0.2964409504297616,9883.488951061236,0.024183200760592764,0.004604999252493299
2026-09-07 02:00:00+00:00,9929.620138522427,9963.695405798839,32.7477550948019,1.623953132037987,0.2964409504297616,9883.488951061236,0.024159535320128694,0.004645815934309726
2026-09-07 03:00:00+00:00,9929.550047474124,9963.625314750536,32.7477550948019,1.623953132037987,0.2964409504297616,9883.488951061236,0.024180382884517324,0.00463878989407031
2026-09-07 04:00:00+00:00,9929.851464005811,9963.926731282223,32.7477550948019,1.623953132037987,0.2964409504297616,9883.488951061236,0.024149095866438416,0.004669003671669416
2026-09-07 05:00:00+00:00,9930.073569609978,9964.735330798268,33.30730420279438,1.6508979359260858,0.2964409504297616,10190.143568760337,0.0892778085113944,-0.026190138202628978
2026-09-07 06:00:00+00:00,9930.408922725093,9965.070683913384,33.30730420279438,1.6508979359260858,0.2964409504297616,10190.143568760337,0.08925523632971455,-0.026155483430381016
2026-09-07 07:00:00+00:00,9929.813348440497,9964.475109628787,33.30730420279438,1.6508979359260858,0.2964409504297616,10190.143568760337,0.0894086345358947,-0.02621703059108619
2026-09-07 08:00:00+00:00,9929.989774362994,9964.648280817746,33.30730420279438,1.6508979359260858,0.299695683967623,10190.146823493875,0.08941324458142375,-0.026199125582440086
2026-09-07 09:00:00+00:00,9928.498912249515,9963.838053426662,33.95340540784687,1.685431453266988,0.299695683967623,10718.935079041512,0.1616039357435536,-0.07961285726856229
2026-09-07 10:00:00+00:00,9928.974379122088,9964.313520299234,33.95340540784687,1.685431453266988,0.299695683967623,10718.935079041512,0.16136674183512942,-0.07956115805681749
2026-09-07 11:00:00+00:00,9930.158367908085,9965.497509085231,33.95340540784687,1.685431453266988,0.299695683967623,10718.935079041512,0.16135801617455706,-0.07943244024008377
2026-09-07 12:00:00+00:00,9929.558685820635,9964.897826997782,33.95340540784687,1.685431453266988,0.299695683967623,10718.935079041512,0.1612467860154688,-0.07949763108284985
2026-09-07 13:00:00+00:00,9929.18704553775,9964.526186714897,33.95340540784687,1.685431453266988,0.299695683967623,10718.935079041512,0.1612404641141301,-0.07953803568024038
2026-09-07 14:00:00+00:00,9928.430117311134,9963.76925848828,33.95340540784687,1.685431453266988,0.299695683967623,10718.935079041512,0.16127332475051676,-0.07962033799805458
2026-09-07 15:00:00+00:00,9928.465642115258,9963.804783292404,33.95340540784687,1.685431453266988,0.299695683967623,10718.935079041512,0.16111940199917524,-0.07961647503448939
2026-09-07 16:00:00+00:00,9928.911533104585,9964.250674281731,33.95340540784687,1.685431453266988,0.299695683967623,10718.935079041512,0.1606743595907692,-0.07956799124484716
2026-09-07 17:00:00+00:00,9927.330673779026,9962.935983159017,34.2064747716729,1.6985302922850627,0.299695683967623,10523.543224786512,0.1184408350984745,-0.06005769028952123
2026-09-07 18:00:00+00:00,9929.026673276792,9964.631982656783,34.2064747716729,1.6985302922850627,0.299695683967623,10523.543224786512,0.11866933780710595,-0.05987661943842045
2026-09-07 19:00:00+00:00,9929.833885013411,9965.439194393402,34.2064747716729,1.6985302922850627,0.299695683967623,10523.543224786512,0.1187359584530212,-0.0597904604093283
2026-09-07 20:00:00+00:00,9929.728290012685,9965.333599392676,34.2064747716729,1.6985302922850627,0.299695683967623,10523.543224786512,0.11890038426379995,-0.05980173046336886
2026-09-07 21:00:00+00:00,9929.096452351596,9964.701761731587,34.2064747716729,1.6985302922850627,0.299695683967623,10523.543224786512,0.11884407215806772,-0.05986917090468267
2026-09-07 22:00:00+00:00,9928.91960009567,9964.524909475662,34.2064747716729,1.6985302922850627,0.299695683967623,10523.543224786512,0.1188112924317315,-0.059888049117157865
2026-09-07 23:00:00+00:00,9930.051598789552,9965.656908169543,34.2064747716729,1.6985302922850627,0.299695683967623,10523.543224786512,0.11851580584932833,-0.05976722478152127
2026-09-08 00:00:00+00:00,9927.853348953868,9963.458658333859,34.2064747716729,1.6985302922850627,0.299695683967623,10523.543224786512,0.11866206170044233,-0.06000188106076471
2026-09-08 01:00:00+00:00,9928.66779347707,9964.468165965722,34.3919157621701,1.7081524104481804,0.299695683967623,10383.856360598085,0.08734668032750692,-0.04584588552958381
2026-09-08 02:00:00+00:00,9927.729509521709,9963.52988201036,34.3919157621701,1.7081524104481804,0.299695683967623,10383.856360598085,0.08748610260522917,-0.04594472992428976
2026-09-08 03:00:00+00:00,9928.502532408227,9964.302904896878,34.3919157621701,1.7081524104481804,0.299695683967623,10383.856360598085,0.08724734991952572,-0.04586329375487496
2026-09-08 04:00:00+00:00,9928.086864292512,9963.887236781164,34.3919157621701,1.7081524104481804,0.299695683967623,10383.856360598085,0.0873871998635913,-0.045907081851267725
2026-09-08 05:00:00+00:00,9926.046101444748,9962.627336503128,35.137039798978456,1.743890943369484,0.299695683967623,10427.526874719586,0.17545893012258956,-0.050521705032363945
2026-09-08 06:00:00+00:00,9925.960952995136,9962.542188053516,35.137039798978456,1.743890943369484,0.299695683967623,10427.526874719586,0.17481813706393984,-0.050530716783960664
2026-09-08 07:00:00+00:00,9924.308522044861,9960.889757103241,35.137039798978456,1.743890943369484,0.299695683967623,10427.526874719586,0.1746684110998464,-0.050705633703035984
2026-09-08 08:00:00+00:00,9924.778300610042,9961.333503927292,35.137039798978456,1.743890943369484,0.3257274250973902,10427.552906460716,0.17446261556329662,-0.05065852260093019
2026-09-08 09:00:00+00:00,9926.97495691822,9963.835399294776,35.42780344052683,1.7583663611261746,0.3257274250973902,10740.753292812922,0.17205714942705946,-0.08197646709359027
2026-09-08 10:00:00+00:00,9929.476822239081,9966.337264615637,35.42780344052683,1.7583663611261746,0.3257274250973902,10740.753292812922,0.1728218435105597,-0.08170384856096573
2026-09-08 11:00:00+00:00,9929.131602618894,9965.99204499545,35.42780344052683,1.7583663611261746,0.3257274250973902,10740.753292812922,0.17269250734544955,-0.08174145762958321
2026-09-08 12:00:00+00:00,9929.084013164935,9965.94445554149,35.42780344052683,1.7583663611261746,0.3257274250973902,10740.753292812922,0.1730246636394883,-0.08174664234604095
2026-09-08 13:00:00+00:00,9933.156466699073,9970.175426646825,35.580088874596576,1.7645984982534957,0.3257274250973902,10568.73459094892,0.17753551383323618,-0.06398551420997184
2026-09-08 14:00:00+00:00,9923.139249998741,9960.158209946494,35.580088874596576,1.7645984982534957,0.3257274250973902,10568.73459094892,0.1772847456691344,-0.06505958695986855
2026-09-08 15:00:00+00:00,9910.164603565883,9947.183563513636,35.580088874596576,1.7645984982534957,0.3257274250973902,10568.73459094892,0.17785313477314948,-0.06645399079911027
2026-09-08 16:00:00+00:00,9905.583490429868,9942.548424804409,35.580088874596576,1.7645984982534957,0.37975299830950326,10568.788616522132,0.17828928462641244,-0.06695265621989953
2026-09-08 17:00:00+00:00,9902.960185594955,9940.718276139693,36.32683195811084,1.811011584935674,0.37975299830950326,10672.000603884992,0.2577037365316529,-0.07765763002952372
2026-09-08 18:00:00+00:00,9909.784579102517,9947.542669647255,36.32683195811084,1.811011584935674,0.37975299830950326,10672.000603884992,0.25719415739493845,-0.07691549888882698
2026-09-08 19:00:00+00:00,9900.519868765228,9938.277959309966,36.32683195811084,1.811011584935674,0.37975299830950326,10672.000603884992,0.2564557629236801,-0.07792325507609735
2026-09-08 20:00:00+00:00,9887.993918373026,9925.752008917763,36.32683195811084,1.811011584935674,0.37975299830950326,10672.000603884992,0.2557499535017908,-0.07928875078039753
2026-09-08 21:00:00+00:00,9891.195803709617,9929.09483989287,36.45949566681243,1.8192935147506544,0.37975299830950326,10450.761759006971,0.23337844939431315,-0.056572123977921135
2026-09-08 22:00:00+00:00,9891.127907793587,9929.02694397684,36.45949566681243,1.8192935147506544,0.37975299830950326,10450.761759006971,0.23329773007108223,-0.056579376632307776
2026-09-08 23:00:00+00:00,9894.663867601843,9932.562903785096,36.45949566681243,1.8192935147506544,0.37975299830950326,10450.761759006971,0.2337178976018328,-0.05620179713491461
2026-09-09 00:00:00+00:00,9893.389539011348,9931.207415148778,36.45949566681243,1.8192935147506544,0.46091304413389356,10450.842919052795,0.23305326278883334,-0.05634604579586305
2026-09-09 01:00:00+00:00,9894.75849593041,9932.692810036398,36.5695574854506,1.82566966467059,0.46091304413389356,10391.612417598364,0.21541727262768312,-0.050213850279650994
2026-09-09 02:00:00+00:00,9890.43687210593,9928.37118621192,36.5695574854506,1.82566966467059,0.46091304413389356,10391.612417598364,0.21575940280032066,-0.05067274094897688
2026-09-09 03:00:00+00:00,9890.484991413701,9928.41930551969,36.5695574854506,1.82566966467059,0.46091304413389356,10391.612417598364,0.21571432943181035,-0.05066762920318969
2026-09-09 04:00:00+00:00,9890.606085594582,9928.54039970057,36.5695574854506,1.82566966467059,0.46091304413389356,10391.612417598364,0.21537015701779041,-0.05065476550860575
2026-09-09 05:00:00+00:00,9890.511769350567,9930.039520107786,38.06569186317543,1.9229719381772068,0.46091304413389356,10401.395582123481,0.3081891139576851,-0.051653931028733835
2026-09-09 06:00:00+00:00,9889.577660288043,9929.105411045262,38.06569186317543,1.9229719381772068,0.46091304413389356,10401.395582123481,0.3080713861649065,-0.05175326383154484
2026-09-09 07:00:00+00:00,9892.277706519339,9931.805457276558,38.06569186317543,1.9229719381772068,0.46091304413389356,10401.395582123481,0.3080093468814686,-0.05146619319720651
2026-09-09 08:00:00+00:00,9890.141534011846,9929.669284769065,38.06569186317543,1.9229719381772068,0.46091304413389356,10401.395582123481,0.30817736245726096,-0.05169329946932015
2026-09-09 09:00:00+00:00,9890.17811994408,9929.821724613017,38.17778544298789,1.926732270083943,0.46091304413389356,10588.106121564439,0.3280388143907277,-0.07056778888672895
2026-09-09 10:00:00+00:00,9889.174182262483,9928.81778693142,38.17778544298789,1.926732270083943,0.46091304413389356,10588.106121564439,0.32556930264565775,-0.07067647170737283
2026-09-09 11:00:00+00:00,9880.746339610443,9920.38994427938,38.17778544298789,1.926732270083943,0.46091304413389356,10588.106121564439,0.3264582718102556,-0.07158971171219082
2026-09-09 12:00:00+00:00,9873.662266674743,9913.30587134368,38.17778544298789,1.926732270083943,0.46091304413389356,10588.106121564439,0.32730806324438266,-0.07235854697006025
2026-09-09 13:00:00+00:00,9873.843761788752,9914.159904375163,38.825892805715995,1.9511628248282178,0.46091304413389356,10018.32285529378,0.23038486646178807,-0.014632507561457894
2026-09-09 14:00:00+00:00,9866.623330112086,9906.939472698497,38.825892805715995,1.9511628248282178,0.46091304413389356,10018.32285529378,0.22960617029496103,-0.015375019406965692
2026-09-09 15:00:00+00:00,9868.282739255688,9908.5988818421,38.825892805715995,1.9511628248282178,0.46091304413389356,10018.32285529378,0.22878040782209216,-0.015204278191304396
2026-09-09 16:00:00+00:00,9865.027226582171,9905.26208498562,38.825892805715995,1.9511628248282178,0.542197227096345,10018.40413947674,0.22779841303135814,-0.015547540759064605
2026-09-09 17:00:00+00:00,9866.74776627518,9907.383369208754,39.20350080798828,1.9742993526824029,0.542197227096345,9913.965537818971,0.23204133269038615,-0.004785545618707568
2026-09-09 18:00:00+00:00,9868.28179972831,9908.917402661882,39.20350080798828,1.9742993526824029,0.542197227096345,9913.965537818971,0.23247322468895842,-0.004629350784441381
2026-09-09 19:00:00+00:00,9868.10704227329,9908.742645206863,39.20350080798828,1.9742993526824029,0.542197227096345,9913.965537818971,0.23177562210837227,-0.004647142086038521
2026-09-09 20:00:00+00:00,9866.541937557882,9907.177540491455,39.20350080798828,1.9742993526824029,0.542197227096345,9913.965537818971,0.23109579405340716,-0.004806506733688243
2026-09-09 21:00:00+00:00,9864.531686184608,9905.331411661058,39.35474670289585,1.9871760006499166,0.542197227096345,10036.22668510552,0.20580276296747899,-0.017405286371716146
2026-09-09 22:00:00+00:00,9862.0762921895,9902.87601766595,39.35474670289585,1.9871760006499166,0.542197227096345,10036.22668510552,0.20534840490802128,-0.017658593155879528
2026-09-09 23:00:00+00:00,9860.948429766719,9901.74815524317,39.35474670289585,1.9871760006499166,0.542197227096345,10036.22668510552,0.20492859887445544,-0.01777498955472649
2026-09-10 00:00:00+00:00,9860.495953704978,9901.12195259984,39.35474670289585,1.9871760006499166,0.715923808685073,10036.40041168711,0.20539866475497243,-0.017839311410704082
2026-09-10 01:00:00+00:00,9860.016688644962,9900.859176506372,39.55905421009274,1.999357460001284,0.715923808685073,9972.613770857062,0.17075510321720347,-0.011419563046152773
2026-09-10 02:00:00+00:00,9860.535192359977,9901.377680221387,39.55905421009274,1.999357460001284,0.715923808685073,9972.613770857062,0.17053200612997885,-0.011366378833465736
2026-09-10 03:00:00+00:00,9860.867877734929,9901.710365596338,39.55905421009274,1.999357460001284,0.715923808685073,9972.613770857062,0.17085857420882702,-0.011332257414628408
2026-09-10 04:00:00+00:00,9860.600241534163,9901.442729395572,39.55905421009274,1.999357460001284,0.715923808685073,9972.613770857062,0.17089058576475322,-0.011359706973119462
2026-09-10 05:00:00+00:00,9860.528451406462,9902.294156346343,40.428535244721985,2.0530935038414904,0.715923808685073,9678.65693785464,0.19382083476116246,0.01844439823363437
2026-09-10 06:00:00+00:00,9861.179130735507,9902.944835675387,40.428535244721985,2.0530935038414904,0.715923808685073,9678.65693785464,0.19406589183430265,0.018509165127320298
2026-09-10 07:00:00+00:00,9861.508968484683,9903.274673424563,40.428535244721985,2.0530935038414904,0.715923808685073,9678.65693785464,0.19400341402752838,0.0185419930372116
2026-09-10 08:00:00+00:00,9859.562093091688,9901.327798031569,40.428535244721985,2.0530935038414904,0.715923808685073,9678.65693785464,0.19359247374605446,0.018348193715804515
2026-09-10 09:00:00+00:00,9861.72673522779,9903.617674856536,40.54636301832957,2.0605004190993763,0.715923808685073,9618.068253237549,0.18066959833901164,0.02470748668383317
2026-09-10 10:00:00+00:00,9860.659410238817,9902.550349867563,40.54636301832957,2.0605004190993763,0.715923808685073,9618.068253237549,0.18068103641073963,0.024601920308633143
2026-09-10 11:00:00+00:00,9862.623299603094,9904.51423923184,40.54636301832957,2.0605004190993763,0.715923808685073,9618.068253237549,0.18066570293119333,0.024796145907284795
2026-09-10 12:00:00+00:00,9863.078565402533,9904.969505031278,40.54636301832957,2.0605004190993763,0.715923808685073,9618.068253237549,0.179917338503901,0.02484115994213256
2026-09-10 13:00:00+00:00,9859.10181281072,9901.317224138442,40.860882242376874,2.0704528940276994,0.715923808685073,9366.263315778553,0.19631230531142232,0.04998817401315219
2026-09-10 14:00:00+00:00,9857.806169498712,9900.021580826433,40.860882242376874,2.0704528940276994,0.715923808685073,9366.263315778553,0.19726241432160385,0.04986331088970423
2026-09-10 15:00:00+00:00,9866.32681503426,9908.54222636198,40.860882242376874,2.0704528940276994,0.715923808685073,9366.263315778553,0.1986202191746152,0.050683857187227135
2026-09-10 16:00:00+00:00,9862.105624061378,9904.278016481596,40.860882242376874,2.0704528940276994,0.7589427161874616,9366.306334686054,0.19803815486618465,0.05027316764542477
2026-09-10 17:00:00+00:00,9861.355885210634,9904.494863796855,41.79203526841437,2.105886033994089,0.7589427161874616,9040.69509148303,0.25120381367907607,0.08321987394840628
2026-09-10 18:00:00+00:00,9854.00002174208,9897.139000328301,41.79203526841437,2.105886033994089,0.7589427161874616,9040.69509148303,0.25067312069596576,0.08253551131160505
2026-09-10 19:00:00+00:00,9848.60686883249,9891.745847418711,41.79203526841437,2.105886033994089,0.7589427161874616,9040.69509148303,0.25047653008994075,0.08203310256054867
2026-09-10 20:00:00+00:00,9849.433491065525,9892.572469651746,41.79203526841437,2.105886033994089,0.7589427161874616,9040.69509148303,0.24959706855477837,0.08211014372716012
2026-09-10 21:00:00+00:00,9848.623762118856,9891.827076298203,41.85225164362258,2.1100052519117924,0.7589427161874616,8940.274249760796,0.23928687541917992,0.09223111109715455
2026-09-10 22:00:00+00:00,9844.886616864747,9888.089931044095,41.85225164362258,2.1100052519117924,0.7589427161874616,8940.274249760796,0.23899990215955635,0.09188651960240027
2026-09-10 23:00:00+00:00,9844.911445265376,9888.114759444723,41.85225164362258,2.1100052519117924,0.7589427161874616,8940.274249760796,0.23858229163464184,0.09188880982160973
2026-09-11 00:00:00+00:00,9844.360415393143,9887.500221660162,41.85225164362258,2.1100052519117924,0.8224506285156354,8940.337757673124,0.2381846192766485,0.09183152785694879
2026-09-11 01:00:00+00:00,9845.423254872749,9888.893025346882,42.1685917323475,2.1236293703031297,0.8224506285156354,9304.244603189902,0.18509737395230627,0.05496753543988103
2026-09-11 02:00:00+00:00,9844.67433469147,9888.144105165604,42.1685917323475,2.1236293703031297,0.8224506285156354,9304.244603189902,0.18514966169760835,0.054895643383261236
2026-09-11 03:00:00+00:00,9845.942557391547,9889.41232786568,42.1685917323475,2.1236293703031297,0.8224506285156354,9304.244603189902,0.18495355314787923,0.05501737909236337
2026-09-11 04:00:00+00:00,9844.411803109253,9887.881573583387,42.1685917323475,2.1236293703031297,0.8224506285156354,9304.244603189902,0.18482381538325143,0.054870439262683576
2026-09-11 05:00:00+00:00,9844.431366594901,9889.09285642736,43.306746747733385,2.177193713240524,0.8224506285156354,9642.840417951064,0.17890087331488377,0.02047766307030155
2026-09-11 06:00:00+00:00,9845.074368661144,9889.735858493603,43.306746747733385,2.177193713240524,0.8224506285156354,9642.840417951064,0.17934699703672463,0.020541637689790625
2026-09-11 07:00:00+00:00,9844.82225304549,9889.483742877948,43.306746747733385,2.177193713240524,0.8224506285156354,9642.840417951064,0.17968518671280223,0.02051655478410934
2026-09-11 08:00:00+00:00,9844.27616257096,9888.93765240342,43.306746747733385,2.177193713240524,0.8224506285156354,9642.840417951064,0.1796207891554911,0.020462220004125755
2026-09-11 09:00:00+00:00,9845.019110746849,9889.826223649736,43.44476897321777,2.1847945581847137,0.8224506285156354,9608.881467614214,0.15666266281163305,0.023985493626403162
2026-09-11 10:00:00+00:00,9844.388924266514,9889.1960371694,43.44476897321777,2.1847945581847137,0.8224506285156354,9608.881467614214,0.15658988140107527,0.023923014263665724
2026-09-11 11:00:00+00:00,9844.666659862762,9889.473772765648,43.44476897321777,2.1847945581847137,0.8224506285156354,9608.881467614214,0.15658184898872873,0.023950551135454544
2026-09-11 12:00:00+00:00,9849.546523230365,9894.353636133252,43.44476897321777,2.1847945581847137,0.8224506285156354,9608.881467614214,0.1565190116559966,0.02443412547456245
2026-09-11 13:00:00+00:00,9853.12001796086,9898.56212831247,44.05254748651279,2.212013493609819,0.8224506285156354,10296.516312214872,0.1516478575533109,-0.045000598129908184
2026-09-11 14:00:00+00:00,9851.110706373971,9896.55281672558,44.05254748651279,2.212013493609819,0.8224506285156354,10296.516312214872,0.15274737112281656,-0.045213744837189686
2026-09-11 15:00:00+00:00,9851.641693932062,9897.083804283671,44.05254748651279,2.212013493609819,0.8224506285156354,10296.516312214872,0.152226536146222,-0.04515740950635889
2026-09-11 16:00:00+00:00,9844.787641802099,9890.240211961183,44.05254748651279,2.212013493609819,0.8119908210394787,10296.505852407396,0.15180742033118638,-0.0458839974046011
2026-09-11 17:00:00+00:00,9845.424047244778,9891.062646714769,44.226423207603005,2.224167083425667,0.8119908210394787,10395.42788184378,0.1414800719907978,-0.05586390509537464
2026-09-11 18:00:00+00:00,9845.345248451209,9890.9838479212,44.226423207603005,2.224167083425667,0.8119908210394787,10395.42788184378,0.14143157100598153,-0.055872355870821844
2026-09-11 19:00:00+00:00,9844.132028245293,9889.770627715283,44.226423207603005,2.224167083425667,0.8119908210394787,10395.42788184378,0.14105616767738022,-0.05600248473066794
2026-09-11 20:00:00+00:00,9846.041580207291,9891.680179677282,44.226423207603005,2.224167083425667,0.8119908210394787,10395.42788184378,0.14092368362843635,-0.055797682465700243
2026-09-11 21:00:00+00:00,9845.944844013196,9891.789694588648,44.42287162981826,2.233969766671595,0.8119908210394787,10130.269133193577,0.10766432027485748,-0.028877298591943906
2026-09-11 22:00:00+00:00,9845.885947279485,9891.730797854936,44.42287162981826,2.233969766671595,0.8119908210394787,10130.269133193577,0.10760982062154759,-0.028883453194241997
2026-09-11 23:00:00+00:00,9845.257672089012,9891.102522664463,44.42287162981826,2.233969766671595,0.8119908210394787,10130.269133193577,0.10753352044980566,-0.02894911139934533
2026-09-12 00:00:00+00:00,9845.717462908153,9891.535386364321,44.42287162981826,2.233969766671595,0.8389179403213496,10130.296060312858,0.10757984330336677,-0.028903794820113505
2026-09-12 01:00:00+00:00,9845.418156043688,9891.267632223646,44.45237371775207,2.2360204025276453,0.8389179403213496,10179.436704781274,0.10266494222365279,-0.033926293778852354
2026-09-12 02:00:00+00:00,9845.698265351542,9891.5477415315,44.45237371775207,2.2360204025276453,0.8389179403213496,10179.436704781274,0.10263297800006753,-0.03389687866062335
2026-09-12 03:00:00+00:00,9845.359494624126,9891.208970804084,44.45237371775207,2.2360204025276453,0.8389179403213496,10179.436704781274,0.10271394934737813,-0.03393245420236455
2026-09-12 04:00:00+00:00,9844.646191069533,9890.49566724949,44.45237371775207,2.2360204025276453,0.8389179403213496,10179.436704781274,0.1027107953856954,-0.03400736879863127
2026-09-12 05:00:00+00:00,9844.632191265713,9890.644706630104,44.60713566477311,2.24429763994062,0.8389179403213496,10052.574541174163,0.07650742353933436,-0.021122409234642446
2026-09-12 06:00:00+00:00,9844.386228931557,9890.398744295948,44.60713566477311,2.24429763994062,0.8389179403213496,10052.574541174163,0.07650098536013225,-0.02114792201374252
2026-09-12 07:00:00+00:00,9844.35428717817,9890.366802542561,44.60713566477311,2.24429763994062,0.8389179403213496,10052.574541174163,0.07648374675819097,-0.021151235309276793
2026-09-12 08:00:00+00:00,9844.207961588338,9890.220476952729,44.60713566477311,2.24429763994062,0.8389179403213496,10052.574541174163,0.0765172851329005,-0.02116641383429349
2026-09-12 09:00:00+00:00,9844.230235803956,9890.267037757814,44.62984385005722,2.245876044122517,0.8389179403213496,10090.39880846239,0.07269677750315978,-0.025006381074175608
2026-09-12 10:00:00+00:00,9844.073665535536,9890.110467489394,44.62984385005722,2.245876044122517,0.8389179403213496,10090.39880846239,0.07270342241136811,-0.025022683829485026
2026-09-12 11:00:00+00:00,9844.105414662223,9890.142216616081,44.62984385005722,2.245876044122517,0.8389179403213496,10090.39880846239,0.07272566310919218,-0.025019377934873435
2026-09-12 12:00:00+00:00,9844.148005866617,9890.184807820475,44.62984385005722,2.245876044122517,0.8389179403213496,10090.39880846239,0.07275438847210577,-0.02501494313667582
2026-09-12 13:00:00+00:00,9844.041981855591,9890.169157275213,44.7166297235841,2.2494636363599474,0.8389179403213496,10013.584023885407,0.05806833073795203,-0.017222807698536288
2026-09-12 14:00:00+00:00,9844.043848846011,9890.171024265634,44.7166297235841,2.2494636363599474,0.8389179403213496,10013.584023885407,0.058075794327757384,-0.01722261477525526
2026-09-12 15:00:00+00:00,9844.079181002351,9890.206356421973,44.7166297235841,2.2494636363599474,0.8389179403213496,10013.584023885407,0.05809098224956683,-0.017218963781820786
2026-09-12 16:00:00+00:00,9844.052122172483,9890.179297592105,44.7166297235841,2.2494636363599474,0.8389179403213496,10013.584023885407,0.05807942249645775,-0.017221759861579162
2026-09-12 17:00:00+00:00,9844.119102304005,9890.270883151237,44.73963602547495,2.251062762078722,0.8389179403213496,10051.90485406827,0.054204663186797675,-0.021107602377101804
2026-09-12 18:00:00+00:00,9843.984031252745,9890.135812099978,44.73963602547495,2.251062762078722,0.8389179403213496,10051.90485406827,0.05418681485853765,-0.021121613175663252
2026-09-12 19:00:00+00:00,9843.051776728262,9889.203557575494,44.73963602547495,2.251062762078722,0.8389179403213496,10051.90485406827,0.05427812471512234,-0.02121832558412389
2026-09-12 20:00:00+00:00,9843.055246754171,9889.207027601404,44.73963602547495,2.251062762078722,0.8389179403213496,10051.90485406827,0.05422871688600453,-0.021217965568462126
2026-09-12 21:00:00+00:00,9843.08931359465,9889.294330082465,44.79030792587324,2.2536265022618163,0.8389179403213496,9967.40101483738,0.04559224029056539,-0.012629337932658899
2026-09-12 22:00:00+00:00,9843.097959137333,9889.302975625147,44.79030792587324,2.2536265022618163,0.8389179403213496,9967.40101483738,0.045618445477757785,-0.012628448504330515
2026-09-12 23:00:00+00:00,9843.050706601724,9889.255723089538,44.79030792587324,2.2536265022618163,0.8389179403213496,9967.40101483738,0.04560907946775604,-0.012633309727060046
2026-09-13 00:00:00+00:00,9843.063760920317,9889.268777408131,44.79030792587324,2.2536265022618163,0.8389179403213496,9967.40101483738,0.04561288963198041,-0.012631966726733636
2026-09-13 01:00:00+00:00,9843.264137998156,9889.503658678748,44.822939830662044,2.25549879025267,0.8389179403213496,9964.734871201697,0.040064760342379456,-0.012340493102752923
2026-09-13 02:00:00+00:00,9843.099507338628,9889.33902801922,44.822939830662044,2.25549879025267,0.8389179403213496,9964.734871201697,0.040090314672711035,-0.012357424993253712
2026-09-13 03:00:00+00:00,9843.106537904616,9889.346058585208,44.822939830662044,2.25549879025267,0.8389179403213496,9964.734871201697,0.0400697403695502,-0.01235670190388629
2026-09-13 04:00:00+00:00,9843.321424434525,9889.560945115118,44.822939830662044,2.25549879025267,0.8389179403213496,9964.734871201697,0.04004624506630528,-0.012334601455336096
2026-09-13 05:00:00+00:00,9843.29403337396,9889.590093933757,44.87747830702127,2.257500193095972,0.8389179403213496,9944.551128901456,0.030798823920938603,-0.010286911595262687
2026-09-13 06:00:00+00:00,9843.39662395501,9889.692684514806,44.87747830702127,2.257500193095972,0.8389179403213496,9944.551128901456,0.03077659629910127,-0.010276382107805723
2026-09-13 07:00:00+00:00,9843.322525389545,9889.618585949342,44.87747830702127,2.257500193095972,0.8389179403213496,9944.551128901456,0.03070681725497213,-0.010283987266576426
2026-09-13 08:00:00+00:00,9843.488196583336,9889.782147489781,44.87747830702127,2.257500193095972,0.8410275936731539,9944.553238554807,0.03066503989551218,-0.010267197964086712
2026-09-13 09:00:00+00:00,9843.80100953152,9890.111971822027,44.89338410811267,2.2586057760672658,0.8410275936731539,9971.047001239385,0.02789865868555198,-0.01292650995125318
2026-09-13 10:00:00+00:00,9844.107104963166,9890.418067253673,44.89338410811267,2.2586057760672658,0.8410275936731539,9971.047001239385,0.02776026550555258,-0.012895013729809899
2026-09-13 11:00:00+00:00,9843.867185662457,9890.178147952964,44.89338410811267,2.2586057760672658,0.8410275936731539,9971.047001239385,0.027727755037872455,-0.012919700477284553
2026-09-13 12:00:00+00:00,9843.557331291386,9889.886440079445,44.910351250791734,2.2597851309397234,0.8410275936731539,9999.30860522848,0.02488739062395558,-0.015822661330165775
2026-09-13 13:00:00+00:00,9843.636600262738,9890.001025664396,44.94414078036895,2.261312214961438,0.8410275936731539,9942.95893307022,0.019645832526588695,-0.010090004013844911
2026-09-13 14:00:00+00:00,9843.627128519825,9889.991553921484,44.94414078036895,2.261312214961438,0.8410275936731539,9942.95893307022,0.019645892607246692,-0.010090975943471296
2026-09-13 15:00:00+00:00,9843.599164418285,9889.963589819943,44.94414078036895,2.261312214961438,0.8410275936731539,9942.95893307022,0.01966458633401854,-0.010093845451477826
2026-09-13 16:00:00+00:00,9843.681972728886,9890.046398130544,44.94414078036895,2.261312214961438,0.8410275936731539,9942.95893307022,0.019641348020451813,-0.01008534820775129
2026-09-13 17:00:00+00:00,9843.603835632439,9889.992554981716,44.968136759734385,2.2616101832146223,0.8410275936731539,9982.928236033245,0.022171945832274415,-0.014153800043889551
2026-09-13 18:00:00+00:00,9843.686293327568,9890.075012676845,44.968136759734385,2.2616101832146223,0.8410275936731539,9982.928236033245,0.022163087370529813,-0.014145304772670444
2026-09-13 19:00:00+00:00,9843.716728630854,9890.105447980131,44.968136759734385,2.2616101832146223,0.8410275936731539,9982.928236033245,0.022158390674784097,-0.014142169186714708
2026-09-13 20:00:00+00:00,9843.746035621769,9890.134754971046,44.968136759734385,2.2616101832146223,0.8410275936731539,9982.928236033245,0.022150701683712828,-0.014139149863051701
2026-09-13 21:00:00+00:00,9843.508412616582,9889.89713196586,44.968136759734385,2.2616101832146223,0.8410275936731539,9982.928236033245,0.022172606117767033,-0.014163631255494996
2026-09-13 22:00:00+00:00,9843.343539689851,9889.732259039129,44.968136759734385,2.2616101832146223,0.8410275936731539,9982.928236033245,0.02219107236458319,-0.014180618179236302
2026-09-13 23:00:00+00:00,9843.579982187941,9889.968701537218,44.968136759734385,2.2616101832146223,0.8410275936731539,9982.928236033245,0.022149321050275905,-0.014156257590983849
2026-09-14 00:00:00+00:00,9843.923133985092,9890.311420302545,44.968136759734385,2.2616101832146223,0.8414606254968396,9982.92866906507,0.0221125990205292,-0.014120948852198525
2026-09-14 01:00:00+00:00,9844.254068773167,9890.64235509062,44.968136759734385,2.2616101832146223,0.8414606254968396,9982.92866906507,0.0220565761992602,-0.014086857096851152
2026-09-14 02:00:00+00:00,9843.787261341182,9890.175547658635,44.968136759734385,2.2616101832146223,0.8414606254968396,9982.92866906507,0.02212838176045448,-0.014134946645010157
2026-09-14 03:00:00+00:00,9843.662643679963,9890.050929997416,44.968136759734385,2.2616101832146223,0.8414606254968396,9982.92866906507,0.02213373768645291,-0.0141477852732509
2026-09-14 04:00:00+00:00,9844.069355638376,9890.457641955829,44.968136759734385,2.2616101832146223,0.8414606254968396,9982.92866906507,0.022108136437702507,-0.01410588532141534
2026-09-14 05:00:00+00:00,9843.684580470901,9890.529578429761,45.401228737552316,2.2852298468056076,0.8414606254968396,10117.950781420433,0.07387027111750134,-0.02786214843714669
2026-09-14 06:00:00+00:00,9843.29292525764,9890.1379232165,45.401228737552316,2.2852298468056076,0.8414606254968396,10117.950781420433,0.07386072371431064,-0.02790304608918315
2026-09-14 07:00:00+00:00,9843.255480418711,9890.100478377572,45.401228737552316,2.2852298468056076,0.8414606254968396,10117.950781420433,0.07383621475235663,-0.027906956346726585
2026-09-14 08:00:00+00:00,9843.872419683386,9890.741269554383,45.401228737552316,2.2852298468056076,0.8176087133616443,10117.926929508298,0.07374424235519783,-0.027840111913369023
2026-09-14 09:00:00+00:00,9842.27874071935,9889.147590590346,45.401228737552316,2.2852298468056076,0.8176087133616443,10117.926929508298,0.07379816785000005,-0.02800654157949622
2026-09-14 10:00:00+00:00,9842.170659339643,9889.03950921064,45.401228737552316,2.2852298468056076,0.8176087133616443,10117.926929508298,0.07380509259382391,-0.028017830589736604
2026-09-14 11:00:00+00:00,9838.096636657134,9884.96548652813,45.401228737552316,2.2852298468056076,0.8176087133616443,10117.926929508298,0.07434778654132074,-0.028443539760374417
2026-09-14 12:00:00+00:00,9834.931433692473,9881.800283563469,45.401228737552316,2.2852298468056076,0.8176087133616443,10117.926929508298,0.0750013828890051,-0.02877452656622906
2026-09-14 13:00:00+00:00,9836.570160657946,9883.886400595306,45.82451096573935,2.3093376849815757,0.8176087133616443,10584.36103026407,0.10844902132322846,-0.0760215051987293
2026-09-14 14:00:00+00:00,9835.889455865692,9883.205695803052,45.82451096573935,2.3093376849815757,0.8176087133616443,10584.36103026407,0.1091173704727055,-0.07609597258659942
2026-09-14 15:00:00+00:00,9840.704566989674,9888.020806927034,45.82451096573935,2.3093376849815757,0.8176087133616443,10584.36103026407,0.1086052816990547,-0.07556943288074786
2026-09-14 16:00:00+00:00,9836.416191731267,9883.705783235657,45.82451096573935,2.3093376849815757,0.8442571463318643,10584.387678697041,0.10938152748599249,-0.07604105726987614
2026-09-14 17:00:00+00:00,9842.324954159023,9890.564780801997,46.72738070663806,2.356703082666217,0.8442571463318643,10476.439797561708,0.1990824658844931,-0.06442734276261944
2026-09-14 18:00:00+00:00,9839.719811904595,9887.959638547569,46.72738070663806,2.356703082666217,0.8442571463318643,10476.439797561708,0.19975213868858194,-0.06470915817000976
2026-09-14 19:00:00+00:00,9836.386238925701,9884.768832760476,46.86368316416182,2.3631678169445154,0.8442571463318643,10249.132732564578,0.17561949646614788,-0.04196119221157753
2026-09-14 20:00:00+00:00,9841.559870451427,9889.942464286201,46.86368316416182,2.3631678169445154,0.8442571463318643,10249.132732564578,0.17626918843460374,-0.041413441311967183
2026-09-14 21:00:00+00:00,9839.129467723731,9887.562931342783,46.913319645873955,2.3644011195104855,0.8442571463318643,10166.355626562647,0.1676887957787181,-0.03325763319939505
2026-09-14 22:00:00+00:00,9836.638001397014,9885.071465016066,46.913319645873955,2.3644011195104855,0.8442571463318643,10166.355626562647,0.16712490018333834,-0.03351934117315354
2026-09-14 23:00:00+00:00,9836.22327505657,9884.656738675623,46.913319645873955,2.3644011195104855,0.8442571463318643,10166.355626562647,0.16680063836321143,-0.03356291762339816
2026-09-15 00:00:00+00:00,9833.769472025986,9882.13796100802,46.913319645873955,2.3644011195104855,0.9092317833487563,10166.420601199663,0.16609752390226776,-0.03382742803967153
2026-09-15 01:00:00+00:00,9834.709823013474,9883.245783812528,47.073405167610794,2.371787414793163,0.9092317833487563,10278.884924817608,0.1387795212536085,-0.04516402718509838
2026-09-15 02:00:00+00:00,9835.307188760473,9883.843149559527,47.073405167610794,2.371787414793163,0.9092317833487563,10278.884924817608,0.13881517597641183,-0.045100547196334155
2026-09-15 03:00:00+00:00,9836.078549667387,9884.614510466441,47.073405167610794,2.371787414793163,0.9092317833487563,10278.884924817608,0.1384912881405203,-0.04501858875102168
2026-09-15 04:00:00+00:00,9835.903669393594,9884.439630192648,47.073405167610794,2.371787414793163,0.9092317833487563,10278.884924817608,0.13779280387277337,-0.04503716895911045
2026-09-15 05:00:00+00:00,9835.437843670166,9884.872048056213,47.92587013075551,2.4175660386404627,0.9092317833487563,11025.870276338837,0.2198282239267356,-0.12103502168282247
2026-09-15 06:00:00+00:00,9835.530989218809,9884.965193604856,47.92587013075551,2.4175660386404627,0.9092317833487563,11025.870276338837,0.21983107777840247,-0.12102440513123447
2026-09-15 07:00:00+00:00,9835.901006506589,9885.335210892636,47.92587013075551,2.4175660386404627,0.9092317833487563,11025.870276338837,0.21951721116134273,-0.12098223325398129
2026-09-15 08:00:00+00:00,9836.754810473762,9885.991036708727,47.92587013075551,2.4175660386404627,1.1072099344301916,11026.06825448992,0.21890012525424574,-0.1209050613673757
2026-09-15 09:00:00+00:00,9837.84639660751,9887.137117035496,47.97685784317476,2.4210725192416302,1.1072099344301916,10997.239776320677,0.2159053529244628,-0.11785032343186137
2026-09-15 10:00:00+00:00,9836.103314285247,9885.394034713232,47.97685784317476,2.4210725192416302,1.1072099344301916,10997.239776320677,0.2163870220996559,-0.11804842069410547
2026-09-15 11:00:00+00:00,9833.928417710518,9883.219138138504,47.97685784317476,2.4210725192416302,1.1072099344301916,10997.239776320677,0.21669152001765815,-0.11829569112126952
2026-09-15 12:00:00+00:00,9831.711105517566,9881.001825945552,47.97685784317476,2.4210725192416302,1.1072099344301916,10997.239776320677,0.2165997536598218,-0.11854789652525648
2026-09-15 13:00:00+00:00,9831.956582893006,9881.660054884629,48.37121624426954,2.4394656817839735,1.1072099344301916,10686.588726560258,0.16575860111349885,-0.08692391351221568
2026-09-15 14:00:00+00:00,9822.655842092056,9872.359314083678,48.37121624426954,2.4394656817839735,1.1072099344301916,10686.588726560258,0.16496076584534233,-0.08795308502676794
2026-09-15 15:00:00+00:00,9827.64589868197,9877.349370673594,48.37121624426954,2.4394656817839735,1.1072099344301916,10686.588726560258,0.16363880074056336,-0.08740066916671098
2026-09-15 16:00:00+00:00,9827.38592077246,9877.035941143724,48.37121624426954,2.4394656817839735,1.1606615547898735,10686.642178180617,0.1650753649828236,-0.08743487478108693
2026-09-15 17:00:00+00:00,9829.13915090456,9879.331948678542,48.88388297047794,2.469576358293835,1.1606615547898735,10649.304483966765,0.2100632846649652,-0.08344223440836385
2026-09-15 18:00:00+00:00,9834.215370470993,9884.408168244974,48.88388297047794,2.469576358293835,1.1606615547898735,10649.304483966765,0.20972061792352956,-0.08288298382636854
2026-09-15 19:00:00+00:00,9820.072623998974,9870.265421772956,48.88388297047794,2.469576358293835,1.1606615547898735,10649.304483966765,0.20861917260669297,-0.08444253843309234
2026-09-15 20:00:00+00:00,9820.922379229743,9871.215880016716,48.98047498522467,2.4736873565380737,1.1606615547898735,10810.194583196559,0.1920414036736287,-0.10073108876810033
2026-09-15 21:00:00+00:00,9821.687288993657,9872.326879834029,49.308400023023694,2.4918523721389434,1.1606615547898735,10687.046631680909,0.17925554177910202,-0.08810699396395852
2026-09-15 22:00:00+00:00,9818.59624604147,9869.235836881842,49.308400023023694,2.4918523721389434,1.1606615547898735,10687.046631680909,0.1784454090160067,-0.08844954654180524
2026-09-15 23:00:00+00:00,9819.187406405666,9869.826997246038,49.308400023023694,2.4918523721389434,1.1606615547898735,10687.046631680909,0.17874713608176432,-0.0883840168595911
2026-09-16 00:00:00+00:00,9819.157670000828,9869.8790589959,49.308400023023694,2.4918523721389434,1.0788634000884656,10686.964833526208,0.1787564385890622,-0.0883789824637073
2026-09-16 01:00:00+00:00,9820.189879483794,9870.939629564986,49.336413262055686,2.4922002192260075,1.0788634000884656,10640.248088567187,0.17417062150443707,-0.08350736789689232
2026-09-16 02:00:00+00:00,9819.59501083258,9870.344760913771,49.336413262055686,2.4922002192260075,1.0788634000884656,10640.248088567187,0.17354565275498363,-0.08357300650681576
2026-09-16 03:00:00+00:00,9818.850248554656,9869.599998635847,49.336413262055686,2.4922002192260075,1.0788634000884656,10640.248088567187,0.17428862794467076,-0.08365519579376843
2026-09-16 04:00:00+00:00,9816.501211302018,9867.25096138321,49.336413262055686,2.4922002192260075,1.0788634000884656,10640.248088567187,0.1744430255811466,-0.0839145087983859
2026-09-16 05:00:00+00:00,9817.213076431397,9869.464834827477,50.75011536746954,2.5805064286995645,1.0788634000884656,11925.328203788846,0.3173043509892447,-0.2147366173011454
2026-09-16 06:00:00+00:00,9815.702288332048,9867.954046728128,50.75011536746954,2.5805064286995645,1.0788634000884656,11925.328203788846,0.31759842213581324,-0.21492358401746933
2026-09-16 07:00:00+00:00,9815.895880437807,9868.147638833887,50.75011536746954,2.5805064286995645,1.0788634000884656,11925.328203788846,0.3178836200333505,-0.2148996229223403
2026-09-16 08:00:00+00:00,9813.108749622752,9865.360508018832,50.75011536746954,2.5805064286995645,1.0788634000884656,11925.328203788846,0.31769556249390035,-0.21524468015778322
2026-09-16 09:00:00+00:00,9814.887628181223,9867.202557722781,50.811405908223875,2.5823870334252175,1.0788634000884656,11823.116011990864,0.3071847962999431,-0.20461043059153003
2026-09-16 10:00:00+00:00,9817.250740601421,9869.56567014298,50.811405908223875,2.5823870334252175,1.0788634000884656,11823.116011990864,0.3070160267267077,-0.20432046857005917
2026-09-16 11:00:00+00:00,9815.313388112578,9867.628317654136,50.811405908223875,2.5823870334252175,1.0788634000884656,11823.116011990864,0.30742114784209074,-0.20455817807202725
2026-09-16 12:00:00+00:00,9818.523447572456,9870.838377114014,50.811405908223875,2.5823870334252175,1.0788634000884656,11823.116011990864,0.30806720590190384,-0.20416436087587347
2026-09-16 13:00:00+00:00,9816.975468576165,9869.66964671554,51.17385144529608,2.599190094167209,1.0788634000884656,11459.66037682508,0.24649778024330987,-0.1673310597043967
2026-09-16 14:00:00+00:00,9797.486153973734,9850.180332113108,51.17385144529608,2.599190094167209,1.0788634000884656,11459.66037682508,0.24618719912805145,-0.16965313313325683
2026-09-16 15:00:00+00:00,9791.529246338365,9844.22342447774,51.17385144529608,2.599190094167209,1.0788634000884656,11459.66037682508,0.2460511660892835,-0.17036471918934726
2026-09-16 16:00:00+00:00,9793.695314541306,9846.390438042676,51.17385144529608,2.599190094167209,1.0779180380936164,11459.659431463086,0.24598211638662434,-0.17010577350187925
2026-09-16 17:00:00+00:00,9794.89994959065,9847.92047602677,51.48142008776843,2.617024386445491,1.0779180380936164,11239.681646171653,0.21876063901296752,-0.14750346649956175
2026-09-16 18:00:00+00:00,9796.754730172423,9849.775256608542,51.48142008776843,2.617024386445491,1.0779180380936164,11239.681646171653,0.2186689850509845,-0.1472862142353374
2026-09-16 19:00:00+00:00,9799.98938803346,9853.00991446958,51.48142008776843,2.617024386445491,1.0779180380936164,11239.681646171653,0.21645106146489468,-0.1469075323587766
2026-09-16 20:00:00+00:00,9804.837776615894,9857.858303052013,51.48142008776843,2.617024386445491,1.0779180380936164,11239.681646171653,0.2172377570176407,-0.14634039871396948
2026-09-16 21:00:00+00:00,9804.523988510351,9857.723846131703,51.65418728257669,2.6235883768694896,1.0779180380936164,11157.096654424093,0.19879919834266405,-0.13795393509147247
2026-09-16 22:00:00+00:00,9803.522627093473,9856.722484714825,51.65418728257669,2.6235883768694896,1.0779180380936164,11157.096654424093,0.1987840370997809,-0.138070169144081
2026-09-16 23:00:00+00:00,9800.297513773401,9853.497371394753,51.65418728257669,2.6235883768694896,1.0779180380936164,11157.096654424093,0.1989361333176971,-0.13844468892335543
2026-09-17 00:00:00+00:00,9797.109484354278,9850.269489259788,51.65418728257669,2.6235883768694896,1.117770753935358,11157.136507139932,0.1999551215077536,-0.13881921243787076
2026-09-17 01:00:00+00:00,9796.395422705355,9849.700835239344,51.78861462693009,2.6345686609948675,1.117770753935358,10932.956505873242,0.17735332959714964,-0.11601829388528467
2026-09-17 02:00:00+00:00,9797.549960852688,9850.855373386677,51.78861462693009,2.6345686609948675,1.117770753935358,10932.956505873242,0.17733640374576728,-0.11588678287502582
2026-09-17 03:00:00+00:00,9797.523890722852,9850.829303256842,51.78861462693009,2.6345686609948675,1.117770753935358,10932.956505873242,0.1773858130676719,-0.11588975212660779
2026-09-17 04:00:00+00:00,9797.637860701718,9850.943273235707,51.78861462693009,2.6345686609948675,1.117770753935358,10932.956505873242,0.17761760513091013,-0.11587677165792001
2026-09-17 05:00:00+00:00,9797.150567645,9851.279211861493,52.57210316122258,2.674311809205642,1.117770753935358,11165.249051648761,0.2174081529514294,-0.13964248834981616
2026-09-17 06:00:00+00:00,9797.854011337196,9851.98265555369,52.57210316122258,2.674311809205642,1.117770753935358,11165.249051648761,0.21684494492918896,-0.13956066693067062
2026-09-17 07:00:00+00:00,9796.258653584051,9850.387297800544,52.57210316122258,2.674311809205642,1.117770753935358,11165.249051648761,0.217617798253747,-0.13974624869299995
2026-09-17 08:00:00+00:00,9793.577592794121,9847.821169295345,52.57210316122258,2.674311809205642,1.002838469205113,11165.134119364031,0.21826975164173051,-0.14004652677475782
2026-09-17 09:00:00+00:00,9794.189092847024,9848.775275767282,52.9016993943436,2.6873219951185985,1.002838469205113,11486.358317366672,0.2720192201075277,-0.17277277459912296
2026-09-17 10:00:00+00:00,9792.838961316034,9847.425144236293,52.9016993943436,2.6873219951185985,1.002838469205113,11486.358317366672,0.2718444442109036,-0.17293446392209955
2026-09-17 11:00:00+00:00,9793.008472187117,9847.594655107376,52.9016993943436,2.6873219951185985,1.002838469205113,11486.358317366672,0.2716776078104859,-0.17291416115780933
2026-09-17 12:00:00+00:00,9791.762742090033,9846.348925010292,52.9016993943436,2.6873219951185985,1.002838469205113,11486.358317366672,0.27180238057049105,-0.1730633819375949
2026-09-17 13:00:00+00:00,9789.145532733408,9843.927701207085,53.08389607330432,2.7011108695793626,1.002838469205113,11381.971318677302,0.2417141168426519,-0.16271346468573047
2026-09-17 14:00:00+00:00,9800.544378763168,9855.326547236846,53.08389607330432,2.7011108695793626,1.002838469205113,11381.971318677302,0.24071564001163917,-0.16136113248371514
2026-09-17 15:00:00+00:00,9789.421590136684,9844.203758610362,53.08389607330432,2.7011108695793626,1.002838469205113,11381.971318677302,0.24080669521611794,-0.16268067667503347
2026-09-17 16:00:00+00:00,9787.734097097216,9842.599601830752,53.08389607330432,2.7011108695793626,0.9195022093465036,11381.887982417444,0.24189065299551987,-0.16287261888254728
2026-09-17 17:00:00+00:00,9793.953446363743,9849.265680082279,53.50889778700193,2.722838140881124,0.9195022093465036,11015.365665876909,0.18336362673609397,-0.1247108459522694
2026-09-17 18:00:00+00:00,9791.872619678235,9847.184853396771,53.50889778700193,2.722838140881124,0.9195022093465036,11015.365665876909,0.1832857947605251,-0.12494985318128836
2026-09-17 19:00:00+00:00,9793.06749050706,9848.379724225595,53.50889778700193,2.722838140881124,0.9195022093465036,11015.365665876909,0.18328725550406477,-0.12481259590569438
2026-09-17 20:00:00+00:00,9787.276567917343,9842.588801635879,53.50889778700193,2.722838140881124,0.9195022093465036,11015.365665876909,0.18399346508465667,-0.12547812350426849
2026-09-17 21:00:00+00:00,9788.584921318388,9844.031887019839,53.639283030334795,2.727184880462669,0.9195022093465036,10858.480349942074,0.17031090091405457,-0.10930031636070082
2026-09-17 22:00:00+00:00,9786.174021096655,9841.620986798105,53.639283030334795,2.727184880462669,0.9195022093465036,10858.480349942074,0.17028116890938585,-0.10957360113705142
2026-09-17 23:00:00+00:00,9788.143934557876,9843.590900259327,53.639283030334795,2.727184880462669,0.9195022093465036,10858.480349942074,0.16999721570732906,-0.10935029383919083
2026-09-18 00:00:00+00:00,9788.396214950888,9843.820809510447,53.639283030334795,2.727184880462669,0.9418733512377435,10858.502721083965,0.17006267878595271,-0.10932398756995426
2026-09-18 01:00:00+00:00,9787.970141609607,9843.629627512788,53.86189773251226,2.7394615219058465,0.9418733512377435,10656.306059379873,0.13220128551276578,-0.08871460631851397
2026-09-18 02:00:00+00:00,9787.945794702448,9843.605280605627,53.86189773251226,2.7394615219058465,0.9418733512377435,10656.306059379873,0.13229325071750175,-0.08871731442846874
2026-09-18 03:00:00+00:00,9788.308499833556,9843.967985736735,53.86189773251226,2.7394615219058465,0.9418733512377435,10656.306059379873,0.1325557012425903,-0.08867697207960663
2026-09-18 04:00:00+00:00,9786.462993427127,9842.122479330306,53.86189773251226,2.7394615219058465,0.9418733512377435,10656.306059379873,0.13316229170608768,-0.08888227202585428
2026-09-18 05:00:00+00:00,9785.348297365648,9842.367867913747,55.145093005404036,2.816350893932617,0.9418733512377435,9264.486348919449,0.15256614257038004,0.05322875922428046
2026-09-18 06:00:00+00:00,9785.56613260112,9842.585703149218,55.145093005404036,2.816350893932617,0.9418733512377435,9264.486348919449,0.15261708163691756,0.05324983517771817
2026-09-18 07:00:00+00:00,9787.412438894016,9844.432009442115,55.145093005404036,2.816350893932617,0.9418733512377435,9264.486348919449,0.15290592559053431,0.053428430981054965
2026-09-18 08:00:00+00:00,9787.31458091494,9844.2931947422,55.145093005404036,2.816350893932617,0.9828300720741138,9264.527305640284,0.1529903847943734,0.053414782058204116
2026-09-18 09:00:00+00:00,9786.177571862578,9843.18651864505,55.17348383112644,2.8182930234216435,0.9828300720741138,9217.180871943885,0.14856080543678002,0.05814289550137367
2026-09-18 10:00:00+00:00,9785.137576044115,9842.146522826588,55.17348383112644,2.8182930234216435,0.9828300720741138,9217.180871943885,0.14831405177029536,0.05804279190623714
2026-09-18 11:00:00+00:00,9785.8438002666,9842.852747049074,55.17348383112644,2.8182930234216435,0.9828300720741138,9217.180871943885,0.14842299138375636,0.05811077102081105
2026-09-18 12:00:00+00:00,9784.046809551886,9841.05575633436,55.17348383112644,2.8182930234216435,0.9828300720741138,9217.180871943885,0.1481633869480442,0.057937778573850025
2026-09-18 13:00:00+00:00,9782.956364237585,9840.183361548878,55.378481165445436,2.8313462179215647,0.9828300720741138,9436.91920919385,0.11296547136260791,0.03537142987867176
2026-09-18 14:00:00+00:00,9783.279169649126,9840.506166960418,55.378481165445436,2.8313462179215647,0.9828300720741138,9436.91920919385,0.1140514424099166,0.035403258401313635
2026-09-18 15:00:00+00:00,9787.983921046947,9845.264916364666,55.42977190779076,2.8340534820011016,0.9828300720741138,9351.38334787596,0.10599150689306203,0.0446057713920198
2026-09-18 16:00:00+00:00,9790.211782389808,9847.57020944077,55.42977190779076,2.8340534820011016,0.9053983388312528,9351.305916142717,0.10553574344153169,0.04483109007269632
2026-09-18 17:00:00+00:00,9791.459311027089,9848.861443246655,55.47122925847517,2.836301299922274,0.9053983388312528,9420.360043266046,0.09907183045891717,0.037900302291315496
2026-09-18 18:00:00+00:00,9790.741855535342,9848.143987754907,55.47122925847517,2.836301299922274,0.9053983388312528,9420.360043266046,0.09911516238197515,0.03782980061514893
2026-09-18 19:00:00+00:00,9791.70438050438,9849.106512723945,55.47122925847517,2.836301299922274,0.9053983388312528,9420.360043266046,0.09926070517611497,0.03792438198784805
2026-09-18 20:00:00+00:00,9793.300452083851,9850.702584303417,55.47122925847517,2.836301299922274,0.9053983388312528,9420.360043266046,0.09926429060617808,0.03808117709065595
2026-09-18 21:00:00+00:00,9793.380357934322,9850.930079219821,55.60873383254724,2.8463857917823057,0.9053983388312528,9520.540231323721,0.07596954709274621,0.027859647704743053
2026-09-18 22:00:00+00:00,9793.581410502955,9851.131131788454,55.60873383254724,2.8463857917823057,0.9053983388312528,9520.540231323721,0.07597514986826094,0.02787960478752091
2026-09-18 23:00:00+00:00,9793.899794431152,9851.449515716651,55.60873383254724,2.8463857917823057,0.9053983388312528,9520.540231323721,0.07594520102171513,0.027911206857850968
2026-09-19 00:00:00+00:00,9793.456236026035,9851.016939179157,55.60873383254724,2.8463857917823057,0.8944164712084043,9520.529249456098,0.07595401449068169,0.027868301036150366
2026-09-19 01:00:00+00:00,9793.51382132872,9851.091033083374,55.62484218286588,2.8467860429978082,0.8944164712084043,9547.360391636852,0.07330544370156453,0.025134332189921837
2026-09-19 02:00:00+00:00,9792.94611301336,9850.523324768015,55.62484218286588,2.8467860429978082,0.8944164712084043,9547.360391636852,0.07330629083394878,0.025077818109318688
2026-09-19 03:00:00+00:00,9792.915571105255,9850.49278285991,55.62484218286588,2.8467860429978082,0.8944164712084043,9547.360391636852,0.07334790666257579,0.0250747775456099
2026-09-19 04:00:00+00:00,9792.885201249246,9850.462413003901,55.62484218286588,2.8467860429978082,0.8944164712084043,9547.360391636852,0.0733271949676774,0.025071754091539226
2026-09-19 05:00:00+00:00,9793.224178819844,9850.862183180996,55.68310897077775,2.849311861582104,0.8944164712084043,9508.061250808545,0.06336883105200314,0.02911839071631097
2026-09-19 06:00:00+00:00,9793.018786120338,9850.65679048149,55.68310897077775,2.849311861582104,0.8944164712084043,9508.061250808545,0.06333539965723434,0.02909802804786434
2026-09-19 07:00:00+00:00,9793.04831236035,9850.686316721501,55.68310897077775,2.849311861582104,0.8944164712084043,9508.061250808545,0.06330855474936076,0.02910095533707391
2026-09-19 08:00:00+00:00,9793.038416141206,9850.676420502357,55.68310897077775,2.849311861582104,0.8944164712084043,9508.061250808545,0.06336125958299167,0.029099974208510463
2026-09-19 09:00:00+00:00,9792.868031536453,9850.570430977294,55.74286044787573,2.853955464173504,0.8944164712084043,9607.58729449474,0.05320977867489284,0.018919966698728405
2026-09-19 10:00:00+00:00,9792.91769072838,9850.620090169221,55.74286044787573,2.853955464173504,0.8944164712084043,9607.58729449474,0.05322372370464951,0.01892494168608246
2026-09-19 11:00:00+00:00,9792.993860129392,9850.696259570233,55.74286044787573,2.853955464173504,0.8944164712084043,9607.58729449474,0.05318419651010776,0.018932572437271183
2026-09-19 12:00:00+00:00,9793.115692324694,9850.818091765535,55.74286044787573,2.853955464173504,0.8944164712084043,9607.58729449474,0.05318620223166483,0.018944777500725443
2026-09-19 13:00:00+00:00,9793.068021669345,9850.770421110186,55.74286044787573,2.853955464173504,0.8944164712084043,9607.58729449474,0.05318339408585738,0.018940001924237438
2026-09-19 14:00:00+00:00,9792.946819369006,9850.649218809847,55.74286044787573,2.853955464173504,0.8944164712084043,9607.58729449474,0.05318061494642162,0.018927859845787424
2026-09-19 15:00:00+00:00,9793.261791122568,9850.964190563409,55.74286044787573,2.853955464173504,0.8944164712084043,9607.58729449474,0.05321957131045403,0.01895941317489735
2026-09-19 16:00:00+00:00,9793.033904002441,9850.736303443282,55.74286044787573,2.853955464173504,0.8944164712084043,9607.58729449474,0.053252681540662636,0.018936584037752356
2026-09-19 17:00:00+00:00,9792.827245944729,9850.622315914668,55.82848194998979,2.8610044911582855,0.8944164712084043,9652.567570350733,0.0477382681448185,0.014322694771530595
2026-09-19 18:00:00+00:00,9793.04301510405,9850.838085073989,55.82848194998979,2.8610044911582855,0.8944164712084043,9652.567570350733,0.047675742465230486,0.014344412103230522
2026-09-19 19:00:00+00:00,9793.101770793386,9850.896840763326,55.82848194998979,2.8610044911582855,0.8944164712084043,9652.567570350733,0.04767908520401322,0.014350325742736246
2026-09-19 20:00:00+00:00,9792.921968838247,9850.717038808187,55.82848194998979,2.8610044911582855,0.8944164712084043,9652.567570350733,0.04767601722983313,0.014332228821400965
2026-09-19 21:00:00+00:00,9793.058664056165,9850.889680329734,55.86265062055179,2.862782124225896,0.8944164712084043,9655.944903157999,0.04184911767605779,0.014001117077080306
2026-09-19 22:00:00+00:00,9793.040054475425,9850.871070748994,55.86265062055179,2.862782124225896,0.8944164712084043,9655.944903157999,0.04184342418699508,0.013999243396821777
2026-09-19 23:00:00+00:00,9793.010403876855,9850.841420150424,55.86265062055179,2.862782124225896,0.8944164712084043,9655.944903157999,0.04184870433575555,0.013996258052028152
2026-09-20 00:00:00+00:00,9792.797329023393,9850.628345296962,55.86265062055179,2.862782124225896,0.8944164712084043,9655.944903157999,0.04186493797731995,0.013974804263517058
2026-09-20 01:00:00+00:00,9792.501685421063,9850.376128579212,55.902874147186914,2.8659854821708644,0.8944164712084043,9673.937908959644,0.035043968765657324,0.012107608481490974
2026-09-20 02:00:00+00:00,9792.620744819793,9850.495187977942,55.902874147186914,2.8659854821708644,0.8944164712084043,9673.937908959644,0.03500903497541124,0.012119619349389184
2026-09-20 03:00:00+00:00,9793.13570509195,9851.0101482501,55.902874147186914,2.8659854821708644,0.8944164712084043,9673.937908959644,0.034840751798283644,0.012171565852021244
2026-09-20 04:00:00+00:00,9792.790767548116,9850.665210706265,55.902874147186914,2.8659854821708644,0.8944164712084043,9673.937908959644,0.034762895112235945,0.012136770958319037
2026-09-20 05:00:00+00:00,9792.894965323707,9850.80170440051,55.93446814786022,2.866687400152593,0.8944164712084043,9621.249647170127,0.031136136780636394,0.017527535908571444
2026-09-20 06:00:00+00:00,9793.023309632135,9850.930048708939,55.93446814786022,2.866687400152593,0.8944164712084043,9621.249647170127,0.031148820234733293,0.01754041188619011
2026-09-20 07:00:00+00:00,9792.94916670327,9850.855905780074,55.93446814786022,2.866687400152593,0.8944164712084043,9621.249647170127,0.03112069423515322,0.01753297363341114
2026-09-20 08:00:00+00:00,9792.970923894323,9850.908513549693,55.93446814786022,2.866687400152593,0.8635658926410271,9621.21879659156,0.0311158364001862,0.01753830667297261
2026-09-20 09:00:00+00:00,9793.105059196165,9851.071753376367,55.961277816584555,2.86898225625935,0.8635658926410271,9628.086457603607,0.026640291457774783,0.016850488235863218
2026-09-20 10:00:00+00:00,9793.151241613845,9851.117935794047,55.961277816584555,2.86898225625935,0.8635658926410271,9628.086457603607,0.026630064253378584,0.01685512455978736
2026-09-20 11:00:00+00:00,9793.118734489459,9851.085428669661,55.961277816584555,2.86898225625935,0.8635658926410271,9628.086457603607,0.026580512076407235,0.0168518611241421
2026-09-20 12:00:00+00:00,9793.044694816346,9851.011388996549,55.961277816584555,2.86898225625935,0.8635658926410271,9628.086457603607,0.026601294173124086,0.016844428097020227
2026-09-20 13:00:00+00:00,9793.055160040682,9851.038268241567,55.97709863088303,2.869575462644744,0.8635658926410271,9654.438660620091,0.023912092250272615,0.014154571495338521
2026-09-20 14:00:00+00:00,9793.127807609793,9851.11091581068,55.97709863088303,2.869575462644744,0.8635658926410271,9654.438660620091,0.023904326165829305,0.014161884712862833
2026-09-20 15:00:00+00:00,9793.148643180954,9851.13175138184,55.97709863088303,2.869575462644744,0.8635658926410271,9654.438660620091,0.023916195702387667,0.014163982148626672
2026-09-20 16:00:00+00:00,9792.600676796183,9850.568538081105,55.97709863088303,2.869575462644744,0.8788128086051905,9654.453907536055,0.024035504311294316,0.014107260555152512
2026-09-20 17:00:00+00:00,9792.207010384669,9850.195068248717,55.99548936423579,2.871381308417796,0.8788128086051905,9685.086739057306,0.020985982064906827,0.010939338926736578
2026-09-20 18:00:00+00:00,9792.39921153509,9850.387269399138,55.99548936423579,2.871381308417796,0.8788128086051905,9685.086739057306,0.020961886562931912,0.010958751799188798
2026-09-20 19:00:00+00:00,9792.371072224958,9850.359130089006,55.99548936423579,2.871381308417796,0.8788128086051905,9685.086739057306,0.020936039284020644,0.010955909695043484
2026-09-20 20:00:00+00:00,9792.371825210423,9850.35988307447,55.99548936423579,2.871381308417796,0.8788128086051905,9685.086739057306,0.02095702312304281,0.010955985747693043
2026-09-20 21:00:00+00:00,9792.382028881884,9850.385616191536,56.01024021979393,2.8721598984628796,0.8788128086051905,9660.487228938178,0.018442556736337143,0.01346912319747054
2026-09-20 22:00:00+00:00,9792.484853408261,9850.488440717912,56.01024021979393,2.8721598984628796,0.8788128086051905,9660.487228938178,0.018426988034684386,0.013479482117773393
2026-09-20 23:00:00+00:00,9793.066158434991,9851.069745744642,56.01024021979393,2.8721598984628796,0.8788128086051905,9660.487228938178,0.018536280154880055,0.013538040829288066
2026-09-21 00:00:00+00:00,9793.164730640528,9851.170210536106,56.01024021979393,2.8721598984628796,0.876920222679385,9660.485336352252,0.01854154326156766,0.013548163227884123
2026-09-21 01:00:00+00:00,9793.350390315492,9851.371363632828,56.02535800337963,2.87253553663415,0.876920222679385,9685.666524544838,0.01601637985312834,0.01099561043758235
2026-09-21 02:00:00+00:00,9793.310159087017,9851.331132404353,56.02535800337963,2.87253553663415,0.876920222679385,9685.666524544838,0.015937441104333837,0.010991547576209367
2026-09-21 03:00:00+00:00,9793.374104910192,9851.395078227528,56.02535800337963,2.87253553663415,0.876920222679385,9685.666524544838,0.015973540117536468,0.010998005305582224
2026-09-21 04:00:00+00:00,9793.394389977691,9851.415363295027,56.02535800337963,2.87253553663415,0.876920222679385,9685.666524544838,0.01599225067498084,0.011000053826393389
2026-09-21 05:00:00+00:00,9791.643954485684,9850.388913385454,56.713390524066476,2.9084885983836286,0.876920222679385,10155.621249689531,0.11616893043018865,-0.03717223551997158
2026-09-21 06:00:00+00:00,9791.313543314476,9850.058502214246,56.713390524066476,2.9084885983836286,0.876920222679385,10155.621249689531,0.11632078754609287,-0.03720723524616412
2026-09-21 07:00:00+00:00,9790.551628090889,9849.296586990658,56.713390524066476,2.9084885983836286,0.876920222679385,10155.621249689531,0.11654915871944639,-0.0372879522489
2026-09-21 08:00:00+00:00,9789.782968299563,9848.52131181927,56.713390524066476,2.9084885983836286,0.8835356027431591,10155.627865069595,0.11667565913341915,-0.03737007224314152
2026-09-21 09:00:00+00:00,9790.760338231992,9849.546369593605,56.75781945293457,2.911747511421016,0.8835356027431591,10162.252688876119,0.11073901810904127,-0.037943156385258796
2026-09-21 10:00:00+00:00,9791.494578821445,9850.280610183057,56.75781945293457,2.911747511421016,0.8835356027431591,10162.252688876119,0.11097701886753297,-0.03786532352850467
2026-09-21 11:00:00+00:00,9792.427827559446,9851.213858921059,56.75781945293457,2.911747511421016,0.8835356027431591,10162.252688876119,0.1108508208372404,-0.03776641174478217
2026-09-21 12:00:00+00:00,9794.025426688871,9852.811458050484,56.75781945293457,2.911747511421016,0.8835356027431591,10162.252688876119,0.11107841096331028,-0.037597131531211095
2026-09-21 13:00:00+00:00,9792.145735172986,9851.101749070942,56.920095093328555,2.9194544073710316,0.8835356027431591,10061.620013505533,0.08359980640160444,-0.027519430941944225
2026-09-21 14:00:00+00:00,9783.681317448563,9842.63733134652,56.920095093328555,2.9194544073710316,0.8835356027431591,10061.620013505533,0.08431875152370029,-0.0284083962916171
2026-09-21 15:00:00+00:00,9784.56757716328,9843.59248633545,56.98814537097469,2.9202994039394787,0.8835356027431591,9948.134833817656,0.07286928827804316,-0.01671686105333209
2026-09-21 16:00:00+00:00,9783.992674243955,9842.991835112776,56.98814537097469,2.9202994039394787,0.9092839060929733,9948.160582121007,0.0727489665238867,-0.016779234545955733
2026-09-21 17:00:00+00:00,9783.39297796427,9842.411134837064,57.00618898424585,2.9212517946408103,0.9092839060929733,9918.069849722464,0.06983781744067685,-0.01376586548874563
2026-09-21 18:00:00+00:00,9784.863000860356,9843.88115773315,57.00618898424585,2.9212517946408103,0.9092839060929733,9918.069849722464,0.06979550950181847,-0.013613562995250395
2026-09-21 19:00:00+00:00,9782.744360502982,9841.762517375777,57.00618898424585,2.9212517946408103,0.9092839060929733,9918.069849722464,0.06991983331299202,-0.013833080394684272
2026-09-21 20:00:00+00:00,9780.51982462286,9839.537981495654,57.00618898424585,2.9212517946408103,0.9092839060929733,9918.069849722464,0.06989809164544782,-0.014063672234814919
2026-09-21 21:00:00+00:00,9780.566401168568,9839.688233986946,57.104610685057615,2.9265060394133333,0.9092839060929733,9893.708398099427,0.053245391480354544,-0.01156804138841499
2026-09-21 22:00:00+00:00,9780.115241444502,9839.286882655264,57.151921865404056,2.929003251449183,0.9092839060929733,9814.809119675016,0.04516190372628351,-0.0035473895116790543
2026-09-21 23:00:00+00:00,9779.97047167907,9839.142112889831,57.151921865404056,2.929003251449183,0.9092839060929733,9814.809119675016,0.04514721846550063,-0.003562244701743478
2026-09-22 00:00:00+00:00,9779.901382413593,9839.043977565567,57.151921865404056,2.929003251449183,0.9383299648790392,9814.838165733801,0.0451822719583002,-0.0035723042548294437
2026-09-22 01:00:00+00:00,9779.299996617598,9838.48719217674,57.19413592652342,2.931389597499122,0.9383299648790392,9885.152720204964,0.038384739070946014,-0.010824161609110882
2026-09-22 02:00:00+00:00,9778.531419635952,9837.718615195095,57.19413592652342,2.931389597499122,0.9383299648790392,9885.152720204964,0.038321777615658865,-0.01090361077686046
2026-09-22 03:00:00+00:00,9778.501680311452,9837.688875870595,57.19413592652342,2.931389597499122,0.9383299648790392,9885.152720204964,0.038337327410849574,-0.01090668523463552
2026-09-22 04:00:00+00:00,9778.519988910239,9837.707184469382,57.19413592652342,2.931389597499122,0.9383299648790392,9885.152720204964,0.038311189879774846,-0.0109047924855353
2026-09-22 05:00:00+00:00,9778.217777430928,9837.683950445438,57.45029852863223,2.9542044507587013,0.9383299648790392,9579.89563354493,0.05459641874173348,0.02028203384299176
2026-09-22 06:00:00+00:00,9778.08485268604,9837.551025700552,57.45029852863223,2.9542044507587013,0.9383299648790392,9579.89563354493,0.054634004289365136,0.02026871541073499
2026-09-22 07:00:00+00:00,9777.92468048011,9837.39085349462,57.45029852863223,2.9542044507587013,0.9383299648790392,9579.89563354493,0.05457424183046919,0.020252666430383752
2026-09-22 08:00:00+00:00,9777.799836387878,9837.261675528214,57.45029852863223,2.9542044507587013,0.9426638390540295,9579.899967419105,0.054561094814511726,0.02023971366567483
2026-09-22 09:00:00+00:00,9778.425810881852,9837.903367290783,57.46537417130274,2.954846076681007,0.9426638390540295,9605.010962893957,0.05219826298987413,0.01773443408395157
2026-09-22 10:00:00+00:00,9778.0722171181,9837.549773527031,57.46537417130274,2.954846076681007,0.9426638390540295,9605.010962893957,0.052260060290981764,0.01769891348533622
2026-09-22 11:00:00+00:00,9777.286435257165,9836.812097339289,57.510399780393115,2.9579261407844886,0.9426638390540295,9529.923255467582,0.04457760205282707,0.025299778361569183
2026-09-22 12:00:00+00:00,9776.47346083188,9835.999122914003,57.510399780393115,2.9579261407844886,0.9426638390540295,9529.923255467582,0.04464855690892105,0.025218725990723247
2026-09-22 13:00:00+00:00,9773.55266844917,9833.127519694008,57.55519077047613,2.962324313416364,0.9426638390540295,9604.530114615862,0.03683148382954761,0.017293870465234704
2026-09-22 14:00:00+00:00,9775.033156621668,9834.608007866505,57.55519077047613,2.962324313416364,0.9426638390540295,9604.530114615862,0.036880356928227345,0.0174427072802619
2026-09-22 15:00:00+00:00,9774.750048888016,9834.324900132853,57.55519077047613,2.962324313416364,0.9426638390540295,9604.530114615862,0.03676730521314104,0.017414249307737332
2026-09-22 16:00:00+00:00,9773.454526804784,9833.072442608694,57.55519077047613,2.962324313416364,0.8995992799801305,9604.487050056789,0.03667754925612638,0.017288408748880255
2026-09-22 17:00:00+00:00,9762.783896235618,9822.943172813739,58.083689299091155,2.975186559009251,0.8995992799801305,9165.600033611658,0.11186259444130366,0.061169423493459246
2026-09-22 18:00:00+00:00,9762.669315615809,9822.82859219393,58.083689299091155,2.975186559009251,0.8995992799801305,9165.600033611658,0.11206955748294906,0.06115840480729118
2026-09-22 19:00:00+00:00,9759.612927486156,9819.772204064277,58.083689299091155,2.975186559009251,0.8995992799801305,9165.600033611658,0.11183967451344577,0.0608643906564748
2026-09-22 20:00:00+00:00,9758.589209360382,9818.748485938502,58.083689299091155,2.975186559009251,0.8995992799801305,9165.600033611658,0.11153817724082994,0.060765871277779736
2026-09-22 21:00:00+00:00,9758.793123603446,9819.004814189337,58.13245759869767,2.978832267173185,0.8995992799801305,9194.88615311286,0.10317989617843602,0.057784498897376045
2026-09-22 22:00:00+00:00,9759.415737712394,9819.627428298285,58.13245759869767,2.978832267173185,0.8995992799801305,9194.88615311286,0.10313252988787051,0.05784460871136732
2026-09-22 23:00:00+00:00,9761.575843449682,9821.787534035573,58.13245759869767,2.978832267173185,0.8995992799801305,9194.88615311286,0.10329119731242883,0.05805309505606998
2026-09-23 00:00:00+00:00,9762.849622221209,9823.019531241069,58.13245759869767,2.978832267173185,0.9413808460125879,9194.927934678894,0.10344303610394802,0.058171713128682134
