ts,close,qty,cash,equity,w
2026-06-02 07:00:00+00:00,146.76,62.58929178855704,788.0372399999997,9973.64170288863,0.9209880138593947
2026-06-02 08:00:00+00:00,146.08,62.58929178855704,788.0372399999997,9931.080984472414,0.9206493994730158
2026-06-02 09:00:00+00:00,145.186,62.58929178855704,788.0372399999997,9875.126157613442,0.920199779990411
2026-06-02 10:00:00+00:00,145.52,62.58929178855704,788.0372399999997,9896.03098107082,0.9203683535846481
2026-06-02 11:00:00+00:00,144.7,62.58929178855704,788.0372399999997,9844.707761804202,0.9199532115054293
2026-06-02 12:00:00+00:00,143.864,62.58929178855704,788.0372399999997,9792.38311386897,0.919525489266867
2026-06-02 13:00:00+00:00,138.293,62.58929178855704,788.0372399999997,9443.69816931492,0.9165541691537176
2026-06-02 14:00:00+00:00,137.85,62.58929178855704,788.0372399999997,9415.971113052587,0.9163084475792828
2026-06-02 15:00:00+00:00,136.164,62.58929178855704,788.0372399999997,9310.44556709708,0.9153598789315834
2026-06-02 16:00:00+00:00,137.082,62.58929178855704,788.0372399999997,9367.902536958976,0.9158790095337804
2026-06-02 17:00:00+00:00,136.792,62.58929178855704,788.0372399999997,9349.751642340294,0.9157157034598248
2026-06-02 18:00:00+00:00,136.04,62.58929178855704,788.0372399999997,9302.684494915298,0.915289265111514
2026-06-02 19:00:00+00:00,136.151,62.58929178855704,788.0372399999997,9309.63190630383,0.9153524813944152
2026-06-02 20:00:00+00:00,136.797,62.58929178855704,788.0372399999997,9350.064588799238,0.9157185244534015
2026-06-02 21:00:00+00:00,136.807,62.58929178855704,788.0372399999997,9350.690481717122,0.9157241658740812
2026-06-02 22:00:00+00:00,135.162,62.58929178855704,788.0372399999997,9247.731096724947,0.9147858829633271
2026-06-02 23:00:00+00:00,134.895,62.58929178855704,788.0372399999997,9231.019755817402,0.9146316159161747
2026-06-03 00:00:00+00:00,135.59,68.41126164981046,-1.1368683772161603e-13,9275.8829670978,1.0
2026-06-03 01:00:00+00:00,135.56,68.41126164981046,-1.1368683772161603e-13,9273.830629248305,1.0
2026-06-03 02:00:00+00:00,134.99,68.41126164981046,-1.1368683772161603e-13,9234.836210107915,1.0
2026-06-03 03:00:00+00:00,133.59,68.41126164981046,-1.1368683772161603e-13,9139.060443798178,1.0
2026-06-03 04:00:00+00:00,134.79,68.41126164981046,-1.1368683772161603e-13,9221.153957777951,1.0
2026-06-03 05:00:00+00:00,137.56,68.41126164981046,-1.1368683772161603e-13,9410.653152547926,1.0
2026-06-03 06:00:00+00:00,136.59,68.41126164981046,-1.1368683772161603e-13,9344.29422874761,1.0
2026-06-03 07:00:00+00:00,137.37,68.41126164981046,-1.1368683772161603e-13,9397.655012834462,1.0
2026-06-03 08:00:00+00:00,135.59,68.41126164981046,-1.1368683772161603e-13,9275.8829670978,1.0
2026-06-03 09:00:00+00:00,135.185,68.41126164981046,-1.1368683772161603e-13,9248.176406129627,1.0
2026-06-03 10:00:00+00:00,136.717,68.41126164981046,-1.1368683772161603e-13,9352.982458977138,1.0
2026-06-03 11:00:00+00:00,136.17,68.41126164981046,-1.1368683772161603e-13,9315.56149885469,1.0
2026-06-03 12:00:00+00:00,135.217,68.41126164981046,-1.1368683772161603e-13,9250.365566502422,1.0
2026-06-03 13:00:00+00:00,136.279,68.41126164981046,-1.1368683772161603e-13,9323.018326374518,1.0
2026-06-03 14:00:00+00:00,134.748,68.41126164981046,-1.1368683772161603e-13,9218.280684788659,1.0
2026-06-03 15:00:00+00:00,130.701,68.41126164981046,-1.1368683772161603e-13,8941.420308891877,1.0
2026-06-03 16:00:00+00:00,131.243,68.41126164981046,-1.1368683772161603e-13,8978.499212706074,1.0
2026-06-03 17:00:00+00:00,131.556,68.41126164981046,-1.1368683772161603e-13,8999.911937602465,1.0
2026-06-03 18:00:00+00:00,131.226,68.41126164981046,-1.1368683772161603e-13,8977.336221258027,1.0
2026-06-03 19:00:00+00:00,126.529,68.41126164981046,-1.1368683772161603e-13,8656.008525288868,1.0
2026-06-03 20:00:00+00:00,125.571,68.41126164981046,-1.1368683772161603e-13,8590.470536628349,1.0
2026-06-03 21:00:00+00:00,127.748,68.41126164981046,-1.1368683772161603e-13,8739.401853239986,1.0
2026-06-03 22:00:00+00:00,126.449,68.41126164981046,-1.1368683772161603e-13,8650.535624356882,1.0
2026-06-03 23:00:00+00:00,124.075,68.41126164981046,-1.1368683772161603e-13,8488.127289200233,1.0
2026-06-04 00:00:00+00:00,123.11,68.41126164981046,-1.1368683772161603e-13,8422.110421708165,1.0
2026-06-04 01:00:00+00:00,121.2,68.41126164981046,-1.1368683772161603e-13,8291.444911957027,1.0
2026-06-04 02:00:00+00:00,124.97,68.41126164981046,-1.1368683772161603e-13,8549.355368376813,1.0
2026-06-04 03:00:00+00:00,128.67,68.41126164981046,-1.1368683772161603e-13,8802.47703648111,1.0
2026-06-04 04:00:00+00:00,128.43,68.41126164981046,-1.1368683772161603e-13,8786.058333685158,1.0
2026-06-04 05:00:00+00:00,127.28,68.41126164981046,-1.1368683772161603e-13,8707.385382787876,1.0
2026-06-04 06:00:00+00:00,127.81,68.41126164981046,-1.1368683772161603e-13,8743.643351462275,1.0
2026-06-04 07:00:00+00:00,127.11,68.41126164981046,-1.1368683772161603e-13,8695.755468307407,1.0
2026-06-04 08:00:00+00:00,125.91,68.41126164981046,-1.1368683772161603e-13,8613.661954327634,1.0
2026-06-04 09:00:00+00:00,125.71,68.41126164981046,-1.1368683772161603e-13,8599.979701997672,1.0
2026-06-04 10:00:00+00:00,123.701,68.41126164981046,-1.1368683772161603e-13,8462.541477343202,1.0
2026-06-04 11:00:00+00:00,124.598,68.41126164981046,-1.1368683772161603e-13,8523.906379043083,1.0
2026-06-04 12:00:00+00:00,128.308,68.41126164981046,-1.1368683772161603e-13,8777.71215976388,1.0
2026-06-04 13:00:00+00:00,129.121,68.41126164981046,-1.1368683772161603e-13,8833.330515485177,1.0
2026-06-04 14:00:00+00:00,127.987,68.41126164981046,-1.1368683772161603e-13,8755.752144774291,1.0
2026-06-04 15:00:00+00:00,128.689,68.41126164981046,-1.1368683772161603e-13,8803.776850452457,1.0
2026-06-04 16:00:00+00:00,127.378,68.41126164981046,-1.1368683772161603e-13,8714.089686429556,1.0
2026-06-04 17:00:00+00:00,128.365,68.41126164981046,-1.1368683772161603e-13,8781.61160167792,1.0
2026-06-04 18:00:00+00:00,129.974,68.41126164981046,-1.1368683772161603e-13,8891.685321672463,1.0
2026-06-04 19:00:00+00:00,129.35,68.41126164981046,-1.1368683772161603e-13,8848.996694402982,1.0
2026-06-04 20:00:00+00:00,129.08,68.41126164981046,-1.1368683772161603e-13,8830.525653757535,1.0
2026-06-04 21:00:00+00:00,128.595,68.41126164981046,-1.1368683772161603e-13,8797.346191857376,1.0
2026-06-04 22:00:00+00:00,129.065,68.41126164981046,-1.1368683772161603e-13,8829.499484832786,1.0
2026-06-04 23:00:00+00:00,129.184,68.41126164981046,-1.1368683772161603e-13,8837.640424969113,1.0
2026-06-05 00:00:00+00:00,128.02,68.41126164981046,-1.1368683772161603e-13,8758.009716408735,1.0
2026-06-05 01:00:00+00:00,128.1,68.41126164981046,-1.1368683772161603e-13,8763.482617340718,1.0
2026-06-05 02:00:00+00:00,126.83,68.41126164981046,-1.1368683772161603e-13,8676.60031504546,1.0
2026-06-05 03:00:00+00:00,127.54,68.41126164981046,-1.1368683772161603e-13,8725.172310816826,1.0
2026-06-05 04:00:00+00:00,129.39,68.41126164981046,-1.1368683772161603e-13,8851.733144868975,1.0
2026-06-05 05:00:00+00:00,126.3,68.41126164981046,-1.1368683772161603e-13,8640.34234637106,1.0
2026-06-05 06:00:00+00:00,126.13,68.41126164981046,-1.1368683772161603e-13,8628.712431890592,1.0
2026-06-05 07:00:00+00:00,127.93,68.41126164981046,-1.1368683772161603e-13,8751.852702860253,1.0
2026-06-05 08:00:00+00:00,127.615,68.41126164981046,-1.1368683772161603e-13,8730.30315544056,1.0
2026-06-05 09:00:00+00:00,128.342,68.41126164981046,-1.1368683772161603e-13,8780.038142659974,1.0
2026-06-05 10:00:00+00:00,127.345,68.41126164981046,-1.1368683772161603e-13,8711.832114795112,1.0
2026-06-05 11:00:00+00:00,125.9,68.41126164981046,-1.1368683772161603e-13,8612.977841711137,1.0
2026-06-05 12:00:00+00:00,125.184,68.41126164981046,-1.1368683772161603e-13,8563.995378369871,1.0
2026-06-05 13:00:00+00:00,120.245,68.41126164981046,-1.1368683772161603e-13,8226.11215708146,1.0
2026-06-05 14:00:00+00:00,119.769,68.41126164981046,-1.1368683772161603e-13,8193.548396536149,1.0
2026-06-05 15:00:00+00:00,116.975,68.41126164981046,-1.1368683772161603e-13,8002.407331486577,1.0
2026-06-05 16:00:00+00:00,119.107,68.41126164981046,-1.1368683772161603e-13,8148.260141323974,1.0
2026-06-05 17:00:00+00:00,116.386,68.41126164981046,-1.1368683772161603e-13,7962.113098374839,1.0
2026-06-05 18:00:00+00:00,115.853,68.41126164981046,-1.1368683772161603e-13,7925.649895915491,1.0
2026-06-05 19:00:00+00:00,120.602,68.41126164981046,-1.1368683772161603e-13,8250.53497749044,1.0
2026-06-05 20:00:00+00:00,121.591,68.41126164981046,-1.1368683772161603e-13,8318.193715262103,1.0
2026-06-05 21:00:00+00:00,121.36,68.41126164981046,-1.1368683772161603e-13,8302.390713820996,1.0
2026-06-05 22:00:00+00:00,121.275,68.41126164981046,-1.1368683772161603e-13,8296.575756580763,1.0
2026-06-05 23:00:00+00:00,120.258,68.41126164981046,-1.1368683772161603e-13,8227.001503482905,1.0
2026-06-06 00:00:00+00:00,120.273,68.41126164981046,-1.1368683772161603e-13,8228.027672407652,1.0
2026-06-08 00:00:00+00:00,126.39,68.41126164981046,-1.1368683772161603e-13,8646.499359919544,1.0
2026-06-08 01:00:00+00:00,124.23,68.41126164981046,-1.1368683772161603e-13,8498.731034755952,1.0
2026-06-08 02:00:00+00:00,124.44,68.41126164981046,-1.1368683772161603e-13,8513.097399702412,1.0
2026-06-08 03:00:00+00:00,124.06,68.41126164981046,-1.1368683772161603e-13,8487.101120275485,1.0
2026-06-08 04:00:00+00:00,121.88,68.41126164981046,-1.1368683772161603e-13,8337.964569878897,1.0
2026-06-08 05:00:00+00:00,121.84,68.41126164981046,-1.1368683772161603e-13,8335.228119412906,1.0
2026-06-08 06:00:00+00:00,122.96,68.41126164981046,-1.1368683772161603e-13,8411.848732460694,1.0
2026-06-08 07:00:00+00:00,124.34,68.41126164981046,-1.1368683772161603e-13,8506.256273537432,1.0
2026-06-08 08:00:00+00:00,123.125,68.41126164981046,-1.1368683772161603e-13,8423.136590632912,1.0
2026-06-08 09:00:00+00:00,124.935,68.41126164981046,-1.1368683772161603e-13,8546.96097421907,1.0
2026-06-08 10:00:00+00:00,124.171,68.41126164981046,-1.1368683772161603e-13,8494.694770318614,1.0
2026-06-08 11:00:00+00:00,125.632,68.41126164981046,-1.1368683772161603e-13,8594.643623588987,1.0
2026-06-08 12:00:00+00:00,127.901,68.41126164981046,-1.1368683772161603e-13,8749.868776272408,1.0
2026-06-08 13:00:00+00:00,125.069,68.41126164981046,-1.1368683772161603e-13,8556.128083280144,1.0
2026-06-08 14:00:00+00:00,127.202,68.41126164981046,-1.1368683772161603e-13,8702.04930437919,1.0
2026-06-08 15:00:00+00:00,126.983,68.41126164981046,-1.1368683772161603e-13,8687.067238077881,1.0
2026-06-08 16:00:00+00:00,126.644,68.41126164981046,-1.1368683772161603e-13,8663.875820378596,1.0
2026-06-08 17:00:00+00:00,127.709,68.41126164981046,-1.1368683772161603e-13,8736.733814035644,1.0
2026-06-08 18:00:00+00:00,127.15,68.41126164981046,-1.1368683772161603e-13,8698.4919187734,1.0
2026-06-08 19:00:00+00:00,127.238,68.41126164981046,-1.1368683772161603e-13,8704.512109798583,1.0
2026-06-08 20:00:00+00:00,126.465,68.41126164981046,-1.1368683772161603e-13,8651.63020454328,1.0
2026-06-08 21:00:00+00:00,127.3,68.41126164981046,-1.1368683772161603e-13,8708.75360802087,1.0
2026-06-08 22:00:00+00:00,126.952,68.41126164981046,-1.1368683772161603e-13,8684.946488966736,1.0
2026-06-08 23:00:00+00:00,126.191,68.41126164981046,-1.1368683772161603e-13,8632.885518851232,1.0
2026-06-09 00:00:00+00:00,125.13,68.41126164981046,-1.1368683772161603e-13,8560.301170240782,1.0
2026-06-09 01:00:00+00:00,125.62,68.41126164981046,-1.1368683772161603e-13,8593.82268844919,1.0
2026-06-09 02:00:00+00:00,126.27,68.41126164981046,-1.1368683772161603e-13,8638.290008521566,1.0
2026-06-09 03:00:00+00:00,126.29,68.41126164981046,-1.1368683772161603e-13,8639.658233754562,1.0
2026-06-09 04:00:00+00:00,127.45,68.41126164981046,-1.1368683772161603e-13,8719.015297268343,1.0
2026-06-09 05:00:00+00:00,127.78,68.41126164981046,-1.1368683772161603e-13,8741.59101361278,1.0
2026-06-09 06:00:00+00:00,127.53,68.41126164981046,-1.1368683772161603e-13,8724.488198200328,1.0
2026-06-09 07:00:00+00:00,127.1,68.41126164981046,-1.1368683772161603e-13,8695.071355690909,1.0
2026-06-09 08:00:00+00:00,125.73,68.41126164981046,-1.1368683772161603e-13,8601.347927230669,1.0
2026-06-09 09:00:00+00:00,125.189,68.41126164981046,-1.1368683772161603e-13,8564.33743467812,1.0
2026-06-09 10:00:00+00:00,125.67,68.41126164981046,-1.1368683772161603e-13,8597.24325153168,1.0
2026-06-09 11:00:00+00:00,125.251,68.41126164981046,-1.1368683772161603e-13,8568.57893290041,1.0
2026-06-09 12:00:00+00:00,125.012,68.41126164981046,-1.1368683772161603e-13,8552.228641366104,1.0
2026-06-09 13:00:00+00:00,124.515,68.41126164981046,-1.1368683772161603e-13,8518.228244326148,1.0
2026-06-09 14:00:00+00:00,120.799,68.41126164981046,-1.1368683772161603e-13,8264.011996035453,1.0
2026-06-09 15:00:00+00:00,115.982,68.41126164981046,-1.1368683772161603e-13,7934.474948668316,1.0
2026-06-09 16:00:00+00:00,116.449,68.41126164981046,-1.1368683772161603e-13,7966.423007858778,1.0
2026-06-09 17:00:00+00:00,117.845,68.41126164981046,-1.1368683772161603e-13,8061.925129121913,1.0
2026-06-09 18:00:00+00:00,117.384,68.41126164981046,-1.1368683772161603e-13,8030.38753750135,1.0
2026-06-09 19:00:00+00:00,117.079,68.41126164981046,-1.1368683772161603e-13,8009.522102698158,1.0
2026-06-09 20:00:00+00:00,118.1,68.41126164981046,-1.1368683772161603e-13,8079.370000842614,1.0
2026-06-09 21:00:00+00:00,117.305,68.41126164981046,-1.1368683772161603e-13,8024.983047831016,1.0
2026-06-09 22:00:00+00:00,116.808,68.41126164981046,-1.1368683772161603e-13,7990.98265079106,1.0
2026-06-09 23:00:00+00:00,116.529,68.41126164981046,-1.1368683772161603e-13,7971.895908790762,1.0
2026-06-10 00:00:00+00:00,117.15,68.41126164981046,-1.1368683772161603e-13,8014.379302275295,1.0
2026-06-10 01:00:00+00:00,117.16,68.41126164981046,-1.1368683772161603e-13,8015.0634148917925,1.0
2026-06-10 02:00:00+00:00,115.06,68.41126164981046,-1.1368683772161603e-13,7871.399765427192,1.0
2026-06-10 03:00:00+00:00,115.63,68.41126164981046,-1.1368683772161603e-13,7910.394184567583,1.0
2026-06-10 04:00:00+00:00,114.97,68.41126164981046,-1.1368683772161603e-13,7865.242751878708,1.0
2026-06-10 05:00:00+00:00,115.6,68.41126164981046,-1.1368683772161603e-13,7908.341846718088,1.0
2026-06-10 06:00:00+00:00,115.97,68.41126164981046,-1.1368683772161603e-13,7933.654013528519,1.0
2026-06-10 07:00:00+00:00,116.16,68.41126164981046,-1.1368683772161603e-13,7946.652153241982,1.0
2026-06-10 08:00:00+00:00,115.31,68.41126164981046,-1.1368683772161603e-13,7888.502580839644,1.0
2026-06-10 09:00:00+00:00,115.66,68.41126164981046,-1.1368683772161603e-13,7912.446522417077,1.0
2026-06-10 10:00:00+00:00,115.25,68.41126164981046,-1.1368683772161603e-13,7884.397905140655,1.0
2026-06-10 11:00:00+00:00,114.252,68.41126164981046,-1.1368683772161603e-13,7816.123466014144,1.0
2026-06-10 12:00:00+00:00,115.562,68.41126164981046,-1.1368683772161603e-13,7905.7422187753955,1.0
2026-06-10 13:00:00+00:00,119.571,68.41126164981046,-1.1368683772161603e-13,8180.002966729486,1.0
2026-06-10 14:00:00+00:00,118.378,68.41126164981046,-1.1368683772161603e-13,8098.388331581262,1.0
2026-06-10 15:00:00+00:00,119.29,68.41126164981046,-1.1368683772161603e-13,8160.77940220589,1.0
2026-06-10 16:00:00+00:00,117.964,68.41126164981046,-1.1368683772161603e-13,8070.0660692582405,1.0
2026-06-10 17:00:00+00:00,117.401,68.41126164981046,-1.1368683772161603e-13,8031.550528949397,1.0
2026-06-10 18:00:00+00:00,116.648,68.41126164981046,-1.1368683772161603e-13,7980.0368489270895,1.0
2026-06-10 19:00:00+00:00,115.355,68.41126164981046,-1.1368683772161603e-13,7891.581087613886,1.0
2026-06-10 20:00:00+00:00,114.697,68.41126164981046,-1.1368683772161603e-13,7846.56647744831,1.0
2026-06-10 21:00:00+00:00,114.363,68.41126164981046,-1.1368683772161603e-13,7823.717116057273,1.0
2026-06-10 22:00:00+00:00,113.612,68.41126164981046,-1.1368683772161603e-13,7772.340258558265,1.0
2026-06-10 23:00:00+00:00,114.006,68.41126164981046,-1.1368683772161603e-13,7799.294295648291,1.0
2026-06-11 00:00:00+00:00,115.79,68.41126164981046,-1.1368683772161603e-13,7921.339986431553,1.0
2026-06-11 01:00:00+00:00,117.4,68.41126164981046,-1.1368683772161603e-13,8031.482117687748,1.0
2026-06-11 02:00:00+00:00,117.12,68.41126164981046,-1.1368683772161603e-13,8012.326964425801,1.0
2026-06-11 03:00:00+00:00,117.93,68.41126164981046,-1.1368683772161603e-13,8067.740086362148,1.0
2026-06-11 04:00:00+00:00,118.08,68.41126164981046,-1.1368683772161603e-13,8078.001775609619,1.0
2026-06-11 05:00:00+00:00,117.91,68.41126164981046,-1.1368683772161603e-13,8066.371861129151,1.0
2026-06-11 06:00:00+00:00,118.58,68.41126164981046,-1.1368683772161603e-13,8112.207406434523,1.0
2026-06-11 07:00:00+00:00,117.95,68.41126164981046,-1.1368683772161603e-13,8069.108311595143,1.0
2026-06-11 08:00:00+00:00,119.512,68.41126164981046,-1.1368683772161603e-13,8175.966702292148,1.0
2026-06-11 09:00:00+00:00,119.465,68.41126164981046,-1.1368683772161603e-13,8172.751372994607,1.0
2026-06-11 10:00:00+00:00,119.345,68.41126164981046,-1.1368683772161603e-13,8164.542021596629,1.0
2026-06-11 11:00:00+00:00,119.401,68.41126164981046,-1.1368683772161603e-13,8168.373052249018,1.0
2026-06-11 12:00:00+00:00,118.386,68.41126164981046,-1.1368683772161603e-13,8098.93562167446,1.0
2026-06-11 13:00:00+00:00,118.002,68.41126164981046,-1.1368683772161603e-13,8072.665697200933,1.0
2026-06-11 14:00:00+00:00,115.215,68.41126164981046,-1.1368683772161603e-13,7882.003510982912,1.0
2026-06-11 15:00:00+00:00,115.038,68.41126164981046,-1.1368683772161603e-13,7869.894717670895,1.0
2026-06-11 16:00:00+00:00,114.116,68.41126164981046,-1.1368683772161603e-13,7806.81953442977,1.0
2026-06-11 17:00:00+00:00,118.609,68.41126164981046,-1.1368683772161603e-13,8114.191333022368,1.0
2026-06-11 18:00:00+00:00,118.553,68.41126164981046,-1.1368683772161603e-13,8110.360302369979,1.0
2026-06-11 19:00:00+00:00,120.26,68.41126164981046,-1.1368683772161603e-13,8227.138326006207,1.0
2026-06-11 20:00:00+00:00,119.258,68.41126164981046,-1.1368683772161603e-13,8158.590241833095,1.0
2026-06-11 21:00:00+00:00,120.152,68.41126164981046,-1.1368683772161603e-13,8219.749909748027,1.0
2026-06-11 22:00:00+00:00,119.948,68.41126164981046,-1.1368683772161603e-13,8205.794012371463,1.0
2026-06-11 23:00:00+00:00,120.288,68.41126164981046,-1.1368683772161603e-13,8229.0538413324,1.0
2026-06-12 00:00:00+00:00,121.37,68.41126164981046,-1.1368683772161603e-13,8303.074826437496,1.0
2026-06-12 01:00:00+00:00,119.43,68.41126164981046,-1.1368683772161603e-13,8170.356978836863,1.0
2026-06-12 02:00:00+00:00,120.06,68.41126164981046,-1.1368683772161603e-13,8213.456073676243,1.0
2026-06-12 03:00:00+00:00,119.92,68.41126164981046,-1.1368683772161603e-13,8203.87849704527,1.0
2026-06-12 04:00:00+00:00,120.5,68.41126164981046,-1.1368683772161603e-13,8243.557028802159,1.0
2026-06-12 05:00:00+00:00,119.2,68.41126164981046,-1.1368683772161603e-13,8154.622388657406,1.0
2026-06-12 06:00:00+00:00,118.17,68.41126164981046,-1.1368683772161603e-13,8084.158789158102,1.0
2026-06-12 07:00:00+00:00,118.78,68.41126164981046,-1.1368683772161603e-13,8125.889658764486,1.0
2026-06-12 08:00:00+00:00,119.925,68.41126164981046,-1.1368683772161603e-13,8204.220553353518,1.0
2026-06-12 09:00:00+00:00,121.081,68.41126164981046,-1.1368683772161603e-13,8283.3039718207,1.0
2026-06-12 10:00:00+00:00,120.4,68.41126164981046,-1.1368683772161603e-13,8236.71590263718,1.0
2026-06-12 11:00:00+00:00,120.801,68.41126164981046,-1.1368683772161603e-13,8264.148818558753,1.0
2026-06-12 12:00:00+00:00,119.409,68.41126164981046,-1.1368683772161603e-13,8168.920342342217,1.0
2026-06-12 13:00:00+00:00,118.219,68.41126164981046,-1.1368683772161603e-13,8087.510940978942,1.0
2026-06-12 14:00:00+00:00,127.42,68.41126164981046,-1.1368683772161603e-13,8716.962959418848,1.0
2026-06-12 15:00:00+00:00,123.299,68.41126164981046,-1.1368683772161603e-13,8435.040150159979,1.0
2026-06-12 16:00:00+00:00,125.35,68.41126164981046,-1.1368683772161603e-13,8575.35164780374,1.0
2026-06-12 17:00:00+00:00,122.783,68.41126164981046,-1.1368683772161603e-13,8399.739939148678,1.0
2026-06-12 18:00:00+00:00,123.114,68.41126164981046,-1.1368683772161603e-13,8422.384066754765,1.0
2026-06-12 19:00:00+00:00,123.979,68.41126164981046,-1.1368683772161603e-13,8481.55980808185,1.0
2026-06-12 20:00:00+00:00,123.897,68.41126164981046,-1.1368683772161603e-13,8475.950084626566,1.0
2026-06-12 21:00:00+00:00,123.93,68.41126164981046,-1.1368683772161603e-13,8478.207656261011,1.0
2026-06-12 22:00:00+00:00,124.224,68.41126164981046,-1.1368683772161603e-13,8498.320567186054,1.0
2026-06-12 23:00:00+00:00,124.385,68.41126164981046,-1.1368683772161603e-13,8509.334780311674,1.0
2026-06-15 00:00:00+00:00,131.07,68.41126164981046,-1.1368683772161603e-13,8966.664064440656,1.0
2026-06-15 01:00:00+00:00,130.37,68.41126164981046,-1.1368683772161603e-13,8918.77618128579,1.0
2026-06-15 02:00:00+00:00,130.39,68.41126164981046,-1.1368683772161603e-13,8920.144406518784,1.0
2026-06-15 03:00:00+00:00,131.31,68.41126164981046,-1.1368683772161603e-13,8983.08276723661,1.0
2026-06-15 04:00:00+00:00,130.96,68.41126164981046,-1.1368683772161603e-13,8959.138825659178,1.0
2026-06-15 05:00:00+00:00,131.42,68.41126164981046,-1.1368683772161603e-13,8990.608006018088,1.0
2026-06-15 06:00:00+00:00,131.89,68.41126164981046,-1.1368683772161603e-13,9022.7612989935,1.0
2026-06-15 07:00:00+00:00,131.38,68.41126164981046,-1.1368683772161603e-13,8987.871555552098,1.0
2026-06-15 08:00:00+00:00,131.295,68.41126164981046,-1.1368683772161603e-13,8982.056598311863,1.0
2026-06-15 09:00:00+00:00,130.49,68.41126164981046,-1.1368683772161603e-13,8926.985532683768,1.0
2026-06-15 10:00:00+00:00,130.695,68.41126164981046,-1.1368683772161603e-13,8941.009841321977,1.0
2026-06-15 11:00:00+00:00,131.914,68.41126164981046,-1.1368683772161603e-13,9024.403169273095,1.0
2026-06-15 12:00:00+00:00,132.544,68.41126164981046,-1.1368683772161603e-13,9067.502264112478,1.0
2026-06-15 13:00:00+00:00,132.086,68.41126164981046,-1.1368683772161603e-13,9036.169906276864,1.0
2026-06-15 14:00:00+00:00,132.556,68.41126164981046,-1.1368683772161603e-13,9068.323199252276,1.0
2026-06-15 15:00:00+00:00,135.336,68.41126164981046,-1.1368683772161603e-13,9258.506506638749,1.0
2026-06-15 16:00:00+00:00,133.981,68.41126164981046,-1.1368683772161603e-13,9165.809247103254,1.0
2026-06-15 17:00:00+00:00,133.719,68.41126164981046,-1.1368683772161603e-13,9147.885496551004,1.0
2026-06-15 18:00:00+00:00,131.965,68.41126164981046,-1.1368683772161603e-13,9027.892143617237,1.0
2026-06-15 19:00:00+00:00,131.123,68.41126164981046,-1.1368683772161603e-13,8970.289861308096,1.0
2026-06-15 20:00:00+00:00,130.866,68.41126164981046,-1.1368683772161603e-13,8952.708167064096,1.0
2026-06-15 21:00:00+00:00,130.625,68.41126164981046,-1.1368683772161603e-13,8936.221053006491,1.0
2026-06-15 22:00:00+00:00,129.8,68.41126164981046,-1.1368683772161603e-13,8879.781762145398,1.0
2026-06-15 23:00:00+00:00,129.959,68.41126164981046,-1.1368683772161603e-13,8890.659152747718,1.0
2026-06-16 00:00:00+00:00,129.43,68.41126164981046,-1.1368683772161603e-13,8854.469595334967,1.0
2026-06-16 01:00:00+00:00,129.87,68.41126164981046,-1.1368683772161603e-13,8884.570550460885,1.0
2026-06-16 02:00:00+00:00,128.29,68.41126164981046,-1.1368683772161603e-13,8776.480757054183,1.0
2026-06-16 03:00:00+00:00,130.18,68.41126164981046,-1.1368683772161603e-13,8905.778041572326,1.0
2026-06-16 04:00:00+00:00,129.82,68.41126164981046,-1.1368683772161603e-13,8881.149987378392,1.0
2026-06-16 05:00:00+00:00,130.35,68.41126164981046,-1.1368683772161603e-13,8917.407956052792,1.0
2026-06-16 06:00:00+00:00,131.3,68.41126164981046,-1.1368683772161603e-13,8982.398654620114,1.0
2026-06-16 07:00:00+00:00,131.1,68.41126164981046,-1.1368683772161603e-13,8968.71640229015,1.0
2026-06-16 08:00:00+00:00,132.971,68.41126164981046,-1.1368683772161603e-13,9096.713872836946,1.0
2026-06-16 09:00:00+00:00,131.78,68.41126164981046,-1.1368683772161603e-13,9015.236060212022,1.0
2026-06-16 10:00:00+00:00,131.654,68.41126164981046,-1.1368683772161603e-13,9006.616241244146,1.0
2026-06-16 11:00:00+00:00,130.948,68.41126164981046,-1.1368683772161603e-13,8958.31789051938,1.0
2026-06-16 12:00:00+00:00,130.344,68.41126164981046,-1.1368683772161603e-13,8916.997488482893,1.0
2026-06-16 13:00:00+00:00,130.393,68.41126164981046,-1.1368683772161603e-13,8920.349640303735,1.0
2026-06-16 14:00:00+00:00,125.602,68.41126164981046,-1.1368683772161603e-13,8592.591285739492,1.0
2026-06-16 15:00:00+00:00,125.548,68.41126164981046,-1.1368683772161603e-13,8588.897077610403,1.0
2026-06-16 16:00:00+00:00,124.99,68.41126164981046,-1.1368683772161603e-13,8550.723593609808,1.0
2026-06-16 17:00:00+00:00,124.907,68.41126164981046,-1.1368683772161603e-13,8545.045458892875,1.0
2026-06-16 18:00:00+00:00,124.416,68.41126164981046,-1.1368683772161603e-13,8511.455529422818,1.0
2026-06-16 19:00:00+00:00,122.801,68.41126164981046,-1.1368683772161603e-13,8400.971341858374,1.0
2026-06-16 20:00:00+00:00,123.145,68.41126164981046,-1.1368683772161603e-13,8424.504815865908,1.0
2026-06-16 21:00:00+00:00,123.1,68.41126164981046,-1.1368683772161603e-13,8421.426309091667,1.0
2026-06-16 22:00:00+00:00,123.479,68.41126164981046,-1.1368683772161603e-13,8447.354177256946,1.0
2026-06-16 23:00:00+00:00,123.065,68.41126164981046,-1.1368683772161603e-13,8419.031914933923,1.0
2026-06-17 00:00:00+00:00,123.75,68.41126164981046,-1.1368683772161603e-13,8465.893629164044,1.0
2026-06-17 01:00:00+00:00,124.46,68.41126164981046,-1.1368683772161603e-13,8514.465624935408,1.0
2026-06-17 02:00:00+00:00,124.45,68.41126164981046,-1.1368683772161603e-13,8513.781512318912,1.0
2026-06-17 03:00:00+00:00,124.25,68.41126164981046,-1.1368683772161603e-13,8500.099259988949,1.0
2026-06-17 04:00:00+00:00,124.56,68.41126164981046,-1.1368683772161603e-13,8521.30675110039,1.0
2026-06-17 05:00:00+00:00,124.6,68.41126164981046,-1.1368683772161603e-13,8524.043201566383,1.0
2026-06-17 06:00:00+00:00,123.88,68.41126164981046,-1.1368683772161603e-13,8474.787093178518,1.0
2026-06-17 07:00:00+00:00,123.59,68.41126164981046,-1.1368683772161603e-13,8454.947827300075,1.0
2026-06-17 08:00:00+00:00,122.8,68.41126164981046,-1.1368683772161603e-13,8400.902930596723,1.0
2026-06-17 09:00:00+00:00,122.315,68.41126164981046,-1.1368683772161603e-13,8367.723468696566,1.0
2026-06-17 10:00:00+00:00,121.969,68.41126164981046,-1.1368683772161603e-13,8344.053172165732,1.0
2026-06-17 11:00:00+00:00,121.901,68.41126164981046,-1.1368683772161603e-13,8339.401206373544,1.0
2026-06-17 12:00:00+00:00,122.537,68.41126164981046,-1.1368683772161603e-13,8382.910768782824,1.0
2026-06-17 13:00:00+00:00,123.235,68.41126164981046,-1.1368683772161603e-13,8430.661829414392,1.0
2026-06-17 14:00:00+00:00,121.675,68.41126164981046,-1.1368683772161603e-13,8323.940261240687,1.0
2026-06-17 15:00:00+00:00,123.81,68.41126164981046,-1.1368683772161603e-13,8469.998304863033,1.0
2026-06-17 16:00:00+00:00,123.772,68.41126164981046,-1.1368683772161603e-13,8467.39867692034,1.0
2026-06-17 17:00:00+00:00,123.848,68.41126164981046,-1.1368683772161603e-13,8472.597932805726,1.0
2026-06-17 18:00:00+00:00,122.275,68.41126164981046,-1.1368683772161603e-13,8364.987018230573,1.0
2026-06-17 19:00:00+00:00,116.617,68.41126164981046,-1.1368683772161603e-13,7977.916099815946,1.0
2026-06-17 20:00:00+00:00,117.988,68.41126164981046,-1.1368683772161603e-13,8071.707939537836,1.0
2026-06-17 21:00:00+00:00,117.54,68.41126164981046,-1.1368683772161603e-13,8041.059694318721,1.0
2026-06-17 22:00:00+00:00,118.515,68.41126164981046,-1.1368683772161603e-13,8107.760674427286,1.0
2026-06-17 23:00:00+00:00,118.575,68.41126164981046,-1.1368683772161603e-13,8111.865350126275,1.0
2026-06-18 00:00:00+00:00,119.23,68.41126164981046,-1.1368683772161603e-13,8156.674726506901,1.0
2026-06-18 01:00:00+00:00,119.41,68.41126164981046,-1.1368683772161603e-13,8168.988753603866,1.0
2026-06-18 02:00:00+00:00,119.4,68.41126164981046,-1.1368683772161603e-13,8168.304640987369,1.0
2026-06-18 03:00:00+00:00,118.81,68.41126164981046,-1.1368683772161603e-13,8127.94199661398,1.0
2026-06-18 04:00:00+00:00,117.39,68.41126164981046,-1.1368683772161603e-13,8030.7980050712495,1.0
2026-06-18 05:00:00+00:00,117.73,68.41126164981046,-1.1368683772161603e-13,8054.057834032185,1.0
2026-06-18 06:00:00+00:00,118.01,68.41126164981046,-1.1368683772161603e-13,8073.212987294132,1.0
2026-06-18 07:00:00+00:00,119.13,68.41126164981046,-1.1368683772161603e-13,8149.833600341919,1.0
2026-06-18 08:00:00+00:00,118.99,68.41126164981046,-1.1368683772161603e-13,8140.256023710946,1.0
2026-06-18 09:00:00+00:00,119.035,68.41126164981046,-1.1368683772161603e-13,8143.334530485187,1.0
2026-06-18 10:00:00+00:00,118.505,68.41126164981046,-1.1368683772161603e-13,8107.076561810788,1.0
2026-06-18 11:00:00+00:00,117.208,68.41126164981046,-1.1368683772161603e-13,8018.347155450983,1.0
2026-06-18 12:00:00+00:00,118.451,68.41126164981046,-1.1368683772161603e-13,8103.382353681698,1.0
2026-06-18 13:00:00+00:00,113.044,68.41126164981046,-1.1368683772161603e-13,7733.482661941173,1.0
2026-06-18 14:00:00+00:00,114.775,68.41126164981046,-1.1368683772161603e-13,7851.902555856996,1.0
2026-06-18 15:00:00+00:00,110.551,68.41126164981046,-1.1368683772161603e-13,7562.933386648196,1.0
2026-06-18 16:00:00+00:00,110.133,68.41126164981046,-1.1368683772161603e-13,7534.337479278574,1.0
2026-06-18 17:00:00+00:00,109.253,68.41126164981046,-1.1368683772161603e-13,7474.135569026742,1.0
2026-06-18 18:00:00+00:00,109.843,68.41126164981046,-1.1368683772161603e-13,7514.49821340013,1.0
2026-06-18 19:00:00+00:00,112.56,68.41126164981046,-1.1368683772161603e-13,7700.371611302665,1.0
2026-06-18 20:00:00+00:00,112.5,68.41126164981046,-1.1368683772161603e-13,7696.266935603676,1.0
2026-06-18 21:00:00+00:00,112.325,68.41126164981046,-1.1368683772161603e-13,7684.29496481496,1.0
2026-06-18 22:00:00+00:00,111.889,68.41126164981046,-1.1368683772161603e-13,7654.467654735642,1.0
2026-06-18 23:00:00+00:00,112.225,68.41126164981046,-1.1368683772161603e-13,7677.453838649978,1.0
2026-06-19 00:00:00+00:00,112.279,68.41126164981046,-1.1368683772161603e-13,7681.148046779068,1.0
2026-06-22 00:00:00+00:00,113.91,68.41126164981046,-1.1368683772161603e-13,7792.726814529909,1.0
2026-06-22 01:00:00+00:00,115.21,68.41126164981046,-1.1368683772161603e-13,7881.661454674662,1.0
2026-06-22 02:00:00+00:00,114.12,68.41126164981046,-1.1368683772161603e-13,7807.093179476369,1.0
2026-06-22 03:00:00+00:00,113.31,68.41126164981046,-1.1368683772161603e-13,7751.680057540023,1.0
2026-06-22 04:00:00+00:00,113.22,68.41126164981046,-1.1368683772161603e-13,7745.523043991539,1.0
2026-06-22 05:00:00+00:00,113.79,68.41126164981046,-1.1368683772161603e-13,7784.517463131932,1.0
2026-06-22 06:00:00+00:00,113.78,68.41126164981046,-1.1368683772161603e-13,7783.833350515434,1.0
2026-06-22 07:00:00+00:00,113.84,68.41126164981046,-1.1368683772161603e-13,7787.938026214422,1.0
2026-06-22 08:00:00+00:00,113.499,68.41126164981046,-1.1368683772161603e-13,7764.609785991836,1.0
2026-06-22 09:00:00+00:00,113.425,68.41126164981046,-1.1368683772161603e-13,7759.547352629751,1.0
2026-06-22 10:00:00+00:00,113.538,68.41126164981046,-1.1368683772161603e-13,7767.277825196179,1.0
2026-06-22 11:00:00+00:00,115.062,68.41126164981046,-1.1368683772161603e-13,7871.536587950491,1.0
2026-06-22 12:00:00+00:00,117.271,68.41126164981046,-1.1368683772161603e-13,8022.657064934922,1.0
2026-06-22 13:00:00+00:00,118.706,68.41126164981046,-1.1368683772161603e-13,8120.8272254024005,1.0
2026-06-22 14:00:00+00:00,114.37,68.41126164981046,-1.1368683772161603e-13,7824.1959948888225,1.0
2026-06-22 15:00:00+00:00,111.961,68.41126164981046,-1.1368683772161603e-13,7659.393265574428,1.0
2026-06-22 16:00:00+00:00,110.442,68.41126164981046,-1.1368683772161603e-13,7555.476559128366,1.0
2026-06-22 17:00:00+00:00,109.746,68.41126164981046,-1.1368683772161603e-13,7507.862321020098,1.0
2026-06-22 18:00:00+00:00,108.339,68.41126164981046,-1.1368683772161603e-13,7411.607675878815,1.0
2026-06-22 19:00:00+00:00,109.51,68.41126164981046,-1.1368683772161603e-13,7491.717263270743,1.0
2026-06-22 20:00:00+00:00,110.483,68.41126164981046,-1.1368683772161603e-13,7558.2814208560085,1.0
2026-06-22 21:00:00+00:00,110.9,68.41126164981046,-1.1368683772161603e-13,7586.80891696398,1.0
2026-06-22 22:00:00+00:00,109.693,68.41126164981046,-1.1368683772161603e-13,7504.236524152659,1.0
2026-06-22 23:00:00+00:00,110.313,68.41126164981046,-1.1368683772161603e-13,7546.6515063755405,1.0
2026-06-23 00:00:00+00:00,109.95,68.41126164981046,-1.1368683772161603e-13,7521.81821839666,1.0
2026-06-23 01:00:00+00:00,109.51,68.41126164981046,-1.1368683772161603e-13,7491.717263270743,1.0
2026-06-23 02:00:00+00:00,109.51,68.41126164981046,-1.1368683772161603e-13,7491.717263270743,1.0
2026-06-23 03:00:00+00:00,108.94,68.41126164981046,-1.1368683772161603e-13,7452.7228441303505,1.0
2026-06-23 04:00:00+00:00,107.85,68.41126164981046,-1.1368683772161603e-13,7378.154568932057,1.0
2026-06-23 05:00:00+00:00,107.02,68.41126164981046,-1.1368683772161603e-13,7321.373221762715,1.0
2026-06-23 06:00:00+00:00,106.22,68.41126164981046,-1.1368683772161603e-13,7266.644212442867,1.0
2026-06-23 07:00:00+00:00,106.55,68.41126164981046,-1.1368683772161603e-13,7289.219928787304,1.0
2026-06-23 08:00:00+00:00,106.201,68.41126164981046,-1.1368683772161603e-13,7265.3443984715195,1.0
2026-06-23 09:00:00+00:00,106.34,68.41126164981046,-1.1368683772161603e-13,7274.853563840844,1.0
2026-06-23 10:00:00+00:00,106.305,68.41126164981046,-1.1368683772161603e-13,7272.459169683101,1.0
2026-06-23 11:00:00+00:00,106.987,68.41126164981046,-1.1368683772161603e-13,7319.115650128271,1.0
2026-06-23 12:00:00+00:00,105.613,68.41126164981046,-1.1368683772161603e-13,7225.118576621431,1.0
2026-06-23 13:00:00+00:00,106.756,68.41126164981046,-1.1368683772161603e-13,7303.312648687165,1.0
2026-06-23 14:00:00+00:00,106.455,68.41126164981046,-1.1368683772161603e-13,7282.720858930572,1.0
2026-06-23 15:00:00+00:00,106.382,68.41126164981046,-1.1368683772161603e-13,7277.726836830137,1.0
2026-06-23 16:00:00+00:00,105.362,68.41126164981046,-1.1368683772161603e-13,7207.947349947329,1.0
2026-06-23 17:00:00+00:00,104.55,68.41126164981046,-1.1368683772161603e-13,7152.397405487683,1.0
2026-06-23 18:00:00+00:00,104.188,68.41126164981046,-1.1368683772161603e-13,7127.632528770452,1.0
2026-06-23 19:00:00+00:00,103.83,68.41126164981046,-1.1368683772161603e-13,7103.14129709982,1.0
2026-06-23 20:00:00+00:00,104.194,68.41126164981046,-1.1368683772161603e-13,7128.042996340351,1.0
2026-06-23 21:00:00+00:00,104.5,68.41126164981046,-1.1368683772161603e-13,7148.976842405193,1.0
2026-06-23 22:00:00+00:00,104.326,68.41126164981046,-1.1368683772161603e-13,7137.073282878126,1.0
2026-06-23 23:00:00+00:00,104.84,68.41126164981046,-1.1368683772161603e-13,7172.236671366129,1.0
2026-06-24 00:00:00+00:00,105.73,68.41126164981046,-1.1368683772161603e-13,7233.12269423446,1.0
2026-06-24 01:00:00+00:00,105.33,68.41126164981046,-1.1368683772161603e-13,7205.758189574535,1.0
2026-06-24 02:00:00+00:00,104.32,68.41126164981046,-1.1368683772161603e-13,7136.6628153082265,1.0
2026-06-24 03:00:00+00:00,104.8,68.41126164981046,-1.1368683772161603e-13,7169.500220900136,1.0
2026-06-24 04:00:00+00:00,104.99,68.41126164981046,-1.1368683772161603e-13,7182.498360613599,1.0
2026-06-24 05:00:00+00:00,105.37,68.41126164981046,-1.1368683772161603e-13,7208.494640040528,1.0
2026-06-24 06:00:00+00:00,105.24,68.41126164981046,-1.1368683772161603e-13,7199.601176026052,1.0
2026-06-24 07:00:00+00:00,105.09,68.41126164981046,-1.1368683772161603e-13,7189.339486778581,1.0
2026-06-24 08:00:00+00:00,105.8,68.41126164981046,-1.1368683772161603e-13,7237.911482549946,1.0
2026-06-24 09:00:00+00:00,105.305,68.41126164981046,-1.1368683772161603e-13,7204.047908033291,1.0
2026-06-24 10:00:00+00:00,104.375,68.41126164981046,-1.1368683772161603e-13,7140.4254346989665,1.0
2026-06-24 11:00:00+00:00,105.381,68.41126164981046,-1.1368683772161603e-13,7209.247163918676,1.0
2026-06-24 12:00:00+00:00,104.102,68.41126164981046,-1.1368683772161603e-13,7121.749160268569,1.0
2026-06-24 13:00:00+00:00,98.98,68.41126164981046,-1.1368683772161603e-13,6771.346678098239,1.0
2026-06-24 14:00:00+00:00,98.603,68.41126164981046,-1.1368683772161603e-13,6745.55563245626,1.0
2026-06-24 15:00:00+00:00,96.238,68.41126164981046,-1.1368683772161603e-13,6583.762998654459,1.0
2026-06-24 16:00:00+00:00,93.842,68.41126164981046,-1.1368683772161603e-13,6419.849615741513,1.0
2026-06-24 17:00:00+00:00,92.705,68.41126164981046,-1.1368683772161603e-13,6342.066011245678,1.0
2026-06-24 18:00:00+00:00,95.008,68.41126164981046,-1.1368683772161603e-13,6499.617146825191,1.0
2026-06-24 19:00:00+00:00,94.23,68.41126164981046,-1.1368683772161603e-13,6446.39318526164,1.0
2026-06-24 20:00:00+00:00,95.899,68.41126164981046,-1.1368683772161603e-13,6560.571580955173,1.0
2026-06-24 21:00:00+00:00,96.966,68.41126164981046,-1.1368683772161603e-13,6633.566397135521,1.0
2026-06-24 22:00:00+00:00,96.285,68.41126164981046,-1.1368683772161603e-13,6586.978327952,1.0
2026-06-24 23:00:00+00:00,96.875,68.41126164981046,-1.1368683772161603e-13,6627.340972325388,1.0
2026-06-25 00:00:00+00:00,95.01,68.41126164981046,-1.1368683772161603e-13,6499.753969348491,1.0
2026-06-25 01:00:00+00:00,95.77,68.41126164981046,-1.1368683772161603e-13,6551.746528202347,1.0
2026-06-25 02:00:00+00:00,95.38,68.41126164981046,-1.1368683772161603e-13,6525.066136158921,1.0
2026-06-25 03:00:00+00:00,95.64,68.41126164981046,-1.1368683772161603e-13,6542.853064187872,1.0
2026-06-25 04:00:00+00:00,96.64,68.41126164981046,-1.1368683772161603e-13,6611.264325837683,1.0
2026-06-25 05:00:00+00:00,96.6,68.41126164981046,-1.1368683772161603e-13,6608.527875371689,1.0
2026-06-25 06:00:00+00:00,97.09,68.41126164981046,-1.1368683772161603e-13,6642.049393580098,1.0
2026-06-25 07:00:00+00:00,97.51,68.41126164981046,-1.1368683772161603e-13,6670.782123473018,1.0
2026-06-25 08:00:00+00:00,97.45,68.41126164981046,-1.1368683772161603e-13,6666.677447774029,1.0
2026-06-25 09:00:00+00:00,96.865,68.41126164981046,-1.1368683772161603e-13,6626.65685970889,1.0
2026-06-25 10:00:00+00:00,96.297,68.41126164981046,-1.1368683772161603e-13,6587.799263091797,1.0
2026-06-25 11:00:00+00:00,96.054,68.41126164981046,-1.1368683772161603e-13,6571.175326510894,1.0
2026-06-25 12:00:00+00:00,95.792,68.41126164981046,-1.1368683772161603e-13,6553.251575958643,1.0
2026-06-25 13:00:00+00:00,86.888,68.41126164981046,-1.1368683772161603e-13,5944.117702228731,1.0
2026-06-25 14:00:00+00:00,88.488,68.41126164981046,-1.1368683772161603e-13,6053.575720868427,1.0
2026-06-25 15:00:00+00:00,87.353,68.41126164981046,-1.1368683772161603e-13,5975.928938895892,1.0
2026-06-25 16:00:00+00:00,85.668,68.41126164981046,-1.1368683772161603e-13,5860.655963015963,1.0
2026-06-25 17:00:00+00:00,87.439,68.41126164981046,-1.1368683772161603e-13,5981.812307397776,1.0
2026-06-25 18:00:00+00:00,86.615,68.41126164981046,-1.1368683772161603e-13,5925.441427798332,1.0
2026-06-25 19:00:00+00:00,85.33,68.41126164981046,-1.1368683772161603e-13,5837.532956578326,1.0
2026-06-25 20:00:00+00:00,85.118,68.41126164981046,-1.1368683772161603e-13,5823.029769108566,1.0
2026-06-25 21:00:00+00:00,86.263,68.41126164981046,-1.1368683772161603e-13,5901.3606636976,1.0
2026-06-25 22:00:00+00:00,85.24,68.41126164981046,-1.1368683772161603e-13,5831.375943029843,1.0
2026-06-25 23:00:00+00:00,85.525,68.41126164981046,-1.1368683772161603e-13,5850.873152600039,1.0
2026-06-26 00:00:00+00:00,85.46,68.41126164981046,-1.1368683772161603e-13,5846.426420592801,1.0
2026-06-26 01:00:00+00:00,84.42,68.41126164981046,-1.1368683772161603e-13,5775.278708476999,1.0
2026-06-26 02:00:00+00:00,82.38,68.41126164981046,-1.1368683772161603e-13,5635.719734711385,1.0
2026-06-26 03:00:00+00:00,85.48,68.41126164981046,-1.1368683772161603e-13,5847.794645825798,1.0
2026-06-26 04:00:00+00:00,83.77,68.41126164981046,-1.1368683772161603e-13,5730.8113884046215,1.0
2026-06-26 05:00:00+00:00,85.04,68.41126164981046,-1.1368683772161603e-13,5817.693690699882,1.0
2026-06-26 06:00:00+00:00,86.0,68.41126164981046,-1.1368683772161603e-13,5883.3685018836995,1.0
2026-06-26 07:00:00+00:00,86.88,68.41126164981046,-1.1368683772161603e-13,5943.570412135532,1.0
2026-06-26 08:00:00+00:00,85.07,68.41126164981046,-1.1368683772161603e-13,5819.746028549375,1.0
2026-06-26 09:00:00+00:00,85.01,68.41126164981046,-1.1368683772161603e-13,5815.641352850387,1.0
2026-06-26 10:00:00+00:00,84.56,68.41126164981046,-1.1368683772161603e-13,5784.856285107972,1.0
2026-06-26 11:00:00+00:00,83.7,68.41126164981046,-1.1368683772161603e-13,5726.022600089135,1.0
2026-06-26 12:00:00+00:00,83.3,68.41126164981046,-1.1368683772161603e-13,5698.65809542921,1.0
2026-06-26 13:00:00+00:00,87.23,68.41126164981046,-1.1368683772161603e-13,5967.514353712966,1.0
2026-06-26 14:00:00+00:00,84.907,68.41126164981046,-1.1368683772161603e-13,5808.594992900456,1.0
2026-06-26 15:00:00+00:00,85.915,68.41126164981046,-1.1368683772161603e-13,5877.553544643466,1.0
2026-06-26 16:00:00+00:00,85.16,68.41126164981046,-1.1368683772161603e-13,5825.903042097858,1.0
2026-06-26 17:00:00+00:00,84.55,68.41126164981046,-1.1368683772161603e-13,5784.172172491474,1.0
2026-06-26 18:00:00+00:00,82.38,68.41126164981046,-1.1368683772161603e-13,5635.719734711385,1.0
2026-06-26 19:00:00+00:00,82.0,68.41126164981046,-1.1368683772161603e-13,5609.7234552844575,1.0
2026-06-26 20:00:00+00:00,81.98,68.41126164981046,-1.1368683772161603e-13,5608.355230051461,1.0
2026-06-26 21:00:00+00:00,81.8,68.41126164981046,-1.1368683772161603e-13,5596.041202954495,1.0
2026-06-26 22:00:00+00:00,82.61,68.41126164981046,-1.1368683772161603e-13,5651.454324890842,1.0
2026-06-26 23:00:00+00:00,82.816,68.41126164981046,-1.1368683772161603e-13,5665.547044790703,1.0
2026-06-29 00:00:00+00:00,81.51,68.41126164981046,-1.1368683772161603e-13,5576.201937076051,1.0
2026-06-29 01:00:00+00:00,81.61,68.41126164981046,-1.1368683772161603e-13,5583.043063241032,1.0
2026-06-29 02:00:00+00:00,82.25,68.41126164981046,-1.1368683772161603e-13,5626.82627069691,1.0
2026-06-29 03:00:00+00:00,83.4,68.41126164981046,-1.1368683772161603e-13,5705.499221594192,1.0
2026-06-29 04:00:00+00:00,82.89,68.41126164981046,-1.1368683772161603e-13,5670.609478152789,1.0
2026-06-29 05:00:00+00:00,83.4,68.41126164981046,-1.1368683772161603e-13,5705.499221594192,1.0
2026-06-29 06:00:00+00:00,83.29,68.41126164981046,-1.1368683772161603e-13,5697.973982812713,1.0
2026-06-29 07:00:00+00:00,83.48,68.41126164981046,-1.1368683772161603e-13,5710.972122526177,1.0
2026-06-29 08:00:00+00:00,83.15,68.41126164981046,-1.1368683772161603e-13,5688.39640618174,1.0
2026-06-29 09:00:00+00:00,83.74,68.41126164981046,-1.1368683772161603e-13,5728.759050555127,1.0
2026-06-29 10:00:00+00:00,84.16,68.41126164981046,-1.1368683772161603e-13,5757.491780448047,1.0
2026-06-29 11:00:00+00:00,83.7,68.41126164981046,-1.1368683772161603e-13,5726.022600089135,1.0
2026-06-29 12:00:00+00:00,85.98,68.41126164981046,-1.1368683772161603e-13,5882.000276650703,1.0
2026-06-29 13:00:00+00:00,85.54,68.41126164981046,-1.1368683772161603e-13,5851.8993215247865,1.0
2026-06-29 14:00:00+00:00,86.377,68.41126164981046,-1.1368683772161603e-13,5909.159547525677,1.0
2026-06-29 15:00:00+00:00,88.72,68.41126164981046,-1.1368683772161603e-13,6069.447133571183,1.0
2026-06-29 16:00:00+00:00,89.38,68.41126164981046,-1.1368683772161603e-13,6114.598566260058,1.0
2026-06-29 17:00:00+00:00,94.01,68.41126164981046,-1.1368683772161603e-13,6431.342707698681,1.0
2026-06-29 18:00:00+00:00,92.73,68.41126164981046,-1.1368683772161603e-13,6343.7762927869235,1.0
2026-06-29 19:00:00+00:00,92.63,68.41126164981046,-1.1368683772161603e-13,6336.935166621942,1.0
2026-06-29 20:00:00+00:00,92.26,68.41126164981046,-1.1368683772161603e-13,6311.622999811513,1.0
2026-06-29 21:00:00+00:00,93.68,68.41126164981046,-1.1368683772161603e-13,6408.766991354244,1.0
2026-06-29 22:00:00+00:00,93.58,68.41126164981046,-1.1368683772161603e-13,6401.925865189262,1.0
2026-06-29 23:00:00+00:00,93.0,68.41126164981046,-1.1368683772161603e-13,6362.247333432372,1.0
2026-06-30 00:00:00+00:00,92.14,68.41126164981046,-1.1368683772161603e-13,6303.413648413535,1.0
2026-06-30 01:00:00+00:00,92.31,68.41126164981046,-1.1368683772161603e-13,6315.043562894003,1.0
2026-06-30 02:00:00+00:00,92.38,68.41126164981046,-1.1368683772161603e-13,6319.832351209489,1.0
2026-06-30 03:00:00+00:00,91.36,68.41126164981046,-1.1368683772161603e-13,6250.052864326683,1.0
2026-06-30 04:00:00+00:00,91.12,68.41126164981046,-1.1368683772161603e-13,6233.634161530729,1.0
2026-06-30 05:00:00+00:00,91.1,68.41126164981046,-1.1368683772161603e-13,6232.265936297732,1.0
2026-06-30 06:00:00+00:00,91.09,68.41126164981046,-1.1368683772161603e-13,6231.581823681235,1.0
2026-06-30 07:00:00+00:00,90.69,68.41126164981046,-1.1368683772161603e-13,6204.21731902131,1.0
2026-06-30 08:00:00+00:00,89.34,68.41126164981046,-1.1368683772161603e-13,6111.862115794066,1.0
2026-06-30 09:00:00+00:00,89.65,68.41126164981046,-1.1368683772161603e-13,6133.0696069055075,1.0
2026-06-30 10:00:00+00:00,89.71,68.41126164981046,-1.1368683772161603e-13,6137.174282604496,1.0
2026-06-30 11:00:00+00:00,89.54,68.41126164981046,-1.1368683772161603e-13,6125.544368124029,1.0
2026-06-30 12:00:00+00:00,87.05,68.41126164981046,-1.1368683772161603e-13,5955.200326616,1.0
2026-06-30 13:00:00+00:00,84.65,68.41126164981046,-1.1368683772161603e-13,5791.013298656456,1.0
2026-06-30 14:00:00+00:00,83.99,68.41126164981046,-1.1368683772161603e-13,5745.861865967579,1.0
2026-06-30 15:00:00+00:00,85.52,68.41126164981046,-1.1368683772161603e-13,5850.53109629179,1.0
2026-06-30 16:00:00+00:00,85.945,68.41126164981046,-1.1368683772161603e-13,5879.60588249296,1.0
2026-06-30 17:00:00+00:00,85.11,68.41126164981046,-1.1368683772161603e-13,5822.482479015368,1.0
2026-06-30 18:00:00+00:00,85.265,68.41126164981046,-1.1368683772161603e-13,5833.086224571089,1.0
2026-06-30 19:00:00+00:00,86.93,68.41126164981046,-1.1368683772161603e-13,5946.990975218024,1.0
2026-06-30 20:00:00+00:00,86.71,68.41126164981046,-1.1368683772161603e-13,5931.940497655064,1.0
2026-06-30 21:00:00+00:00,86.6,68.41126164981046,-1.1368683772161603e-13,5924.415258873585,1.0
2026-06-30 22:00:00+00:00,86.26,68.41126164981046,-1.1368683772161603e-13,5901.15542991265,1.0
2026-06-30 23:00:00+00:00,86.24,68.41126164981046,-1.1368683772161603e-13,5899.787204679654,1.0
2026-07-01 00:00:00+00:00,86.29,68.41126164981046,-1.1368683772161603e-13,5903.207767762145,1.0
2026-07-01 01:00:00+00:00,86.51,68.41126164981046,-1.1368683772161603e-13,5918.2582453251025,1.0
2026-07-01 02:00:00+00:00,87.7,68.41126164981046,-1.1368683772161603e-13,5999.667646688377,1.0
2026-07-01 03:00:00+00:00,88.11,68.41126164981046,-1.1368683772161603e-13,6027.7162639647995,1.0
2026-07-01 04:00:00+00:00,88.44,68.41126164981046,-1.1368683772161603e-13,6050.291980309236,1.0
2026-07-01 05:00:00+00:00,87.7,68.41126164981046,-1.1368683772161603e-13,5999.667646688377,1.0
2026-07-01 06:00:00+00:00,86.72,68.41126164981046,-1.1368683772161603e-13,5932.624610271562,1.0
2026-07-01 07:00:00+00:00,87.18,68.41126164981046,-1.1368683772161603e-13,5964.093790630476,1.0
2026-07-01 08:00:00+00:00,86.99,68.41126164981046,-1.1368683772161603e-13,5951.095650917011,1.0
2026-07-01 09:00:00+00:00,87.86,68.41126164981046,-1.1368683772161603e-13,6010.613448552346,1.0
2026-07-01 10:00:00+00:00,87.28,68.41126164981046,-1.1368683772161603e-13,5970.934916795457,1.0
2026-07-01 11:00:00+00:00,86.97,68.41126164981046,-1.1368683772161603e-13,5949.7274256840155,1.0
2026-07-01 12:00:00+00:00,86.6,68.41126164981046,-1.1368683772161603e-13,5924.415258873585,1.0
2026-07-01 13:00:00+00:00,93.046,68.41126164981046,-1.1368683772161603e-13,6365.394251468264,1.0
2026-07-01 14:00:00+00:00,94.15,68.41126164981046,-1.1368683772161603e-13,6440.920284329654,1.0
2026-07-01 15:00:00+00:00,96.905,68.41126164981046,-1.1368683772161603e-13,6629.393310174883,1.0
2026-07-01 16:00:00+00:00,97.27,68.41126164981046,-1.1368683772161603e-13,6654.363420677063,1.0
2026-07-01 17:00:00+00:00,97.085,68.41126164981046,-1.1368683772161603e-13,6641.707337271848,1.0
2026-07-01 18:00:00+00:00,95.38,68.41126164981046,-1.1368683772161603e-13,6525.066136158921,1.0
2026-07-01 19:00:00+00:00,93.395,68.41126164981046,-1.1368683772161603e-13,6389.269781784047,1.0
2026-07-01 20:00:00+00:00,93.18,68.41126164981046,-1.1368683772161603e-13,6374.561360529338,1.0
2026-07-01 21:00:00+00:00,96.5,68.41126164981046,-1.1368683772161603e-13,6601.686749206709,1.0
2026-07-01 22:00:00+00:00,96.0,68.41126164981046,-1.1368683772161603e-13,6567.481118381804,1.0
2026-07-01 23:00:00+00:00,94.34,68.41126164981046,-1.1368683772161603e-13,6453.918424043119,1.0
2026-07-02 00:00:00+00:00,93.99,68.41126164981046,-1.1368683772161603e-13,6429.974482465685,1.0
2026-07-02 01:00:00+00:00,94.99,68.41126164981046,-1.1368683772161603e-13,6498.385744115495,1.0
2026-07-02 02:00:00+00:00,95.4,68.41126164981046,-1.1368683772161603e-13,6526.434361391918,1.0
2026-07-02 03:00:00+00:00,96.98,68.41126164981046,-1.1368683772161603e-13,6634.524154798618,1.0
2026-07-02 04:00:00+00:00,96.16,68.41126164981046,-1.1368683772161603e-13,6578.4269202457735,1.0
2026-07-02 05:00:00+00:00,95.44,68.41126164981046,-1.1368683772161603e-13,6529.17081185791,1.0
2026-07-02 06:00:00+00:00,94.65,68.41126164981046,-1.1368683772161603e-13,6475.12591515456,1.0
2026-07-02 07:00:00+00:00,94.56,68.41126164981046,-1.1368683772161603e-13,6468.9689016060765,1.0
2026-07-02 08:00:00+00:00,96.62,68.41126164981046,-1.1368683772161603e-13,6609.896100604687,1.0
2026-07-02 09:00:00+00:00,98.3,68.41126164981046,-1.1368683772161603e-13,6724.827020176368,1.0
2026-07-02 10:00:00+00:00,99.2,68.41126164981046,-1.1368683772161603e-13,6786.397155661198,1.0
2026-07-02 11:00:00+00:00,98.66,68.41126164981046,-1.1368683772161603e-13,6749.455074370299,1.0
2026-07-02 12:00:00+00:00,99.08,68.41126164981046,-1.1368683772161603e-13,6778.18780426322,1.0
2026-07-02 13:00:00+00:00,102.36,68.41126164981046,-1.1368683772161603e-13,7002.576742474598,1.0
2026-07-02 14:00:00+00:00,101.5,68.41126164981046,-1.1368683772161603e-13,6943.743057455761,1.0
2026-07-02 15:00:00+00:00,99.18,68.41126164981046,-1.1368683772161603e-13,6785.028930428201,1.0
2026-07-02 16:00:00+00:00,100.223,68.41126164981046,-1.1368683772161603e-13,6856.381876328953,1.0
2026-07-02 17:00:00+00:00,99.48,68.41126164981046,-1.1368683772161603e-13,6805.552308923145,1.0
2026-07-02 18:00:00+00:00,101.22,68.41126164981046,-1.1368683772161603e-13,6924.587904193814,1.0
2026-07-02 19:00:00+00:00,100.75,68.41126164981046,-1.1368683772161603e-13,6892.434611218403,1.0
2026-07-02 20:00:00+00:00,101.13,68.41126164981046,-1.1368683772161603e-13,6918.430890645331,1.0
2026-07-02 21:00:00+00:00,101.1,68.41126164981046,-1.1368683772161603e-13,6916.378552795837,1.0
2026-07-02 22:00:00+00:00,101.19,68.41126164981046,-1.1368683772161603e-13,6922.53556634432,1.0
2026-07-02 23:00:00+00:00,101.89,68.41126164981046,-1.1368683772161603e-13,6970.423449499187,1.0
2026-07-03 00:00:00+00:00,101.99,68.41126164981046,-1.1368683772161603e-13,6977.264575664168,1.0
2026-07-03 02:00:00+00:00,102.01,68.41126164981046,-1.1368683772161603e-13,6978.632800897165,1.0
2026-07-03 03:00:00+00:00,102.05,68.41126164981046,-1.1368683772161603e-13,6981.369251363157,1.0
2026-07-03 04:00:00+00:00,102.07,68.41126164981046,-1.1368683772161603e-13,6982.737476596153,1.0
2026-07-03 05:00:00+00:00,102.29,68.41126164981046,-1.1368683772161603e-13,6997.787954159112,1.0
2026-07-03 06:00:00+00:00,102.34,68.41126164981046,-1.1368683772161603e-13,7001.208517241602,1.0
2026-07-03 07:00:00+00:00,102.22,68.41126164981046,-1.1368683772161603e-13,6992.999165843625,1.0
2026-07-03 08:00:00+00:00,102.31,68.41126164981046,-1.1368683772161603e-13,6999.156179392108,1.0
2026-07-03 09:00:00+00:00,102.22,68.41126164981046,-1.1368683772161603e-13,6992.999165843625,1.0
2026-07-03 10:00:00+00:00,102.41,68.41126164981046,-1.1368683772161603e-13,7005.997305557088,1.0
2026-07-03 11:00:00+00:00,103.41,68.41126164981046,-1.1368683772161603e-13,7074.408567206899,1.0
2026-07-03 13:00:00+00:00,103.06,68.41126164981046,-1.1368683772161603e-13,7050.464625629465,1.0
2026-07-03 14:00:00+00:00,103.01,68.41126164981046,-1.1368683772161603e-13,7047.0440625469755,1.0
2026-07-03 15:00:00+00:00,103.46,68.41126164981046,-1.1368683772161603e-13,7077.8291302893895,1.0
2026-07-03 16:00:00+00:00,103.48,68.41126164981046,-1.1368683772161603e-13,7079.197355522386,1.0
2026-07-03 18:00:00+00:00,103.86,68.41126164981046,-1.1368683772161603e-13,7105.1936349493135,1.0
2026-07-03 19:00:00+00:00,104.05,68.41126164981046,-1.1368683772161603e-13,7118.191774662778,1.0
2026-07-03 20:00:00+00:00,105.71,68.41126164981046,-1.1368683772161603e-13,7231.754469001463,1.0
2026-07-03 21:00:00+00:00,105.71,68.41126164981046,-1.1368683772161603e-13,7231.754469001463,1.0
2026-07-04 01:00:00+00:00,104.59,68.41126164981046,-1.1368683772161603e-13,7155.133855953676,1.0
2026-07-04 02:00:00+00:00,103.82,68.41126164981046,-1.1368683772161603e-13,7102.457184483321,1.0
2026-07-04 04:00:00+00:00,104.34,68.41126164981046,-1.1368683772161603e-13,7138.031040541223,1.0
2026-07-04 05:00:00+00:00,104.49,68.41126164981046,-1.1368683772161603e-13,7148.2927297886945,1.0
2026-07-04 06:00:00+00:00,103.9,68.41126164981046,-1.1368683772161603e-13,7107.930085415307,1.0
2026-07-04 08:00:00+00:00,103.9,68.41126164981046,-1.1368683772161603e-13,7107.930085415307,1.0
2026-07-04 09:00:00+00:00,104.4,68.41126164981046,-1.1368683772161603e-13,7142.135716240212,1.0
2026-07-04 10:00:00+00:00,103.9,68.41126164981046,-1.1368683772161603e-13,7107.930085415307,1.0
2026-07-04 11:00:00+00:00,104.3,68.41126164981046,-1.1368683772161603e-13,7135.29459007523,1.0
2026-07-04 13:00:00+00:00,105.14,68.41126164981046,-1.1368683772161603e-13,7192.760049861071,1.0
2026-07-04 14:00:00+00:00,105.85,68.41126164981046,-1.1368683772161603e-13,7241.332045632436,1.0
2026-07-04 15:00:00+00:00,106.45,68.41126164981046,-1.1368683772161603e-13,7282.378802622323,1.0
2026-07-04 16:00:00+00:00,106.69,68.41126164981046,-1.1368683772161603e-13,7298.797505418277,1.0
2026-07-04 17:00:00+00:00,107.24,68.41126164981046,-1.1368683772161603e-13,7336.423699325673,1.0
2026-07-04 18:00:00+00:00,107.05,68.41126164981046,-1.1368683772161603e-13,7323.425559612209,1.0
2026-07-04 19:00:00+00:00,107.35,68.41126164981046,-1.1368683772161603e-13,7343.948938107152,1.0
2026-07-04 20:00:00+00:00,106.97,68.41126164981046,-1.1368683772161603e-13,7317.952658680224,1.0
2026-07-04 21:00:00+00:00,108.2,68.41126164981046,-1.1368683772161603e-13,7402.0985105094915,1.0
2026-07-04 22:00:00+00:00,107.8,68.41126164981046,-1.1368683772161603e-13,7374.7340058495665,1.0
2026-07-04 23:00:00+00:00,107.53,68.41126164981046,-1.1368683772161603e-13,7356.262965204119,1.0
2026-07-05 00:00:00+00:00,107.36,68.41126164981046,-1.1368683772161603e-13,7344.633050723651,1.0
2026-07-05 01:00:00+00:00,107.33,68.41126164981046,-1.1368683772161603e-13,7342.580712874156,1.0
2026-07-05 02:00:00+00:00,106.6,68.41126164981046,-1.1368683772161603e-13,7292.6404918697945,1.0
2026-07-05 03:00:00+00:00,106.26,68.41126164981046,-1.1368683772161603e-13,7269.380662908859,1.0
2026-07-05 05:00:00+00:00,106.25,68.41126164981046,-1.1368683772161603e-13,7268.696550292361,1.0
2026-07-05 06:00:00+00:00,106.2,68.41126164981046,-1.1368683772161603e-13,7265.27598720987,1.0
2026-07-05 07:00:00+00:00,106.12,68.41126164981046,-1.1368683772161603e-13,7259.803086277886,1.0
2026-07-05 09:00:00+00:00,106.06,68.41126164981046,-1.1368683772161603e-13,7255.698410578897,1.0
2026-07-05 10:00:00+00:00,106.03,68.41126164981046,-1.1368683772161603e-13,7253.6460727294025,1.0
2026-07-05 11:00:00+00:00,106.85,68.41126164981046,-1.1368683772161603e-13,7309.743307282247,1.0
2026-07-05 12:00:00+00:00,106.65,68.41126164981046,-1.1368683772161603e-13,7296.061054952285,1.0
2026-07-05 13:00:00+00:00,106.65,68.41126164981046,-1.1368683772161603e-13,7296.061054952285,1.0
2026-07-05 16:00:00+00:00,106.68,68.41126164981046,-1.1368683772161603e-13,7298.11339280178,1.0
2026-07-05 18:00:00+00:00,106.88,68.41126164981046,-1.1368683772161603e-13,7311.795645131741,1.0
2026-07-05 21:00:00+00:00,106.88,68.41126164981046,-1.1368683772161603e-13,7311.795645131741,1.0
2026-07-05 22:00:00+00:00,106.91,68.41126164981046,-1.1368683772161603e-13,7313.847982981236,1.0
2026-07-05 23:00:00+00:00,106.99,68.41126164981046,-1.1368683772161603e-13,7319.32088391322,1.0
2026-07-06 00:00:00+00:00,107.67,68.41126164981046,-1.1368683772161603e-13,7365.840541835092,1.0
2026-07-06 01:00:00+00:00,106.51,68.41126164981046,-1.1368683772161603e-13,7286.483478321312,1.0
2026-07-06 02:00:00+00:00,105.63,68.41126164981046,-1.1368683772161603e-13,7226.281568069478,1.0
2026-07-06 03:00:00+00:00,105.25,68.41126164981046,-1.1368683772161603e-13,7200.285288642551,1.0
2026-07-06 04:00:00+00:00,104.8,68.41126164981046,-1.1368683772161603e-13,7169.500220900136,1.0
2026-07-06 05:00:00+00:00,104.75,68.41126164981046,-1.1368683772161603e-13,7166.079657817645,1.0
2026-07-06 06:00:00+00:00,104.32,68.41126164981046,-1.1368683772161603e-13,7136.6628153082265,1.0
2026-07-06 07:00:00+00:00,105.09,68.41126164981046,-1.1368683772161603e-13,7189.339486778581,1.0
2026-07-06 08:00:00+00:00,104.54,68.41126164981046,-1.1368683772161603e-13,7151.713292871185,1.0
2026-07-06 09:00:00+00:00,103.92,68.41126164981046,-1.1368683772161603e-13,7109.2983106483025,1.0
2026-07-06 10:00:00+00:00,104.19,68.41126164981046,-1.1368683772161603e-13,7127.769351293751,1.0
2026-07-06 11:00:00+00:00,102.39,68.41126164981046,-1.1368683772161603e-13,7004.629080324093,1.0
2026-07-06 12:00:00+00:00,97.0,68.41126164981046,-1.1368683772161603e-13,6635.892380031614,1.0
2026-07-06 13:00:00+00:00,99.08,68.41126164981046,-1.1368683772161603e-13,6778.18780426322,1.0
2026-07-06 14:00:00+00:00,98.28,68.41126164981046,-1.1368683772161603e-13,6723.458794943372,1.0
2026-07-06 15:00:00+00:00,101.91,68.41126164981046,-1.1368683772161603e-13,6971.791674732183,1.0
2026-07-06 16:00:00+00:00,101.761,68.41126164981046,-1.1368683772161603e-13,6961.598396746362,1.0
2026-07-06 17:00:00+00:00,101.2,68.41126164981046,-1.1368683772161603e-13,6923.219678960818,1.0
2026-07-06 18:00:00+00:00,100.93,68.41126164981046,-1.1368683772161603e-13,6904.74863831537,1.0
2026-07-06 19:00:00+00:00,100.76,68.41126164981046,-1.1368683772161603e-13,6893.118723834902,1.0
2026-07-06 20:00:00+00:00,101.99,68.41126164981046,-1.1368683772161603e-13,6977.264575664168,1.0
2026-07-06 21:00:00+00:00,102.99,68.41126164981046,-1.1368683772161603e-13,7045.675837313978,1.0
2026-07-06 22:00:00+00:00,102.72,68.41126164981046,-1.1368683772161603e-13,7027.2047966685295,1.0
2026-07-06 23:00:00+00:00,101.875,68.41126164981046,-1.1368683772161603e-13,6969.397280574441,1.0
2026-07-07 00:00:00+00:00,102.43,68.41126164981046,-1.1368683772161603e-13,7007.365530790085,1.0
2026-07-07 01:00:00+00:00,101.31,68.41126164981046,-1.1368683772161603e-13,6930.744917742298,1.0
2026-07-07 02:00:00+00:00,98.92,68.41126164981046,-1.1368683772161603e-13,6767.242002399251,1.0
2026-07-07 03:00:00+00:00,98.28,68.41126164981046,-1.1368683772161603e-13,6723.458794943372,1.0
2026-07-07 04:00:00+00:00,98.29,68.41126164981046,-1.1368683772161603e-13,6724.14290755987,1.0
2026-07-07 05:00:00+00:00,99.02,68.41126164981046,-1.1368683772161603e-13,6774.083128564231,1.0
2026-07-07 06:00:00+00:00,100.18,68.41126164981046,-1.1368683772161603e-13,6853.440192078012,1.0
2026-07-07 07:00:00+00:00,99.59,68.41126164981046,-1.1368683772161603e-13,6813.077547704624,1.0
2026-07-07 08:00:00+00:00,99.51,68.41126164981046,-1.1368683772161603e-13,6807.604646772639,1.0
2026-07-07 09:00:00+00:00,99.86,68.41126164981046,-1.1368683772161603e-13,6831.548588350072,1.0
2026-07-07 10:00:00+00:00,100.76,68.41126164981046,-1.1368683772161603e-13,6893.118723834902,1.0
2026-07-07 11:00:00+00:00,100.969,68.41126164981046,-1.1368683772161603e-13,6907.416677519712,1.0
2026-07-07 12:00:00+00:00,101.35,68.41126164981046,-1.1368683772161603e-13,6933.4813682082895,1.0
2026-07-07 13:00:00+00:00,99.66,68.41126164981046,-1.1368683772161603e-13,6817.86633602011,1.0
2026-07-07 14:00:00+00:00,99.37,68.41126164981046,-1.1368683772161603e-13,6798.027070141666,1.0
2026-07-07 15:00:00+00:00,100.34,68.41126164981046,-1.1368683772161603e-13,6864.385993941982,1.0
2026-07-07 16:00:00+00:00,102.33,68.41126164981046,-1.1368683772161603e-13,7000.524404625104,1.0
2026-07-07 17:00:00+00:00,101.47,68.41126164981046,-1.1368683772161603e-13,6941.690719606267,1.0
2026-07-07 18:00:00+00:00,97.78,68.41126164981046,-1.1368683772161603e-13,6689.253164118467,1.0
2026-07-07 19:00:00+00:00,97.35,68.41126164981046,-1.1368683772161603e-13,6659.836321609047,1.0
2026-07-07 20:00:00+00:00,97.08,68.41126164981046,-1.1368683772161603e-13,6641.365280963599,1.0
2026-07-07 21:00:00+00:00,96.41,68.41126164981046,-1.1368683772161603e-13,6595.529735658226,1.0
2026-07-07 22:00:00+00:00,95.84,68.41126164981046,-1.1368683772161603e-13,6556.535316517834,1.0
2026-07-07 23:00:00+00:00,95.45,68.41126164981046,-1.1368683772161603e-13,6529.854924474408,1.0
2026-07-08 00:00:00+00:00,97.15,68.41126164981046,-1.1368683772161603e-13,6646.154069279086,1.0
2026-07-08 01:00:00+00:00,95.77,68.41126164981046,-1.1368683772161603e-13,6551.746528202347,1.0
2026-07-08 02:00:00+00:00,96.16,68.41126164981046,-1.1368683772161603e-13,6578.4269202457735,1.0
2026-07-08 03:00:00+00:00,95.65,68.41126164981046,-1.1368683772161603e-13,6543.537176804371,1.0
2026-07-08 04:00:00+00:00,95.77,68.41126164981046,-1.1368683772161603e-13,6551.746528202347,1.0
2026-07-08 05:00:00+00:00,95.48,68.41126164981046,-1.1368683772161603e-13,6531.907262323903,1.0
2026-07-08 06:00:00+00:00,95.73,68.41126164981046,-1.1368683772161603e-13,6549.010077736355,1.0
2026-07-08 07:00:00+00:00,96.64,68.41126164981046,-1.1368683772161603e-13,6611.264325837683,1.0
2026-07-08 08:00:00+00:00,93.19,68.41126164981046,-1.1368683772161603e-13,6375.2454731458365,1.0
2026-07-08 09:00:00+00:00,93.41,68.41126164981046,-1.1368683772161603e-13,6390.295950708794,1.0
2026-07-08 10:00:00+00:00,93.14,68.41126164981046,-1.1368683772161603e-13,6371.824910063346,1.0
2026-07-08 11:00:00+00:00,94.66,68.41126164981046,-1.1368683772161603e-13,6475.810027771057,1.0
2026-07-08 12:00:00+00:00,94.99,68.41126164981046,-1.1368683772161603e-13,6498.385744115495,1.0
2026-07-08 13:00:00+00:00,93.64,68.41126164981046,-1.1368683772161603e-13,6406.030540888251,1.0
2026-07-08 14:00:00+00:00,93.335,68.41126164981046,-1.1368683772161603e-13,6385.165106085058,1.0
2026-07-08 15:00:00+00:00,93.31,68.41126164981046,-1.1368683772161603e-13,6383.454824543814,1.0
2026-07-08 16:00:00+00:00,94.18,68.41126164981046,-1.1368683772161603e-13,6442.972622179149,1.0
2026-07-08 17:00:00+00:00,93.9,68.41126164981046,-1.1368683772161603e-13,6423.817468917202,1.0
2026-07-08 18:00:00+00:00,93.96,68.41126164981046,-1.1368683772161603e-13,6427.92214461619,1.0
2026-07-08 19:00:00+00:00,93.84,68.41126164981046,-1.1368683772161603e-13,6419.712793218214,1.0
2026-07-08 20:00:00+00:00,93.53,68.41126164981046,-1.1368683772161603e-13,6398.505302106772,1.0
2026-07-08 21:00:00+00:00,93.56,68.41126164981046,-1.1368683772161603e-13,6400.557639956266,1.0
2026-07-08 22:00:00+00:00,93.85,68.41126164981046,-1.1368683772161603e-13,6420.396905834711,1.0
2026-07-08 23:00:00+00:00,93.71,68.41126164981046,-1.1368683772161603e-13,6410.819329203738,1.0
2026-07-09 00:00:00+00:00,94.26,68.41126164981046,-1.1368683772161603e-13,6448.445523111134,1.0
2026-07-09 01:00:00+00:00,93.65,68.41126164981046,-1.1368683772161603e-13,6406.71465350475,1.0
2026-07-09 02:00:00+00:00,93.3,68.41126164981046,-1.1368683772161603e-13,6382.7707119273155,1.0
2026-07-09 03:00:00+00:00,94.0,68.41126164981046,-1.1368683772161603e-13,6430.658595082183,1.0
2026-07-09 04:00:00+00:00,94.9,68.41126164981046,-1.1368683772161603e-13,6492.2287305670125,1.0
2026-07-09 05:00:00+00:00,95.21,68.41126164981046,-1.1368683772161603e-13,6513.436221678453,1.0
2026-07-09 06:00:00+00:00,95.59,68.41126164981046,-1.1368683772161603e-13,6539.432501105382,1.0
2026-07-09 07:00:00+00:00,95.97,68.41126164981046,-1.1368683772161603e-13,6565.428780532309,1.0
2026-07-09 08:00:00+00:00,95.53,68.41126164981046,-1.1368683772161603e-13,6535.327825406393,1.0
2026-07-09 09:00:00+00:00,95.19,68.41126164981046,-1.1368683772161603e-13,6512.0679964454575,1.0
2026-07-09 10:00:00+00:00,95.19,68.41126164981046,-1.1368683772161603e-13,6512.0679964454575,1.0
2026-07-09 11:00:00+00:00,94.08,68.41126164981046,-1.1368683772161603e-13,6436.131496014167,1.0
2026-07-09 12:00:00+00:00,94.75,68.41126164981046,-1.1368683772161603e-13,6481.967041319541,1.0
2026-07-09 13:00:00+00:00,96.23,68.41126164981046,-1.1368683772161603e-13,6583.215708561261,1.0
2026-07-09 14:00:00+00:00,95.304,68.41126164981046,-1.1368683772161603e-13,6519.866880273536,1.0
2026-07-09 15:00:00+00:00,95.69,68.41126164981046,-1.1368683772161603e-13,6546.273627270362,1.0
2026-07-09 16:00:00+00:00,94.63,68.41126164981046,-1.1368683772161603e-13,6473.757689921563,1.0
2026-07-09 17:00:00+00:00,95.23,68.41126164981046,-1.1368683772161603e-13,6514.80444691145,1.0
2026-07-09 18:00:00+00:00,95.36,68.41126164981046,-1.1368683772161603e-13,6523.697910925925,1.0
2026-07-09 19:00:00+00:00,93.85,68.41126164981046,-1.1368683772161603e-13,6420.396905834711,1.0
2026-07-09 20:00:00+00:00,93.69,68.41126164981046,-1.1368683772161603e-13,6409.451103970741,1.0
2026-07-09 21:00:00+00:00,93.945,68.41126164981046,-1.1368683772161603e-13,6426.895975691443,1.0
2026-07-09 22:00:00+00:00,94.072,68.41126164981046,-1.1368683772161603e-13,6435.584205920969,1.0
2026-07-09 23:00:00+00:00,94.161,68.41126164981046,-1.1368683772161603e-13,6441.6728082078025,1.0
2026-07-10 00:00:00+00:00,93.8,68.41126164981046,-1.1368683772161603e-13,6416.97634275222,1.0
2026-07-10 01:00:00+00:00,95.23,68.41126164981046,-1.1368683772161603e-13,6514.80444691145,1.0
2026-07-10 02:00:00+00:00,95.89,68.41126164981046,-1.1368683772161603e-13,6559.955879600325,1.0
2026-07-10 03:00:00+00:00,95.92,68.41126164981046,-1.1368683772161603e-13,6562.008217449819,1.0
2026-07-10 04:00:00+00:00,96.09,68.41126164981046,-1.1368683772161603e-13,6573.638131930287,1.0
2026-07-10 05:00:00+00:00,96.25,68.41126164981046,-1.1368683772161603e-13,6584.583933794256,1.0
2026-07-10 06:00:00+00:00,95.32,68.41126164981046,-1.1368683772161603e-13,6520.961460459932,1.0
2026-07-10 07:00:00+00:00,95.63,68.41126164981046,-1.1368683772161603e-13,6542.168951571373,1.0
2026-07-10 08:00:00+00:00,97.28,68.41126164981046,-1.1368683772161603e-13,6655.047533293561,1.0
2026-07-10 09:00:00+00:00,98.19,68.41126164981046,-1.1368683772161603e-13,6717.301781394888,1.0
2026-07-10 10:00:00+00:00,98.873,68.41126164981046,-1.1368683772161603e-13,6764.026673101709,1.0
2026-07-10 11:00:00+00:00,98.91,68.41126164981046,-1.1368683772161603e-13,6766.557889782752,1.0
2026-07-10 12:00:00+00:00,98.02,68.41126164981046,-1.1368683772161603e-13,6705.67186691442,1.0
2026-07-10 13:00:00+00:00,97.51,68.41126164981046,-1.1368683772161603e-13,6670.782123473018,1.0
2026-07-10 14:00:00+00:00,94.72,68.41126164981046,-1.1368683772161603e-13,6479.914703470046,1.0
2026-07-10 15:00:00+00:00,94.42,68.41126164981046,-1.1368683772161603e-13,6459.391324975103,1.0
2026-07-10 16:00:00+00:00,95.11,68.41126164981046,-1.1368683772161603e-13,6506.595095513472,1.0
2026-07-10 17:00:00+00:00,93.83,68.41126164981046,-1.1368683772161603e-13,6419.028680601715,1.0
2026-07-10 18:00:00+00:00,93.62,68.41126164981046,-1.1368683772161603e-13,6404.662315655255,1.0
2026-07-10 19:00:00+00:00,94.62,68.41126164981046,-1.1368683772161603e-13,6473.073577305066,1.0
2026-07-10 20:00:00+00:00,94.46,68.41126164981046,-1.1368683772161603e-13,6462.127775441095,1.0
2026-07-10 21:00:00+00:00,94.675,68.41126164981046,-1.1368683772161603e-13,6476.836196695805,1.0
2026-07-10 22:00:00+00:00,94.63,68.41126164981046,-1.1368683772161603e-13,6473.757689921563,1.0
2026-07-10 23:00:00+00:00,94.71,68.41126164981046,-1.1368683772161603e-13,6479.230590853548,1.0
2026-07-11 00:00:00+00:00,94.894,68.41126164981046,-1.1368683772161603e-13,6491.818262997113,1.0
2026-07-11 05:00:00+00:00,100.19,68.41126164981046,-1.1368683772161603e-13,6854.124304694509,1.0
2026-07-11 08:00:00+00:00,95.35,68.41126164981046,-1.1368683772161603e-13,6523.013798309426,1.0
2026-07-11 09:00:00+00:00,95.36,68.41126164981046,-1.1368683772161603e-13,6523.697910925925,1.0
2026-07-11 11:00:00+00:00,95.48,68.41126164981046,-1.1368683772161603e-13,6531.907262323903,1.0
2026-07-11 12:00:00+00:00,95.61,68.41126164981046,-1.1368683772161603e-13,6540.800726338378,1.0
2026-07-11 13:00:00+00:00,95.8,68.41126164981046,-1.1368683772161603e-13,6553.798866051841,1.0
2026-07-11 14:00:00+00:00,95.92,68.41126164981046,-1.1368683772161603e-13,6562.008217449819,1.0
2026-07-11 15:00:00+00:00,95.89,68.41126164981046,-1.1368683772161603e-13,6559.955879600325,1.0
2026-07-11 16:00:00+00:00,95.99,68.41126164981046,-1.1368683772161603e-13,6566.797005765306,1.0
2026-07-11 17:00:00+00:00,95.76,68.41126164981046,-1.1368683772161603e-13,6551.0624155858495,1.0
2026-07-11 18:00:00+00:00,95.87,68.41126164981046,-1.1368683772161603e-13,6558.5876543673285,1.0
2026-07-11 20:00:00+00:00,95.89,68.41126164981046,-1.1368683772161603e-13,6559.955879600325,1.0
2026-07-11 21:00:00+00:00,95.89,68.41126164981046,-1.1368683772161603e-13,6559.955879600325,1.0
2026-07-11 23:00:00+00:00,94.81,68.41126164981046,-1.1368683772161603e-13,6486.07171701853,1.0
2026-07-12 01:00:00+00:00,95.05,68.41126164981046,-1.1368683772161603e-13,6502.490419814483,1.0
2026-07-12 03:00:00+00:00,95.1,68.41126164981046,-1.1368683772161603e-13,6505.910982896974,1.0
2026-07-12 05:00:00+00:00,95.11,68.41126164981046,-1.1368683772161603e-13,6506.595095513472,1.0
2026-07-12 06:00:00+00:00,95.11,68.41126164981046,-1.1368683772161603e-13,6506.595095513472,1.0
2026-07-12 08:00:00+00:00,95.8,68.41126164981046,-1.1368683772161603e-13,6553.798866051841,1.0
2026-07-12 11:00:00+00:00,96.24,68.41126164981046,-1.1368683772161603e-13,6583.899821177758,1.0
2026-07-12 12:00:00+00:00,96.26,68.41126164981046,-1.1368683772161603e-13,6585.268046410755,1.0
2026-07-12 13:00:00+00:00,96.26,68.41126164981046,-1.1368683772161603e-13,6585.268046410755,1.0
2026-07-12 14:00:00+00:00,96.19,68.41126164981046,-1.1368683772161603e-13,6580.479258095267,1.0
2026-07-12 15:00:00+00:00,95.88,68.41126164981046,-1.1368683772161603e-13,6559.271766983827,1.0
2026-07-12 16:00:00+00:00,96.28,68.41126164981046,-1.1368683772161603e-13,6586.636271643751,1.0
2026-07-12 19:00:00+00:00,96.43,68.41126164981046,-1.1368683772161603e-13,6596.897960891222,1.0
2026-07-12 21:00:00+00:00,96.46,68.41126164981046,-1.1368683772161603e-13,6598.950298740716,1.0
2026-07-12 22:00:00+00:00,96.25,68.41126164981046,-1.1368683772161603e-13,6584.583933794256,1.0
2026-07-12 23:00:00+00:00,95.97,68.41126164981046,-1.1368683772161603e-13,6565.428780532309,1.0
2026-07-13 00:00:00+00:00,94.85,68.41126164981046,-1.1368683772161603e-13,6488.808167484522,1.0
2026-07-13 01:00:00+00:00,93.4,68.41126164981046,-1.1368683772161603e-13,6389.611838092297,1.0
2026-07-13 02:00:00+00:00,93.14,68.41126164981046,-1.1368683772161603e-13,6371.824910063346,1.0
2026-07-13 03:00:00+00:00,92.87,68.41126164981046,-1.1368683772161603e-13,6353.353869417897,1.0
2026-07-13 04:00:00+00:00,92.66,68.41126164981046,-1.1368683772161603e-13,6338.987504471436,1.0
2026-07-13 05:00:00+00:00,93.09,68.41126164981046,-1.1368683772161603e-13,6368.404346980856,1.0
2026-07-13 06:00:00+00:00,93.12,68.41126164981046,-1.1368683772161603e-13,6370.45668483035,1.0
2026-07-13 07:00:00+00:00,93.6,68.41126164981046,-1.1368683772161603e-13,6403.294090422259,1.0
2026-07-13 08:00:00+00:00,93.127,68.41126164981046,-1.1368683772161603e-13,6370.935563661898,1.0
2026-07-13 09:00:00+00:00,93.07,68.41126164981046,-1.1368683772161603e-13,6367.0361217478585,1.0
2026-07-13 10:00:00+00:00,92.0,68.41126164981046,-1.1368683772161603e-13,6293.836071782562,1.0
2026-07-13 11:00:00+00:00,92.01,68.41126164981046,-1.1368683772161603e-13,6294.520184399061,1.0
2026-07-13 12:00:00+00:00,91.55,68.41126164981046,-1.1368683772161603e-13,6263.051004040147,1.0
2026-07-13 13:00:00+00:00,91.339,68.41126164981046,-1.1368683772161603e-13,6248.616227832037,1.0
2026-07-13 14:00:00+00:00,92.39,68.41126164981046,-1.1368683772161603e-13,6320.5164638259885,1.0
2026-07-13 15:00:00+00:00,92.465,68.41126164981046,-1.1368683772161603e-13,6325.647308449724,1.0
2026-07-13 16:00:00+00:00,91.41,68.41126164981046,-1.1368683772161603e-13,6253.473427409173,1.0
2026-07-13 17:00:00+00:00,91.25,68.41126164981046,-1.1368683772161603e-13,6242.5276255452045,1.0
2026-07-13 18:00:00+00:00,92.1,68.41126164981046,-1.1368683772161603e-13,6300.6771979475425,1.0
2026-07-13 19:00:00+00:00,92.18,68.41126164981046,-1.1368683772161603e-13,6306.150098879528,1.0
2026-07-13 20:00:00+00:00,91.73,68.41126164981046,-1.1368683772161603e-13,6275.365031137113,1.0
2026-07-13 21:00:00+00:00,91.63,68.41126164981046,-1.1368683772161603e-13,6268.523904972132,1.0
2026-07-13 22:00:00+00:00,91.74,68.41126164981046,-1.1368683772161603e-13,6276.049143753611,1.0
2026-07-13 23:00:00+00:00,91.83,68.41126164981046,-1.1368683772161603e-13,6282.206157302094,1.0
2026-07-14 00:00:00+00:00,92.78,64.30658595082183,377.63127928464223,6343.996323801891,0.9404742279140648
2026-07-14 01:00:00+00:00,92.3,64.30658595082183,377.63127928464223,6313.129162545496,0.9401831849845476
2026-07-14 02:00:00+00:00,92.18,64.30658595082183,377.63127928464223,6305.412372231399,0.9401099790161697
2026-07-14 03:00:00+00:00,92.45,64.30658595082183,377.63127928464223,6322.77515043812,0.9402744411591997
2026-07-14 04:00:00+00:00,92.83,64.30658595082183,377.63127928464223,6347.211653099432,0.9405043820934758
2026-07-14 05:00:00+00:00,92.95,64.30658595082183,377.63127928464223,6354.928443413531,0.9405766276289024
2026-07-14 06:00:00+00:00,92.83,64.30658595082183,377.63127928464223,6347.211653099432,0.9405043820934758
2026-07-14 07:00:00+00:00,92.58,64.30658595082183,377.63127928464223,6331.135006611727,0.9403533049144783
2026-07-14 08:00:00+00:00,92.97,64.30658595082183,377.63127928464223,6356.214575132547,0.9405886514967492
2026-07-14 09:00:00+00:00,92.401,64.30658595082183,377.63127928464223,6319.624127726529,0.9402446614462664
2026-07-14 10:00:00+00:00,92.66,64.30658595082183,377.63127928464223,6336.279533487792,0.9404017330219054
2026-07-14 11:00:00+00:00,92.31,64.30658595082183,377.63127928464223,6313.772228405005,0.9401892774044464
2026-07-14 12:00:00+00:00,95.2,64.30658595082183,377.63127928464223,6499.61826180288,0.9418994679266143
2026-07-14 13:00:00+00:00,96.41,64.30658595082183,377.63127928464223,6577.429230803374,0.9425867970549768
2026-07-14 14:00:00+00:00,97.295,64.30658595082183,377.63127928464223,6634.340559369852,0.9430793044304451
2026-07-14 15:00:00+00:00,96.97,64.30658595082183,377.63127928464223,6613.440918935835,0.942899424987166
2026-07-14 16:00:00+00:00,96.32,64.30658595082183,377.63127928464223,6571.6416380678,0.9425362337019227
2026-07-14 17:00:00+00:00,96.83,64.30658595082183,377.63127928464223,6604.4379969027195,0.9428215876261176
2026-07-14 18:00:00+00:00,97.54,64.30658595082183,377.63127928464223,6650.095672927803,0.9432141584335456
2026-07-14 19:00:00+00:00,97.525,64.30658595082183,377.63127928464223,6649.131074138541,0.9432059204317058
2026-07-14 20:00:00+00:00,97.81,64.30658595082183,377.63127928464223,6667.458451134525,0.9433620348664663
2026-07-14 21:00:00+00:00,97.98,64.30658595082183,377.63127928464223,6678.3905707461645,0.9434547477742905
2026-07-14 22:00:00+00:00,98.44,64.30658595082183,377.63127928464223,6707.971600283542,0.9437041028514969
2026-07-14 23:00:00+00:00,98.661,64.30658595082183,377.63127928464223,6722.183355778674,0.9438231212541958
2026-07-15 00:00:00+00:00,98.23,68.12728175666201,-5.684341886080802e-14,6692.14288695691,1.0
2026-07-15 01:00:00+00:00,97.77,68.12728175666201,-5.684341886080802e-14,6660.804337348845,1.0
2026-07-15 02:00:00+00:00,97.62,68.12728175666201,-5.684341886080802e-14,6650.585245085346,1.0
2026-07-15 03:00:00+00:00,98.11,68.12728175666201,-5.684341886080802e-14,6683.96761314611,1.0
2026-07-15 04:00:00+00:00,97.81,68.12728175666201,-5.684341886080802e-14,6663.529428619112,1.0
2026-07-15 05:00:00+00:00,98.11,68.12728175666201,-5.684341886080802e-14,6683.96761314611,1.0
2026-07-15 06:00:00+00:00,98.4,68.12728175666201,-5.684341886080802e-14,6703.724524855543,1.0
2026-07-15 07:00:00+00:00,97.9,68.12728175666201,-5.684341886080802e-14,6669.660883977212,1.0
2026-07-15 08:00:00+00:00,97.28,68.12728175666201,-5.684341886080802e-14,6627.421969288081,1.0
2026-07-15 09:00:00+00:00,98.08,68.12728175666201,-5.684341886080802e-14,6681.92379469341,1.0
2026-07-15 10:00:00+00:00,97.8,68.12728175666201,-5.684341886080802e-14,6662.848155801545,1.0
2026-07-15 11:00:00+00:00,97.915,68.12728175666201,-5.684341886080802e-14,6670.682793203561,1.0
2026-07-15 12:00:00+00:00,99.56,68.12728175666201,-5.684341886080802e-14,6782.752171693271,1.0
2026-07-15 13:00:00+00:00,97.83,68.12728175666201,-5.684341886080802e-14,6664.891974254245,1.0
2026-07-15 14:00:00+00:00,98.82,68.12728175666201,-5.684341886080802e-14,6732.33798319334,1.0
2026-07-15 15:00:00+00:00,98.078,68.12728175666201,-5.684341886080802e-14,6681.787540129897,1.0
2026-07-15 16:00:00+00:00,98.49,68.12728175666201,-5.684341886080802e-14,6709.8559802136415,1.0
2026-07-15 17:00:00+00:00,98.48,68.12728175666201,-5.684341886080802e-14,6709.174707396075,1.0
2026-07-15 18:00:00+00:00,96.86,68.12728175666201,-5.684341886080802e-14,6598.808510950283,1.0
2026-07-15 19:00:00+00:00,97.465,68.12728175666201,-5.684341886080802e-14,6640.025516413063,1.0
2026-07-15 20:00:00+00:00,97.99,68.12728175666201,-5.684341886080802e-14,6675.79233933531,1.0
2026-07-15 21:00:00+00:00,97.48,68.12728175666201,-5.684341886080802e-14,6641.047425639414,1.0
2026-07-15 22:00:00+00:00,97.72,68.12728175666201,-5.684341886080802e-14,6657.397973261012,1.0
2026-07-15 23:00:00+00:00,97.576,68.12728175666201,-5.684341886080802e-14,6647.587644688052,1.0
2026-07-16 00:00:00+00:00,97.16,68.12728175666201,-5.684341886080802e-14,6619.246695477281,1.0
2026-07-16 01:00:00+00:00,97.51,68.12728175666201,-5.684341886080802e-14,6643.091244092114,1.0
2026-07-16 02:00:00+00:00,97.55,68.12728175666201,-5.684341886080802e-14,6645.8163353623795,1.0
2026-07-16 03:00:00+00:00,97.62,68.12728175666201,-5.684341886080802e-14,6650.585245085346,1.0
2026-07-16 04:00:00+00:00,97.3,68.12728175666201,-5.684341886080802e-14,6628.7845149232135,1.0
2026-07-16 05:00:00+00:00,97.84,68.12728175666201,-5.684341886080802e-14,6665.573247071812,1.0
2026-07-16 06:00:00+00:00,97.57,68.12728175666201,-5.684341886080802e-14,6647.178880997512,1.0
2026-07-16 07:00:00+00:00,96.28,68.12728175666201,-5.684341886080802e-14,6559.294687531419,1.0
2026-07-16 08:00:00+00:00,95.67,68.12728175666201,-5.684341886080802e-14,6517.737045659855,1.0
2026-07-16 09:00:00+00:00,95.84,68.12728175666201,-5.684341886080802e-14,6529.3186835584875,1.0
2026-07-16 10:00:00+00:00,95.96,68.12728175666201,-5.684341886080802e-14,6537.493957369286,1.0
2026-07-16 11:00:00+00:00,95.93,68.12728175666201,-5.684341886080802e-14,6535.450138916587,1.0
2026-07-16 12:00:00+00:00,95.23,68.12728175666201,-5.684341886080802e-14,6487.761041686924,1.0
2026-07-16 13:00:00+00:00,94.86,68.12728175666201,-5.684341886080802e-14,6462.553947436959,1.0
2026-07-16 14:00:00+00:00,94.327,68.12728175666201,-5.684341886080802e-14,6426.242106260658,1.0
2026-07-16 15:00:00+00:00,94.75,68.12728175666201,-5.684341886080802e-14,6455.0599464437255,1.0
2026-07-16 16:00:00+00:00,94.7,68.12728175666201,-5.684341886080802e-14,6451.653582355893,1.0
2026-07-16 17:00:00+00:00,94.09,68.12728175666201,-5.684341886080802e-14,6410.095940484329,1.0
2026-07-16 18:00:00+00:00,95.27,68.12728175666201,-5.684341886080802e-14,6490.4861329571895,1.0
2026-07-16 19:00:00+00:00,94.02,68.12728175666201,-5.684341886080802e-14,6405.327030761362,1.0
2026-07-16 20:00:00+00:00,93.93,68.12728175666201,-5.684341886080802e-14,6399.195575403263,1.0
2026-07-16 21:00:00+00:00,93.975,68.12728175666201,-5.684341886080802e-14,6402.261303082312,1.0
2026-07-16 22:00:00+00:00,93.395,68.12728175666201,-5.684341886080802e-14,6362.747479663449,1.0
2026-07-16 23:00:00+00:00,92.69,68.12728175666201,-5.684341886080802e-14,6314.717746025002,1.0
2026-07-17 00:00:00+00:00,93.04,68.12728175666201,-5.684341886080802e-14,6338.562294639834,1.0
2026-07-17 01:00:00+00:00,92.43,68.12728175666201,-5.684341886080802e-14,6297.004652768271,1.0
2026-07-17 02:00:00+00:00,92.11,68.12728175666201,-5.684341886080802e-14,6275.203922606138,1.0
2026-07-17 03:00:00+00:00,92.17,68.12728175666201,-5.684341886080802e-14,6279.291559511538,1.0
2026-07-17 04:00:00+00:00,92.2,68.12728175666201,-5.684341886080802e-14,6281.3353779642375,1.0
2026-07-17 05:00:00+00:00,90.65,68.12728175666201,-5.684341886080802e-14,6175.738091241412,1.0
2026-07-17 06:00:00+00:00,90.67,68.12728175666201,-5.684341886080802e-14,6177.100636876545,1.0
2026-07-17 07:00:00+00:00,90.55,68.12728175666201,-5.684341886080802e-14,6168.925363065745,1.0
2026-07-17 08:00:00+00:00,89.98,68.12728175666201,-5.684341886080802e-14,6130.092812464449,1.0
2026-07-17 09:00:00+00:00,91.282,68.12728175666201,-5.684341886080802e-14,6218.794533311622,1.0
2026-07-17 10:00:00+00:00,91.82,68.12728175666201,-5.684341886080802e-14,6255.447010896706,1.0
2026-07-17 11:00:00+00:00,91.91,68.12728175666201,-5.684341886080802e-14,6261.578466254806,1.0
2026-07-17 12:00:00+00:00,91.55,68.12728175666201,-5.684341886080802e-14,6237.052644822407,1.0
2026-07-17 13:00:00+00:00,93.265,68.12728175666201,-5.684341886080802e-14,6353.8909330350825,1.0
2026-07-17 14:00:00+00:00,93.29,68.12728175666201,-5.684341886080802e-14,6355.5941150789995,1.0
2026-07-17 15:00:00+00:00,94.31,68.12728175666201,-5.684341886080802e-14,6425.083942470795,1.0
2026-07-17 16:00:00+00:00,94.347,68.12728175666201,-5.684341886080802e-14,6427.604651895791,1.0
2026-07-17 17:00:00+00:00,94.9,68.12728175666201,-5.684341886080802e-14,6465.2790387072255,1.0
2026-07-17 18:00:00+00:00,94.59,68.12728175666201,-5.684341886080802e-14,6444.15958136266,1.0
2026-07-17 19:00:00+00:00,94.81,68.12728175666201,-5.684341886080802e-14,6459.147583349126,1.0
2026-07-17 20:00:00+00:00,94.99,68.12728175666201,-5.684341886080802e-14,6471.410494065324,1.0
2026-07-17 21:00:00+00:00,94.805,68.12728175666201,-5.684341886080802e-14,6458.806946940343,1.0
2026-07-17 22:00:00+00:00,94.96,68.12728175666201,-5.684341886080802e-14,6469.366675612625,1.0
2026-07-17 23:00:00+00:00,94.975,68.12728175666201,-5.684341886080802e-14,6470.388584838975,1.0
2026-07-18 01:00:00+00:00,97.27,68.12728175666201,-5.684341886080802e-14,6626.740696470514,1.0
2026-07-18 02:00:00+00:00,95.03,68.12728175666201,-5.684341886080802e-14,6474.135585335592,1.0
2026-07-18 03:00:00+00:00,95.03,68.12728175666201,-5.684341886080802e-14,6474.135585335592,1.0
2026-07-18 09:00:00+00:00,95.03,68.12728175666201,-5.684341886080802e-14,6474.135585335592,1.0
2026-07-18 10:00:00+00:00,95.06,68.12728175666201,-5.684341886080802e-14,6476.179403788291,1.0
2026-07-18 13:00:00+00:00,94.74,68.12728175666201,-5.684341886080802e-14,6454.378673626159,1.0
2026-07-18 14:00:00+00:00,95.06,68.12728175666201,-5.684341886080802e-14,6476.179403788291,1.0
2026-07-18 17:00:00+00:00,95.17,68.12728175666201,-5.684341886080802e-14,6483.673404781524,1.0
2026-07-18 18:00:00+00:00,95.31,68.12728175666201,-5.684341886080802e-14,6493.211224227457,1.0
2026-07-18 19:00:00+00:00,95.5,68.12728175666201,-5.684341886080802e-14,6506.155407761223,1.0
2026-07-18 20:00:00+00:00,95.42,68.12728175666201,-5.684341886080802e-14,6500.7052252206895,1.0
2026-07-18 21:00:00+00:00,95.53,68.12728175666201,-5.684341886080802e-14,6508.199226213922,1.0
2026-07-19 01:00:00+00:00,95.6,68.12728175666201,-5.684341886080802e-14,6512.968135936888,1.0
2026-07-19 02:00:00+00:00,95.88,68.12728175666201,-5.684341886080802e-14,6532.043774828754,1.0
2026-07-19 04:00:00+00:00,96.11,68.12728175666201,-5.684341886080802e-14,6547.713049632786,1.0
2026-07-19 12:00:00+00:00,95.64,68.12728175666201,-5.684341886080802e-14,6515.693227207155,1.0
2026-07-19 13:00:00+00:00,95.81,68.12728175666201,-5.684341886080802e-14,6527.274865105788,1.0
2026-07-19 14:00:00+00:00,95.84,68.12728175666201,-5.684341886080802e-14,6529.3186835584875,1.0
2026-07-19 16:00:00+00:00,95.56,68.12728175666201,-5.684341886080802e-14,6510.243044666622,1.0
2026-07-19 17:00:00+00:00,95.44,68.12728175666201,-5.684341886080802e-14,6502.067770855822,1.0
2026-07-19 18:00:00+00:00,95.79,68.12728175666201,-5.684341886080802e-14,6525.912319470654,1.0
2026-07-19 19:00:00+00:00,95.8,68.12728175666201,-5.684341886080802e-14,6526.593592288221,1.0
2026-07-20 00:00:00+00:00,95.41,64.03964485126228,388.065738805032,6498.088254063966,0.9402800141161006
2026-07-20 01:00:00+00:00,95.37,64.03964485126228,388.065738805032,6495.526668269917,0.9402564628514729
2026-07-20 02:00:00+00:00,95.61,64.03964485126228,388.065738805032,6510.896183034219,0.940397492465594
2026-07-20 03:00:00+00:00,95.77,64.03964485126228,388.065738805032,6521.14252621042,0.9404911428871122
2026-07-20 04:00:00+00:00,95.54,64.03964485126228,388.065738805032,6506.413407894631,0.9403564276542636
2026-07-20 05:00:00+00:00,94.78,64.03964485126228,388.065738805032,6457.743277807671,0.9399069114223482
2026-07-20 06:00:00+00:00,94.41,64.03964485126228,388.065738805032,6434.048609212704,0.9396856066257607
2026-07-20 07:00:00+00:00,95.08,64.03964485126228,388.065738805032,6476.95517126305,0.9400851590687547
2026-07-20 08:00:00+00:00,94.25,64.03964485126228,388.065738805032,6423.802266036502,0.9395894016139339
2026-07-20 09:00:00+00:00,94.904,64.03964485126228,388.065738805032,6465.684193769228,0.9399807155476293
2026-07-20 10:00:00+00:00,95.19,64.03964485126228,388.065738805032,6483.999532196689,0.9401502518811008
2026-07-20 11:00:00+00:00,96.55,64.03964485126228,388.065738805032,6571.093449194405,0.9409435063120876
2026-07-20 12:00:00+00:00,95.93,64.03964485126228,388.065738805032,6531.388869386623,0.9405844994739264
2026-07-20 13:00:00+00:00,95.23,64.03964485126228,388.065738805032,6486.561117990739,0.940173886941616
2026-07-20 14:00:00+00:00,96.045,64.03964485126228,388.065738805032,6538.753428544518,0.9406514187993456
2026-07-20 15:00:00+00:00,99.325,64.03964485126228,388.065738805032,6748.803463656658,0.9424985864687235
2026-07-20 16:00:00+00:00,99.555,64.03964485126228,388.065738805032,6763.532581972449,0.9426238087712648
2026-07-20 17:00:00+00:00,99.675,64.03964485126228,388.065738805032,6771.2173393546,0.9426889258819714
2026-07-20 18:00:00+00:00,97.75,64.03964485126228,388.065738805032,6647.94102301592,0.9416261760654157
2026-07-20 19:00:00+00:00,97.71,64.03964485126228,388.065738805032,6645.379437221869,0.9416036747832017
2026-07-20 20:00:00+00:00,98.26,64.03964485126228,388.065738805032,6680.601241890065,0.941911554850527
2026-07-20 21:00:00+00:00,98.1,64.03964485126228,388.065738805032,6670.354898713862,0.9418223250939981
2026-07-20 22:00:00+00:00,97.85,64.03964485126228,388.065738805032,6654.3449875010465,0.9416823534797276
2026-07-20 23:00:00+00:00,98.28,64.03964485126228,388.065738805032,6681.88203478709,0.9419226893284419
2026-07-21 00:00:00+00:00,99.21,64.03964485126228,388.065738805032,6741.438904498763,0.9424357701223007
2026-07-21 01:00:00+00:00,98.53,64.03964485126228,388.065738805032,6697.891945999905,0.9420615110046988
2026-07-21 02:00:00+00:00,98.91,64.03964485126228,388.065738805032,6722.227011043384,0.9422712535343553
2026-07-21 03:00:00+00:00,99.33,64.03964485126228,388.065738805032,6749.123661880914,0.942501314504455
2026-07-21 04:00:00+00:00,99.14,64.03964485126228,388.065738805032,6736.956129359175,0.9423974668450238
2026-07-21 05:00:00+00:00,99.97,64.03964485126228,388.065738805032,6790.109034585722,0.9428483788951838
2026-07-21 06:00:00+00:00,99.85,64.03964485126228,388.065738805032,6782.42427720357,0.9427836238276391
2026-07-21 07:00:00+00:00,100.74,64.03964485126228,388.065738805032,6839.419561121194,0.9432604279738884
2026-07-21 08:00:00+00:00,101.2,64.03964485126228,388.065738805032,6868.877797752775,0.9435037643365861
2026-07-21 09:00:00+00:00,101.22,64.03964485126228,388.065738805032,6870.1585906498,0.9435142968412426
2026-07-21 10:00:00+00:00,101.64,64.03964485126228,388.065738805032,6897.055241487331,0.9437345758127715
2026-07-21 11:00:00+00:00,100.89,64.03964485126228,388.065738805032,6849.0255078488835,0.943340006784861
2026-07-21 12:00:00+00:00,101.33,64.03964485126228,388.065738805032,6877.202951583439,0.9435721554915458
2026-07-21 13:00:00+00:00,103.21,64.03964485126228,388.065738805032,6997.597483903812,0.9445430035526224
2026-07-21 14:00:00+00:00,103.198,64.03964485126228,388.065738805032,6996.829008165597,0.944536912599673
2026-07-21 15:00:00+00:00,102.56,64.03964485126228,388.065738805032,6955.971714750492,0.9442111390444388
2026-07-21 16:00:00+00:00,101.44,64.03964485126228,388.065738805032,6884.247312517078,0.943629895733199
2026-07-21 17:00:00+00:00,100.625,64.03964485126228,388.065738805032,6832.055001963299,0.9431992660051016
2026-07-21 18:00:00+00:00,100.17,64.03964485126228,388.065738805032,6802.916963555975,0.9429559789008236
2026-07-21 19:00:00+00:00,101.94,64.03964485126228,388.065738805032,6916.267134942709,0.9438908689856083
2026-07-21 20:00:00+00:00,101.79,64.03964485126228,388.065738805032,6906.66118821502,0.9438128310872992
2026-07-21 21:00:00+00:00,101.75,64.03964485126228,388.065738805032,6904.099602420969,0.9437919843061137
2026-07-21 22:00:00+00:00,101.745,64.03964485126228,388.065738805032,6903.779404196714,0.9437893773707294
2026-07-21 23:00:00+00:00,101.95,64.03964485126228,388.065738805032,6916.907531391222,0.9438960638054129
2026-07-22 00:00:00+00:00,102.47,67.8355487906024,-5.684341886080802e-14,6951.108684573028,1.0
2026-07-22 01:00:00+00:00,101.97,67.8355487906024,-5.684341886080802e-14,6917.190910177727,1.0
2026-07-22 02:00:00+00:00,101.5,67.8355487906024,-5.684341886080802e-14,6885.308202246144,1.0
2026-07-22 03:00:00+00:00,101.53,67.8355487906024,-5.684341886080802e-14,6887.343268709862,1.0
2026-07-22 04:00:00+00:00,101.8,67.8355487906024,-5.684341886080802e-14,6905.658866883325,1.0
2026-07-22 05:00:00+00:00,100.75,67.8355487906024,-5.684341886080802e-14,6834.431540653192,1.0
2026-07-22 06:00:00+00:00,100.6,67.8355487906024,-5.684341886080802e-14,6824.256208334601,1.0
2026-07-22 07:00:00+00:00,100.34,67.8355487906024,-5.684341886080802e-14,6806.618965649045,1.0
2026-07-22 08:00:00+00:00,100.885,67.8355487906024,-5.684341886080802e-14,6843.589339739924,1.0
2026-07-22 09:00:00+00:00,100.59,67.8355487906024,-5.684341886080802e-14,6823.577852846696,1.0
2026-07-22 10:00:00+00:00,100.72,67.8355487906024,-5.684341886080802e-14,6832.396474189474,1.0
2026-07-22 11:00:00+00:00,100.53,67.8355487906024,-5.684341886080802e-14,6819.507719919259,1.0
2026-07-22 12:00:00+00:00,99.08,67.8355487906024,-5.684341886080802e-14,6721.146174172886,1.0
2026-07-22 13:00:00+00:00,100.96,67.8355487906024,-5.684341886080802e-14,6848.677005899218,1.0
2026-07-22 14:00:00+00:00,98.5,67.8355487906024,-5.684341886080802e-14,6681.801555874336,1.0
2026-07-22 15:00:00+00:00,99.684,67.8355487906024,-5.684341886080802e-14,6762.11884564241,1.0
2026-07-22 16:00:00+00:00,100.34,67.8355487906024,-5.684341886080802e-14,6806.618965649045,1.0
2026-07-22 17:00:00+00:00,100.03,67.8355487906024,-5.684341886080802e-14,6785.589945523959,1.0
2026-07-22 18:00:00+00:00,100.31,67.8355487906024,-5.684341886080802e-14,6804.583899185327,1.0
2026-07-22 19:00:00+00:00,99.96,67.8355487906024,-5.684341886080802e-14,6780.841457108616,1.0
2026-07-22 20:00:00+00:00,99.86,67.8355487906024,-5.684341886080802e-14,6774.057902229556,1.0
2026-07-22 21:00:00+00:00,99.9,67.8355487906024,-5.684341886080802e-14,6776.771324181181,1.0
2026-07-22 22:00:00+00:00,100.02,67.8355487906024,-5.684341886080802e-14,6784.911590036052,1.0
2026-07-22 23:00:00+00:00,99.91,67.8355487906024,-5.684341886080802e-14,6777.4496796690855,1.0
2026-07-23 00:00:00+00:00,100.24,56.981860984106014,1088.8359384162331,6800.6976834630195,0.8398934948889272
2026-07-23 01:00:00+00:00,99.65,56.981860984106014,1088.8359384162331,6767.078385482398,0.8390980750641011
2026-07-23 02:00:00+00:00,99.51,56.981860984106014,1088.8359384162331,6759.100924944622,0.8389081698132576
2026-07-23 03:00:00+00:00,99.3,56.981860984106014,1088.8359384162331,6747.134734137961,0.8386224699342176
2026-07-23 04:00:00+00:00,99.33,56.981860984106014,1088.8359384162331,6748.8441899674835,0.838663346231219
2026-07-23 05:00:00+00:00,99.29,56.981860984106014,1088.8359384162331,6746.56491552812,0.8386088398986377
2026-07-23 06:00:00+00:00,99.69,56.981860984106014,1088.8359384162331,6769.357659921761,0.8391522514960721
2026-07-23 07:00:00+00:00,98.74,56.981860984106014,1088.8359384162331,6715.224891986861,0.8378556256968372
2026-07-23 08:00:00+00:00,99.45,56.981860984106014,1088.8359384162331,6755.682013285576,0.8388266445526962
2026-07-23 09:00:00+00:00,99.57,56.981860984106014,1088.8359384162331,6762.519836603668,0.8389896126407405
2026-07-23 10:00:00+00:00,99.34,56.981860984106014,1088.8359384162331,6749.414008577325,0.8386769670622497
2026-07-23 11:00:00+00:00,99.31,56.981860984106014,1088.8359384162331,6747.704552747801,0.8386360976677858
2026-07-23 12:00:00+00:00,97.75,56.981860984106014,1088.8359384162331,6658.812849612596,0.8364819731373617
2026-07-23 13:00:00+00:00,95.448,56.981860984106014,1088.8359384162331,6527.6406056271835,0.8331960957719399
2026-07-23 14:00:00+00:00,93.58,56.981860984106014,1088.8359384162331,6421.198489308874,0.8304310417706109
2026-07-23 15:00:00+00:00,93.185,56.981860984106014,1088.8359384162331,6398.690654220152,0.8298345712809059
2026-07-23 16:00:00+00:00,93.285,56.981860984106014,1088.8359384162331,6404.388840318563,0.8299859728126575
2026-07-23 17:00:00+00:00,93.875,56.981860984106014,1088.8359384162331,6438.008138299185,0.830873786577119
2026-07-23 18:00:00+00:00,94.835,56.981860984106014,1088.8359384162331,6492.710724843927,0.8322987139639728
2026-07-23 19:00:00+00:00,93.64,56.981860984106014,1088.8359384162331,6424.617400967921,0.8305212792512452
2026-07-23 20:00:00+00:00,94.6,56.981860984106014,1088.8359384162331,6479.319987512662,0.8319521276129742
2026-07-23 21:00:00+00:00,94.3,56.981860984106014,1088.8359384162331,6462.22542921743,0.8315075897084435
2026-07-23 22:00:00+00:00,94.4,56.981860984106014,1088.8359384162331,6467.923615315841,0.8316560300993809
2026-07-23 23:00:00+00:00,94.06,56.981860984106014,1088.8359384162331,6448.549782581245,0.8311502624423579
2026-07-24 00:00:00+00:00,93.75,56.981860984106014,1088.8359384162331,6430.885405676172,0.830686465435198
2026-07-24 01:00:00+00:00,93.91,56.981860984106014,1088.8359384162331,6440.002503433629,0.8309261622436177
2026-07-24 02:00:00+00:00,93.52,56.981860984106014,1088.8359384162331,6417.779577649827,0.8303407081464518
2026-07-24 03:00:00+00:00,94.65,56.981860984106014,1088.8359384162331,6482.169080561867,0.8320259893125382
2026-07-24 04:00:00+00:00,94.42,56.981860984106014,1088.8359384162331,6469.063252535523,0.8316856867971621
2026-07-24 05:00:00+00:00,94.3,56.981860984106014,1088.8359384162331,6462.22542921743,0.8315075897084435
2026-07-24 06:00:00+00:00,94.32,56.981860984106014,1088.8359384162331,6463.365066437112,0.8315372987253454
2026-07-24 07:00:00+00:00,95.17,56.981860984106014,1088.8359384162331,6511.7996482736025,0.8327903195386388
2026-07-24 08:00:00+00:00,95.16,56.981860984106014,1088.8359384162331,6511.229829663761,0.8327756864831078
2026-07-24 09:00:00+00:00,94.71,56.981860984106014,1088.8359384162331,6485.587992220913,0.8321145376915356
2026-07-24 10:00:00+00:00,94.35,56.981860984106014,1088.8359384162331,6465.0745222666355,0.8315818426120027
2026-07-24 11:00:00+00:00,94.52,56.981860984106014,1088.8359384162331,6474.761438633934,0.83183381368782
2026-07-24 12:00:00+00:00,93.7,56.981860984106014,1088.8359384162331,6428.036312626967,0.8306114207417639
2026-07-24 13:00:00+00:00,90.79,56.981860984106014,1088.8359384162331,6262.219097163218,0.8261261828239969
2026-07-24 14:00:00+00:00,91.43,56.981860984106014,1088.8359384162331,6298.687488193046,0.8271328843576908
2026-07-24 15:00:00+00:00,92.865,56.981860984106014,1088.8359384162331,6380.456458705238,0.8293482691303897
2026-07-24 16:00:00+00:00,92.75,56.981860984106014,1088.8359384162331,6373.903544692066,0.8291728246620593
2026-07-24 17:00:00+00:00,93.065,56.981860984106014,1088.8359384162331,6391.852830902059,0.8296525331196386
2026-07-24 18:00:00+00:00,92.83,56.981860984106014,1088.8359384162331,6378.462093570794,0.8292949111489224
2026-07-24 19:00:00+00:00,91.63,56.981860984106014,1088.8359384162331,6310.083860389867,0.8274450922512844
2026-07-24 20:00:00+00:00,91.4,56.981860984106014,1088.8359384162331,6296.978032363523,0.8270859557044465
2026-07-24 21:00:00+00:00,91.3,56.981860984106014,1088.8359384162331,6291.279846265112,0.8269293426737911
2026-07-24 22:00:00+00:00,91.29,56.981860984106014,1088.8359384162331,6290.710027655272,0.8269136657659496
2026-07-24 23:00:00+00:00,91.283,56.981860984106014,1088.8359384162331,6290.311154628383,0.8269026902405181
2026-07-25 00:00:00+00:00,91.39,64.77527330419355,376.4970367599126,6296.309264030161,0.9402035349643986
2026-07-25 01:00:00+00:00,91.41,64.77527330419355,376.4970367599126,6297.604769496244,0.940215835934393
2026-07-25 02:00:00+00:00,91.45,64.77527330419355,376.4970367599126,6300.195780428413,0.9402404226977354
2026-07-25 03:00:00+00:00,91.45,64.77527330419355,376.4970367599126,6300.195780428413,0.9402404226977354
2026-07-25 04:00:00+00:00,91.63,64.77527330419355,376.4970367599126,6311.855329623167,0.9403508133348819
2026-07-25 05:00:00+00:00,91.51,64.77527330419355,376.4970367599126,6304.082296826665,0.940277264947916
2026-07-25 11:00:00+00:00,91.54,64.77527330419355,376.4970367599126,6306.025555025791,0.9402956690431026
2026-07-25 12:00:00+00:00,91.61,64.77527330419355,376.4970367599126,6310.559824157083,0.9403385678527812
2026-07-25 13:00:00+00:00,91.63,64.77527330419355,376.4970367599126,6311.855329623167,0.9403508133348819
2026-07-25 14:00:00+00:00,91.67,64.77527330419355,376.4970367599126,6314.446340555335,0.9403752892249931
2026-07-25 15:00:00+00:00,91.67,64.77527330419355,376.4970367599126,6314.446340555335,0.9403752892249931
2026-07-25 17:00:00+00:00,91.97,64.77527330419355,376.4970367599126,6333.8789225465935,0.9405582201106335
2026-07-25 19:00:00+00:00,92.15,64.77527330419355,376.4970367599126,6345.538471741348,0.9406674408426375
2026-07-25 20:00:00+00:00,92.19,64.77527330419355,376.4970367599126,6348.129482673516,0.9406916576311939
2026-07-26 00:00:00+00:00,92.5,64.77527330419355,376.4970367599126,6368.209817397816,0.9408786695860223
2026-07-26 02:00:00+00:00,92.79,64.77527330419355,376.4970367599126,6386.994646656032,0.9410525516947112
2026-07-26 04:00:00+00:00,92.8,64.77527330419355,376.4970367599126,6387.642399389074,0.9410585293885704
2026-07-26 10:00:00+00:00,92.65,64.77527330419355,376.4970367599126,6377.926108393445,0.9409687364887409
2026-07-26 14:00:00+00:00,92.74,64.77527330419355,376.4970367599126,6383.755882990822,0.9410226450289133
2026-07-26 15:00:00+00:00,92.8,64.77527330419355,376.4970367599126,6387.642399389074,0.9410585293885704
2026-07-26 16:00:00+00:00,92.81,64.77527330419355,376.4970367599126,6388.290152122116,0.9410645058701905
2026-07-26 18:00:00+00:00,92.9,64.77527330419355,376.4970367599126,6394.119926719493,0.9411182397148008
2026-07-26 19:00:00+00:00,92.94,64.77527330419355,376.4970367599126,6396.710937651661,0.9411420899850556
2026-07-26 21:00:00+00:00,92.86,64.77527330419355,376.4970367599126,6391.528915787326,0.9410943701076044
2026-07-26 22:00:00+00:00,94.04,64.77527330419355,376.4970367599126,6467.963738286274,0.9417904843016841
2026-07-26 23:00:00+00:00,94.0,64.77527330419355,376.4970367599126,6465.372727354106,0.941767156722921
2026-07-27 00:00:00+00:00,94.21,64.77527330419355,376.4970367599126,6478.975534747986,0.9418894183593244
2026-07-27 01:00:00+00:00,93.66,64.77527330419355,376.4970367599126,6443.34913443068,0.9415681148258654
2026-07-27 02:00:00+00:00,93.89,64.77527330419355,376.4970367599126,6458.247447290645,0.9417029093677945
2026-07-27 03:00:00+00:00,94.3,64.77527330419355,376.4970367599126,6484.805309345364,0.9419416591863851
2026-07-27 04:00:00+00:00,94.52,64.77527330419355,376.4970367599126,6499.055869472287,0.9420689644278311
2026-07-27 05:00:00+00:00,94.79,64.77527330419355,376.4970367599126,6516.545193264419,0.9422244416951079
2026-07-27 06:00:00+00:00,94.82,64.77527330419355,376.4970367599126,6518.488451463544,0.9422416654469364
2026-07-27 07:00:00+00:00,94.37,64.77527330419355,376.4970367599126,6489.339578476658,0.9419822260482948
2026-07-27 08:00:00+00:00,94.5,64.77527330419355,376.4970367599126,6497.7603640062025,0.9420574142983964
2026-07-27 09:00:00+00:00,94.31,64.77527330419355,376.4970367599126,6485.453062078406,0.9419474579252824
2026-07-27 10:00:00+00:00,94.526,64.77527330419355,376.4970367599126,6499.444521112112,0.9420724285687894
2026-07-27 11:00:00+00:00,93.9,64.77527330419355,376.4970367599126,6458.895200023687,0.9417087558939597
2026-07-27 12:00:00+00:00,94.07,64.77527330419355,376.4970367599126,6469.906996485399,0.941807967724353
2026-07-27 13:00:00+00:00,97.01,64.77527330419355,376.4970367599126,6660.346299999729,0.943471852693316
2026-07-27 14:00:00+00:00,97.24,64.77527330419355,376.4970367599126,6675.244612859693,0.9435980164630071
2026-07-27 15:00:00+00:00,96.376,64.77527330419355,376.4970367599126,6619.27877672487,0.9431211391060041
2026-07-27 16:00:00+00:00,97.33,64.77527330419355,376.4970367599126,6681.074387457071,0.943647231728666
2026-07-27 17:00:00+00:00,98.34,64.77527330419355,376.4970367599126,6746.497413494306,0.9441937032382396
2026-07-27 18:00:00+00:00,98.56,64.77527330419355,376.4970367599126,6760.747973621229,0.9443113338599647
2026-07-27 19:00:00+00:00,98.61,64.77527330419355,376.4970367599126,6763.986737286438,0.9443379989667225
2026-07-27 20:00:00+00:00,98.69,64.77527330419355,376.4970367599126,6769.168759150773,0.9443806100636873
2026-07-27 21:00:00+00:00,98.454,64.77527330419355,376.4970367599126,6753.8817946509835,0.9442547192552149
2026-07-27 22:00:00+00:00,96.132,64.77527330419355,376.4970367599126,6603.473610038647,0.9429850016834233
2026-07-27 23:00:00+00:00,96.31,64.77527330419355,376.4970367599126,6615.003608686793,0.9430843792336714
2026-07-28 00:00:00+00:00,95.58,64.77527330419355,376.4970367599126,6567.717659174732,0.9426746007825157
2026-07-28 01:00:00+00:00,94.88,64.77527330419355,376.4970367599126,6522.374967861796,0.9422760821610141
2026-07-28 02:00:00+00:00,94.77,64.77527330419355,376.4970367599126,6515.249687798335,0.9422129534858793
2026-07-28 03:00:00+00:00,95.26,64.77527330419355,376.4970367599126,6546.98957171739,0.9424931057800432
2026-07-28 04:00:00+00:00,95.3,64.77527330419355,376.4970367599126,6549.580582649557,0.942515855479771
2026-07-28 05:00:00+00:00,95.38,64.77527330419355,376.4970367599126,6554.762604513893,0.942561300923295
2026-07-28 06:00:00+00:00,95.82,64.77527330419355,376.4970367599126,6583.263724767738,0.9428099719986236
2026-07-28 07:00:00+00:00,95.48,64.77527330419355,376.4970367599126,6561.240131844313,0.9426180067800564
2026-07-28 08:00:00+00:00,95.45,64.77527330419355,376.4970367599126,6559.296873645187,0.9426010067828074
2026-07-28 09:00:00+00:00,95.085,64.77527330419355,376.4970367599126,6535.653898889155,0.9423933637575416
2026-07-28 10:00:00+00:00,94.34,64.77527330419355,376.4970367599126,6487.396320277532,0.9419648471940734
2026-07-28 11:00:00+00:00,95.26,64.77527330419355,376.4970367599126,6546.98957171739,0.9424931057800432
2026-07-28 12:00:00+00:00,95.9,64.77527330419355,376.4970367599126,6588.445746632074,0.9428549537723108
2026-07-28 13:00:00+00:00,94.47,64.77527330419355,376.4970367599126,6495.817105807077,0.9420400804660379
2026-07-28 14:00:00+00:00,96.18,64.77527330419355,376.4970367599126,6606.582823157249,0.9430118342813741
2026-07-28 15:00:00+00:00,97.775,64.77527330419355,376.4970367599126,6709.899384077437,0.943889317080769
2026-07-28 16:00:00+00:00,98.035,64.77527330419355,376.4970367599126,6726.740955136527,0.9440297999772951
2026-07-28 17:00:00+00:00,96.85,64.77527330419355,376.4970367599126,6649.982256271057,0.9433837531814662
2026-07-28 18:00:00+00:00,95.795,64.77527330419355,376.4970367599126,6581.644342935134,0.9427959006681891
2026-07-28 19:00:00+00:00,96.15,64.77527330419355,376.4970367599126,6604.639564958123,0.9429950668682251
2026-07-28 20:00:00+00:00,97.19,64.77527330419355,376.4970367599126,6672.005849194483,0.9435706374859717
2026-07-28 21:00:00+00:00,96.76,64.77527330419355,376.4970367599126,6644.15248167368,0.9433340764230818
2026-07-28 22:00:00+00:00,96.6,64.77527330419355,376.4970367599126,6633.788437945009,0.9432455466010395
2026-07-28 23:00:00+00:00,96.782,64.77527330419355,376.4970367599126,6645.577537686372,0.9433462276792592
2026-07-29 00:00:00+00:00,96.79,64.77527330419355,376.4970367599126,6646.095739872806,0.9433506450258994
2026-07-29 01:00:00+00:00,96.06,64.77527330419355,376.4970367599126,6598.809790360745,0.9429447053755234
2026-07-29 02:00:00+00:00,96.54,64.77527330419355,376.4970367599126,6629.901921546758,0.9432122765592774
2026-07-29 03:00:00+00:00,95.64,64.77527330419355,376.4970367599126,6571.604175572984,0.9427085036315223
2026-07-29 04:00:00+00:00,96.4,64.77527330419355,376.4970367599126,6620.833383284171,0.9431344945622002
2026-07-29 05:00:00+00:00,96.83,64.77527330419355,376.4970367599126,6648.686750804974,0.9433727214303894
2026-07-29 06:00:00+00:00,97.5,64.77527330419355,376.4970367599126,6692.086183918784,0.9437399599448312
2026-07-29 07:00:00+00:00,97.9,64.77527330419355,376.4970367599126,6717.9962932404615,0.9439569448499491
2026-07-29 08:00:00+00:00,97.585,64.77527330419355,376.4970367599126,6697.592082149639,0.9437862097091059
2026-07-29 09:00:00+00:00,98.32,64.77527330419355,376.4970367599126,6745.201908028222,0.9441829848989692
2026-07-29 10:00:00+00:00,97.5,64.77527330419355,376.4970367599126,6692.086183918784,0.9437399599448312
2026-07-29 11:00:00+00:00,97.84,64.77527330419355,376.4970367599126,6714.10977684221,0.943924503877119
2026-07-29 12:00:00+00:00,96.95,64.77527330419355,376.4970367599126,6656.459783601477,0.9434388475256124
2026-07-29 13:00:00+00:00,97.85,64.77527330419355,376.4970367599126,6714.75752957525,0.9439299133138277
2026-07-29 14:00:00+00:00,95.51,64.77527330419355,376.4970367599126,6563.1833900434385,0.942634996710427
2026-07-29 15:00:00+00:00,95.313,64.77527330419355,376.4970367599126,6550.422661202512,0.9425232452571547
2026-07-29 16:00:00+00:00,96.23,64.77527330419355,376.4970367599126,6609.821586822458,0.9430397580608668
2026-07-29 17:00:00+00:00,97.5,64.77527330419355,376.4970367599126,6692.086183918784,0.9437399599448312
2026-07-29 18:00:00+00:00,99.32,64.77527330419355,376.4970367599126,6809.977181332415,0.9447139062680018
2026-07-29 19:00:00+00:00,93.39,64.77527330419355,376.4970367599126,6425.859810638548,0.9414090802079762
2026-07-29 20:00:00+00:00,92.53,64.77527330419355,376.4970367599126,6370.153075596942,0.9408967049469794
2026-07-29 21:00:00+00:00,92.5,64.77527330419355,376.4970367599126,6368.209817397816,0.9408786695860223
2026-07-29 22:00:00+00:00,94.45,64.77527330419355,376.4970367599126,6494.521600340993,0.9420285188149741
2026-07-29 23:00:00+00:00,94.49,64.77527330419355,376.4970367599126,6497.112611273161,0.9420516375063822
2026-07-30 00:00:00+00:00,93.65,64.77527330419355,376.4970367599126,6442.701381697639,0.9415622400520592
2026-07-30 01:00:00+00:00,94.81,64.77527330419355,376.4970367599126,6517.840698730503,0.942235925337475
2026-07-30 02:00:00+00:00,94.45,64.77527330419355,376.4970367599126,6494.521600340993,0.9420285188149741
2026-07-30 03:00:00+00:00,94.32,64.77527330419355,376.4970367599126,6486.100814811448,0.941953255505965
2026-07-30 04:00:00+00:00,93.86,64.77527330419355,376.4970367599126,6456.304189091519,0.941685362750405
2026-07-30 05:00:00+00:00,93.9,64.77527330419355,376.4970367599126,6458.895200023687,0.9417087558939597
2026-07-30 06:00:00+00:00,93.55,64.77527330419355,376.4970367599126,6436.223854367218,0.9415034272767804
2026-07-30 07:00:00+00:00,93.92,64.77527330419355,376.4970367599126,6460.190705489771,0.9417204454289606
2026-07-30 08:00:00+00:00,94.75,64.77527330419355,376.4970367599126,6513.954182332252,0.9422014607070645
2026-07-30 09:00:00+00:00,95.173,64.77527330419355,376.4970367599126,6541.354122939925,0.9424435629559372
2026-07-30 10:00:00+00:00,95.105,64.77527330419355,376.4970367599126,6536.94940435524,0.9424047803538036
2026-07-30 11:00:00+00:00,95.49,64.77527330419355,376.4970367599126,6561.887884577354,0.9426236712082803
2026-07-30 12:00:00+00:00,95.974,64.77527330419355,376.4970367599126,6593.239116856585,0.9428964989609823
2026-07-30 13:00:00+00:00,96.99,64.77527330419355,376.4970367599126,6659.050794533644,0.9434608552514758
2026-07-30 14:00:00+00:00,96.04,64.77527330419355,376.4970367599126,6597.514284894662,0.9429335018460027
2026-07-30 15:00:00+00:00,96.095,64.77527330419355,376.4970367599126,6601.076924926391,0.9429643009706161
2026-07-30 16:00:00+00:00,97.07,64.77527330419355,376.4970367599126,6664.23281639798,0.9435048193644276
2026-07-30 17:00:00+00:00,96.923,64.77527330419355,376.4970367599126,6654.710851222264,0.9434239826226617
2026-07-30 18:00:00+00:00,96.545,64.77527330419355,376.4970367599126,6630.225797913278,0.9432150505525155
2026-07-30 19:00:00+00:00,97.6,64.77527330419355,376.4970367599126,6698.563711249202,0.9437943635398072
2026-07-30 20:00:00+00:00,97.29,64.77527330419355,376.4970367599126,6678.483376524903,0.9436253688849009
2026-07-30 21:00:00+00:00,96.9,64.77527330419355,376.4970367599126,6653.221019936268,0.9434113137634019
2026-07-30 22:00:00+00:00,97.47,64.77527330419355,376.4970367599126,6690.142925719658,0.9437236183232344
2026-07-30 23:00:00+00:00,97.88,64.77527330419355,376.4970367599126,6716.700787774376,0.9439461353637777
2026-07-31 00:00:00+00:00,97.53,64.77527330419355,376.4970367599126,6694.02944211791,0.943756292078573
2026-07-31 01:00:00+00:00,97.19,64.77527330419355,376.4970367599126,6672.005849194483,0.9435706374859717
2026-07-31 02:00:00+00:00,96.3,64.77527330419355,376.4970367599126,6614.355855953751,0.9430788054106557
2026-07-31 03:00:00+00:00,96.6,64.77527330419355,376.4970367599126,6633.788437945009,0.9432455466010395
2026-07-31 04:00:00+00:00,96.59,64.77527330419355,376.4970367599126,6633.140685211967,0.9432400043015398
2026-07-31 05:00:00+00:00,96.62,64.77527330419355,376.4970367599126,6635.083943411093,0.9432566279536237
2026-07-31 06:00:00+00:00,96.3,64.77527330419355,376.4970367599126,6614.355855953751,0.9430788054106557
2026-07-31 07:00:00+00:00,95.74,64.77527330419355,376.4970367599126,6578.081702903402,0.9427649193542647
2026-07-31 08:00:00+00:00,95.44,64.77527330419355,376.4970367599126,6558.649120912145,0.9425953378784271
2026-07-31 09:00:00+00:00,95.0,64.77527330419355,376.4970367599126,6530.1480006583,0.9423447926874003
2026-07-31 10:00:00+00:00,95.95,64.77527330419355,376.4970367599126,6591.684510297284,0.9428830314661203
2026-07-31 11:00:00+00:00,96.2,64.77527330419355,376.4970367599126,6607.878328623332,0.9430230070779237
2026-07-31 12:00:00+00:00,95.25,64.77527330419355,376.4970367599126,6546.341818984348,0.9424874155412916
2026-07-31 13:00:00+00:00,91.78,64.77527330419355,376.4970367599126,6321.571620618796,0.9404424944689532
2026-07-31 14:00:00+00:00,90.955,64.77527330419355,376.4970367599126,6268.132020142836,0.9399347308655868
2026-07-31 15:00:00+00:00,91.636,64.77527330419355,376.4970367599126,6312.243981262992,0.9403544859993545
2026-07-31 16:00:00+00:00,92.916,64.77527330419355,376.4970367599126,6395.15633109236,0.9411277821420195
2026-07-31 17:00:00+00:00,93.661,64.77527330419355,376.4970367599126,6443.413909703984,0.9415687022382815
2026-07-31 18:00:00+00:00,94.895,64.77527330419355,376.4970367599126,6523.346596961359,0.9422846799317257
2026-07-31 19:00:00+00:00,93.27,64.77527330419355,376.4970367599126,6418.086777842044,0.9413381199425754
2026-07-31 20:00:00+00:00,92.79,64.77527330419355,376.4970367599126,6386.994646656032,0.9410525516947112
2026-07-31 21:00:00+00:00,92.849,64.77527330419355,376.4970367599126,6390.816387780979,0.941087802572491
2026-07-31 22:00:00+00:00,92.8,64.77527330419355,376.4970367599126,6387.642399389074,0.9410585293885704
2026-07-31 23:00:00+00:00,92.793,64.77527330419355,376.4970367599126,6387.188972475945,0.941054345130176
2026-08-01 00:00:00+00:00,92.803,68.82730319168797,-5.684341886080802e-14,6387.380218098219,1.0
2026-08-01 01:00:00+00:00,93.56,68.82730319168797,-5.684341886080802e-14,6439.482486614327,1.0
2026-08-01 03:00:00+00:00,93.57,68.82730319168797,-5.684341886080802e-14,6440.170759646243,1.0
2026-08-01 05:00:00+00:00,93.64,68.82730319168797,-5.684341886080802e-14,6444.988670869662,1.0
2026-08-01 06:00:00+00:00,93.74,68.82730319168797,-5.684341886080802e-14,6451.8714011888305,1.0
2026-08-01 07:00:00+00:00,93.76,68.82730319168797,-5.684341886080802e-14,6453.247947252665,1.0
2026-08-01 08:00:00+00:00,93.82,68.82730319168797,-5.684341886080802e-14,6457.377585444166,1.0
2026-08-01 12:00:00+00:00,93.89,68.82730319168797,-5.684341886080802e-14,6462.195496667584,1.0
2026-08-01 13:00:00+00:00,93.93,68.82730319168797,-5.684341886080802e-14,6464.948588795252,1.0
2026-08-01 14:00:00+00:00,93.96,68.82730319168797,-5.684341886080802e-14,6467.013407891001,1.0
2026-08-01 15:00:00+00:00,93.62,68.82730319168797,-5.684341886080802e-14,6443.612124805829,1.0
2026-08-01 16:00:00+00:00,93.58,68.82730319168797,-5.684341886080802e-14,6440.8590326781605,1.0
2026-08-01 17:00:00+00:00,93.0,68.82730319168797,-5.684341886080802e-14,6400.939196826982,1.0
2026-08-01 18:00:00+00:00,92.14,68.82730319168797,-5.684341886080802e-14,6341.74771608213,1.0
2026-08-01 19:00:00+00:00,92.47,68.82730319168797,-5.684341886080802e-14,6364.460726135387,1.0
2026-08-01 21:00:00+00:00,92.47,68.82730319168797,-5.684341886080802e-14,6364.460726135387,1.0
2026-08-02 00:00:00+00:00,92.47,68.82730319168797,-5.684341886080802e-14,6364.460726135387,1.0
2026-08-02 01:00:00+00:00,92.8,68.82730319168797,-5.684341886080802e-14,6387.1737361886435,1.0
2026-08-02 02:00:00+00:00,93.41,68.82730319168797,-5.684341886080802e-14,6429.158391135574,1.0
2026-08-02 03:00:00+00:00,93.65,68.82730319168797,-5.684341886080802e-14,6445.676943901579,1.0
2026-08-02 05:00:00+00:00,93.89,68.82730319168797,-5.684341886080802e-14,6462.195496667584,1.0
2026-08-02 06:00:00+00:00,93.75,68.82730319168797,-5.684341886080802e-14,6452.559674220747,1.0
2026-08-02 08:00:00+00:00,93.4,68.82730319168797,-5.684341886080802e-14,6428.470118103657,1.0
2026-08-02 09:00:00+00:00,93.5,68.82730319168797,-5.684341886080802e-14,6435.352848422825,1.0
2026-08-02 10:00:00+00:00,93.29,68.82730319168797,-5.684341886080802e-14,6420.899114752571,1.0
2026-08-02 11:00:00+00:00,93.26,68.82730319168797,-5.684341886080802e-14,6418.834295656821,1.0
2026-08-02 13:00:00+00:00,93.51,68.82730319168797,-5.684341886080802e-14,6436.041121454743,1.0
2026-08-02 14:00:00+00:00,93.51,68.82730319168797,-5.684341886080802e-14,6436.041121454743,1.0
2026-08-02 15:00:00+00:00,93.45,68.82730319168797,-5.684341886080802e-14,6431.911483263241,1.0
2026-08-02 16:00:00+00:00,93.56,68.82730319168797,-5.684341886080802e-14,6439.482486614327,1.0
2026-08-02 18:00:00+00:00,93.7,68.82730319168797,-5.684341886080802e-14,6449.118309061163,1.0
2026-08-02 20:00:00+00:00,93.66,68.82730319168797,-5.684341886080802e-14,6446.3652169334955,1.0
2026-08-02 21:00:00+00:00,93.52,68.82730319168797,-5.684341886080802e-14,6436.729394486659,1.0
2026-08-02 22:00:00+00:00,93.93,68.82730319168797,-5.684341886080802e-14,6464.948588795252,1.0
2026-08-02 23:00:00+00:00,93.58,68.82730319168797,-5.684341886080802e-14,6440.8590326781605,1.0
2026-08-03 00:00:00+00:00,94.02,68.82730319168797,-5.684341886080802e-14,6471.143046082503,1.0
2026-08-03 01:00:00+00:00,93.76,68.82730319168797,-5.684341886080802e-14,6453.247947252665,1.0
2026-08-03 02:00:00+00:00,93.81,68.82730319168797,-5.684341886080802e-14,6456.689312412249,1.0
2026-08-03 03:00:00+00:00,93.27,68.82730319168797,-5.684341886080802e-14,6419.522568688737,1.0
2026-08-03 04:00:00+00:00,93.14,68.82730319168797,-5.684341886080802e-14,6410.575019273818,1.0
2026-08-03 05:00:00+00:00,93.01,68.82730319168797,-5.684341886080802e-14,6401.627469858899,1.0
2026-08-03 06:00:00+00:00,92.05,68.82730319168797,-5.684341886080802e-14,6335.553258794878,1.0
2026-08-03 07:00:00+00:00,91.99,68.82730319168797,-5.684341886080802e-14,6331.423620603377,1.0
2026-08-03 08:00:00+00:00,91.95,68.82730319168797,-5.684341886080802e-14,6328.670528475709,1.0
2026-08-03 09:00:00+00:00,92.24,68.82730319168797,-5.684341886080802e-14,6348.630446401298,1.0
2026-08-03 10:00:00+00:00,92.3,68.82730319168797,-5.684341886080802e-14,6352.7600845928,1.0
2026-08-03 11:00:00+00:00,91.99,68.82730319168797,-5.684341886080802e-14,6331.423620603377,1.0
2026-08-03 12:00:00+00:00,92.789,68.82730319168797,-5.684341886080802e-14,6386.416635853536,1.0
2026-08-03 13:00:00+00:00,95.185,68.82730319168797,-5.684341886080802e-14,6551.32685430082,1.0
2026-08-03 14:00:00+00:00,95.545,68.82730319168797,-5.684341886080802e-14,6576.1046834498275,1.0
2026-08-03 15:00:00+00:00,94.53,68.82730319168797,-5.684341886080802e-14,6506.244970710264,1.0
2026-08-03 16:00:00+00:00,94.815,68.82730319168797,-5.684341886080802e-14,6525.860752119896,1.0
2026-08-03 17:00:00+00:00,95.202,68.82730319168797,-5.684341886080802e-14,6552.496918455078,1.0
2026-08-03 18:00:00+00:00,95.171,68.82730319168797,-5.684341886080802e-14,6550.363272056136,1.0
2026-08-03 19:00:00+00:00,94.81,68.82730319168797,-5.684341886080802e-14,6525.516615603937,1.0
2026-08-03 20:00:00+00:00,94.19,68.82730319168797,-5.684341886080802e-14,6482.84368762509,1.0
2026-08-03 21:00:00+00:00,94.01,68.82730319168797,-5.684341886080802e-14,6470.4547730505865,1.0
2026-08-03 22:00:00+00:00,94.06,68.82730319168797,-5.684341886080802e-14,6473.896138210171,1.0
2026-08-03 23:00:00+00:00,94.02,68.82730319168797,-5.684341886080802e-14,6471.143046082503,1.0
2026-08-04 00:00:00+00:00,93.6,64.69766500018669,388.0526490509832,6443.754093068456,0.9397784826288745
2026-08-04 01:00:00+00:00,93.99,64.69766500018669,388.0526490509832,6468.986182418529,0.9400133748769419
2026-08-04 02:00:00+00:00,93.7,64.69766500018669,388.0526490509832,6450.223859568476,0.9398388866030855
2026-08-04 03:00:00+00:00,93.87,64.69766500018669,388.0526490509832,6461.222462618508,0.9399412957383735
2026-08-04 04:00:00+00:00,94.32,64.69766500018669,388.0526490509832,6490.336411868591,0.9402107033556276
2026-08-04 05:00:00+00:00,94.15,64.69766500018669,388.0526490509832,6479.33780881856,0.9401092116970916
2026-08-04 06:00:00+00:00,93.93,64.69766500018669,388.0526490509832,6465.1043225185185,0.9399773569469928
2026-08-04 07:00:00+00:00,94.0,64.69766500018669,388.0526490509832,6469.633159068531,0.9400193736630884
2026-08-04 08:00:00+00:00,93.95,64.69766500018669,388.0526490509832,6466.398275818522,0.9399893677285347
2026-08-04 09:00:00+00:00,93.28,64.69766500018669,388.0526490509832,6423.050840268397,0.9395843721774484
2026-08-04 10:00:00+00:00,94.09,64.69766500018669,388.0526490509832,6475.4559489185485,0.9400733087967665
2026-08-04 11:00:00+00:00,94.178,64.69766500018669,388.0526490509832,6481.149343438565,0.9401259516656806
2026-08-04 12:00:00+00:00,93.9,64.69766500018669,388.0526490509832,6463.163392568514,0.9399593317573908
2026-08-04 13:00:00+00:00,94.18,64.69766500018669,388.0526490509832,6481.278738768566,0.9401271470196463
2026-08-04 14:00:00+00:00,95.34,64.69766500018669,388.0526490509832,6556.328030168782,0.9408125024761775
2026-08-04 15:00:00+00:00,96.43,64.69766500018669,388.0526490509832,6626.848485018985,0.9414423537933249
2026-08-04 16:00:00+00:00,95.945,64.69766500018669,388.0526490509832,6595.470117493895,0.9411637620763821
2026-08-04 17:00:00+00:00,96.317,64.69766500018669,388.0526490509832,6619.537648873964,0.9413776807936135
2026-08-04 18:00:00+00:00,97.539,64.69766500018669,388.0526490509832,6698.5981955041925,0.9420695737040286
2026-08-04 19:00:00+00:00,97.6,64.69766500018669,388.0526490509832,6702.544753069204,0.9421036839965466
2026-08-04 20:00:00+00:00,97.94,64.69766500018669,388.0526490509832,6724.541959169267,0.9422930734305476
2026-08-04 21:00:00+00:00,97.56,64.69766500018669,388.0526490509832,6699.9568464691965,0.9420813211273917
2026-08-04 22:00:00+00:00,97.605,64.69766500018669,388.0526490509832,6702.868241394205,0.9421064781410253
2026-08-04 23:00:00+00:00,97.53,64.69766500018669,388.0526490509832,6698.015916519191,0.9420645376351023
2026-08-05 00:00:00+00:00,96.75,68.66967196391613,-5.684341886080802e-14,6643.790762508886,1.0
2026-08-05 01:00:00+00:00,97.63,68.66967196391613,-5.684341886080802e-14,6704.220073837131,1.0
2026-08-05 02:00:00+00:00,97.8,68.66967196391613,-5.684341886080802e-14,6715.893918070998,1.0
2026-08-05 03:00:00+00:00,97.56,68.66967196391613,-5.684341886080802e-14,6699.413196799658,1.0
2026-08-05 04:00:00+00:00,97.51,68.66967196391613,-5.684341886080802e-14,6695.979713201462,1.0
2026-08-05 05:00:00+00:00,98.03,68.66967196391613,-5.684341886080802e-14,6731.687942622699,1.0
2026-08-05 06:00:00+00:00,97.96,68.66967196391613,-5.684341886080802e-14,6726.881065585224,1.0
2026-08-05 07:00:00+00:00,97.34,68.66967196391613,-5.684341886080802e-14,6684.305868967596,1.0
2026-08-05 08:00:00+00:00,97.35,68.66967196391613,-5.684341886080802e-14,6684.992565687235,1.0
2026-08-05 09:00:00+00:00,97.615,68.66967196391613,-5.684341886080802e-14,6703.190028757673,1.0
2026-08-05 10:00:00+00:00,97.8,68.66967196391613,-5.684341886080802e-14,6715.893918070998,1.0
2026-08-05 11:00:00+00:00,97.421,68.66967196391613,-5.684341886080802e-14,6689.8681123966735,1.0
2026-08-05 12:00:00+00:00,98.0,68.66967196391613,-5.684341886080802e-14,6729.627852463781,1.0
2026-08-05 13:00:00+00:00,98.395,68.66967196391613,-5.684341886080802e-14,6756.752372889528,1.0
2026-08-05 14:00:00+00:00,97.305,68.66967196391613,-5.684341886080802e-14,6681.902430448859,1.0
2026-08-05 15:00:00+00:00,96.183,68.66967196391613,-5.684341886080802e-14,6604.855058505345,1.0
2026-08-05 16:00:00+00:00,97.45,68.66967196391613,-5.684341886080802e-14,6691.859532883627,1.0
2026-08-05 17:00:00+00:00,97.76,68.66967196391613,-5.684341886080802e-14,6713.1471311924415,1.0
2026-08-05 18:00:00+00:00,97.45,68.66967196391613,-5.684341886080802e-14,6691.859532883627,1.0
2026-08-05 19:00:00+00:00,98.27,68.66967196391613,-5.684341886080802e-14,6748.168663894038,1.0
2026-08-05 20:00:00+00:00,98.0,68.66967196391613,-5.684341886080802e-14,6729.627852463781,1.0
2026-08-05 21:00:00+00:00,97.55,68.66967196391613,-5.684341886080802e-14,6698.726500080018,1.0
2026-08-05 22:00:00+00:00,97.7,68.66967196391613,-5.684341886080802e-14,6709.026950874606,1.0
2026-08-05 23:00:00+00:00,97.75,68.66967196391613,-5.684341886080802e-14,6712.460434472801,1.0
2026-08-06 00:00:00+00:00,97.88,68.66967196391613,-5.684341886080802e-14,6721.387491828111,1.0
2026-08-06 01:00:00+00:00,97.47,68.66967196391613,-5.684341886080802e-14,6693.232926322905,1.0
2026-08-06 02:00:00+00:00,97.76,68.66967196391613,-5.684341886080802e-14,6713.1471311924415,1.0
2026-08-06 03:00:00+00:00,97.63,68.66967196391613,-5.684341886080802e-14,6704.220073837131,1.0
2026-08-06 04:00:00+00:00,98.14,68.66967196391613,-5.684341886080802e-14,6739.241606538729,1.0
2026-08-06 05:00:00+00:00,98.43,68.66967196391613,-5.684341886080802e-14,6759.155811408265,1.0
2026-08-06 06:00:00+00:00,98.13,68.66967196391613,-5.684341886080802e-14,6738.5549098190895,1.0
2026-08-06 07:00:00+00:00,98.1,68.66967196391613,-5.684341886080802e-14,6736.494819660172,1.0
2026-08-06 08:00:00+00:00,98.63,68.66967196391613,-5.684341886080802e-14,6772.889745801048,1.0
2026-08-06 09:00:00+00:00,98.22,68.66967196391613,-5.684341886080802e-14,6744.735180295842,1.0
2026-08-06 10:00:00+00:00,98.137,68.66967196391613,-5.684341886080802e-14,6739.035597522838,1.0
2026-08-06 11:00:00+00:00,97.74,68.66967196391613,-5.684341886080802e-14,6711.773737753162,1.0
2026-08-06 12:00:00+00:00,97.23,68.66967196391613,-5.684341886080802e-14,6676.752205051565,1.0
2026-08-06 13:00:00+00:00,97.36,68.66967196391613,-5.684341886080802e-14,6685.679262406875,1.0
2026-08-06 14:00:00+00:00,97.99,68.66967196391613,-5.684341886080802e-14,6728.941155744141,1.0
2026-08-06 15:00:00+00:00,97.05,68.66967196391613,-5.684341886080802e-14,6664.391664098061,1.0
2026-08-06 16:00:00+00:00,97.11,68.66967196391613,-5.684341886080802e-14,6668.511844415895,1.0
2026-08-06 17:00:00+00:00,97.01,68.66967196391613,-5.684341886080802e-14,6661.644877219504,1.0
2026-08-06 18:00:00+00:00,95.76,68.66967196391613,-5.684341886080802e-14,6575.807787264609,1.0
2026-08-06 19:00:00+00:00,96.78,68.66967196391613,-5.684341886080802e-14,6645.850852667803,1.0
2026-08-06 20:00:00+00:00,96.93,68.66967196391613,-5.684341886080802e-14,6656.151303462391,1.0
2026-08-06 21:00:00+00:00,96.899,68.66967196391613,-5.684341886080802e-14,6654.0225436315095,1.0
2026-08-06 22:00:00+00:00,96.695,68.66967196391613,-5.684341886080802e-14,6640.01393055087,1.0
2026-08-06 23:00:00+00:00,96.78,68.66967196391613,-5.684341886080802e-14,6645.850852667803,1.0
2026-08-07 00:00:00+00:00,96.76,68.66967196391613,-5.684341886080802e-14,6644.477459228525,1.0
2026-08-07 01:00:00+00:00,97.03,68.66967196391613,-5.684341886080802e-14,6663.018270658782,1.0
2026-08-07 02:00:00+00:00,97.05,68.66967196391613,-5.684341886080802e-14,6664.391664098061,1.0
2026-08-07 03:00:00+00:00,96.76,68.66967196391613,-5.684341886080802e-14,6644.477459228525,1.0
2026-08-07 04:00:00+00:00,96.56,68.66967196391613,-5.684341886080802e-14,6630.7435248357415,1.0
2026-08-07 05:00:00+00:00,96.89,68.66967196391613,-5.684341886080802e-14,6653.404516583834,1.0
2026-08-07 06:00:00+00:00,96.97,68.66967196391613,-5.684341886080802e-14,6658.898090340947,1.0
2026-08-07 07:00:00+00:00,96.91,68.66967196391613,-5.684341886080802e-14,6654.777910023112,1.0
2026-08-07 08:00:00+00:00,97.65,68.66967196391613,-5.684341886080802e-14,6705.593467276411,1.0
2026-08-07 09:00:00+00:00,98.0,68.66967196391613,-5.684341886080802e-14,6729.627852463781,1.0
2026-08-07 10:00:00+00:00,98.27,68.66967196391613,-5.684341886080802e-14,6748.168663894038,1.0
2026-08-07 11:00:00+00:00,98.79,68.66967196391613,-5.684341886080802e-14,6783.876893315275,1.0
2026-08-07 12:00:00+00:00,101.35,68.66967196391613,-5.684341886080802e-14,6959.6712535429,1.0
2026-08-07 13:00:00+00:00,101.85,68.66967196391613,-5.684341886080802e-14,6994.006089524857,1.0
2026-08-07 14:00:00+00:00,101.47,68.66967196391613,-5.684341886080802e-14,6967.91161417857,1.0
2026-08-07 15:00:00+00:00,101.51,68.66967196391613,-5.684341886080802e-14,6970.658401057127,1.0
2026-08-07 16:00:00+00:00,100.185,68.66967196391613,-5.684341886080802e-14,6879.6710857049375,1.0
2026-08-07 17:00:00+00:00,98.5,68.66967196391613,-5.684341886080802e-14,6763.962688445738,1.0
2026-08-07 18:00:00+00:00,97.437,68.66967196391613,-5.684341886080802e-14,6690.966827148096,1.0
2026-08-07 19:00:00+00:00,99.98,68.66967196391613,-5.684341886080802e-14,6865.593802952335,1.0
2026-08-07 20:00:00+00:00,99.96,68.66967196391613,-5.684341886080802e-14,6864.2204095130555,1.0
2026-08-07 21:00:00+00:00,100.26,68.66967196391613,-5.684341886080802e-14,6884.821311102231,1.0
2026-08-07 22:00:00+00:00,100.0,68.66967196391613,-5.684341886080802e-14,6866.9671963916135,1.0
2026-08-07 23:00:00+00:00,100.21,68.66967196391613,-5.684341886080802e-14,6881.387827504035,1.0
2026-08-08 01:00:00+00:00,100.77,63.17609820680284,550.4538990706862,6916.709315370208,0.9204167944650391
2026-08-08 02:00:00+00:00,100.84,63.17609820680284,550.4538990706862,6921.131642244684,0.9204676449569509
2026-08-08 03:00:00+00:00,101.32,63.17609820680284,550.4538990706862,6951.45616938395,0.9208145911219249
2026-08-08 04:00:00+00:00,101.7,63.17609820680284,550.4538990706862,6975.463086702535,0.9210871174818447
2026-08-08 05:00:00+00:00,101.49,63.17609820680284,550.4538990706862,6962.196106079106,0.9209367431362566
2026-08-08 06:00:00+00:00,101.63,63.17609820680284,550.4538990706862,6971.040759828058,0.9210370562968473
2026-08-08 07:00:00+00:00,102.01,63.17609820680284,550.4538990706862,6995.047677146644,0.9213080561453411
2026-08-08 09:00:00+00:00,101.76,63.17609820680284,550.4538990706862,6979.253652594944,0.9211299765747842
2026-08-08 11:00:00+00:00,101.9,63.17609820680284,550.4538990706862,6988.098306343896,0.9212298003061897
2026-08-08 12:00:00+00:00,101.98,63.17609820680284,550.4538990706862,6993.15239420044,0.9212867290683971
2026-08-08 13:00:00+00:00,102.09,63.17609820680284,550.4538990706862,7000.101765003188,0.9213648718904824
2026-08-08 14:00:00+00:00,102.15,63.17609820680284,550.4538990706862,7003.892330895596,0.9214074298883035
2026-08-08 15:00:00+00:00,102.24,63.17609820680284,550.4538990706862,7009.578179734208,0.9214711805822874
2026-08-08 16:00:00+00:00,102.24,63.17609820680284,550.4538990706862,7009.578179734208,0.9214711805822874
2026-08-08 17:00:00+00:00,102.19,63.17609820680284,550.4538990706862,7006.419374823869,0.9214357763041378
2026-08-08 21:00:00+00:00,102.14,63.17609820680284,550.4538990706862,7003.260569913528,0.9214003400879481
2026-08-08 22:00:00+00:00,102.24,63.17609820680284,550.4538990706862,7009.578179734208,0.9214711805822874
2026-08-08 23:00:00+00:00,102.16,63.17609820680284,550.4538990706862,7004.524091877664,0.9214145184097541
2026-08-09 03:00:00+00:00,102.25,63.17609820680284,550.4538990706862,7010.209940716277,0.9214782576091519
2026-08-09 06:00:00+00:00,102.27,63.17609820680284,550.4538990706862,7011.473462680412,0.9214924078368752
2026-08-09 07:00:00+00:00,102.25,63.17609820680284,550.4538990706862,7010.209940716277,0.9214782576091519
2026-08-09 08:00:00+00:00,102.31,63.17609820680284,550.4538990706862,7014.000506608685,0.9215206929979487
2026-08-09 10:00:00+00:00,102.35,63.17609820680284,550.4538990706862,7016.527550536956,0.9215489577848859
2026-08-09 11:00:00+00:00,102.35,63.17609820680284,550.4538990706862,7016.527550536956,0.9215489577848859
2026-08-09 12:00:00+00:00,102.15,63.17609820680284,550.4538990706862,7003.892330895596,0.9214074298883035
2026-08-09 13:00:00+00:00,102.28,63.17609820680284,550.4538990706862,7012.105223662481,0.9214994810384235
2026-08-09 14:00:00+00:00,102.37,63.17609820680284,550.4538990706862,7017.791072501093,0.9215630825449314
2026-08-09 15:00:00+00:00,102.6,63.17609820680284,550.4538990706862,7032.3215750886575,0.921725152470186
2026-08-09 16:00:00+00:00,102.52,63.17609820680284,550.4538990706862,7027.267487232113,0.9216688563412722
2026-08-09 17:00:00+00:00,102.5,63.17609820680284,550.4538990706862,7026.003965267977,0.9216547696540204
2026-08-09 19:00:00+00:00,102.63,63.17609820680284,550.4538990706862,7034.216858034862,0.9217462426621198
2026-08-09 21:00:00+00:00,102.63,63.17609820680284,550.4538990706862,7034.216858034862,0.9217462426621198
2026-08-09 22:00:00+00:00,102.67,63.17609820680284,550.4538990706862,7036.743901963134,0.9217743452455164
2026-08-09 23:00:00+00:00,102.36,63.17609820680284,550.4538990706862,7017.159311519024,0.9215560208007408
2026-08-10 00:00:00+00:00,100.73,63.17609820680284,550.4538990706862,6914.182271441937,0.9203877078357828
2026-08-10 01:00:00+00:00,101.2,63.17609820680284,550.4538990706862,6943.875037599134,0.9207281386703918
2026-08-10 02:00:00+00:00,100.95,63.17609820680284,550.4538990706862,6928.081013047433,0.9205474217125876
2026-08-10 03:00:00+00:00,100.73,63.17609820680284,550.4538990706862,6914.182271441937,0.9203877078357828
2026-08-10 04:00:00+00:00,100.76,63.17609820680284,550.4538990706862,6916.077554388141,0.9204095248004511
2026-08-10 05:00:00+00:00,100.94,63.17609820680284,550.4538990706862,6927.449252065365,0.920540175894241
2026-08-10 06:00:00+00:00,101.46,63.17609820680284,550.4538990706862,6960.300823132902,0.9209152142905627
2026-08-10 07:00:00+00:00,101.27,63.17609820680284,550.4538990706862,6948.297364473609,0.9207785921936593
2026-08-10 08:00:00+00:00,101.56,63.17609820680284,550.4538990706862,6966.618432953583,0.9209869315553552
2026-08-10 09:00:00+00:00,100.57,63.17609820680284,550.4538990706862,6904.074095728847,0.920271148391756
2026-08-10 10:00:00+00:00,100.77,63.17609820680284,550.4538990706862,6916.709315370208,0.9204167944650391
2026-08-10 11:00:00+00:00,100.5,63.17609820680284,550.4538990706862,6899.651768854372,0.9202200462412491
2026-08-10 12:00:00+00:00,99.25,63.17609820680284,550.4538990706862,6820.681646095868,0.919296350770782
2026-08-10 13:00:00+00:00,97.272,63.17609820680284,550.4538990706862,6695.719323842813,0.9177901772091054
2026-08-10 14:00:00+00:00,99.132,63.17609820680284,550.4538990706862,6813.226866507465,0.9192080478375653
2026-08-10 15:00:00+00:00,98.045,63.17609820680284,550.4538990706862,6744.554447756671,0.9183854317828549
2026-08-10 16:00:00+00:00,97.05,63.17609820680284,550.4538990706862,6681.694230040902,0.917617616113613
2026-08-10 17:00:00+00:00,96.945,63.17609820680284,550.4538990706862,6675.060739729187,0.9175357467843778
2026-08-10 18:00:00+00:00,96.5,63.17609820680284,550.4538990706862,6646.94737602716,0.9171869629875589
2026-08-10 19:00:00+00:00,97.31,63.17609820680284,550.4538990706862,6698.120015574671,0.917819642259208
2026-08-10 20:00:00+00:00,97.477,63.17609820680284,550.4538990706862,6708.670423975207,0.9179488834175705
2026-08-10 21:00:00+00:00,97.31,63.17609820680284,550.4538990706862,6698.120015574671,0.917819642259208
2026-08-10 22:00:00+00:00,97.109,63.17609820680284,550.4538990706862,6685.421619835103,0.9176635475857597
2026-08-10 23:00:00+00:00,96.946,63.17609820680284,550.4538990706862,6675.123915827394,0.9175365272597406
2026-08-11 00:00:00+00:00,97.52,63.17609820680284,550.4538990706862,6711.386996198099,0.917982095298258
2026-08-11 01:00:00+00:00,97.34,63.17609820680284,550.4538990706862,6700.015298520875,0.9178428892256102
2026-08-11 02:00:00+00:00,97.38,63.17609820680284,550.4538990706862,6702.542342449146,0.9178738647297308
2026-08-11 03:00:00+00:00,97.55,63.17609820680284,550.4538990706862,6713.282279144303,0.9180052504598617
2026-08-11 04:00:00+00:00,97.39,63.17609820680284,550.4538990706862,6703.1741034312145,0.9178816049565354
2026-08-11 05:00:00+00:00,97.05,63.17609820680284,550.4538990706862,6681.694230040902,0.917617616113613
2026-08-11 06:00:00+00:00,96.9,63.17609820680284,550.4538990706862,6672.217815309882,0.9175006100958469
2026-08-11 07:00:00+00:00,97.03,63.17609820680284,550.4538990706862,6680.430708076766,0.9176020344908036
2026-08-11 08:00:00+00:00,97.265,63.17609820680284,550.4538990706862,6695.277091155364,0.917784747131997
2026-08-11 09:00:00+00:00,97.28,63.17609820680284,550.4538990706862,6696.224732628467,0.9177963821332775
2026-08-11 10:00:00+00:00,97.703,63.17609820680284,550.4538990706862,6722.9482221699445,0.9181231387063966
2026-08-11 11:00:00+00:00,98.22,63.17609820680284,550.4538990706862,6755.610264942861,0.9185189971767352
2026-08-11 12:00:00+00:00,98.08,63.17609820680284,550.4538990706862,6746.765611193909,0.9184121798810678
2026-08-11 13:00:00+00:00,98.02,63.17609820680284,550.4538990706862,6742.9750453015,0.9183663152580934
2026-08-11 14:00:00+00:00,97.662,63.17609820680284,550.4538990706862,6720.3580021434655,0.9180915809998339
2026-08-11 15:00:00+00:00,95.948,63.17609820680284,550.4538990706862,6612.074169817005,0.9167501929147416
2026-08-11 16:00:00+00:00,96.06,63.17609820680284,550.4538990706862,6619.149892816167,0.9168391850941313
2026-08-11 17:00:00+00:00,96.0,63.17609820680284,550.4538990706862,6615.359326923759,0.9167915343871947
2026-08-11 18:00:00+00:00,95.8,63.17609820680284,550.4538990706862,6602.724107282398,0.9166323035573197
2026-08-11 19:00:00+00:00,96.1,63.17609820680284,550.4538990706862,6621.6769367444385,0.9168709219236966
2026-08-11 20:00:00+00:00,96.505,63.17609820680284,550.4538990706862,6647.263256518194,0.917190898294735
2026-08-11 21:00:00+00:00,96.45,63.17609820680284,550.4538990706862,6643.78857111682,0.9171475893342351
2026-08-11 22:00:00+00:00,96.47,63.17609820680284,550.4538990706862,6645.052093080956,0.9171633432875814
2026-08-11 23:00:00+00:00,96.59,63.17609820680284,550.4538990706862,6652.633224865773,0.9172577413386874
2026-08-12 00:00:00+00:00,96.74,63.17609820680284,550.4538990706862,6662.1096395967925,0.9173754367837151
2026-08-12 01:00:00+00:00,96.81,63.17609820680284,550.4538990706862,6666.531966471269,0.9174302468151139
2026-08-12 02:00:00+00:00,96.6,63.17609820680284,550.4538990706862,6653.26498584784,0.9172655981324122
2026-08-12 03:00:00+00:00,96.66,63.17609820680284,550.4538990706862,6657.055551740248,0.917312707578835
2026-08-12 04:00:00+00:00,96.71,63.17609820680284,550.4538990706862,6660.214356650588,0.9173519244885823
2026-08-12 05:00:00+00:00,96.62,63.17609820680284,550.4538990706862,6654.528507811977,0.9172813072444592
2026-08-12 06:00:00+00:00,96.46,63.17609820680284,550.4538990706862,6644.420332098887,0.9171554670598624
2026-08-12 07:00:00+00:00,96.45,63.17609820680284,550.4538990706862,6643.78857111682,0.9171475893342351
2026-08-12 08:00:00+00:00,96.95,63.17609820680284,550.4538990706862,6675.376620220221,0.9175396490134625
2026-08-12 09:00:00+00:00,97.58,63.17609820680284,550.4538990706862,6715.177562090507,0.9180283925509002
2026-08-12 10:00:00+00:00,97.365,63.17609820680284,550.4538990706862,6701.594700976044,0.9178622516532496
2026-08-12 11:00:00+00:00,97.43,63.17609820680284,550.4538990706862,6705.701147359488,0.9179125512792292
2026-08-12 12:00:00+00:00,97.74,63.17609820680284,550.4538990706862,6725.285737803595,0.9181515967453217
2026-08-12 13:00:00+00:00,97.08,63.17609820680284,550.4538990706862,6683.589512987106,0.9176409775015236
2026-08-12 14:00:00+00:00,95.054,63.17609820680284,550.4538990706862,6555.594738020123,0.9160329579438081
2026-08-12 15:00:00+00:00,95.193,63.17609820680284,550.4538990706862,6564.376215670869,0.9161452846415765
2026-08-12 16:00:00+00:00,95.385,63.17609820680284,550.4538990706862,6576.506026526576,0.9162999475936903
2026-08-12 17:00:00+00:00,95.365,63.17609820680284,550.4538990706862,6575.242504562439,0.9162838634942002
2026-08-12 18:00:00+00:00,95.4,63.17609820680284,550.4538990706862,6577.453667999677,0.9163120066130258
2026-08-12 19:00:00+00:00,94.827,63.17609820680284,550.4538990706862,6541.253763727179,0.9158488695052491
2026-08-12 20:00:00+00:00,95.25,63.17609820680284,550.4538990706862,6567.977253268657,0.9161912598286263
2026-08-12 21:00:00+00:00,95.181,63.17609820680284,550.4538990706862,6563.618102492387,0.9161355992266424
2026-08-12 22:00:00+00:00,94.936,63.17609820680284,550.4538990706862,6548.139958431721,0.9159373650280804
2026-08-12 23:00:00+00:00,94.95,63.17609820680284,550.4538990706862,6549.024423806616,0.9159487179388568
2026-08-13 00:00:00+00:00,95.44,63.17609820680284,550.4538990706862,6579.980711927949,0.9163441470165948
2026-08-13 01:00:00+00:00,95.21,63.17609820680284,550.4538990706862,6565.450209340384,0.9161590018171825
2026-08-13 02:00:00+00:00,95.4,63.17609820680284,550.4538990706862,6577.453667999677,0.9163120066130258
2026-08-13 03:00:00+00:00,95.55,63.17609820680284,550.4538990706862,6586.930082730697,0.9164324059680183
2026-08-13 04:00:00+00:00,95.64,63.17609820680284,550.4538990706862,6592.615931569309,0.9165044794381559
2026-08-13 05:00:00+00:00,95.82,63.17609820680284,550.4538990706862,6603.987629246534,0.9166482540589664
2026-08-13 06:00:00+00:00,95.99,63.17609820680284,550.4538990706862,6614.72756594169,0.9167835872931643
2026-08-13 07:00:00+00:00,95.76,63.17609820680284,550.4538990706862,6600.197063354127,0.9166003842329288
2026-08-13 08:00:00+00:00,95.95,63.17609820680284,550.4538990706862,6612.200522013419,0.9167517837309821
2026-08-13 09:00:00+00:00,95.755,63.17609820680284,550.4538990706862,6599.881182863091,0.9165963925987083
2026-08-13 10:00:00+00:00,95.425,63.17609820680284,550.4538990706862,6579.033070454847,0.9163320972586888
2026-08-13 11:00:00+00:00,94.99,63.17609820680284,550.4538990706862,6551.551467734887,0.9159811379363249
2026-08-13 12:00:00+00:00,95.06,63.17609820680284,550.4538990706862,6555.973794609365,0.9160378127924649
2026-08-13 13:00:00+00:00,97.03,63.17609820680284,550.4538990706862,6680.430708076766,0.9176020344908036
2026-08-13 14:00:00+00:00,97.653,63.17609820680284,550.4538990706862,6719.789417259604,0.9180846504420422
2026-08-13 15:00:00+00:00,95.685,63.17609820680284,550.4538990706862,6595.458855988616,0.9165404695731095
2026-08-13 16:00:00+00:00,94.64,63.17609820680284,550.4538990706862,6529.439833362507,0.9156966120955562
2026-08-13 17:00:00+00:00,94.94,63.17609820680284,550.4538990706862,6548.392662824547,0.9159406090298109
2026-08-13 18:00:00+00:00,96.083,63.17609820680284,550.4538990706862,6620.602943074923,0.9168574367314303
2026-08-13 19:00:00+00:00,97.073,63.17609820680284,550.4538990706862,6683.147280299658,0.9176355276961659
2026-08-13 20:00:00+00:00,96.92,63.17609820680284,550.4538990706862,6673.481337274017,0.9175162300977475
2026-08-13 21:00:00+00:00,97.01,63.17609820680284,550.4538990706862,6679.16718611263,0.9175864469727313
2026-08-13 22:00:00+00:00,97.3,63.17609820680284,550.4538990706862,6697.488254592602,0.9178118903466194
2026-08-13 23:00:00+00:00,97.129,63.17609820680284,550.4538990706862,6686.685141799239,0.917679105954947
2026-08-14 00:00:00+00:00,97.24,63.17609820680284,550.4538990706862,6693.697688700194,0.9177653481423397
2026-08-14 01:00:00+00:00,97.29,63.17609820680284,550.4538990706862,6696.856493610535,0.9178041369714471
2026-08-14 02:00:00+00:00,97.2,63.17609820680284,550.4538990706862,6691.1706447719225,0.9177342907102843
2026-08-14 03:00:00+00:00,96.76,63.17609820680284,550.4538990706862,6663.3731615609295,0.9173911042163907
2026-08-14 04:00:00+00:00,96.77,63.17609820680284,550.4538990706862,6664.004922542997,0.9173989357047726
2026-08-14 05:00:00+00:00,96.66,63.17609820680284,550.4538990706862,6657.055551740248,0.917312707578835
2026-08-14 06:00:00+00:00,95.81,63.17609820680284,550.4538990706862,6603.355868264466,0.9166402795711569
2026-08-14 07:00:00+00:00,95.83,63.17609820680284,550.4538990706862,6604.619390228602,0.916656227021186
2026-08-14 08:00:00+00:00,95.5,63.17609820680284,550.4538990706862,6583.771277820358,0.9163923113603484
2026-08-14 09:00:00+00:00,95.59,63.17609820680284,550.4538990706862,6589.45712665897,0.9164644539769878
2026-08-14 10:00:00+00:00,95.56,63.17609820680284,550.4538990706862,6587.561843712766,0.9164404202753641
2026-08-14 11:00:00+00:00,95.8,63.17609820680284,550.4538990706862,6602.724107282398,0.9166323035573197
2026-08-14 12:00:00+00:00,95.51,63.17609820680284,550.4538990706862,6584.403038802426,0.9164003333594836
2026-08-14 13:00:00+00:00,93.51,63.17609820680284,550.4538990706862,6458.0508423888205,0.9147647002935216
2026-08-14 14:00:00+00:00,92.038,63.17609820680284,550.4538990706862,6365.055625828406,0.9135193890785448
2026-08-14 15:00:00+00:00,93.425,63.17609820680284,550.4538990706862,6452.680874041242,0.9146937668519871
2026-08-14 16:00:00+00:00,94.5,63.17609820680284,550.4538990706862,6520.595179613554,0.9155822614488224
2026-08-14 17:00:00+00:00,93.3,63.17609820680284,550.4538990706862,6444.783861765391,0.9145892382308842
2026-08-14 18:00:00+00:00,92.59,63.17609820680284,550.4538990706862,6399.928832038561,0.9139906218464384
2026-08-14 19:00:00+00:00,93.055,63.17609820680284,550.4538990706862,6429.305717704725,0.9143836172613675
2026-08-14 20:00:00+00:00,93.01,63.17609820680284,550.4538990706862,6426.462793285418,0.9143457424750333
2026-08-14 21:00:00+00:00,92.95,63.17609820680284,550.4538990706862,6422.67222739301,0.914295190602601
2026-08-14 22:00:00+00:00,92.99,63.17609820680284,550.4538990706862,6425.199271321282,0.9143288984782739
2026-08-14 23:00:00+00:00,93.15,63.17609820680284,550.4538990706862,6435.307447034371,0.9144634652499228
2026-08-15 00:00:00+00:00,93.28,63.17609820680284,550.4538990706862,6443.520339801255,0.9145724898747407
2026-08-15 01:00:00+00:00,93.31,63.17609820680284,550.4538990706862,6445.41562274746,0.9145976099465178
2026-08-15 02:00:00+00:00,93.37,63.17609820680284,550.4538990706862,6449.206188639868,0.9146478057965803
2026-08-15 03:00:00+00:00,93.44,63.17609820680284,550.4538990706862,6453.628515514343,0.9147062930958282
2026-08-15 04:00:00+00:00,93.58,63.17609820680284,550.4538990706862,6462.473169263296,0.9148230275541034
2026-08-15 05:00:00+00:00,93.61,63.17609820680284,550.4538990706862,6464.3684522095,0.9148480005216066
2026-08-15 06:00:00+00:00,93.62,63.17609820680284,550.4538990706862,6465.000213191568,0.9148563215902905
2026-08-15 07:00:00+00:00,93.64,63.17609820680284,550.4538990706862,6466.263735155704,0.9148729588497937
2026-08-15 08:00:00+00:00,93.65,63.17609820680284,550.4538990706862,6466.895496137772,0.9148812750415661
2026-08-15 09:00:00+00:00,93.74,63.17609820680284,550.4538990706862,6472.581344976384,0.9149560477138052
2026-08-15 10:00:00+00:00,93.75,63.17609820680284,550.4538990706862,6473.213105958453,0.9149643476801335
2026-08-15 11:00:00+00:00,93.73,63.17609820680284,550.4538990706862,6471.9495839943165,0.9149477461270703
2026-08-15 12:00:00+00:00,93.81,63.17609820680284,550.4538990706862,6477.003671850861,0.9150141134761177
2026-08-15 13:00:00+00:00,94.14,63.17609820680284,550.4538990706862,6497.851784259105,0.915286787488113
2026-08-15 14:00:00+00:00,94.18,63.17609820680284,550.4538990706862,6500.378828187378,0.9153197200317356
2026-08-15 15:00:00+00:00,94.29,63.17609820680284,550.4538990706862,6507.328198990126,0.9154101526405091
2026-08-15 16:00:00+00:00,94.35,63.17609820680284,550.4538990706862,6511.1187648825335,0.9154593981545018
2026-08-15 17:00:00+00:00,94.37,63.17609820680284,550.4538990706862,6512.3822868466705,0.915475800586452
2026-08-15 18:00:00+00:00,94.37,63.17609820680284,550.4538990706862,6512.3822868466705,0.915475800586452
2026-08-15 19:00:00+00:00,94.45,63.17609820680284,550.4538990706862,6517.436374703215,0.9155413467161385
2026-08-15 20:00:00+00:00,94.51,63.17609820680284,550.4538990706862,6521.226940595623,0.9155904396388926
2026-08-15 21:00:00+00:00,94.54,63.17609820680284,550.4538990706862,6523.122223541827,0.9156149647044619
2026-08-15 22:00:00+00:00,94.56,63.17609820680284,550.4538990706862,6524.385745505962,0.915631306832242
2026-08-15 23:00:00+00:00,94.58,63.17609820680284,550.4538990706862,6525.6492674700985,0.9156476426315677
2026-08-16 00:00:00+00:00,94.63,56.57577682173438,1174.0327818913477,6527.798542532071,0.8201487416865118
2026-08-16 01:00:00+00:00,94.67,56.57577682173438,1174.0327818913477,6530.061573604941,0.8202110701931378
2026-08-16 02:00:00+00:00,94.7,56.57577682173438,1174.0327818913477,6531.758846909594,0.8202577882300686
2026-08-16 03:00:00+00:00,94.71,56.57577682173438,1174.0327818913477,6532.32460467781,0.8202733555141121
2026-08-16 04:00:00+00:00,94.83,56.57577682173438,1174.0327818913477,6539.113697896419,0.8204599528114912
2026-08-16 05:00:00+00:00,94.84,56.57577682173438,1174.0327818913477,6539.679455664636,0.8204754850982174
2026-08-16 06:00:00+00:00,94.86,56.57577682173438,1174.0327818913477,6540.810971201071,0.8205065416107319
2026-08-16 07:00:00+00:00,94.83,56.57577682173438,1174.0327818913477,6539.113697896419,0.8204599528114912
2026-08-16 09:00:00+00:00,93.96,56.57577682173438,1174.0327818913477,6489.892772061509,0.8190982774098413
2026-08-16 10:00:00+00:00,94.01,56.57577682173438,1174.0327818913477,6492.721560902597,0.819177093784361
2026-08-16 11:00:00+00:00,94.02,56.57577682173438,1174.0327818913477,6493.287318670814,0.8191928488185745
2026-08-16 12:00:00+00:00,94.02,56.57577682173438,1174.0327818913477,6493.287318670814,0.8191928488185745
2026-08-16 13:00:00+00:00,93.99,56.57577682173438,1174.0327818913477,6491.590045366162,0.8191455754773982
2026-08-16 14:00:00+00:00,94.15,56.57577682173438,1174.0327818913477,6500.64216965764,0.8193974147090797
2026-08-16 15:00:00+00:00,94.03,56.57577682173438,1174.0327818913477,6493.853076439032,0.8192086011075662
2026-08-16 16:00:00+00:00,95.15,56.57577682173438,1174.0327818913477,6557.217946479374,0.8209556565796786
2026-08-16 17:00:00+00:00,94.62,56.57577682173438,1174.0327818913477,6527.232784763854,0.8201331528068334
2026-08-16 19:00:00+00:00,94.62,56.57577682173438,1174.0327818913477,6527.232784763854,0.8201331528068334
2026-08-16 20:00:00+00:00,94.72,56.57577682173438,1174.0327818913477,6532.890362446028,0.8202889201018568
2026-08-16 21:00:00+00:00,94.75,56.57577682173438,1174.0327818913477,6534.5876357506795,0.8203355976943024
2026-08-16 23:00:00+00:00,94.75,56.57577682173438,1174.0327818913477,6534.5876357506795,0.8203355976943024
2026-08-17 00:00:00+00:00,93.21,56.57577682173438,1174.0327818913477,6447.460939445208,0.8179077325294551
2026-08-17 01:00:00+00:00,93.52,56.57577682173438,1174.0327818913477,6464.999430259946,0.8184017192026045
2026-08-17 02:00:00+00:00,93.98,56.57577682173438,1174.0327818913477,6491.024287597945,0.8191298122032128
2026-08-17 03:00:00+00:00,93.97,56.57577682173438,1174.0327818913477,6490.458529829727,0.8191140461809333
2026-08-17 04:00:00+00:00,94.15,56.57577682173438,1174.0327818913477,6500.64216965764,0.8193974147090797
2026-08-17 05:00:00+00:00,94.25,56.57577682173438,1174.0327818913477,6506.299747339813,0.8195544583737683
2026-08-17 06:00:00+00:00,94.69,56.57577682173438,1174.0327818913477,6531.193089141376,0.8202422182490257
2026-08-17 07:00:00+00:00,94.22,56.57577682173438,1174.0327818913477,6504.60247403516,0.8195073739590067
2026-08-17 08:00:00+00:00,93.74,56.57577682173438,1174.0327818913477,6477.446101160728,0.8187506675384043
2026-08-17 09:00:00+00:00,93.53,56.57577682173438,1174.0327818913477,6465.565188028164,0.8184176096367844
2026-08-17 10:00:00+00:00,93.75,56.57577682173438,1174.0327818913477,6478.011858928946,0.8187664969657128
2026-08-17 11:00:00+00:00,94.123,56.57577682173438,1174.0327818913477,6499.114623683453,0.8193549660421361
2026-08-17 12:00:00+00:00,94.24,56.57577682173438,1174.0327818913477,6505.733989571595,0.8195387662985806
2026-08-17 13:00:00+00:00,95.24,56.57577682173438,1174.0327818913477,6562.3097663933295,0.8210945804625434
2026-08-17 14:00:00+00:00,97.68,56.57577682173438,1174.0327818913477,6700.354661838362,0.8247805017579128
2026-08-17 15:00:00+00:00,98.1,56.57577682173438,1174.0327818913477,6724.11648810349,0.825399696158078
2026-08-17 16:00:00+00:00,97.13,56.57577682173438,1174.0327818913477,6669.237984586407,0.8239629797879892
2026-08-17 17:00:00+00:00,97.035,56.57577682173438,1174.0327818913477,6663.863285788343,0.8238209981895722
2026-08-17 18:00:00+00:00,97.629,56.57577682173438,1174.0327818913477,6697.469297220454,0.8247050147167396
2026-08-17 19:00:00+00:00,97.64,56.57577682173438,1174.0327818913477,6698.0916307654925,0.8247213017363316
2026-08-17 20:00:00+00:00,97.55,56.57577682173438,1174.0327818913477,6692.999810851536,0.824587955315962
2026-08-17 21:00:00+00:00,97.635,56.57577682173438,1174.0327818913477,6697.808751881384,0.8247138989208124
2026-08-17 22:00:00+00:00,97.58,56.57577682173438,1174.0327818913477,6694.697084156188,0.8246324266605224
2026-08-17 23:00:00+00:00,97.894,56.57577682173438,1174.0327818913477,6712.461878078213,0.8250965438290914
2026-08-18 00:00:00+00:00,97.73,60.320419819117134,806.2806295649332,6701.395258487251,0.8796846629000451
2026-08-18 01:00:00+00:00,97.09,60.320419819117134,806.2806295649332,6662.790189803016,0.8789875402652036
2026-08-18 02:00:00+00:00,96.66,60.320419819117134,806.2806295649332,6636.852409280796,0.8785146060446587
2026-08-18 03:00:00+00:00,97.15,60.320419819117134,806.2806295649332,6666.409414992163,0.8790532385017218
2026-08-18 04:00:00+00:00,97.2,60.320419819117134,806.2806295649332,6669.425435983119,0.8791079325641966
2026-08-18 05:00:00+00:00,97.07,60.320419819117134,806.2806295649332,6661.5837814066335,0.878965624989155
2026-08-18 06:00:00+00:00,97.36,60.320419819117134,806.2806295649332,6679.076703154177,0.8792826216258051
2026-08-18 07:00:00+00:00,96.98,60.320419819117134,806.2806295649332,6656.154943622913,0.8788669079379816
2026-08-18 08:00:00+00:00,96.89,60.320419819117134,806.2806295649332,6650.726105839192,0.8787680297258015
2026-08-18 09:00:00+00:00,96.3,60.320419819117134,806.2806295649332,6615.137058145913,0.8781158088671684
2026-08-18 10:00:00+00:00,96.2,60.320419819117134,806.2806295649332,6609.105016164002,0.8780045667918729
2026-08-18 11:00:00+00:00,96.651,60.320419819117134,806.2806295649332,6636.309525502424,0.8785046679232624
2026-08-18 12:00:00+00:00,96.26,60.320419819117134,806.2806295649332,6612.724241353149,0.8780713363907119
2026-08-18 13:00:00+00:00,95.86,60.320419819117134,806.2806295649332,6588.596073425502,0.8776248201317133
2026-08-18 14:00:00+00:00,95.6,60.320419819117134,806.2806295649332,6572.912764272531,0.8773328266354726
2026-08-18 15:00:00+00:00,95.57,60.320419819117134,806.2806295649332,6571.103151677958,0.8772990453879808
2026-08-18 16:00:00+00:00,95.545,60.320419819117134,806.2806295649332,6569.59514118248,0.8772708801322255
2026-08-18 17:00:00+00:00,93.98,60.320419819117134,806.2806295649332,6475.1936841655615,0.875481619717938
2026-08-18 18:00:00+00:00,93.31,60.320419819117134,806.2806295649332,6434.779002886753,0.8746995616783075
2026-08-18 19:00:00+00:00,92.5,60.320419819117134,806.2806295649332,6385.919462833268,0.8737408709493484
2026-08-18 20:00:00+00:00,92.65,60.320419819117134,806.2806295649332,6394.967525806136,0.8739195115047445
2026-08-18 21:00:00+00:00,92.899,60.320419819117134,806.2806295649332,6409.987310341096,0.8742149413830854
2026-08-18 22:00:00+00:00,92.8,60.320419819117134,806.2806295649332,6404.015588779003,0.8740976472671798
2026-08-18 23:00:00+00:00,93.0,60.320419819117134,806.2806295649332,6416.079672742827,0.8743343800747639
2026-08-19 00:00:00+00:00,92.78,46.91961667295396,2049.597200327914,6402.799235244582,0.6798904471272835
2026-08-19 01:00:00+00:00,92.51,46.91961667295396,2049.597200327914,6390.130938742885,0.6792558368559618
2026-08-19 02:00:00+00:00,92.49,46.91961667295396,2049.597200327914,6389.192546409425,0.6792087285771754
2026-08-19 03:00:00+00:00,92.44,46.91961667295396,2049.597200327914,6386.846565575777,0.6790908973177843
2026-08-19 04:00:00+00:00,92.5,46.91961667295396,2049.597200327914,6389.661742576155,0.6792322844461612
2026-08-19 05:00:00+00:00,92.2,46.91961667295396,2049.597200327914,6375.585857574269,0.6785241001981066
2026-08-19 06:00:00+00:00,92.75,46.91961667295396,2049.597200327914,6401.391646744393,0.6798200589132374
2026-08-19 07:00:00+00:00,92.6,46.91961667295396,2049.597200327914,6394.35370424345,0.6794676530064718
2026-08-19 08:00:00+00:00,92.88,46.91961667295396,2049.597200327914,6407.4911969118775,0.6801248511561393
2026-08-19 09:00:00+00:00,93.025,46.91961667295396,2049.597200327914,6414.2945413294565,0.6804641278753774
2026-08-19 10:00:00+00:00,92.71,46.91961667295396,2049.597200327914,6399.514862077475,0.6797261597947828
2026-08-19 11:00:00+00:00,92.71,46.91961667295396,2049.597200327914,6399.514862077475,0.6797261597947828
2026-08-19 12:00:00+00:00,93.22,46.91961667295396,2049.597200327914,6423.443866580682,0.6809192634201453
2026-08-19 13:00:00+00:00,97.077,46.91961667295396,2049.597200327914,6604.412828088265,0.6896624645250716
2026-08-19 14:00:00+00:00,102.983,46.91961667295396,2049.597200327914,6881.520084158731,0.7021592358574831
2026-08-19 15:00:00+00:00,105.736,46.91961667295396,2049.597200327914,7010.689788859374,0.7076468561503162
2026-08-19 16:00:00+00:00,106.15,46.91961667295396,2049.597200327914,7030.114510161977,0.708454649299775
2026-08-19 17:00:00+00:00,104.033,46.91961667295396,2049.597200327914,6930.785681665333,0.7042763556013703
2026-08-19 18:00:00+00:00,103.39,46.91961667295396,2049.597200327914,6900.616368144623,0.702983459595075
2026-08-19 19:00:00+00:00,104.205,46.91961667295396,2049.597200327914,6938.855855733081,0.7046202943336144
2026-08-19 20:00:00+00:00,106.93,46.91961667295396,2049.597200327914,7066.711811166881,0.7099645131857334
2026-08-19 21:00:00+00:00,109.068,46.91961667295396,2049.597200327914,7167.025951613656,0.7140240297488463
2026-08-19 22:00:00+00:00,107.35,46.91961667295396,2049.597200327914,7086.418050169521,0.7107710572792296
2026-08-19 23:00:00+00:00,108.06,46.91961667295396,2049.597200327914,7119.730978007318,0.7121243475829253
2026-08-20 00:00:00+00:00,107.61,38.235782641942315,2984.9314645876516,7099.484034687064,0.5795565635469137
2026-08-20 01:00:00+00:00,108.49,38.235782641942315,2984.9314645876516,7133.131523411974,0.5815398251398178
2026-08-20 02:00:00+00:00,107.59,38.235782641942315,2984.9314645876516,7098.719319034226,0.5795112709155897
2026-08-20 03:00:00+00:00,107.5,38.235782641942315,2984.9314645876516,7095.278098596451,0.5793073332561672
2026-08-20 04:00:00+00:00,108.1,38.235782641942315,2984.9314645876516,7118.219568181616,0.5806631930925155
2026-08-20 05:00:00+00:00,107.66,38.235782641942315,2984.9314645876516,7101.395823819161,0.5796697524484219
2026-08-20 06:00:00+00:00,108.58,38.235782641942315,2984.9314645876516,7136.572743849749,0.5817416045874336
2026-08-20 07:00:00+00:00,108.53,38.235782641942315,2984.9314645876516,7134.66095471765,0.5816295289247171
2026-08-20 08:00:00+00:00,113.15,38.235782641942315,2984.9314645876516,7311.310270523425,0.591737820699277
2026-08-20 09:00:00+00:00,114.1,38.235782641942315,2984.9314645876516,7347.63426403327,0.5937561183197542
2026-08-20 10:00:00+00:00,115.01,38.235782641942315,2984.9314645876516,7382.4288262374375,0.5956708104006245
2026-08-20 11:00:00+00:00,114.41,38.235782641942315,2984.9314645876516,7359.487356652271,0.5944104093215733
2026-08-20 12:00:00+00:00,114.0,38.235782641942315,2984.9314645876516,7343.810685769076,0.5935446061576877
2026-08-20 13:00:00+00:00,111.89,38.235782641942315,2984.9314645876516,7263.133184394577,0.5890297769837105
2026-08-20 14:00:00+00:00,109.67,38.235782641942315,2984.9314645876516,7178.249746929465,0.584170017786791
2026-08-20 15:00:00+00:00,112.967,38.235782641942315,2984.9314645876516,7304.313122299949,0.5913467269804323
2026-08-20 16:00:00+00:00,113.14,38.235782641942315,2984.9314645876516,7310.927912697005,0.5917164687941084
2026-08-20 17:00:00+00:00,112.4,38.235782641942315,2984.9314645876516,7282.633433541969,0.5901302060817983
2026-08-20 18:00:00+00:00,111.088,38.235782641942315,2984.9314645876516,7232.4680867157385,0.5872872954572403
2026-08-20 19:00:00+00:00,112.33,38.235782641942315,2984.9314645876516,7279.956928757032,0.5899795158407215
2026-08-20 20:00:00+00:00,112.71,38.235782641942315,2984.9314645876516,7294.48652616097,0.5907962193250362
2026-08-20 21:00:00+00:00,112.8,38.235782641942315,2984.9314645876516,7297.927746598745,0.5909891727855483
2026-08-20 22:00:00+00:00,112.7,38.235782641942315,2984.9314645876516,7294.10416833455,0.5907747688131529
2026-08-20 23:00:00+00:00,113.881,38.235782641942315,2984.9314645876516,7339.260627634685,0.5932926195115048
2026-08-21 00:00:00+00:00,115.11,16.775419203643196,5418.802917218893,7349.821421750261,0.2627299894412295
2026-08-21 01:00:00+00:00,117.61,16.775419203643196,5418.802917218893,7391.759969759369,0.26691303026777047
2026-08-21 02:00:00+00:00,116.7,16.775419203643196,5418.802917218893,7376.494338284054,0.2653959091251151
2026-08-21 03:00:00+00:00,116.85,16.775419203643196,5418.802917218893,7379.0106511646,0.26564641611356604
2026-08-21 04:00:00+00:00,118.25,16.775419203643196,5418.802917218893,7402.4962380497,0.26797626868547275
2026-08-21 05:00:00+00:00,118.72,16.775419203643196,5418.802917218893,7410.380685075413,0.26875512237415544
2026-08-21 06:00:00+00:00,119.1,16.775419203643196,5418.802917218893,7416.7553443727975,0.26938362321332077
2026-08-21 07:00:00+00:00,119.71,16.775419203643196,5418.802917218893,7426.988350087019,0.2703902764092255
2026-08-21 08:00:00+00:00,127.01,16.775419203643196,5418.802917218893,7549.448910273615,0.2822253674907645
2026-08-21 09:00:00+00:00,123.74,16.775419203643196,5418.802917218893,7494.593289477702,0.276971717087462
2026-08-21 10:00:00+00:00,124.0,16.775419203643196,5418.802917218893,7498.954898470649,0.277392251242368
2026-08-21 11:00:00+00:00,120.191,16.775419203643196,5418.802917218893,7435.057326723972,0.27118209327828807
2026-08-21 12:00:00+00:00,120.79,16.775419203643196,5418.802917218893,7445.1058028269545,0.27216576087322514
2026-08-21 13:00:00+00:00,119.01,16.775419203643196,5418.802917218893,7415.24555664447,0.26923486541004077
2026-08-21 14:00:00+00:00,120.48,16.775419203643196,5418.802917218893,7439.905422873825,0.27165701588639785
2026-08-21 15:00:00+00:00,120.15,16.775419203643196,5418.802917218893,7434.369534536623,0.27111466654359123
2026-08-21 16:00:00+00:00,120.264,16.775419203643196,5418.802917218893,7436.281932325838,0.27130211488309464
2026-08-21 17:00:00+00:00,119.46,16.775419203643196,5418.802917218893,7422.794495286109,0.2699780492831727
2026-08-21 18:00:00+00:00,119.53,16.775419203643196,5418.802917218893,7423.968774630364,0.27009351982508945
2026-08-21 19:00:00+00:00,119.205,16.775419203643196,5418.802917218893,7418.51676338918,0.2695570974563262
2026-08-21 20:00:00+00:00,120.24,16.775419203643196,5418.802917218893,7435.87932226495,0.27126266008734273
2026-08-21 21:00:00+00:00,122.371,16.775419203643196,5418.802917218893,7471.627740587914,0.2747493444055729
2026-08-21 22:00:00+00:00,121.87,16.775419203643196,5418.802917218893,7463.223255566889,0.27393262513258515
2026-08-21 23:00:00+00:00,121.25,16.775419203643196,5418.802917218893,7452.82249566063,0.2729193643919516
2026-08-22 00:00:00+00:00,121.251,3.6862265865970105,7004.850588616334,7451.809248467808,0.05997988474320848
2026-08-22 01:00:00+00:00,121.9,3.6862265865970105,7004.850588616334,7454.20160952251,0.06028157600837408
2026-08-22 02:00:00+00:00,121.97,3.6862265865970105,7004.850588616334,7454.459645383571,0.0603141043288997
2026-08-22 03:00:00+00:00,122.87,3.6862265865970105,7004.850588616334,7457.777249311509,0.06073212507613957
2026-08-22 04:00:00+00:00,123.05,3.6862265865970105,7004.850588616334,7458.440770097096,0.06081568459983321
2026-08-22 05:00:00+00:00,122.0,3.6862265865970105,7004.850588616334,7454.57023218117,0.06032804434833926
2026-08-22 06:00:00+00:00,122.08,3.6862265865970105,7004.850588616334,7454.865130308097,0.06036521571157716
2026-08-22 07:00:00+00:00,121.98,3.6862265865970105,7004.850588616334,7454.496507649437,0.06031875104800155
2026-08-22 08:00:00+00:00,121.92,3.6862265865970105,7004.850588616334,7454.275334054241,0.06029087004403334
2026-08-22 09:00:00+00:00,121.98,3.6862265865970105,7004.850588616334,7454.496507649437,0.06031875104800155
2026-08-22 10:00:00+00:00,119.87,3.6862265865970105,7004.850588616334,7446.718569551717,0.059337274103804835
2026-08-22 11:00:00+00:00,119.83,3.6862265865970105,7004.850588616334,7446.571120488254,0.05931864810323026
2026-08-22 12:00:00+00:00,120.03,3.6862265865970105,7004.850588616334,7447.308365805573,0.059411770730589133
2026-08-22 13:00:00+00:00,120.17,3.6862265865970105,7004.850588616334,7447.824437527696,0.059476945600292354
2026-08-22 14:00:00+00:00,120.36,3.6862265865970105,7004.850588616334,7448.52482057915,0.05956538276371332
2026-08-22 15:00:00+00:00,120.39,3.6862265865970105,7004.850588616334,7448.635407376748,0.059579345006054704
2026-08-22 16:00:00+00:00,120.46,3.6862265865970105,7004.850588616334,7448.89344323781,0.05961192195930565
2026-08-22 17:00:00+00:00,121.5,3.6862265865970105,7004.850588616334,7452.72711888787,0.06009565668068777
2026-08-22 18:00:00+00:00,121.51,3.6862265865970105,7004.850588616334,7452.7639811537365,0.060100305560469774
2026-08-22 19:00:00+00:00,121.51,3.6862265865970105,7004.850588616334,7452.7639811537365,0.060100305560469774
2026-08-22 20:00:00+00:00,122.23,3.6862265865970105,7004.850588616334,7455.418064296086,0.06043490409176585
2026-08-22 21:00:00+00:00,126.03,3.6862265865970105,7004.850588616334,7469.425725325155,0.062196901581560014
2026-08-22 22:00:00+00:00,123.9,3.6862265865970105,7004.850588616334,7461.574062695703,0.06121007045453965
2026-08-22 23:00:00+00:00,123.82,3.6862265865970105,7004.850588616334,7461.279164568776,0.06117296590641922
2026-08-23 00:00:00+00:00,123.94,3.6862265865970105,7004.850588616334,7461.721511759168,0.061228621628780414
2026-08-23 01:00:00+00:00,123.96,3.6862265865970105,7004.850588616334,7461.795236290899,0.06123789694096496
2026-08-23 02:00:00+00:00,123.45,3.6862265865970105,7004.850588616334,7459.915260731735,0.06100131921213864
2026-08-23 03:00:00+00:00,123.31,3.6862265865970105,7004.850588616334,7459.399189009611,0.060936355445756485
2026-08-23 04:00:00+00:00,123.12,3.6862265865970105,7004.850588616334,7458.698805958158,0.060848175955205606
2026-08-23 05:00:00+00:00,123.01,3.6862265865970105,7004.850588616334,7458.293321033632,0.06079711710164496
2026-08-23 06:00:00+00:00,123.11,3.6862265865970105,7004.850588616334,7458.661943692292,0.060843534470648754
2026-08-23 07:00:00+00:00,122.8,3.6862265865970105,7004.850588616334,7457.519213450447,0.06069962569022629
2026-08-23 08:00:00+00:00,123.58,3.6862265865970105,7004.850588616334,7460.394470187993,0.06106163466181694
2026-08-23 09:00:00+00:00,122.93,3.6862265865970105,7004.850588616334,7457.998422906704,0.0607599799027256
2026-08-23 10:00:00+00:00,122.75,3.6862265865970105,7004.850588616334,7457.334902121117,0.06067641046616818
2026-08-23 11:00:00+00:00,122.84,3.6862265865970105,7004.850588616334,7457.6666625139105,0.060718197043274205
2026-08-23 12:00:00+00:00,122.82,3.6862265865970105,7004.850588616334,7457.592937982179,0.060708911458546906
2026-08-23 13:00:00+00:00,122.91,3.6862265865970105,7004.850588616334,7457.924698374973,0.06075069514410089
2026-08-23 14:00:00+00:00,123.17,3.6862265865970105,7004.850588616334,7458.883117287488,0.060871382689834684
2026-08-23 15:00:00+00:00,122.61,3.6862265865970105,7004.850588616334,7456.818830398994,0.06061140173342201
2026-08-23 16:00:00+00:00,122.83,3.6862265865970105,7004.850588616334,7457.629800248044,0.06071355427385939
2026-08-23 17:00:00+00:00,122.86,3.6862265865970105,7004.850588616334,7457.740387045643,0.06072748244441362
2026-08-23 18:00:00+00:00,122.98,3.6862265865970105,7004.850588616334,7458.182734236034,0.060783190996209435
2026-08-23 19:00:00+00:00,123.01,3.6862265865970105,7004.850588616334,7458.293321033632,0.06079711710164496
2026-08-23 20:00:00+00:00,123.18,3.6862265865970105,7004.850588616334,7458.919979553353,0.060876023899134234
2026-08-23 21:00:00+00:00,123.26,3.6862265865970105,7004.850588616334,7459.2148776802815,0.06091315192212949
2026-08-23 22:00:00+00:00,123.25,3.6862265865970105,7004.850588616334,7459.178015414415,0.060908511079801615
2026-08-23 23:00:00+00:00,123.21,3.6862265865970105,7004.850588616334,7459.030566350952,0.06088994725179253
2026-08-24 00:00:00+00:00,120.94,11.071057772388452,6109.014948068405,7447.948675061064,0.17977214739354816
2026-08-24 01:00:00+00:00,118.63,11.071057772388452,6109.014948068405,7422.374531606847,0.17694601342814706
2026-08-24 02:00:00+00:00,120.3,11.071057772388452,6109.014948068405,7440.863198086736,0.17899109479136613
2026-08-24 03:00:00+00:00,118.49,11.071057772388452,6109.014948068405,7420.824583518713,0.1767741065276994
2026-08-24 04:00:00+00:00,118.66,11.071057772388452,6109.014948068405,7422.706663340019,0.17698284128076908
2026-08-24 05:00:00+00:00,118.84,11.071057772388452,6109.014948068405,7424.699453739048,0.1772037392042947
2026-08-24 06:00:00+00:00,119.66,11.071057772388452,6109.014948068405,7433.777721112407,0.17820855327454718
2026-08-24 07:00:00+00:00,119.19,11.071057772388452,6109.014948068405,7428.574323959385,0.17763292367352426
2026-08-24 08:00:00+00:00,118.16,11.071057772388452,6109.014948068405,7417.171134453824,0.17636861313727092
2026-08-24 09:00:00+00:00,118.47,11.071057772388452,6109.014948068405,7420.603162363264,0.1767495425368029
2026-08-24 10:00:00+00:00,120.46,11.071057772388452,6109.014948068405,7442.634567330318,0.1791864973615497
2026-08-24 11:00:00+00:00,120.898,11.071057772388452,6109.014948068405,7447.483690634624,0.17972093638142145
2026-08-24 12:00:00+00:00,123.0,11.071057772388452,6109.014948068405,7470.755054072184,0.18227610143120912
2026-08-24 13:00:00+00:00,122.39,11.071057772388452,6109.014948068405,7464.001708831028,0.1815362339962317
2026-08-24 14:00:00+00:00,124.85,11.071057772388452,6109.014948068405,7491.236510951103,0.18451180400753472
2026-08-24 15:00:00+00:00,124.93,11.071057772388452,6109.014948068405,7492.122195572894,0.18460820731431335
2026-08-24 16:00:00+00:00,123.18,11.071057772388452,6109.014948068405,7472.747844471214,0.18249416744494873
2026-08-24 17:00:00+00:00,122.425,11.071057772388452,6109.014948068405,7464.389195853061,0.18157872161028954
2026-08-24 18:00:00+00:00,122.361,11.071057772388452,6109.014948068405,7463.680648155629,0.18150102663114057
2026-08-24 19:00:00+00:00,122.685,11.071057772388452,6109.014948068405,7467.267670873882,0.18189420584229882
2026-08-24 20:00:00+00:00,122.84,11.071057772388452,6109.014948068405,7468.983684828602,0.18208216728637905
2026-08-24 21:00:00+00:00,123.03,11.071057772388452,6109.014948068405,7471.087185805356,0.1823124538453803
2026-08-24 22:00:00+00:00,122.345,11.071057772388452,6109.014948068405,7463.50351123127,0.18148160058136187
2026-08-24 23:00:00+00:00,122.54,11.071057772388452,6109.014948068405,7465.662367496886,0.18171829271772202
2026-08-25 00:00:00+00:00,125.45,2.4324254237658867,7168.6327955527,7473.7805649641305,0.04082910472939407
2026-08-25 01:00:00+00:00,124.96,2.4324254237658867,7168.6327955527,7472.588676506485,0.04067611561565139
2026-08-25 02:00:00+00:00,126.01,2.4324254237658867,7168.6327955527,7475.142723201439,0.04100388969128176
2026-08-25 03:00:00+00:00,125.9,2.4324254237658867,7168.6327955527,7474.875156404825,0.040969561958465926
2026-08-25 04:00:00+00:00,125.67,2.4324254237658867,7168.6327955527,7474.31569855736,0.04089777784789847
2026-08-25 05:00:00+00:00,126.92,2.4324254237658867,7168.6327955527,7477.356230337066,0.04128777943356721
2026-08-25 06:00:00+00:00,126.43,2.4324254237658867,7168.6327955527,7476.164341879421,0.04113493661502513
2026-08-25 07:00:00+00:00,124.12,2.4324254237658867,7168.6327955527,7470.545439150522,0.04041373498855961
2026-08-25 08:00:00+00:00,124.248,2.4324254237658867,7168.6327955527,7470.856789604764,0.04045372606694723
2026-08-25 09:00:00+00:00,121.71,2.4324254237658867,7168.6327955527,7464.683293879247,0.03966015524989467
2026-08-25 10:00:00+00:00,122.64,2.4324254237658867,7168.6327955527,7466.9454495233485,0.03995109593169602
2026-08-25 11:00:00+00:00,122.42,2.4324254237658867,7168.6327955527,7466.41031593012,0.03988228717380965
2026-08-25 12:00:00+00:00,120.87,2.4324254237658867,7168.6327955527,7462.640056523283,0.039397218510302326
2026-08-25 13:00:00+00:00,122.3,2.4324254237658867,7168.6327955527,7466.118424879269,0.03984475096661468
2026-08-25 14:00:00+00:00,127.2,2.4324254237658867,7168.6327955527,7478.037309455721,0.0413750963119413
2026-08-25 15:00:00+00:00,127.608,2.4324254237658867,7168.6327955527,7479.029739028618,0.041502301007862
2026-08-25 16:00:00+00:00,127.41,2.4324254237658867,7168.6327955527,7478.548118794712,0.041440573533671324
2026-08-25 17:00:00+00:00,127.67,2.4324254237658867,7168.6327955527,7479.180549404891,0.04152162817849084
2026-08-25 18:00:00+00:00,127.635,2.4324254237658867,7168.6327955527,7479.095414515059,0.041510717774749656
2026-08-25 19:00:00+00:00,126.86,2.4324254237658867,7168.6327955527,7477.210284811641,0.04126906660439252
2026-08-25 20:00:00+00:00,124.81,2.4324254237658867,7168.6327955527,7472.223812692921,0.04062927245628219
2026-08-25 21:00:00+00:00,125.2,2.4324254237658867,7168.6327955527,7473.172458608189,0.04075105515659501
2026-08-25 22:00:00+00:00,125.5,2.4324254237658867,7168.6327955527,7473.902186235319,0.040844713119852334
2026-08-25 23:00:00+00:00,124.78,2.4324254237658867,7168.6327955527,7472.150839930207,0.040619903275445964
2026-08-26 00:00:00+00:00,125.04,2.4324254237658867,7168.6327955527,7472.783270540387,0.04070109676360146
2026-08-26 01:00:00+00:00,125.51,2.4324254237658867,7168.6327955527,7473.926510489557,0.04084783473698608
2026-08-26 02:00:00+00:00,126.32,2.4324254237658867,7168.6327955527,7475.896775082807,0.04110061826351306
2026-08-26 03:00:00+00:00,126.12,2.4324254237658867,7168.6327955527,7475.410289998054,0.041038214966717695
2026-08-26 04:00:00+00:00,125.49,2.4324254237658867,7168.6327955527,7473.877861981082,0.04084159148239955
2026-08-26 05:00:00+00:00,126.2,2.4324254237658867,7168.6327955527,7475.604884031955,0.04106317726007076
2026-08-26 06:00:00+00:00,125.99,2.4324254237658867,7168.6327955527,7475.094074692965,0.0409976484681033
2026-08-26 07:00:00+00:00,125.71,2.4324254237658867,7168.6327955527,7474.41299557431,0.04091026281296815
2026-08-26 08:00:00+00:00,125.05,2.4324254237658867,7168.6327955527,7472.8075947946245,0.04070421931561638
2026-08-26 09:00:00+00:00,124.49,2.4324254237658867,7168.6327955527,7471.445436557316,0.040529325091898806
2026-08-26 10:00:00+00:00,125.545,2.4324254237658867,7168.6327955527,7474.011645379389,0.0408587602369446
2026-08-26 11:00:00+00:00,124.49,2.4324254237658867,7168.6327955527,7471.445436557316,0.040529325091898806
2026-08-26 12:00:00+00:00,124.61,2.4324254237658867,7168.6327955527,7471.737327608167,0.04056680779388375
2026-08-26 13:00:00+00:00,124.76,2.4324254237658867,7168.6327955527,7472.102191421733,0.04061365705322217
2026-08-26 14:00:00+00:00,121.38,2.4324254237658867,7168.6327955527,7463.8805934894035,0.03955687584207097
2026-08-26 15:00:00+00:00,122.028,2.4324254237658867,7168.6327955527,7465.4568051640035,0.039759658030033014
2026-08-26 16:00:00+00:00,121.866,2.4324254237658867,7168.6327955527,7465.062752245354,0.03970897051113105
2026-08-26 17:00:00+00:00,123.23,2.4324254237658867,7168.6327955527,7468.380580523371,0.04013557982735589
2026-08-26 18:00:00+00:00,123.72,2.4324254237658867,7168.6327955527,7469.572468981016,0.04028874138085296
2026-08-26 19:00:00+00:00,123.135,2.4324254237658867,7168.6327955527,7468.149500108113,0.04010587958249583
2026-08-26 20:00:00+00:00,123.1,2.4324254237658867,7168.6327955527,7468.064365218281,0.040094936923702945
2026-08-26 21:00:00+00:00,124.399,2.4324254237658867,7168.6327955527,7471.224085843753,0.04050089875692436
2026-08-26 22:00:00+00:00,123.9,2.4324254237658867,7168.6327955527,7470.010305557294,0.04034499253372976
2026-08-26 23:00:00+00:00,125.35,2.4324254237658867,7168.6327955527,7473.537322421755,0.0407978864244504
2026-08-27 00:00:00+00:00,124.22,11.962724251570917,5976.4643995066235,7462.474006036763,0.19913095916019713
2026-08-27 01:00:00+00:00,124.85,11.962724251570917,5976.4643995066235,7470.010522315252,0.19993895836517775
2026-08-27 02:00:00+00:00,124.41,11.962724251570917,5976.4643995066235,7464.746923644561,0.19937481328721376
2026-08-27 03:00:00+00:00,124.44,11.962724251570917,5976.4643995066235,7465.105805372108,0.19941330299621673
2026-08-27 04:00:00+00:00,124.23,11.962724251570917,5976.4643995066235,7462.593633279279,0.1991437972912384
2026-08-27 05:00:00+00:00,124.55,11.962724251570917,5976.4643995066235,7466.421705039781,0.19955440027281707
2026-08-27 06:00:00+00:00,124.37,11.962724251570917,5976.4643995066235,7464.268414674499,0.19932348791783835
2026-08-27 07:00:00+00:00,125.73,11.962724251570917,5976.4643995066235,7480.537719656635,0.2010648667939676
2026-08-27 08:00:00+00:00,127.99,11.962724251570917,5976.4643995066235,7507.573476465185,0.2039419369997906
2026-08-27 09:00:00+00:00,128.01,11.962724251570917,5976.4643995066235,7507.812730950216,0.20396730530195042
2026-08-27 10:00:00+00:00,126.835,11.962724251570917,5976.4643995066235,7493.75652995462,0.20247416958143225
2026-08-27 11:00:00+00:00,126.39,11.962724251570917,5976.4643995066235,7488.433117662672,0.20190722069611963
2026-08-27 12:00:00+00:00,125.66,11.962724251570917,5976.4643995066235,7479.700328959025,0.20097542192062817
2026-08-27 13:00:00+00:00,131.66,11.962724251570917,5976.4643995066235,7551.47667446845,0.2085701039489329
2026-08-27 14:00:00+00:00,135.46,11.962724251570917,5976.4643995066235,7596.93502662442,0.21330584261134947
2026-08-27 15:00:00+00:00,137.956,11.962724251570917,5976.4643995066235,7626.793986356341,0.21638575655799946
2026-08-27 16:00:00+00:00,137.883,11.962724251570917,5976.4643995066235,7625.920707485977,0.21629602132633846
2026-08-27 17:00:00+00:00,137.8,11.962724251570917,5976.4643995066235,7624.927801373096,0.2161939686261183
2026-08-27 18:00:00+00:00,137.07,11.962724251570917,5976.4643995066235,7616.195012669449,0.215295250506999
2026-08-27 19:00:00+00:00,137.4,11.962724251570917,5976.4643995066235,7620.142711672468,0.2157017754599362
2026-08-27 20:00:00+00:00,138.4,11.962724251570917,5976.4643995066235,7632.105435924039,0.2169311011643489
2026-08-27 21:00:00+00:00,138.49,11.962724251570917,5976.4643995066235,7633.18208110668,0.21704155147833978
2026-08-27 22:00:00+00:00,138.7,11.962724251570917,5976.4643995066235,7635.69425319951,0.2172991477490911
2026-08-27 23:00:00+00:00,138.99,11.962724251570917,5976.4643995066235,7639.163443232465,0.21765459740213136
2026-08-28 00:00:00+00:00,140.36,4.400177611453124,7025.234765199568,7642.843694743128,0.08080878717542817
2026-08-28 01:00:00+00:00,139.97,4.400177611453124,7025.234765199568,7641.127625474662,0.080602352226362
2026-08-28 02:00:00+00:00,138.74,4.400177611453124,7025.234765199568,7635.715407012574,0.07995068035829966
2026-08-28 03:00:00+00:00,138.46,4.400177611453124,7025.234765199568,7634.483357281368,0.07980220318389067
2026-08-28 04:00:00+00:00,138.07,4.400177611453124,7025.234765199568,7632.7672880129,0.07959531581258213
2026-08-28 05:00:00+00:00,138.01,4.400177611453124,7025.234765199568,7632.503277356213,0.07956347872895961
2026-08-28 06:00:00+00:00,138.64,4.400177611453124,7025.234765199568,7635.275389251429,0.07989765829673239
2026-08-28 07:00:00+00:00,137.5,4.400177611453124,7025.234765199568,7630.259186774372,0.07929277456570562
2026-08-28 08:00:00+00:00,137.25,4.400177611453124,7025.234765199568,7629.159142371509,0.0791600182801027
2026-08-28 09:00:00+00:00,134.223,4.400177611453124,7025.234765199568,7615.83980474164,0.07754956179282561
2026-08-28 10:00:00+00:00,134.65,4.400177611453124,7025.234765199568,7617.718680581731,0.07777708001904289
2026-08-28 11:00:00+00:00,135.56,4.400177611453124,7025.234765199568,7621.722842208153,0.07826158066327323
2026-08-28 12:00:00+00:00,134.63,4.400177611453124,7025.234765199568,7617.630677029502,0.0777664259329699
2026-08-28 13:00:00+00:00,134.95,4.400177611453124,7025.234765199568,7619.038733865167,0.07793686177578467
2026-08-28 14:00:00+00:00,133.065,4.400177611453124,7025.234765199568,7610.744399067577,0.07693197973377519
2026-08-28 15:00:00+00:00,128.16,4.400177611453124,7025.234765199568,7589.1615278834,0.0743068599359632
2026-08-28 16:00:00+00:00,127.046,4.400177611453124,7025.234765199568,7584.259730024241,0.07370857337752156
2026-08-28 17:00:00+00:00,127.38,4.400177611453124,7025.234765199568,7585.729389346467,0.07388803309198816
2026-08-28 18:00:00+00:00,127.08,4.400177611453124,7025.234765199568,7584.40933606303,0.07372684491126416
2026-08-28 19:00:00+00:00,127.3,4.400177611453124,7025.234765199568,7585.37737513755,0.07384505506264614
2026-08-28 20:00:00+00:00,127.369,4.400177611453124,7025.234765199568,7585.6809873927405,0.07388212384947694
2026-08-28 21:00:00+00:00,127.29,4.400177611453124,7025.234765199568,7585.333373361436,0.07383968252850312
2026-08-28 22:00:00+00:00,127.77,4.400177611453124,7025.234765199568,7587.445458614933,0.07409749387747107
2026-08-28 23:00:00+00:00,127.5,4.400177611453124,7025.234765199568,7586.257410659841,0.07395249265757203
2026-08-29 00:00:00+00:00,127.887,4.400177611453124,7025.234765199568,7587.960279395474,0.07416031363842848
2026-08-29 01:00:00+00:00,128.0,4.400177611453124,7025.234765199568,7588.457499465568,0.07422097762366936
2026-08-29 02:00:00+00:00,127.77,4.400177611453124,7025.234765199568,7587.445458614933,0.07409749387747107
2026-08-29 03:00:00+00:00,127.65,4.400177611453124,7025.234765199568,7586.917437301559,0.07403305449726433
2026-08-29 04:00:00+00:00,127.88,4.400177611453124,7025.234765199568,7587.929478152193,0.07415655543093587
2026-08-29 05:00:00+00:00,127.97,4.400177611453124,7025.234765199568,7588.325494137224,0.07420487291599481
2026-08-29 06:00:00+00:00,128.2,4.400177611453124,7025.234765199568,7589.337534987858,0.07432832802437649
2026-08-29 07:00:00+00:00,128.27,4.400177611453124,7025.234765199568,7589.6455474206605,0.07436589478317696
2026-08-29 08:00:00+00:00,128.02,4.400177611453124,7025.234765199568,7588.545503017796,0.07423171378417812
2026-08-29 09:00:00+00:00,127.88,4.400177611453124,7025.234765199568,7587.929478152193,0.07415655543093587
2026-08-29 10:00:00+00:00,127.97,4.400177611453124,7025.234765199568,7588.325494137224,0.07420487291599481
2026-08-29 11:00:00+00:00,127.97,4.400177611453124,7025.234765199568,7588.325494137224,0.07420487291599481
2026-08-29 12:00:00+00:00,127.89,4.400177611453124,7025.234765199568,7587.973479928308,0.0741619242894424
2026-08-29 13:00:00+00:00,127.85,4.400177611453124,7025.234765199568,7587.79747282385,0.07414044848180698
2026-08-29 14:00:00+00:00,128.75,4.400177611453124,7025.234765199568,7591.757632674157,0.07462341329711747
2026-08-29 15:00:00+00:00,128.66,4.400177611453124,7025.234765199568,7591.361616689127,0.07457513949078186
2026-08-29 16:00:00+00:00,128.66,4.400177611453124,7025.234765199568,7591.361616689127,0.07457513949078186
2026-08-29 17:00:00+00:00,129.05,4.400177611453124,7025.234765199568,7593.0776859575935,0.07478428961792095
2026-08-29 18:00:00+00:00,129.42,4.400177611453124,7025.234765199568,7594.705751673831,0.07498262672635539
2026-08-29 19:00:00+00:00,129.46,4.400177611453124,7025.234765199568,7594.88175877829,0.07500406348266239
2026-08-29 20:00:00+00:00,129.5,4.400177611453124,7025.234765199568,7595.057765882748,0.07502549924542291
2026-08-29 21:00:00+00:00,129.32,4.400177611453124,7025.234765199568,7594.265733912685,0.0749290304883688
2026-08-29 22:00:00+00:00,129.24,4.400177611453124,7025.234765199568,7593.91371970377,0.0748861490259841
2026-08-29 23:00:00+00:00,129.36,4.400177611453124,7025.234765199568,7594.4417410171445,0.07495046972884419
2026-08-30 00:00:00+00:00,129.47,8.219092793308597,6530.577529741981,7594.703473691646,0.14011421876256772
2026-08-30 01:00:00+00:00,129.52,8.219092793308597,6530.577529741981,7595.1144283313115,0.14016074525729222
2026-08-30 02:00:00+00:00,129.53,8.219092793308597,6530.577529741981,7595.1966192592445,0.14017004995205698
2026-08-30 03:00:00+00:00,129.69,8.219092793308597,6530.577529741981,7596.511674106174,0.14031889768531328
2026-08-30 04:00:00+00:00,129.72,8.219092793308597,6530.577529741981,7596.758246889973,0.14034680089819546
2026-08-30 05:00:00+00:00,129.72,8.219092793308597,6530.577529741981,7596.758246889973,0.14034680089819546
2026-08-30 06:00:00+00:00,129.01,8.219092793308597,6530.577529741981,7590.922691006724,0.13968593864366136
2026-08-30 07:00:00+00:00,129.06,8.219092793308597,6530.577529741981,7591.333645646389,0.13973251149522964
2026-08-30 08:00:00+00:00,129.11,8.219092793308597,6530.577529741981,7591.744600286054,0.1397790793046553
2026-08-30 09:00:00+00:00,129.15,8.219092793308597,6530.577529741981,7592.073363997787,0.13981632992240337
2026-08-30 10:00:00+00:00,128.93,8.219092793308597,6530.577529741981,7590.265163583259,0.1396114115914514
2026-08-30 11:00:00+00:00,128.93,8.219092793308597,6530.577529741981,7590.265163583259,0.1396114115914514
2026-08-30 12:00:00+00:00,130.31,8.219092793308597,6530.577529741981,7601.607511638025,0.14089519621426147
2026-08-30 13:00:00+00:00,131.53,8.219092793308597,6530.577529741981,7611.634804845861,0.14202694990248835
2026-08-30 14:00:00+00:00,131.06,8.219092793308597,6530.577529741981,7607.771831233006,0.14159129971126405
2026-08-30 15:00:00+00:00,131.32,8.219092793308597,6530.577529741981,7609.908795359266,0.14183235235033187
2026-08-30 16:00:00+00:00,132.12,8.219092793308597,6530.577529741981,7616.484069593913,0.1425732043722149
2026-08-30 17:00:00+00:00,131.7,8.219092793308597,6530.577529741981,7613.032050620724,0.1421844166268136
2026-08-30 18:00:00+00:00,131.94,8.219092793308597,6530.577529741981,7615.004632891118,0.14240662421467523
2026-08-30 19:00:00+00:00,130.82,8.219092793308597,6530.577529741981,7605.799248962612,0.1413686693567786
2026-08-30 20:00:00+00:00,130.55,8.219092793308597,6530.577529741981,7603.580093908418,0.14111807213368735
2026-08-30 21:00:00+00:00,130.27,8.219092793308597,6530.577529741981,7601.278747926292,0.14085803898145552
2026-08-30 22:00:00+00:00,129.92,8.219092793308597,6530.577529741981,7598.402065448634,0.14053277603751085
2026-08-30 23:00:00+00:00,126.98,8.219092793308597,6530.577529741981,7574.237932636307,0.13779081303973068
2026-08-31 00:00:00+00:00,127.65,8.219092793308597,6530.577529741981,7579.744724807824,0.13841722025703745
2026-08-31 01:00:00+00:00,126.98,8.219092793308597,6530.577529741981,7574.237932636307,0.13779081303973068
2026-08-31 02:00:00+00:00,126.68,8.219092793308597,6530.577529741981,7571.772204798314,0.13751003687043262
2026-08-31 03:00:00+00:00,127.35,8.219092793308597,6530.577529741981,7577.2789969698315,0.1381368519816187
2026-08-31 04:00:00+00:00,127.22,8.219092793308597,6530.577529741981,7576.210514906701,0.1380153023873039
2026-08-31 05:00:00+00:00,128.45,8.219092793308597,6530.577529741981,7586.319999042471,0.13916397798059438
2026-08-31 06:00:00+00:00,128.88,8.219092793308597,6530.577529741981,7589.854208943593,0.13956482562647923
2026-08-31 07:00:00+00:00,128.79,8.219092793308597,6530.577529741981,7589.114490592196,0.13948095817534756
2026-08-31 08:00:00+00:00,129.91,8.219092793308597,6530.577529741981,7598.319874520701,0.14052347919165126
2026-08-31 09:00:00+00:00,130.6,8.219092793308597,6530.577529741981,7603.991048548084,0.1411644900622367
2026-08-31 10:00:00+00:00,130.528,8.219092793308597,6530.577529741981,7603.399273866966,0.14109764665552868
2026-08-31 11:00:00+00:00,129.35,8.219092793308597,6530.577529741981,7593.717182556448,0.14000253462910214
2026-08-31 12:00:00+00:00,128.13,8.219092793308597,6530.577529741981,7583.689889348612,0.1388654302816021
2026-08-31 13:00:00+00:00,126.95,8.219092793308597,6530.577529741981,7573.991359852508,0.13776274364945215
2026-08-31 14:00:00+00:00,128.65,8.219092793308597,6530.577529741981,7587.963817601132,0.13935046519415722
2026-08-31 15:00:00+00:00,129.82,8.219092793308597,6530.577529741981,7597.580156169303,0.14043979852728586
2026-08-31 16:00:00+00:00,130.075,8.219092793308597,6530.577529741981,7599.676024831597,0.14067685143371703
2026-08-31 17:00:00+00:00,131.502,8.219092793308597,6530.577529741981,7611.404670247649,0.14200100866145393
2026-08-31 18:00:00+00:00,132.34,8.219092793308597,6530.577529741981,7618.292270008441,0.1427767144808235
2026-08-31 19:00:00+00:00,132.94,8.219092793308597,6530.577529741981,7623.223725684426,0.14333125135250377
2026-08-31 20:00:00+00:00,133.19,8.219092793308597,6530.577529741981,7625.278498882753,0.14356209668947387
2026-08-31 21:00:00+00:00,132.81,8.219092793308597,6530.577529741981,7622.155243621296,0.1432111625898484
2026-08-31 22:00:00+00:00,132.45,8.219092793308597,6530.577529741981,7619.1963702157045,0.14287843331210848
2026-08-31 23:00:00+00:00,131.466,8.219092793308597,6530.577529741981,7611.108782907089,0.14196765333215952
2026-09-01 00:00:00+00:00,130.86,15.018764882901728,5633.14733852171,7598.50291109823,0.258650367785733
2026-09-01 01:00:00+00:00,130.63,15.018764882901728,5633.14733852171,7595.0485951751625,0.2583131934007337
2026-09-01 02:00:00+00:00,130.95,15.018764882901728,5633.14733852171,7599.854599937691,0.2587822221535798
2026-09-01 03:00:00+00:00,131.63,15.018764882901728,5633.14733852171,7610.067360058064,0.2597769412544688
2026-09-01 04:00:00+00:00,131.64,15.018764882901728,5633.14733852171,7610.217547706893,0.25979154955707057
2026-09-01 05:00:00+00:00,132.94,15.018764882901728,5633.14733852171,7629.741942054665,0.26168573179753957
2026-09-01 06:00:00+00:00,131.45,15.018764882901728,5633.14733852171,7607.363982379142,0.2595138931738102
2026-09-01 07:00:00+00:00,131.0,15.018764882901728,5633.14733852171,7600.605538181836,0.2588554543156529
2026-09-01 08:00:00+00:00,128.815,15.018764882901728,5633.14733852171,7567.789536912695,0.2556416492497002
2026-09-01 09:00:00+00:00,128.69,15.018764882901728,5633.14733852171,7565.912191302333,0.2554569500558707
2026-09-01 10:00:00+00:00,128.99,15.018764882901728,5633.14733852171,7570.417820767203,0.25590007422459105
2026-09-01 11:00:00+00:00,128.84,15.018764882901728,5633.14733852171,7568.165006034768,0.2556785780925888
2026-09-01 12:00:00+00:00,128.4,15.018764882901728,5633.14733852171,7561.556749486292,0.2550280947234301
2026-09-01 13:00:00+00:00,128.175,15.018764882901728,5633.14733852171,7558.177527387639,0.25469502163589486
2026-09-01 14:00:00+00:00,128.25,15.018764882901728,5633.14733852171,7559.303934753856,0.25480607908575453
2026-09-01 15:00:00+00:00,127.72,15.018764882901728,5633.14733852171,7551.343989365918,0.25402056290184694
2026-09-01 16:00:00+00:00,126.305,15.018764882901728,5633.14733852171,7530.092437056613,0.2519152473082239
2026-09-01 17:00:00+00:00,125.129,15.018764882901728,5633.14733852171,7512.43036955432,0.2501564658287941
2026-09-01 18:00:00+00:00,125.46,15.018764882901728,5633.14733852171,7517.40158073056,0.25065233272076093
2026-09-01 19:00:00+00:00,124.95,15.018764882901728,5633.14733852171,7509.742010640281,0.24988803469675686
2026-09-01 20:00:00+00:00,124.59,15.018764882901728,5633.14733852171,7504.335255282436,0.2493475908400499
2026-09-01 21:00:00+00:00,124.5,15.018764882901728,5633.14733852171,7502.983566442975,0.2492123581722997
2026-09-01 22:00:00+00:00,124.064,15.018764882901728,5633.14733852171,7496.435384954029,0.248556540642249
2026-09-01 23:00:00+00:00,124.89,15.018764882901728,5633.14733852171,7508.8408847473065,0.2497980147689225
2026-09-02 00:00:00+00:00,124.24,7.234409296576665,6600.5735475176525,7499.376558524337,0.11985036409260445
2026-09-02 01:00:00+00:00,123.68,7.234409296576665,6600.5735475176525,7495.325289318254,0.11937463782602357
2026-09-02 02:00:00+00:00,124.93,7.234409296576665,6600.5735475176525,7504.368300938975,0.1204358204684912
2026-09-02 03:00:00+00:00,125.56,7.234409296576665,6600.5735475176525,7508.925978795818,0.12096968778800447
2026-09-02 04:00:00+00:00,125.66,7.234409296576665,6600.5735475176525,7509.649419725476,0.12105436903884868
2026-09-02 05:00:00+00:00,125.96,7.234409296576665,6600.5735475176525,7511.819742514449,0.12130831492660035
2026-09-02 06:00:00+00:00,125.6,7.234409296576665,6600.5735475176525,7509.215355167682,0.1210035622463166
2026-09-02 07:00:00+00:00,125.15,7.234409296576665,6600.5735475176525,7505.959870984222,0.12062232399703071
2026-09-02 08:00:00+00:00,122.75,7.234409296576665,6600.5735475176525,7488.5972886724385,0.11858345520836686
2026-09-02 09:00:00+00:00,122.01,7.234409296576665,6600.5735475176525,7483.243825792972,0.11795289567245734
2026-09-02 10:00:00+00:00,122.0,7.234409296576665,6600.5735475176525,7483.171481700006,0.11794436841929046
2026-09-02 11:00:00+00:00,122.75,7.234409296576665,6600.5735475176525,7488.5972886724385,0.11858345520836686
2026-09-02 12:00:00+00:00,123.52,7.234409296576665,6600.5735475176525,7494.167783830802,0.11923862156397705
2026-09-02 13:00:00+00:00,123.35,7.234409296576665,6600.5735475176525,7492.937934250384,0.11909405824032177
2026-09-02 14:00:00+00:00,122.655,7.234409296576665,6600.5735475176525,7487.910019789263,0.11850255544291166
2026-09-02 15:00:00+00:00,122.193,7.234409296576665,6600.5735475176525,7484.567722694245,0.1181089152946268
2026-09-02 16:00:00+00:00,122.18,7.234409296576665,6600.5735475176525,7484.47367537339,0.11809783375470827
2026-09-02 17:00:00+00:00,123.1,7.234409296576665,6600.5735475176525,7491.12933192624,0.11888137888811397
2026-09-02 18:00:00+00:00,122.64,7.234409296576665,6600.5735475176525,7487.801503649815,0.11848978043818288
2026-09-02 19:00:00+00:00,123.18,7.234409296576665,6600.5735475176525,7491.708084669966,0.11894944745322
2026-09-02 20:00:00+00:00,123.35,7.234409296576665,6600.5735475176525,7492.937934250384,0.11909405824032177
2026-09-02 21:00:00+00:00,123.56,7.234409296576665,6600.5735475176525,7494.457160202665,0.11927262956838895
2026-09-02 22:00:00+00:00,123.55,7.234409296576665,6600.5735475176525,7494.384816109699,0.11926412781349813
2026-09-02 23:00:00+00:00,123.2,7.234409296576665,6600.5735475176525,7491.8527728558975,0.11896646295125861
2026-09-03 00:00:00+00:00,122.57,14.588259297252037,5692.959358287333,7481.042300351515,0.23901521609898727
2026-09-03 01:00:00+00:00,123.23,14.588259297252037,5692.959358287333,7490.670551487701,0.2399933598525876
2026-09-03 02:00:00+00:00,124.65,14.588259297252037,5692.959358287333,7511.385879689799,0.2420893494926615
2026-09-03 03:00:00+00:00,124.53,14.588259297252037,5692.959358287333,7509.635288574129,0.24191267091903376
2026-09-03 04:00:00+00:00,124.34,14.588259297252037,5692.959358287333,7506.863519307652,0.24163276131968525
2026-09-03 05:00:00+00:00,124.36,14.588259297252037,5692.959358287333,7507.155284493596,0.24166223522158595
2026-09-03 06:00:00+00:00,124.23,14.588259297252037,5692.959358287333,7505.258810784953,0.24147061389720118
2026-09-03 07:00:00+00:00,124.42,14.588259297252037,5692.959358287333,7508.030580051432,0.24175064318287112
2026-09-03 08:00:00+00:00,124.905,14.588259297252037,5692.959358287333,7515.105885810599,0.24246451815984282
2026-09-03 09:00:00+00:00,124.238,14.588259297252037,5692.959358287333,7505.375516859332,0.2414824087749862
2026-09-03 10:00:00+00:00,124.275,14.588259297252037,5692.959358287333,7505.91528245333,0.24153695531365324
2026-09-03 11:00:00+00:00,124.726,14.588259297252037,5692.959358287333,7512.494587396391,0.24220120333419834
2026-09-03 12:00:00+00:00,127.321,14.588259297252037,5692.959358287333,7550.3511202727595,0.24600071339706486
2026-09-03 13:00:00+00:00,132.236,14.588259297252037,5692.959358287333,7622.052414718753,0.2530936487272375
2026-09-03 14:00:00+00:00,138.704,14.588259297252037,5692.959358287333,7716.40927585338,0.26222687849100224
2026-09-03 15:00:00+00:00,140.04,14.588259297252037,5692.959358287333,7735.899190274508,0.2640856326767466
2026-09-03 16:00:00+00:00,140.356,14.588259297252037,5692.959358287333,7740.50908021244,0.26452390930712677
2026-09-03 17:00:00+00:00,141.232,14.588259297252037,5692.959358287333,7753.288395356833,0.2657361537465002
2026-09-03 18:00:00+00:00,141.745,14.588259297252037,5692.959358287333,7760.7721723763225,0.26644421046776234
2026-09-03 19:00:00+00:00,144.836,14.588259297252037,5692.959358287333,7805.86448186413,0.2706817583735722
2026-09-03 20:00:00+00:00,143.952,14.588259297252037,5692.959358287333,7792.968460645358,0.2694748622380691
2026-09-03 21:00:00+00:00,144.045,14.588259297252037,5692.959358287333,7794.325168760002,0.2696020200562117
2026-09-03 22:00:00+00:00,143.27,14.588259297252037,5692.959358287333,7783.019267804632,0.2685410170013424
2026-09-03 23:00:00+00:00,143.539,14.588259297252037,5692.959358287333,7786.943509555593,0.26890963684257746
2026-09-04 00:00:00+00:00,142.52,10.86482762309574,6225.722081407779,7774.177314251384,0.19917930479988208
2026-09-04 01:00:00+00:00,142.13,10.86482762309574,6225.722081407779,7769.940031478376,0.19874258280173382
2026-09-04 02:00:00+00:00,142.18,10.86482762309574,6225.722081407779,7770.483272859532,0.19879859941880829
2026-09-04 03:00:00+00:00,142.87,10.86482762309574,6225.722081407779,7777.980003919468,0.1995708296665043
2026-09-04 04:00:00+00:00,143.49,10.86482762309574,6225.722081407779,7784.716197045787,0.200263449068269
2026-09-04 05:00:00+00:00,142.37,10.86482762309574,6225.722081407779,7772.54759010792,0.19901139115169614
2026-09-04 06:00:00+00:00,142.01,10.86482762309574,6225.722081407779,7768.636252163606,0.19860811095719874
2026-09-04 07:00:00+00:00,141.85,10.86482762309574,6225.722081407779,7766.89787974391,0.19842874493760518
2026-09-04 08:00:00+00:00,142.02,10.86482762309574,6225.722081407779,7768.744900439837,0.19861931866815413
2026-09-04 09:00:00+00:00,141.542,10.86482762309574,6225.722081407779,7763.551512835997,0.1980832392089653
2026-09-04 10:00:00+00:00,142.235,10.86482762309574,6225.722081407779,7771.080838378802,0.19886020865192988
2026-09-04 11:00:00+00:00,142.225,10.86482762309574,6225.722081407779,7770.9721901025705,0.19884900767794353
2026-09-04 12:00:00+00:00,136.81,10.86482762309574,6225.722081407779,7712.139148523507,0.19273732468900065
2026-09-04 13:00:00+00:00,140.47,10.86482762309574,6225.722081407779,7751.904417624038,0.19687837388016122
2026-09-04 14:00:00+00:00,138.85,10.86482762309574,6225.722081407779,7734.303396874622,0.19505070308936298
2026-09-04 15:00:00+00:00,142.025,10.86482762309574,6225.722081407779,7768.7992245779515,0.19862492240607518
2026-09-04 16:00:00+00:00,142.96,10.86482762309574,6225.722081407779,7778.957838405546,0.19967144561823902
2026-09-04 17:00:00+00:00,141.8,10.86482762309574,6225.722081407779,7766.354638362755,0.19837267658945854
2026-09-04 18:00:00+00:00,143.2901,10.86482762309574,6225.722081407779,7782.54431800393,0.2000402661369547
2026-09-04 19:00:00+00:00,142.8,10.86482762309574,6225.722081407779,7777.219465985851,0.19949255532309992
2026-09-04 20:00:00+00:00,143.2984,10.86482762309574,6225.722081407779,7782.634496073202,0.20004953534063263
2026-09-04 21:00:00+00:00,142.37,10.86482762309574,6225.722081407779,7772.54759010792,0.19901139115169614
2026-09-04 22:00:00+00:00,142.53,10.86482762309574,6225.722081407779,7774.285962527615,0.1991904965400011
2026-09-04 23:00:00+00:00,142.73,10.86482762309574,6225.722081407779,7776.458928052234,0.19941426566922887
2026-09-05 00:00:00+00:00,142.26,1.0906530905004619,7617.415007289061,7772.571315943656,0.01996203088369584
2026-09-05 01:00:00+00:00,141.63,1.0906530905004619,7617.415007289061,7771.884204496641,0.019875385832203718
2026-09-05 02:00:00+00:00,141.78,1.0906530905004619,7617.415007289061,7772.047802460216,0.019896016995959158
2026-09-05 03:00:00+00:00,141.75,1.0906530905004619,7617.415007289061,7772.015082867501,0.019891890832692577
2026-09-05 04:00:00+00:00,141.66,1.0906530905004619,7617.415007289061,7771.916924089356,0.019879512134440187
2026-09-05 05:00:00+00:00,141.69,1.0906530905004619,7617.415007289061,7771.949643682071,0.01988363840193353
2026-09-05 06:00:00+00:00,141.8,1.0906530905004619,7617.415007289061,7772.069615522026,0.019898767752169425
2026-09-05 07:00:00+00:00,142.02,1.0906530905004619,7617.415007289061,7772.309559201936,0.019929025051439182
2026-09-05 08:00:00+00:00,141.72,1.0906530905004619,7617.415007289061,7771.982363274786,0.019887764634684182
2026-09-05 09:00:00+00:00,142.25,1.0906530905004619,7617.415007289061,7772.560409412751,0.019960655685069495
2026-09-05 10:00:00+00:00,142.06,1.0906530905004619,7617.415007289061,7772.353185325556,0.019934526177866403
2026-09-05 11:00:00+00:00,142.08,1.0906530905004619,7617.415007289061,7772.374998387366,0.019937276717921764
2026-09-05 12:00:00+00:00,142.33,1.0906530905004619,7617.415007289061,7772.647661659991,0.019971657166018765
2026-09-05 13:00:00+00:00,142.34,1.0906530905004619,7617.415007289061,7772.658568190896,0.019973032333770582
2026-09-05 14:00:00+00:00,142.45,1.0906530905004619,7617.415007289061,7772.778540030851,0.01998815892433417
2026-09-05 15:00:00+00:00,142.52,1.0906530905004619,7617.415007289061,7772.854885747187,0.019997784693388594
2026-09-05 16:00:00+00:00,144.4,1.0906530905004619,7617.415007289061,7774.905313557328,0.02025623463139111
2026-09-05 17:00:00+00:00,144.8,1.0906530905004619,7617.415007289061,7775.341574793528,0.020311206393355215
2026-09-05 18:00:00+00:00,143.94,1.0906530905004619,7617.415007289061,7774.403613135697,0.020193009478101605
2026-09-05 19:00:00+00:00,143.65,1.0906530905004619,7617.415007289061,7774.087323739452,0.02015314594833103
2026-09-05 20:00:00+00:00,143.76,1.0906530905004619,7617.415007289061,7774.207295579407,0.02016826697938735
2026-09-05 21:00:00+00:00,143.74,1.0906530905004619,7617.415007289061,7774.185482517597,0.020165517735726543
2026-09-05 22:00:00+00:00,143.7,1.0906530905004619,7617.415007289061,7774.141856393977,0.020160019202121154
2026-09-05 23:00:00+00:00,143.64,1.0906530905004619,7617.415007289061,7774.076417208547,0.020151771286001718
2026-09-06 00:00:00+00:00,143.72,1.0906530905004619,7617.415007289061,7774.163669455787,0.02016276847663785
2026-09-06 01:00:00+00:00,144.1,1.0906530905004619,7617.415007289061,7774.578117630177,0.020215001761281746
2026-09-06 02:00:00+00:00,144.05,1.0906530905004619,7617.415007289061,7774.523584975652,0.020208129278841667
2026-09-06 03:00:00+00:00,145.06,1.0906530905004619,7617.415007289061,7775.625144597057,0.020346934730763135
2026-09-06 04:00:00+00:00,144.75,1.0906530905004619,7617.415007289061,7775.287042139003,0.020304335260465295
2026-09-06 05:00:00+00:00,144.85,1.0906530905004619,7617.415007289061,7775.396107448052,0.020318077429863902
2026-09-06 06:00:00+00:00,144.85,1.0906530905004619,7617.415007289061,7775.396107448052,0.020318077429863902
2026-09-06 07:00:00+00:00,144.78,1.0906530905004619,7617.415007289061,7775.319761731717,0.020308457951765106
2026-09-06 08:00:00+00:00,144.14,1.0906530905004619,7617.415007289061,7774.621743753797,0.020220499677818783
2026-09-06 09:00:00+00:00,144.52,1.0906530905004619,7617.415007289061,7775.036191928188,0.020272726807723983
2026-09-06 10:00:00+00:00,144.87,1.0906530905004619,7617.415007289061,7775.417920509863,0.020320825817481087
2026-09-06 11:00:00+00:00,144.91,1.0906530905004619,7617.415007289061,7775.461546633483,0.020326322546453956
2026-09-06 12:00:00+00:00,145.0,1.0906530905004619,7617.415007289061,7775.559705411628,0.02033868996112287
2026-09-06 13:00:00+00:00,145.0,1.0906530905004619,7617.415007289061,7775.559705411628,0.02033868996112287
2026-09-06 14:00:00+00:00,144.85,1.0906530905004619,7617.415007289061,7775.396107448052,0.020318077429863902
2026-09-06 15:00:00+00:00,143.6,1.0906530905004619,7617.415007289061,7774.032791084927,0.020146272598113017
2026-09-06 16:00:00+00:00,143.38,1.0906530905004619,7617.415007289061,7773.792847405017,0.02011602871153905
2026-09-06 17:00:00+00:00,143.52,1.0906530905004619,7617.415007289061,7773.945538837687,0.02013527503718913
2026-09-06 18:00:00+00:00,144.0,1.0906530905004619,7617.415007289061,7774.4690523211275,0.020201256699989928
2026-09-06 19:00:00+00:00,143.97,1.0906530905004619,7617.415007289061,7774.436332728412,0.02019713310640045
2026-09-06 20:00:00+00:00,144.0,1.0906530905004619,7617.415007289061,7774.4690523211275,0.020201256699989928
2026-09-06 21:00:00+00:00,144.12,1.0906530905004619,7617.415007289061,7774.5999306919875,0.02021775072726297
2026-09-06 22:00:00+00:00,144.9,1.0906530905004619,7617.415007289061,7775.450640102577,0.02032494836999339
2026-09-06 23:00:00+00:00,146.58,1.0906530905004619,7617.415007289061,7777.282937294618,0.020555755949026703
2026-09-07 00:00:00+00:00,145.93,1.0906530905004619,7617.415007289061,7776.5740127857935,0.020466468297614396
2026-09-07 01:00:00+00:00,145.9,1.0906530905004619,7617.415007289061,7776.541293193078,0.020462346936073367
2026-09-07 02:00:00+00:00,146.09,1.0906530905004619,7617.415007289061,7776.7485172802735,0.020488448306791262
2026-09-07 03:00:00+00:00,145.5,1.0906530905004619,7617.415007289061,7776.105031956878,0.02040739213470763
2026-09-07 04:00:00+00:00,144.03,1.0906530905004619,7617.415007289061,7774.501771913842,0.020205380258870483
2026-09-07 05:00:00+00:00,145.0,1.0906530905004619,7617.415007289061,7775.559705411628,0.02033868996112287
2026-09-07 06:00:00+00:00,144.46,1.0906530905004619,7617.415007289061,7774.970752742757,0.020264480788961963
2026-09-07 07:00:00+00:00,142.45,1.0906530905004619,7617.415007289061,7772.778540030851,0.01998815892433417
2026-09-07 08:00:00+00:00,142.38,1.0906530905004619,7617.415007289061,7772.702194314516,0.019978532966185604
2026-09-07 09:00:00+00:00,144.3,1.0906530905004619,7617.415007289061,7774.796248248277,0.02024249072696611
2026-09-07 10:00:00+00:00,142.36,1.0906530905004619,7617.415007289061,7772.680381252707,0.019975782657696516
2026-09-07 11:00:00+00:00,144.75,1.0906530905004619,7617.415007289061,7775.287042139003,0.020304335260465295
2026-09-07 12:00:00+00:00,142.75,1.0906530905004619,7617.415007289061,7773.105735958002,0.020029410888973673
2026-09-07 13:00:00+00:00,143.0,1.0906530905004619,7617.415007289061,7773.378399230627,0.020063784873383055
2026-09-07 14:00:00+00:00,141.39,1.0906530905004619,7617.415007289061,7771.622447754921,0.019842374163506614
2026-09-07 15:00:00+00:00,140.11,1.0906530905004619,7617.415007289061,7770.226411799081,0.019666274367240544
2026-09-07 16:00:00+00:00,140.55,1.0906530905004619,7617.415007289061,7770.706299158901,0.019726815809063863
2026-09-07 17:00:00+00:00,141.24,1.0906530905004619,7617.415007289061,7771.4588497913455,0.01982174074130511
2026-09-07 18:00:00+00:00,141.23,1.0906530905004619,7617.415007289061,7771.447943260441,0.019820365148937365
2026-09-07 19:00:00+00:00,141.9,1.0906530905004619,7617.415007289061,7772.178680831076,0.019912521301616127
2026-09-07 20:00:00+00:00,141.45,1.0906530905004619,7617.415007289061,7771.687886940351,0.019850627289154592
2026-09-07 21:00:00+00:00,141.49,1.0906530905004619,7617.415007289061,7771.731513063971,0.019856129295705915
2026-09-07 22:00:00+00:00,140.76,1.0906530905004619,7617.415007289061,7770.935336307905,0.019755707952111845
2026-09-07 23:00:00+00:00,141.15,1.0906530905004619,7617.415007289061,7771.360691013201,0.01980936027099642
2026-09-08 00:00:00+00:00,143.01,4.3851096460913315,7149.68661484201,7776.801145329531,0.08063913667950014
2026-09-08 01:00:00+00:00,143.72,4.3851096460913315,7149.68661484201,7779.914573178256,0.08100705379323786
2026-09-08 02:00:00+00:00,141.57,4.3851096460913315,7149.68661484201,7770.48658743916,0.07989203322230308
2026-09-08 03:00:00+00:00,141.64,4.3851096460913315,7149.68661484201,7770.793545114387,0.07992837882855287
2026-09-08 04:00:00+00:00,140.49,4.3851096460913315,7149.68661484201,7765.750669021381,0.07933090829672566
2026-09-08 05:00:00+00:00,139.76,4.3851096460913315,7149.68661484201,7762.549538979735,0.07895124160692643
2026-09-08 06:00:00+00:00,138.87,4.3851096460913315,7149.68661484201,7758.646791394714,0.07848793648244362
2026-09-08 07:00:00+00:00,139.37,4.3851096460913315,7149.68661484201,7760.839346217759,0.07874827761685259
2026-09-08 08:00:00+00:00,139.0,4.3851096460913315,7149.68661484201,7759.216855648705,0.07855563933143038
2026-09-08 09:00:00+00:00,139.99,4.3851096460913315,7149.68661484201,7763.558114198336,0.07907089640169633
2026-09-08 10:00:00+00:00,139.17,4.3851096460913315,7149.68661484201,7759.962324288541,0.07864415881716058
2026-09-08 11:00:00+00:00,138.76,4.3851096460913315,7149.68661484201,7758.164429333643,0.07843064168516159
2026-09-08 12:00:00+00:00,138.54,4.3851096460913315,7149.68661484201,7757.199705211504,0.07831603071419559
2026-09-08 13:00:00+00:00,137.6,4.3851096460913315,7149.68661484201,7753.077702144177,0.07782600800393041
2026-09-08 14:00:00+00:00,137.66,4.3851096460913315,7149.68661484201,7753.340808722943,0.07785730161658673
2026-09-08 15:00:00+00:00,139.205,4.3851096460913315,7149.68661484201,7760.115803126154,0.07866238130598942
2026-09-08 16:00:00+00:00,137.415,4.3851096460913315,7149.68661484201,7752.266456859651,0.07772950599297875
2026-09-08 17:00:00+00:00,137.175,4.3851096460913315,7149.68661484201,7751.214030544589,0.07760428409436089
2026-09-08 18:00:00+00:00,136.52,4.3851096460913315,7149.68661484201,7748.341783726399,0.07726235955952866
2026-09-08 19:00:00+00:00,136.52,4.3851096460913315,7149.68661484201,7748.341783726399,0.07726235955952866
2026-09-08 20:00:00+00:00,136.75,4.3851096460913315,7149.68661484201,7749.350358945,0.07738245353828963
2026-09-08 21:00:00+00:00,136.82,4.3851096460913315,7149.68661484201,7749.657316620226,0.07741899767509651
2026-09-08 22:00:00+00:00,136.84,4.3851096460913315,7149.68661484201,7749.745018813148,0.07742943832531862
2026-09-08 23:00:00+00:00,136.85,4.3851096460913315,7149.68661484201,7749.788869909609,0.07743465856181422
2026-09-09 00:00:00+00:00,137.66,4.3851096460913315,7149.68661484201,7753.340808722943,0.07785730161658673
2026-09-09 01:00:00+00:00,138.28,4.3851096460913315,7149.68661484201,7756.059576703519,0.07818054462640293
2026-09-09 02:00:00+00:00,137.86,4.3851096460913315,7149.68661484201,7754.217830652162,0.07796159832142702
2026-09-09 03:00:00+00:00,137.64,4.3851096460913315,7149.68661484201,7753.253106530021,0.07784687064835652
2026-09-09 04:00:00+00:00,139.69,4.3851096460913315,7149.68661484201,7762.242581304508,0.07891481875841518
2026-09-09 05:00:00+00:00,138.96,4.3851096460913315,7149.68661484201,7759.041451262862,0.07853480874517983
2026-09-09 06:00:00+00:00,139.2,4.3851096460913315,7149.68661484201,7760.093877577923,0.07865977813743064
2026-09-09 07:00:00+00:00,139.49,4.3851096460913315,7149.68661484201,7761.36555937529,0.07881073760201983
2026-09-09 08:00:00+00:00,141.5501,4.3851096460913315,7149.68661484201,7770.399323757203,0.07988170016146104
2026-09-09 09:00:00+00:00,138.9708,4.3851096460913315,7149.68661484201,7759.08881044704,0.0785404330962824
2026-09-09 10:00:00+00:00,138.9,4.3851096460913315,7149.68661484201,7758.778344684097,0.07850356109984806
2026-09-09 11:00:00+00:00,139.87,4.3851096460913315,7149.68661484201,7763.031901040805,0.07900847169216993
2026-09-09 12:00:00+00:00,140.5296,4.3851096460913315,7149.68661484201,7765.9243193633665,0.07935149496433339
2026-09-09 13:00:00+00:00,136.8483,4.3851096460913315,7149.68661484201,7749.78141522321,0.07743377112577779
2026-09-09 14:00:00+00:00,135.51,4.3851096460913315,7149.68661484201,7743.912822983847,0.07673462004610634
2026-09-09 15:00:00+00:00,134.28,4.3851096460913315,7149.68661484201,7738.519138119154,0.07609111158963414
2026-09-09 16:00:00+00:00,134.685,4.3851096460913315,7149.68661484201,7740.295107525822,0.0763030975536795
2026-09-09 17:00:00+00:00,135.1594,4.3851096460913315,7149.68661484201,7742.375403541927,0.07655128533663941
2026-09-09 18:00:00+00:00,133.355,4.3851096460913315,7149.68661484201,7734.46291169652,0.07560658102971515
2026-09-09 19:00:00+00:00,132.7,4.3851096460913315,7149.68661484201,7731.59066487833,0.07526317355103755
2026-09-09 20:00:00+00:00,133.45,4.3851096460913315,7149.68661484201,7734.879497112898,0.07565636704350931
2026-09-09 21:00:00+00:00,132.8,4.3851096460913315,7149.68661484201,7732.029175842939,0.07531561867618565
2026-09-09 22:00:00+00:00,132.22,4.3851096460913315,7149.68661484201,7729.4858122482065,0.07501135411717055
2026-09-09 23:00:00+00:00,133.17,4.3851096460913315,7149.68661484201,7733.651666411993,0.07550961392613531
2026-09-10 00:00:00+00:00,133.6,10.464132476272097,6340.003534279948,7738.011633109901,0.1806676139963483
2026-09-10 01:00:00+00:00,133.0,10.464132476272097,6340.003534279948,7731.733153624137,0.18000228301876092
2026-09-10 02:00:00+00:00,133.41,10.464132476272097,6340.003534279948,7736.0234479394085,0.1804570426982494
2026-09-10 03:00:00+00:00,133.42,10.464132476272097,6340.003534279948,7736.128089264172,0.18046812809649546
2026-09-10 04:00:00+00:00,133.53,10.464132476272097,6340.003534279948,7737.279143836561,0.18059004768745726
2026-09-10 05:00:00+00:00,133.56,10.464132476272097,6340.003534279948,7737.59306781085,0.18062329218953263
2026-09-10 06:00:00+00:00,133.4,10.464132476272097,6340.003534279948,7735.918806614646,0.180445957000106
2026-09-10 07:00:00+00:00,132.22,10.464132476272097,6340.003534279948,7723.571130292645,0.17913573561667626
2026-09-10 08:00:00+00:00,131.52,10.464132476272097,6340.003534279948,7716.246237559255,0.17835650404472175
2026-09-10 09:00:00+00:00,131.47,10.464132476272097,6340.003534279948,7715.723030935441,0.17830078803239555
2026-09-10 10:00:00+00:00,131.2,10.464132476272097,6340.003534279948,7712.897715166848,0.1779997909459117
2026-09-10 11:00:00+00:00,131.31,10.464132476272097,6340.003534279948,7714.048769739237,0.17812244600389487
2026-09-10 12:00:00+00:00,127.8,10.464132476272097,6340.003534279948,7677.319664747522,0.1741904973174714
2026-09-10 13:00:00+00:00,130.42,10.464132476272097,6340.003534279948,7704.735691835355,0.17712900378939697
2026-09-10 14:00:00+00:00,131.52,10.464132476272097,6340.003534279948,7716.246237559255,0.17835650404472175
2026-09-10 15:00:00+00:00,130.49,10.464132476272097,6340.003534279948,7705.468181108694,0.177207226703813
2026-09-10 16:00:00+00:00,129.96,10.464132476272097,6340.003534279948,7699.92219089627,0.17661459725192724
2026-09-10 17:00:00+00:00,130.05,10.464132476272097,6340.003534279948,7700.863962819135,0.17671529260997387
2026-09-10 18:00:00+00:00,129.92,10.464132476272097,6340.003534279948,7699.503625597219,0.17656983585247937
2026-09-10 19:00:00+00:00,128.56,10.464132476272097,6340.003534279948,7685.272405429489,0.17504504722553954
2026-09-10 20:00:00+00:00,128.9875,10.464132476272097,6340.003534279948,7689.745822063096,0.17552495479246186
2026-09-10 21:00:00+00:00,128.78,10.464132476272097,6340.003534279948,7687.574514574269,0.17529208695662937
2026-09-10 22:00:00+00:00,128.15,10.464132476272097,6340.003534279948,7680.982111114217,0.1745842598557679
2026-09-10 23:00:00+00:00,127.26,10.464132476272097,6340.003534279948,7671.669033210335,0.17358224047018486
2026-09-11 00:00:00+00:00,128.2,7.22088661468122,6753.109498909978,7678.827162912111,0.12055456443573136
2026-09-11 01:00:00+00:00,128.4,7.22088661468122,6753.109498909978,7680.271340235047,0.12071993296225049
2026-09-11 02:00:00+00:00,127.99,7.22088661468122,6753.109498909978,7677.310776723028,0.12038086052412406
2026-09-11 03:00:00+00:00,128.25,7.22088661468122,6753.109498909978,7679.188207242845,0.12059591239857996
2026-09-11 04:00:00+00:00,128.65,7.22088661468122,6753.109498909978,7682.076561888717,0.12092655618500409
2026-09-11 05:00:00+00:00,129.25,7.22088661468122,6753.109498909978,7686.409093857526,0.12142205593680662
2026-09-11 06:00:00+00:00,129.33,7.22088661468122,6753.109498909978,7686.9867647867,0.121488080369114
2026-09-11 07:00:00+00:00,129.0,7.22088661468122,6753.109498909978,7684.603872203856,0.12121566560681228
2026-09-11 08:00:00+00:00,129.8,7.22088661468122,6753.109498909978,7690.3805814956,0.12187577359186363
2026-09-11 09:00:00+00:00,129.21,7.22088661468122,6753.109498909978,7686.120258392939,0.12138903999897083
2026-09-11 10:00:00+00:00,129.18,7.22088661468122,6753.109498909978,7685.903631794498,0.1213642764171286
2026-09-11 11:00:00+00:00,129.5,7.22088661468122,6753.109498909978,7688.214315511196,0.12162834934434863
2026-09-11 12:00:00+00:00,133.14,7.22088661468122,6753.109498909978,7714.498342788636,0.12462104483791162
2026-09-11 13:00:00+00:00,136.75,7.22088661468122,6753.109498909978,7740.565743467635,0.12756900170907845
2026-09-11 14:00:00+00:00,136.185,7.22088661468122,6753.109498909978,7736.48594253034,0.1271089291605089
2026-09-11 15:00:00+00:00,133.525,7.22088661468122,6753.109498909978,7717.278384135288,0.12493638783426418
2026-09-11 16:00:00+00:00,133.48,7.22088661468122,6753.109498909978,7716.953444237628,0.12489954128819668
2026-09-11 17:00:00+00:00,132.89,7.22088661468122,6753.109498909978,7712.693121134966,0.12441615492200202
2026-09-11 18:00:00+00:00,131.23,7.22088661468122,6753.109498909978,7700.706449354595,0.12305324929299644
2026-09-11 19:00:00+00:00,130.97,7.22088661468122,6753.109498909978,7698.829018834777,0.12283939773323276
2026-09-11 20:00:00+00:00,131.1,7.22088661468122,6753.109498909978,7699.767734094687,0.12294633654894434
2026-09-11 21:00:00+00:00,130.8606,7.22088661468122,6753.109498909978,7698.039053839131,0.12274938439782301
2026-09-11 22:00:00+00:00,130.46,7.22088661468122,6753.109498909978,7695.146366661291,0.12241961658229453
2026-09-11 23:00:00+00:00,130.5,7.22088661468122,6753.109498909978,7695.435202125877,0.12245255511417731
2026-09-12 00:00:00+00:00,130.74,22.388594416340798,4769.175469400717,7696.260303393113,0.3803256021241782
2026-09-12 01:00:00+00:00,130.97,22.388594416340798,4769.175469400717,7701.409680108871,0.38073993366195047
2026-09-12 02:00:00+00:00,131.05,22.388594416340798,4769.175469400717,7703.200767662179,0.38088391913377334
2026-09-12 03:00:00+00:00,131.06,22.388594416340798,4769.175469400717,7703.424653606342,0.38090191260999257
2026-09-12 04:00:00+00:00,131.1,22.388594416340798,4769.175469400717,7704.320197382995,0.38097387605713595
2026-09-12 05:00:00+00:00,131.0,22.388594416340798,4769.175469400717,7702.081337941361,0.3807939360615168
2026-09-12 06:00:00+00:00,131.09,22.388594416340798,4769.175469400717,7704.096311438832,0.3809558867638278
2026-09-12 07:00:00+00:00,131.11,22.388594416340798,4769.175469400717,7704.544083327159,0.3809918643049443
2026-09-12 08:00:00+00:00,131.14,22.388594416340798,4769.175469400717,7705.215741159649,0.3810458227762812
2026-09-12 09:00:00+00:00,131.19,22.388594416340798,4769.175469400717,7706.335170880466,0.38113573266034995
2026-09-12 10:00:00+00:00,131.36,22.388594416340798,4769.175469400717,7710.141231931244,0.3814412309790947
2026-09-12 11:00:00+00:00,131.41,22.388594416340798,4769.175469400717,7711.260661652061,0.381531026033431
2026-09-12 12:00:00+00:00,131.28,22.388594416340798,4769.175469400717,7708.350144377937,0.3812975046444794
2026-09-12 13:00:00+00:00,131.23,22.388594416340798,4769.175469400717,7707.230714657119,0.38120764176281846
2026-09-12 14:00:00+00:00,131.2,22.388594416340798,4769.175469400717,7706.55905682463,0.3811537115027594
2026-09-12 15:00:00+00:00,131.1,22.388594416340798,4769.175469400717,7704.320197382995,0.38097387605713595
2026-09-12 16:00:00+00:00,130.91,22.388594416340798,4769.175469400717,7700.06636444389,0.3806319005998394
2026-09-12 17:00:00+00:00,130.58,22.388594416340798,4769.175469400717,7692.678128286499,0.3800370443338666
2026-09-12 18:00:00+00:00,130.32,22.388594416340798,4769.175469400717,7686.857093738249,0.37956756431888006
2026-09-12 19:00:00+00:00,130.07,22.388594416340798,4769.175469400717,7681.259945134165,0.37911547018769504
2026-09-12 20:00:00+00:00,130.25,22.388594416340798,4769.175469400717,7685.289892129105,0.3794410443404262
2026-09-12 21:00:00+00:00,130.29,22.388594416340798,4769.175469400717,7686.18543590576,0.37951334778866086
2026-09-12 22:00:00+00:00,129.88,22.388594416340798,4769.175469400717,7677.006112195059,0.3787714377581649
2026-09-12 23:00:00+00:00,130.64,22.388594416340798,4769.175469400717,7694.021443951478,0.38014528499268463
2026-09-13 00:00:00+00:00,130.14,14.136773207783149,5845.545059303077,7685.304724563976,0.23938669072946578
2026-09-13 01:00:00+00:00,130.31,14.136773207783149,5845.545059303077,7687.707976009299,0.2396244657646962
2026-09-13 02:00:00+00:00,130.61,14.136773207783149,5845.545059303077,7691.949007971634,0.24004370631617766
2026-09-13 03:00:00+00:00,130.17,14.136773207783149,5845.545059303077,7685.728827760209,0.23942866183497688
2026-09-13 04:00:00+00:00,130.02,14.136773207783149,5845.545059303077,7683.608311779042,0.23921875997481512
2026-09-13 05:00:00+00:00,130.07,14.136773207783149,5845.545059303077,7684.315150439432,0.23928874013336152
2026-09-13 06:00:00+00:00,129.86,14.136773207783149,5845.545059303077,7681.346428065797,0.2389947369194471
2026-09-13 07:00:00+00:00,129.65,14.136773207783149,5845.545059303077,7678.377705692163,0.23870050636221804
2026-09-13 08:00:00+00:00,128.63,14.136773207783149,5845.545059303077,7663.958197020223,0.2372681440804508
2026-09-13 09:00:00+00:00,128.04,14.136773207783149,5845.545059303077,7655.617500827631,0.23643715759425957
2026-09-13 10:00:00+00:00,128.12,14.136773207783149,5845.545059303077,7656.748442684255,0.2365499398261825
2026-09-13 11:00:00+00:00,128.16,14.136773207783149,5845.545059303077,7657.313913612566,0.23660631844917174
2026-09-13 12:00:00+00:00,128.26,14.136773207783149,5845.545059303077,7658.727590933344,0.236747228583606
2026-09-13 13:00:00+00:00,128.13,14.136773207783149,5845.545059303077,7656.889810416332,0.23656403526261083
2026-09-13 14:00:00+00:00,129.25,14.136773207783149,5845.545059303077,7672.722996409049,0.23813943732376613
2026-09-13 15:00:00+00:00,129.17,14.136773207783149,5845.545059303077,7671.592054552426,0.23802712426109104
2026-09-13 16:00:00+00:00,130.11,14.136773207783149,5845.545059303077,7684.8806213677435,0.23934471499146118
2026-09-13 17:00:00+00:00,130.48,14.136773207783149,5845.545059303077,7690.111227454622,0.23986209218485968
2026-09-13 18:00:00+00:00,130.62,14.136773207783149,5845.545059303077,7692.090375703712,0.24005767303945688
2026-09-13 19:00:00+00:00,129.84,14.136773207783149,5845.545059303077,7681.063692601641,0.23896672476059866
2026-09-13 20:00:00+00:00,130.01,14.136773207783149,5845.545059303077,7683.466944046964,0.23920476239803198
2026-09-13 21:00:00+00:00,130.3,14.136773207783149,5845.545059303077,7687.566608277222,0.23961048311319152
2026-09-13 22:00:00+00:00,128.53,14.136773207783149,5845.545059303077,7662.544519699445,0.23712742623877608
2026-09-13 23:00:00+00:00,128.81,14.136773207783149,5845.545059303077,7666.502816197624,0.2375213054180671
2026-09-14 00:00:00+00:00,128.05,14.136773207783149,5845.545059303077,7655.758868559709,0.23645125719551183
2026-09-14 01:00:00+00:00,128.98,14.136773207783149,5845.545059303077,7668.906067642947,0.2377602479750132
2026-09-14 02:00:00+00:00,130.14,14.136773207783149,5845.545059303077,7685.304724563976,0.23938669072946578
2026-09-14 03:00:00+00:00,131.21,14.136773207783149,5845.545059303077,7700.431071896304,0.24088080203235215
2026-09-14 04:00:00+00:00,130.8,14.136773207783149,5845.545059303077,7694.634994881113,0.2403089863012541
2026-09-14 05:00:00+00:00,130.28,14.136773207783149,5845.545059303077,7687.283872813066,0.23958251626735194
2026-09-14 06:00:00+00:00,130.27,14.136773207783149,5845.545059303077,7687.1425050809885,0.23956853207296028
2026-09-14 07:00:00+00:00,130.82,14.136773207783149,5845.545059303077,7694.917730345269,0.2403368997369658
2026-09-14 08:00:00+00:00,130.28,14.136773207783149,5845.545059303077,7687.283872813066,0.23958251626735194
2026-09-14 09:00:00+00:00,132.07,14.136773207783149,5845.545059303077,7712.588696854998,0.24207742833651358
2026-09-14 10:00:00+00:00,131.0,14.136773207783149,5845.545059303077,7697.46234952267,0.24058802838242302
2026-09-14 11:00:00+00:00,131.3152,14.136773207783149,5845.545059303077,7701.918260437763,0.24102738283659386
2026-09-14 12:00:00+00:00,130.53,14.136773207783149,5845.545059303077,7690.818066115012,0.23993195404556844
2026-09-14 13:00:00+00:00,133.99,14.136773207783149,5845.545059303077,7739.731301413942,0.2447354007967722
2026-09-14 14:00:00+00:00,135.16,14.136773207783149,5845.545059303077,7756.271326067048,0.24634598074753497
2026-09-14 15:00:00+00:00,135.82,14.136773207783149,5845.545059303077,7765.601596384185,0.2472514863465469
2026-09-14 16:00:00+00:00,136.21,14.136773207783149,5845.545059303077,7771.11493793522,0.24778553579645873
2026-09-14 17:00:00+00:00,136.98,14.136773207783149,5845.545059303077,7782.000253305213,0.24883771922002623
2026-09-14 18:00:00+00:00,136.2816,14.136773207783149,5845.545059303077,7772.127130896897,0.24788349947789567
2026-09-14 19:00:00+00:00,136.94,14.136773207783149,5845.545059303077,7781.434782376902,0.24878313283022738
2026-09-14 20:00:00+00:00,136.7,14.136773207783149,5845.545059303077,7778.041956807034,0.24845544781520645
2026-09-14 21:00:00+00:00,136.49,14.136773207783149,5845.545059303077,7775.073234433399,0.24816848882979486
2026-09-14 22:00:00+00:00,135.6,14.136773207783149,5845.545059303077,7762.491506278472,0.24694989301114556
2026-09-14 23:00:00+00:00,134.4,14.136773207783149,5845.545059303077,7745.527378429133,0.24530057493791854
2026-09-15 00:00:00+00:00,133.84,20.74461866538896,4956.163511861394,7732.623274037052,0.35905793723300355
2026-09-15 01:00:00+00:00,133.91,20.74461866538896,4956.163511861394,7734.075397343629,0.35917827830283966
2026-09-15 02:00:00+00:00,133.81,20.74461866538896,4956.163511861394,7732.00093547709,0.3590063486515109
2026-09-15 03:00:00+00:00,132.54,20.74461866538896,4956.163511861394,7705.655269772046,0.3568147888339144
2026-09-15 04:00:00+00:00,132.08,20.74461866538896,4956.163511861394,7696.112745185968,0.3560172939304264
2026-09-15 05:00:00+00:00,132.55,20.74461866538896,4956.163511861394,7705.862715958701,0.35683210374391044
2026-09-15 06:00:00+00:00,131.82,20.74461866538896,4956.163511861394,7690.719144332967,0.35556566052559274
2026-09-15 07:00:00+00:00,131.22,20.74461866538896,4956.163511861394,7678.272373133734,0.3545210079805185
2026-09-15 08:00:00+00:00,131.55,20.74461866538896,4956.163511861394,7685.118097293312,0.3550959856287767
2026-09-15 09:00:00+00:00,131.99,20.74461866538896,4956.163511861394,7694.245729506083,0.35586103094480387
2026-09-15 10:00:00+00:00,132.3,20.74461866538896,4956.163511861394,7700.676561292354,0.3563989511293494
2026-09-15 11:00:00+00:00,132.09,20.74461866538896,4956.163511861394,7696.320191372622,0.35603465180449134
2026-09-15 12:00:00+00:00,132.25,20.74461866538896,4956.163511861394,7699.639330359084,0.35631225058560556
2026-09-15 13:00:00+00:00,131.01,20.74461866538896,4956.163511861394,7673.916003214001,0.3541545789938741
2026-09-15 14:00:00+00:00,129.61,20.74461866538896,4956.163511861394,7644.873537082458,0.3517010467444784
2026-09-15 15:00:00+00:00,132.3,20.74461866538896,4956.163511861394,7700.676561292354,0.3563989511293494
2026-09-15 16:00:00+00:00,132.01,20.74461866538896,4956.163511861394,7694.66062187939,0.35589576260598343
2026-09-15 17:00:00+00:00,132.6,20.74461866538896,4956.163511861394,7706.89994689197,0.3569186643119572
2026-09-15 18:00:00+00:00,129.74,20.74461866538896,4956.163511861394,7647.570337508958,0.35192965960012806
2026-09-15 19:00:00+00:00,129.6,20.74461866538896,4956.163511861394,7644.666090895803,0.35168345445933924
2026-09-15 20:00:00+00:00,129.34,20.74461866538896,4956.163511861394,7639.272490042802,0.35122571968451605
2026-09-15 21:00:00+00:00,127.73,20.74461866538896,4956.163511861394,7605.873653991526,0.3483768285763696
2026-09-15 22:00:00+00:00,128.26,20.74461866538896,4956.163511861394,7616.868301884182,0.34931742083089584
2026-09-15 23:00:00+00:00,128.347,20.74461866538896,4956.163511861394,7618.67308370807,0.34947156054513523
2026-09-16 00:00:00+00:00,128.7,7.1285088531334715,6699.48005260682,7616.9191420050975,0.1204475290198195
2026-09-16 01:00:00+00:00,127.78,7.1285088531334715,6699.48005260682,7610.360913860215,0.11968957472101904
2026-09-16 02:00:00+00:00,128.73,7.1285088531334715,6699.48005260682,7617.132997270692,0.12047222294696411
2026-09-16 03:00:00+00:00,128.59,7.1285088531334715,6699.48005260682,7616.135006031253,0.12035697275567328
2026-09-16 04:00:00+00:00,128.85,7.1285088531334715,6699.48005260682,7617.988418333068,0.12057098479118343
2026-09-16 05:00:00+00:00,128.82,7.1285088531334715,6699.48005260682,7617.774563067474,0.12054629640954892
2026-09-16 06:00:00+00:00,129.07,7.1285088531334715,6699.48005260682,7619.556690280758,0.12075199057808114
2026-09-16 07:00:00+00:00,128.49,7.1285088531334715,6699.48005260682,7615.4221551459395,0.12027463269652015
2026-09-16 08:00:00+00:00,128.56,7.1285088531334715,6699.48005260682,7615.921150765659,0.12033227235640506
2026-09-16 09:00:00+00:00,129.1621,7.1285088531334715,6699.48005260682,7620.213225946131,0.12082774405895866
2026-09-16 10:00:00+00:00,129.11,7.1285088531334715,6699.48005260682,7619.841830634883,0.1207848927162545
2026-09-16 11:00:00+00:00,130.83,7.1285088531334715,6699.48005260682,7632.102865862273,0.12219735892541389
2026-09-16 12:00:00+00:00,130.6386,7.1285088531334715,6699.48005260682,7630.738469267782,0.12204040544850732
2026-09-16 13:00:00+00:00,128.19,7.1285088531334715,6699.48005260682,7613.28360249,0.1200275200025796
2026-09-16 14:00:00+00:00,126.5,7.1285088531334715,6699.48005260682,7601.2364225282045,0.11863285389319018
2026-09-16 15:00:00+00:00,125.9,7.1285088531334715,6699.48005260682,7596.959317216324,0.1181366421925711
2026-09-16 16:00:00+00:00,126.31,7.1285088531334715,6699.48005260682,7599.882005846109,0.11847578061694464
2026-09-16 17:00:00+00:00,126.43,7.1285088531334715,6699.48005260682,7600.737426908485,0.11857499130426365
2026-09-16 18:00:00+00:00,123.8,7.1285088531334715,6699.48005260682,7581.989448624744,0.11639549250203683
2026-09-16 19:00:00+00:00,126.18,7.1285088531334715,6699.48005260682,7598.955299695202,0.1183682771662652
2026-09-16 20:00:00+00:00,127.08,7.1285088531334715,6699.48005260682,7605.370957663022,0.11911199468100155
2026-09-16 21:00:00+00:00,126.69,7.1285088531334715,6699.48005260682,7602.590839210299,0.11878987120360247
2026-09-16 22:00:00+00:00,126.3694,7.1285088531334715,6699.48005260682,7600.305439271985,0.11852489269845093
2026-09-16 23:00:00+00:00,127.695,7.1285088531334715,6699.48005260682,7609.754990607698,0.1196194804069751
2026-09-17 00:00:00+00:00,127.91,28.62941667288945,3953.042687125571,7615.03137375486,0.48088950746155845
2026-09-17 01:00:00+00:00,128.2,28.62941667288945,3953.042687125571,7623.333904589998,0.4814548678307991
2026-09-17 02:00:00+00:00,128.33,28.62941667288945,3953.042687125571,7627.055728757475,0.4817079056836049
2026-09-17 03:00:00+00:00,128.95,28.62941667288945,3953.042687125571,7644.805967094666,0.4829113120541519
2026-09-17 04:00:00+00:00,129.17,28.62941667288945,3953.042687125571,7651.104438762701,0.48333698503730826
2026-09-17 05:00:00+00:00,128.32,28.62941667288945,3953.042687125571,7626.769434590746,0.4816884500012826
2026-09-17 06:00:00+00:00,129.05,28.62941667288945,3953.042687125571,7647.668908761954,0.4831048866934395
2026-09-17 07:00:00+00:00,129.17,28.62941667288945,3953.042687125571,7651.104438762701,0.48333698503730826
2026-09-17 08:00:00+00:00,129.6957,28.62941667288945,3953.042687125571,7666.154923107639,0.4843513173455252
2026-09-17 09:00:00+00:00,129.02,28.62941667288945,3953.042687125571,7646.810026261768,0.48304682952113803
2026-09-17 10:00:00+00:00,128.71,28.62941667288945,3953.042687125571,7637.934907093173,0.48244614084698834
2026-09-17 11:00:00+00:00,128.9875,28.62941667288945,3953.042687125571,7645.8795702198995,0.48298391953198405
2026-09-17 12:00:00+00:00,130.24,28.62941667288945,3953.042687125571,7681.737914602693,0.4853973500435382
2026-09-17 13:00:00+00:00,131.0594,28.62941667288945,3953.042687125571,7705.196858624458,0.48696408934693036
2026-09-17 14:00:00+00:00,129.88,28.62941667288945,3953.042687125571,7671.431324600453,0.48470597990636966
2026-09-17 15:00:00+00:00,130.79,28.62941667288945,3953.042687125571,7697.484093772782,0.48645003497655054
2026-09-17 16:00:00+00:00,132.18,28.62941667288945,3953.042687125571,7737.278982948099,0.48909135939940457
2026-09-17 17:00:00+00:00,132.55,28.62941667288945,3953.042687125571,7747.871867117068,0.4897898732808456
2026-09-17 18:00:00+00:00,132.05,28.62941667288945,3953.042687125571,7733.5571587806235,0.4888454813271386
2026-09-17 19:00:00+00:00,132.25,28.62941667288945,3953.042687125571,7739.283042115201,0.4892236573318067
2026-09-17 20:00:00+00:00,132.19,28.62941667288945,3953.042687125571,7737.565277114827,0.4891102632998302
2026-09-17 21:00:00+00:00,131.75,28.62941667288945,3953.042687125571,7724.968333778756,0.4882771661548165
2026-09-17 22:00:00+00:00,131.7,28.62941667288945,3953.042687125571,7723.536862945111,0.48818232407345424
2026-09-17 23:00:00+00:00,131.5386,28.62941667288945,3953.042687125571,7718.916075094107,0.487875933788103
2026-09-18 00:00:00+00:00,132.25,28.62941667288945,3953.042687125571,7739.283042115201,0.4892236573318067
2026-09-18 01:00:00+00:00,132.86,28.62941667288945,3953.042687125571,7756.746986285663,0.49037364579317105
2026-09-18 02:00:00+00:00,133.67,28.62941667288945,3953.042687125571,7779.936813790704,0.49189270019283265
2026-09-18 03:00:00+00:00,134.94,28.62941667288945,3953.042687125571,7816.296172965273,0.4942562820484958
2026-09-18 04:00:00+00:00,135.54,28.62941667288945,3953.042687125571,7833.4738229690065,0.49536530325350514
2026-09-18 05:00:00+00:00,135.44,28.62941667288945,3953.042687125571,7830.610881301718,0.49518080427609773
2026-09-18 06:00:00+00:00,135.75,28.62941667288945,3953.042687125571,7839.486000470314,0.4957523124745148
2026-09-18 07:00:00+00:00,135.68,28.62941667288945,3953.042687125571,7837.481941303212,0.4956233753735117
2026-09-18 08:00:00+00:00,137.61,28.62941667288945,3953.042687125571,7892.7367154818885,0.4991543707049629
2026-09-18 09:00:00+00:00,137.6701,28.62941667288945,3953.042687125571,7894.457343423928,0.4992635319743099
2026-09-18 10:00:00+00:00,137.4329,28.62941667288945,3953.042687125571,7887.666445789119,0.49883242220062085
2026-09-18 11:00:00+00:00,136.48,28.62941667288945,3953.042687125571,7860.385474641524,0.49709302426979873
2026-09-18 12:00:00+00:00,135.8758,28.62941667288945,3953.042687125571,7843.087581087763,0.4959838652500014
2026-09-18 13:00:00+00:00,144.43,28.62941667288945,3953.042687125571,8087.989337190995,0.5112453142156977
2026-09-18 14:00:00+00:00,148.22,28.62941667288945,3953.042687125571,8196.494826381246,0.5177154660791947
2026-09-18 15:00:00+00:00,148.9531,28.62941667288945,3953.042687125571,8217.48305174414,0.5189472661843157
2026-09-18 16:00:00+00:00,150.21,28.62941667288945,3953.042687125571,8253.467365560296,0.5210446092486349
2026-09-18 17:00:00+00:00,151.88,28.62941667288945,3953.042687125571,8301.27849140402,0.5238031477658593
2026-09-18 18:00:00+00:00,151.84,28.62941667288945,3953.042687125571,8300.133314737106,0.523737446468861
2026-09-18 19:00:00+00:00,153.92,28.62941667288945,3953.042687125571,8359.682501416715,0.5271300451356078
2026-09-18 20:00:00+00:00,153.42,28.62941667288945,3953.042687125571,8345.36779308027,0.5263189370271595
2026-09-18 21:00:00+00:00,153.59,28.62941667288945,3953.042687125571,8350.234793914662,0.5265950258061725
2026-09-18 22:00:00+00:00,153.11,28.62941667288945,3953.042687125571,8336.492673911675,0.5258146511066611
2026-09-18 23:00:00+00:00,153.1317,28.62941667288945,3953.042687125571,8337.113932253476,0.52584998606861
2026-09-19 00:00:00+00:00,154.92,20.687576775839798,5167.754651632256,8372.674045745358,0.3827832513964528
2026-09-19 01:00:00+00:00,155.02,20.687576775839798,5167.754651632256,8374.742803422942,0.3829357183936346
2026-09-19 02:00:00+00:00,155.53,20.687576775839798,5167.754651632256,8385.29346757862,0.3837121298600747
2026-09-19 03:00:00+00:00,155.38,20.687576775839798,5167.754651632256,8382.190331062244,0.38348397643968013
2026-09-19 04:00:00+00:00,155.54,20.687576775839798,5167.754651632256,8385.500343346379,0.38372733408416093
2026-09-19 05:00:00+00:00,154.99,20.687576775839798,5167.754651632256,8374.122176119667,0.3828899862042795
2026-09-19 06:00:00+00:00,154.92,20.687576775839798,5167.754651632256,8372.674045745358,0.3827832513964528
2026-09-19 07:00:00+00:00,155.13,20.687576775839798,5167.754651632256,8377.018436868284,0.38310334511282257
2026-09-19 08:00:00+00:00,156.82,20.687576775839798,5167.754651632256,8411.980441619453,0.3856673006437265
2026-09-19 09:00:00+00:00,156.83,20.687576775839798,5167.754651632256,8412.187317387212,0.38568240855134245
2026-09-19 10:00:00+00:00,156.09,20.687576775839798,5167.754651632256,8396.87851057309,0.38456241267214014
2026-09-19 11:00:00+00:00,155.83,20.687576775839798,5167.754651632256,8391.499740611373,0.3841679304805944
2026-09-19 12:00:00+00:00,156.13,20.687576775839798,5167.754651632256,8397.706013644123,0.38462305738781793
2026-09-19 13:00:00+00:00,155.74,20.687576775839798,5167.754651632256,8389.637858701546,0.38403126110236385
2026-09-19 14:00:00+00:00,156.29,20.687576775839798,5167.754651632256,8401.016025928258,0.38486551678000724
2026-09-19 15:00:00+00:00,158.71,20.687576775839798,5167.754651632256,8451.07996172579,0.38850955439582047
2026-09-19 16:00:00+00:00,159.16,20.687576775839798,5167.754651632256,8460.38937127492,0.38918240936072734
2026-09-19 17:00:00+00:00,157.85,20.687576775839798,5167.754651632256,8433.288645698569,0.3872195215008928
2026-09-19 18:00:00+00:00,157.38,20.687576775839798,5167.754651632256,8423.565484613924,0.38651220067423625
2026-09-19 19:00:00+00:00,157.62,20.687576775839798,5167.754651632256,8428.530503040125,0.3868735896763647
2026-09-19 20:00:00+00:00,157.44,20.687576775839798,5167.754651632256,8424.806739220474,0.386602587858245
2026-09-19 21:00:00+00:00,157.45,20.687576775839798,5167.754651632256,8425.013614988233,0.3866176497995517
2026-09-19 22:00:00+00:00,157.19,20.687576775839798,5167.754651632256,8419.634845026514,0.3862257987726328
2026-09-19 23:00:00+00:00,158.15,20.687576775839798,5167.754651632256,8439.494918731321,0.38767015071452793
2026-09-20 00:00:00+00:00,158.83,4.269274335633522,7760.770470991319,8438.859313719991,0.08035313986408424
2026-09-20 01:00:00+00:00,158.44,4.269274335633522,7760.770470991319,8437.194296729094,0.0801716544562698
2026-09-20 02:00:00+00:00,155.29,4.269274335633522,7760.770470991319,8423.746082571848,0.07870318087485811
2026-09-20 03:00:00+00:00,153.13,4.269274335633522,7760.770470991319,8414.52445000688,0.07769351469589308
2026-09-20 04:00:00+00:00,153.16,4.269274335633522,7760.770470991319,8414.65252823695,0.07770755299180875
2026-09-20 05:00:00+00:00,154.83,4.269274335633522,7760.770470991319,8421.782216377456,0.07848834467610655
2026-09-20 06:00:00+00:00,153.26,4.269274335633522,7760.770470991319,8415.079455670511,0.07775434422526893
2026-09-20 07:00:00+00:00,153.17,4.269274335633522,7760.770470991319,8414.695220980306,0.07771223232881448
2026-09-20 08:00:00+00:00,152.79,4.269274335633522,7760.770470991319,8413.072896732765,0.07753438413623742
2026-09-20 09:00:00+00:00,152.39,4.269274335633522,7760.770470991319,8411.365186998511,0.07734710139714535
2026-09-20 10:00:00+00:00,151.68,4.269274335633522,7760.770470991319,8408.334002220212,0.0770144871811591
2026-09-20 11:00:00+00:00,151.94,4.269274335633522,7760.770470991319,8409.444013547476,0.0771363173963885
2026-09-20 12:00:00+00:00,151.53,4.269274335633522,7760.770470991319,8407.693611069866,0.07694418588550679
2026-09-20 13:00:00+00:00,151.51,4.269274335633522,7760.770470991319,8407.608225583153,0.07693481157026322
2026-09-20 14:00:00+00:00,151.54,4.269274335633522,7760.770470991319,8407.736303813223,0.07694887297172733
2026-09-20 15:00:00+00:00,154.59,4.269274335633522,7760.770470991319,8420.757590536905,0.07837621644485619
2026-09-20 16:00:00+00:00,156.82,4.269274335633522,7760.770470991319,8430.278072305367,0.07941702463095188
2026-09-20 17:00:00+00:00,156.11,4.269274335633522,7760.770470991319,8427.246887527068,0.07908590141368498
2026-09-20 18:00:00+00:00,155.4,4.269274335633522,7760.770470991319,8424.215702748768,0.07875453990820432
2026-09-20 19:00:00+00:00,156.21,4.269274335633522,7760.770470991319,8427.673814960632,0.07913255289798231
2026-09-20 20:00:00+00:00,156.03,4.269274335633522,7760.770470991319,8426.905345580217,0.07904857682283996
2026-09-20 21:00:00+00:00,154.7,4.269274335633522,7760.770470991319,8421.227210713825,0.07842761193787126
2026-09-20 22:00:00+00:00,156.47,4.269274335633522,7760.770470991319,8428.783826287896,0.07925382463993927
2026-09-20 23:00:00+00:00,156.31,4.269274335633522,7760.770470991319,8428.100742394194,0.07917919965599575
2026-09-21 00:00:00+00:00,156.71,4.269274335633522,7760.770470991319,8429.808452128447,0.07936573943957213
2026-09-21 01:00:00+00:00,154.41,4.269274335633522,7760.770470991319,8419.98912115649,0.07829210236255366
2026-09-21 02:00:00+00:00,155.38,4.269274335633522,7760.770470991319,8424.130317262056,0.07874520232805902
2026-09-21 03:00:00+00:00,156.07,4.269274335633522,7760.770470991319,8427.076116553642,0.07906723949644563
2026-09-21 04:00:00+00:00,155.72,4.269274335633522,7760.770470991319,8425.58187053617,0.07890391545178185
2026-09-21 05:00:00+00:00,156.15,4.269274335633522,7760.770470991319,8427.417658500493,0.07910456257460394
2026-09-21 06:00:00+00:00,156.89,4.269274335633522,7760.770470991319,8430.576921508862,0.07944965768696938
2026-09-21 07:00:00+00:00,157.28,4.269274335633522,7760.770470991319,8432.24193849976,0.07963142808351473
2026-09-21 08:00:00+00:00,162.95,4.269274335633522,7760.770470991319,8456.448723982801,0.08226600499787969
2026-09-21 09:00:00+00:00,164.24,4.269274335633522,7760.770470991319,8461.95608787577,0.08286330129851459
2026-09-21 10:00:00+00:00,162.04,4.269274335633522,7760.770470991319,8452.563684337374,0.08184418824645483
2026-09-21 11:00:00+00:00,163.26,4.269274335633522,7760.770470991319,8457.772199026847,0.08240961232270194
2026-09-21 12:00:00+00:00,165.95,4.269274335633522,7760.770470991319,8469.256546989702,0.08365386879798865
2026-09-21 13:00:00+00:00,167.57,4.269274335633522,7760.770470991319,8476.172771413429,0.08440157128873786
2026-09-21 14:00:00+00:00,166.8011,4.269274335633522,7760.770470991319,8472.890126376758,0.08404684172270302
2026-09-21 15:00:00+00:00,166.3285,4.269274335633522,7760.770470991319,8470.872467325738,0.08382867279296911
2026-09-21 16:00:00+00:00,167.05,4.269274335633522,7760.770470991319,8473.952748758898,0.0841617010281339
2026-09-21 17:00:00+00:00,165.45,4.269274335633522,7760.770470991319,8467.121909821884,0.08342284974203532
2026-09-21 18:00:00+00:00,166.34,4.269274335633522,7760.770470991319,8470.921563980599,0.08383398283475199
2026-09-21 19:00:00+00:00,168.5,4.269274335633522,7760.770470991319,8480.143196545567,0.0848302568578428
2026-09-21 20:00:00+00:00,169.89,4.269274335633522,7760.770470991319,8486.077487872099,0.08547023261540489
2026-09-21 21:00:00+00:00,169.16,4.269274335633522,7760.770470991319,8482.960917607084,0.08513424187971924
2026-09-21 22:00:00+00:00,169.0,4.269274335633522,7760.770470991319,8482.277833713384,0.08506056708663629
2026-09-21 23:00:00+00:00,169.5,4.269274335633522,7760.770470991319,8484.412470881201,0.08529076142554909
2026-09-22 00:00:00+00:00,165.8,4.269274335633522,7760.770470991319,8468.616155839356,0.08358457530985837
2026-09-22 01:00:00+00:00,164.35,4.269274335633522,7760.770470991319,8462.425708052688,0.08291419756792515
2026-09-22 02:00:00+00:00,165.16,4.269274335633522,7760.770470991319,8465.883820264551,0.08328880530883524
2026-09-22 03:00:00+00:00,164.52,4.269274335633522,7760.770470991319,8463.151484689746,0.08299284432862493
2026-09-22 04:00:00+00:00,163.45,4.269274335633522,7760.770470991319,8458.583361150619,0.08249760750296323
2026-09-22 05:00:00+00:00,163.35,4.269274335633522,7760.770470991319,8458.156433717055,0.08245129635409922
2026-09-22 06:00:00+00:00,163.29,4.269274335633522,7760.770470991319,8457.900277256917,0.08242350742064937
2026-09-22 07:00:00+00:00,163.09,4.269274335633522,7760.770470991319,8457.04642238979,0.0823308654845621
2026-09-22 08:00:00+00:00,166.58,4.269274335633522,7760.770470991319,8471.94618982115,0.08394478705309691
2026-09-22 09:00:00+00:00,166.3318,4.269274335633522,7760.770470991319,8470.886555931047,0.08383019655038668
2026-09-22 10:00:00+00:00,166.08,4.269274335633522,7760.770470991319,8469.811552653335,0.08371391467852603
2026-09-22 11:00:00+00:00,167.0203,4.269274335633522,7760.770470991319,8473.82595131113,0.08414799695165825
2026-09-22 12:00:00+00:00,167.29,4.269274335633522,7760.770470991319,8474.97737459945,0.08427242599475225
2026-09-22 13:00:00+00:00,170.8525,4.269274335633522,7760.770470991319,8490.186664420145,0.08591285707363694
2026-09-22 14:00:00+00:00,169.07,4.269274335633522,7760.770470991319,8482.576682916879,0.08509280126865344
2026-09-22 15:00:00+00:00,169.51,4.269274335633522,7760.770470991319,8484.455163624558,0.08529536413085131
2026-09-22 16:00:00+00:00,168.54,4.269274335633522,7760.770470991319,8480.313967518992,0.08484868594295501
2026-09-22 17:00:00+00:00,169.6,4.269274335633522,7760.770470991319,8484.839398314763,0.08533678639424312
2026-09-22 18:00:00+00:00,169.02,4.269274335633522,7760.770470991319,8482.363219200097,0.08506977708469617
2026-09-22 19:00:00+00:00,167.33,4.269274335633522,7760.770470991319,8475.148145572875,0.08429087755294562
2026-09-22 20:00:00+00:00,167.17,4.269274335633522,7760.770470991319,8474.465061679175,0.08421706685831101
2026-09-22 21:00:00+00:00,166.9,4.269274335633522,7760.770470991319,8473.312357608553,0.08409248432549671
2026-09-22 22:00:00+00:00,166.97,4.269274335633522,7760.770470991319,8473.611206812047,0.08412478675534076
2026-09-22 23:00:00+00:00,167.88,4.269274335633522,7760.770470991319,8477.496246457475,0.0845445110949659
2026-09-23 00:00:00+00:00,168.59,0.0,8478.057021913024,8478.057021913024,0.0
2026-09-23 01:00:00+00:00,168.74,0.0,8478.057021913024,8478.057021913024,0.0
2026-09-23 02:00:00+00:00,169.3,0.0,8478.057021913024,8478.057021913024,0.0
2026-09-23 03:00:00+00:00,170.18,0.0,8478.057021913024,8478.057021913024,0.0
2026-09-23 04:00:00+00:00,172.95,0.0,8478.057021913024,8478.057021913024,0.0
2026-09-23 05:00:00+00:00,170.27,0.0,8478.057021913024,8478.057021913024,0.0
2026-09-23 06:00:00+00:00,170.81,0.0,8478.057021913024,8478.057021913024,0.0
2026-09-23 07:00:00+00:00,169.45,0.0,8478.057021913024,8478.057021913024,0.0
2026-09-23 08:00:00+00:00,168.15,0.0,8478.057021913024,8478.057021913024,0.0
2026-09-23 09:00:00+00:00,167.87,0.0,8478.057021913024,8478.057021913024,0.0
2026-09-23 10:00:00+00:00,168.031,0.0,8478.057021913024,8478.057021913024,0.0
2026-09-23 11:00:00+00:00,165.9735,0.0,8478.057021913024,8478.057021913024,0.0
2026-09-23 12:00:00+00:00,165.4388,0.0,8478.057021913024,8478.057021913024,0.0
2026-09-23 13:00:00+00:00,167.28,0.0,8478.057021913024,8478.057021913024,0.0
2026-09-23 14:00:00+00:00,164.425,0.0,8478.057021913024,8478.057021913024,0.0
2026-09-23 15:00:00+00:00,163.57,0.0,8478.057021913024,8478.057021913024,0.0
2026-09-23 16:00:00+00:00,163.4468,0.0,8478.057021913024,8478.057021913024,0.0
2026-09-23 17:00:00+00:00,163.1,0.0,8478.057021913024,8478.057021913024,0.0
2026-09-23 18:00:00+00:00,162.86,0.0,8478.057021913024,8478.057021913024,0.0
2026-09-23 19:00:00+00:00,162.2,0.0,8478.057021913024,8478.057021913024,0.0
2026-09-23 20:00:00+00:00,161.45,0.0,8478.057021913024,8478.057021913024,0.0
2026-09-23 21:00:00+00:00,162.2,0.0,8478.057021913024,8478.057021913024,0.0
2026-09-23 22:00:00+00:00,163.01,0.0,8478.057021913024,8478.057021913024,0.0
2026-09-23 23:00:00+00:00,162.2586,0.0,8478.057021913024,8478.057021913024,0.0
2026-09-24 00:00:00+00:00,161.6,4.175097333044272,7798.9305387563345,8473.62626777629,0.0796230217971382
2026-09-24 01:00:00+00:00,160.75,4.175097333044272,7798.9305387563345,8470.077435043202,0.0792373979380796
2026-09-24 02:00:00+00:00,161.64,4.175097333044272,7798.9305387563345,8473.79327166961,0.079641160844641
2026-09-24 03:00:00+00:00,159.94,4.175097333044272,7798.9305387563345,8466.695606203435,0.07886962027521556
2026-09-24 04:00:00+00:00,160.45,4.175097333044272,7798.9305387563345,8468.824905843288,0.07910121823687041
2026-09-24 05:00:00+00:00,160.29,4.175097333044272,7798.9305387563345,8468.15689027,0.07902857259088036
2026-09-24 06:00:00+00:00,159.93,4.175097333044272,7798.9305387563345,8466.653855230104,0.07886507797425756
2026-09-24 07:00:00+00:00,161.49,4.175097333044272,7798.9305387563345,8473.167007069655,0.07957313572962328
2026-09-24 08:00:00+00:00,158.64,4.175097333044272,7798.9305387563345,8461.267979670478,0.07827874527854604
2026-09-24 09:00:00+00:00,158.33,4.175097333044272,7798.9305387563345,8459.973699497234,0.07813773236436712
2026-09-24 10:00:00+00:00,159.4,4.175097333044272,7798.9305387563345,8464.441053643592,0.07862427190047976
2026-09-24 11:00:00+00:00,158.8,4.175097333044272,7798.9305387563345,8461.935995243764,0.07835150925982999
2026-09-24 12:00:00+00:00,159.5508,4.175097333044272,7798.9305387563345,8465.070658321414,0.07869280085810562
2026-09-24 13:00:00+00:00,161.28,4.175097333044272,7798.9305387563345,8472.290236629715,0.07947788367331043
2026-09-24 14:00:00+00:00,158.645,4.175097333044272,7798.9305387563345,8461.288855157143,0.07828101932687266
2026-09-24 15:00:00+00:00,161.715,4.175097333044272,7798.9305387563345,8474.106403969588,0.07967516963168847
2026-09-24 16:00:00+00:00,162.42,4.175097333044272,7798.9305387563345,8477.049847589386,0.07999472941944386
2026-09-24 17:00:00+00:00,161.329,4.175097333044272,7798.9305387563345,8472.494816399034,0.07950011091644156
2026-09-24 18:00:00+00:00,162.47,4.175097333044272,7798.9305387563345,8477.258602456037,0.08001738480682626
2026-09-24 19:00:00+00:00,161.61,4.175097333044272,7798.9305387563345,8473.668018749619,0.07962755662604418
2026-09-24 20:00:00+00:00,161.05,4.175097333044272,7798.9305387563345,8471.329964243114,0.0793735373695666
2026-09-24 21:00:00+00:00,161.2062,4.175097333044272,7798.9305387563345,8471.982114446537,0.07944440469751524
2026-09-24 22:00:00+00:00,161.01,4.175097333044272,7798.9305387563345,8471.162960349793,0.0793553877714212
2026-09-24 23:00:00+00:00,161.36,4.175097333044272,7798.9305387563345,8472.624244416358,0.07951417249549365
2026-09-25 00:00:00+00:00,162.43,4.175097333044272,7798.9305387563345,8477.091598562716,0.07999926058618534
2026-09-25 01:00:00+00:00,162.56,4.175097333044272,7798.9305387563345,8477.63436121601,0.0800581616924471
2026-09-25 02:00:00+00:00,162.36,4.175097333044272,7798.9305387563345,8476.799341749404,0.07996754148166171
2026-09-25 03:00:00+00:00,162.31,4.175097333044272,7798.9305387563345,8476.59058688275,0.07994488363931046
2026-09-25 04:00:00+00:00,161.9,4.175097333044272,7798.9305387563345,8474.878796976202,0.07975904722803151
2026-09-25 05:00:00+00:00,161.86,4.175097333044272,7798.9305387563345,8474.71179308288,0.07974091282704426
2026-09-25 06:00:00+00:00,161.27,4.175097333044272,7798.9305387563345,8472.248485656384,0.0794733473693536
2026-09-25 07:00:00+00:00,161.17,4.175097333044272,7798.9305387563345,8471.83097592308,0.07942798187064007
2026-09-25 08:00:00+00:00,162.34,4.175097333044272,7798.9305387563345,8476.715839802742,0.07995847847863916
2026-09-25 09:00:00+00:00,162.7512,4.175097333044272,7798.9305387563345,8478.43263982609,0.08014477792486101
2026-09-25 10:00:00+00:00,163.48,4.175097333044272,7798.9305387563345,8481.475450762413,0.08047478483766908
2026-09-25 11:00:00+00:00,164.1896,4.175097333044272,7798.9305387563345,8484.43809982994,0.08079587039327284
2026-09-25 12:00:00+00:00,163.89,4.175097333044272,7798.9305387563345,8483.18724066896,0.08066033231380935
2026-09-25 13:00:00+00:00,159.485,4.175097333044272,7798.9305387563345,8464.7959369169,0.07866290021907976
2026-09-25 14:00:00+00:00,159.11,4.175097333044272,7798.9305387563345,8463.230275417009,0.07849245678570907
2026-09-25 15:00:00+00:00,158.695,4.175097333044272,7798.9305387563345,8461.497610023795,0.07830375919300148
2026-09-25 16:00:00+00:00,157.95,4.175097333044272,7798.9305387563345,8458.387162510677,0.07796481895238741
2026-09-25 17:00:00+00:00,158.7301,4.175097333044272,7798.9305387563345,8461.644155940185,0.07831972190872823
2026-09-25 18:00:00+00:00,159.28,4.175097333044272,7798.9305387563345,8463.940041963626,0.07856973228900735
2026-09-25 19:00:00+00:00,158.61,4.175097333044272,7798.9305387563345,8461.142726750486,0.07826510075294234
2026-09-25 20:00:00+00:00,158.59,4.175097333044272,7798.9305387563345,8461.059224803827,0.0782560041781108
2026-09-25 21:00:00+00:00,158.63,4.175097333044272,7798.9305387563345,8461.226228697147,0.07827419714822974
2026-09-25 22:00:00+00:00,159.0406,4.175097333044272,7798.9305387563345,8462.940523662095,0.07846090647207214
2026-09-25 23:00:00+00:00,159.0,4.175097333044272,7798.9305387563345,8462.771014710373,0.0784424480823269
2026-09-26 00:00:00+00:00,158.59,4.175097333044272,7798.9305387563345,8461.059224803827,0.0782560041781108
2026-09-26 01:00:00+00:00,159.12,4.175097333044272,7798.9305387563345,8463.27202639034,0.07849700276234085
2026-09-26 02:00:00+00:00,158.88,4.175097333044272,7798.9305387563345,8462.270003030408,0.07838788694245477
2026-09-26 03:00:00+00:00,158.66,4.175097333044272,7798.9305387563345,8461.35148161714,0.07828784140452724
2026-09-26 04:00:00+00:00,158.25,4.175097333044272,7798.9305387563345,8459.63969171059,0.07810133493057275
2026-09-26 05:00:00+00:00,158.19,4.175097333044272,7798.9305387563345,8459.389185870608,0.07807403496902732
2026-09-26 06:00:00+00:00,158.26,4.175097333044272,7798.9305387563345,8459.681442683921,0.07810588476697491
2026-09-26 07:00:00+00:00,159.0,4.175097333044272,7798.9305387563345,8462.771014710373,0.0784424480823269
2026-09-26 08:00:00+00:00,159.04,4.175097333044272,7798.9305387563345,8462.938018603696,0.07846063369337022
2026-09-26 09:00:00+00:00,158.3,4.175097333044272,7798.9305387563345,8459.848446577244,0.07812408366349731
2026-09-26 10:00:00+00:00,159.07,4.175097333044272,7798.9305387563345,8463.063271523686,0.07847427243064699
2026-09-26 11:00:00+00:00,159.18,4.175097333044272,7798.9305387563345,8463.522532230321,0.07852427768025956
2026-09-26 12:00:00+00:00,159.22,4.175097333044272,7798.9305387563345,8463.689536123644,0.07854246006189962
2026-09-26 13:00:00+00:00,158.63,4.175097333044272,7798.9305387563345,8461.226228697147,0.07827419714822974
2026-09-26 14:00:00+00:00,159.5,4.175097333044272,7798.9305387563345,8464.858563376896,0.07866971664496447
2026-09-26 15:00:00+00:00,159.78,4.175097333044272,7798.9305387563345,8466.027590630149,0.07879693808370403
2026-09-26 16:00:00+00:00,159.63,4.175097333044272,7798.9305387563345,8465.40132603019,0.07872878811126553
2026-09-26 17:00:00+00:00,159.18,4.175097333044272,7798.9305387563345,8463.522532230321,0.07852427768025956
2026-09-26 18:00:00+00:00,159.42,4.175097333044272,7798.9305387563345,8464.524555590253,0.07863336120802408
2026-09-26 19:00:00+00:00,159.06,4.175097333044272,7798.9305387563345,8463.021520550355,0.07846972622974444
2026-09-26 20:00:00+00:00,158.56,4.175097333044272,7798.9305387563345,8460.933971883835,0.07824235897920666
2026-09-26 21:00:00+00:00,158.9,4.175097333044272,7798.9305387563345,8462.353504977069,0.07839698091441674
2026-09-26 22:00:00+00:00,159.67,4.175097333044272,7798.9305387563345,8465.568329923513,0.07874696242315983
2026-09-26 23:00:00+00:00,159.9,4.175097333044272,7798.9305387563345,8466.528602310114,0.07885145080259025
2026-09-27 00:00:00+00:00,158.9,1.0589779364990761,8296.550432005199,8464.822026114902,0.019878928770217134
2026-09-27 01:00:00+00:00,159.9,1.0589779364990761,8296.550432005199,8465.881004051402,0.02000152990163316
2026-09-27 02:00:00+00:00,160.2,1.0589779364990761,8296.550432005199,8466.19869743235,0.02003830426028193
2026-09-27 03:00:00+00:00,159.88,1.0589779364990761,8296.550432005199,8465.85982449267,0.019999078179589208
2026-09-27 04:00:00+00:00,159.58,1.0589779364990761,8296.550432005199,8465.54213111172,0.01996230087680517
2026-09-27 05:00:00+00:00,160.1,1.0589779364990761,8296.550432005199,8466.0927996387,0.020026046447392767
2026-09-27 06:00:00+00:00,160.53,1.0589779364990761,8296.550432005199,8466.548160151395,0.02007875286723189
2026-09-27 07:00:00+00:00,161.1,1.0589779364990761,8296.550432005199,8467.1517775752,0.020148610778636295
2026-09-27 08:00:00+00:00,161.25,1.0589779364990761,8296.550432005199,8467.310624265674,0.020166992784120895
2026-09-27 09:00:00+00:00,161.4,1.0589779364990761,8296.550432005199,8467.46947095615,0.020185374099925824
2026-09-27 10:00:00+00:00,161.25,1.0589779364990761,8296.550432005199,8467.310624265674,0.020166992784120895
2026-09-27 11:00:00+00:00,161.54,1.0589779364990761,8296.550432005199,8467.617727867259,0.02020252937246702
2026-09-27 12:00:00+00:00,161.58,1.0589779364990761,8296.550432005199,8467.660086984719,0.020207430768569245
2026-09-27 13:00:00+00:00,161.33,1.0589779364990761,8296.550432005199,8467.395342500595,0.020176796238374525
2026-09-27 14:00:00+00:00,160.84,1.0589779364990761,8296.550432005199,8466.87644331171,0.020116747001907423
2026-09-27 15:00:00+00:00,160.75,1.0589779364990761,8296.550432005199,8466.781135297426,0.02010571675019996
2026-09-27 16:00:00+00:00,160.57,1.0589779364990761,8296.550432005199,8466.590519268855,0.020083655501782875
2026-09-27 17:00:00+00:00,160.63,1.0589779364990761,8296.550432005199,8466.654057945045,0.020091009361628824
2026-09-27 18:00:00+00:00,161.2,1.0589779364990761,8296.550432005199,8467.25767536885,0.020160865525592347
2026-09-27 19:00:00+00:00,161.42,1.0589779364990761,8296.550432005199,8467.49065051488,0.0201878248899261
2026-09-27 20:00:00+00:00,161.29,1.0589779364990761,8296.550432005199,8467.352983383134,0.020171894535769282
2026-09-27 21:00:00+00:00,161.17,1.0589779364990761,8296.550432005199,8467.225906030755,0.020157189133691713
2026-09-27 22:00:00+00:00,160.23,1.0589779364990761,8296.550432005199,8466.230466770445,0.020041981544352362
2026-09-27 23:00:00+00:00,160.0,1.0589779364990761,8296.550432005199,8465.986901845052,0.02001378832784701
2026-09-28 00:00:00+00:00,159.72,5.275088093964673,7618.984857341911,8461.52192770995,0.09957275742663757
2026-09-28 01:00:00+00:00,158.02,5.275088093964673,7618.984857341911,8452.554277950208,0.09861745848622257
2026-09-28 02:00:00+00:00,157.43,5.275088093964673,7618.984857341911,8449.441975974769,0.09828543955851628
2026-09-28 03:00:00+00:00,156.87,5.275088093964673,7618.984857341911,8446.48792664215,0.09797007661493302
2026-09-28 04:00:00+00:00,157.03,5.275088093964673,7618.984857341911,8447.331940737184,0.09806020281984848
2026-09-28 05:00:00+00:00,155.89,5.275088093964673,7618.984857341911,8441.318340310065,0.09741766034829424
2026-09-28 06:00:00+00:00,155.44,5.275088093964673,7618.984857341911,8438.94455066778,0.09716377307645475
2026-09-28 07:00:00+00:00,154.7,5.275088093964673,7618.984857341911,8435.040985478247,0.09674595885678039
2026-09-28 08:00:00+00:00,154.94,5.275088093964673,7618.984857341911,8436.307006620798,0.09688150853654964
2026-09-28 09:00:00+00:00,154.18,5.275088093964673,7618.984857341911,8432.297939669385,0.09645212825098087
2026-09-28 10:00:00+00:00,155.42,5.275088093964673,7618.984857341911,8438.8390489059,0.0971524858825556
2026-09-28 11:00:00+00:00,156.5,5.275088093964673,7618.984857341911,8444.536144047383,0.09776159076391765
2026-09-28 12:00:00+00:00,158.218,5.275088093964673,7618.984857341911,8453.598745392814,0.09872882699876957
2026-09-28 13:00:00+00:00,159.54,5.275088093964673,7618.984857341911,8460.572411853034,0.09947170398684636
2026-09-28 14:00:00+00:00,156.3,5.275088093964673,7618.984857341911,8443.481126428589,0.09764885557758363
2026-09-28 15:00:00+00:00,156.89,5.275088093964673,7618.984857341911,8446.593428404029,0.09798134337554978
2026-09-28 16:00:00+00:00,159.36,5.275088093964673,7618.984857341911,8459.62289599612,0.09937062786239305
2026-09-28 17:00:00+00:00,160.525,5.275088093964673,7618.984857341911,8465.76837362559,0.10002441348640768
2026-09-28 18:00:00+00:00,159.655,5.275088093964673,7618.984857341911,8461.179046983842,0.0995362685230195
2026-09-28 19:00:00+00:00,157.14,5.275088093964673,7618.984857341911,8447.91220042752,0.09812215413929841
2026-09-28 20:00:00+00:00,157.25,5.275088093964673,7618.984857341911,8448.492460117855,0.09818409694886243
2026-09-28 21:00:00+00:00,156.59,5.275088093964673,7618.984857341911,8445.01090197584,0.09781231240810673
2026-09-28 22:00:00+00:00,157.09,5.275088093964673,7618.984857341911,8447.648446022822,0.09809399550368929
2026-09-28 23:00:00+00:00,157.1858,5.275088093964673,7618.984857341911,8448.153799462223,0.09814794590660672
2026-09-29 00:00:00+00:00,156.0,1.0741604431254839,8278.973882042423,8446.542911169998,0.019838770830842102
2026-09-29 01:00:00+00:00,155.72,1.0741604431254839,8278.973882042423,8446.242146245922,0.019803867957757473
2026-09-29 02:00:00+00:00,155.39,1.0741604431254839,8278.973882042423,8445.887673299692,0.019762729237441774
2026-09-29 03:00:00+00:00,155.55,1.0741604431254839,8278.973882042423,8446.059538970592,0.01978267571489716
2026-09-29 04:00:00+00:00,156.09,1.0741604431254839,8278.973882042423,8446.639585609879,0.01984998908359965
2026-09-29 05:00:00+00:00,157.26,1.0741604431254839,8278.973882042423,8447.896353328337,0.019995803004775364
2026-09-29 06:00:00+00:00,159.24,1.0741604431254839,8278.973882042423,8450.023191005725,0.020242466215402623
2026-09-29 07:00:00+00:00,159.32,1.0741604431254839,8278.973882042423,8450.109123841175,0.02025242979595498
2026-09-29 08:00:00+00:00,158.99,1.0741604431254839,8278.973882042423,8449.754650894944,0.020211328719992205
2026-09-29 09:00:00+00:00,160.14,1.0741604431254839,8278.973882042423,8450.989935404537,0.020354544813912478
2026-09-29 10:00:00+00:00,159.88,1.0741604431254839,8278.973882042423,8450.710653689324,0.020322169186082272
2026-09-29 11:00:00+00:00,161.0015,1.0741604431254839,8278.973882042423,8451.91532462629,0.020461804921302184
2026-09-29 12:00:00+00:00,160.81,1.0741604431254839,8278.973882042423,8451.709622901431,0.020437964455256537
2026-09-29 13:00:00+00:00,157.205,1.0741604431254839,8278.973882042423,8447.837274503965,0.01998894947600147
2026-09-29 14:00:00+00:00,154.6484,1.0741604431254839,8278.973882042423,8445.09107591507,0.019670266712268392
2026-09-29 15:00:00+00:00,152.9,1.0741604431254839,8278.973882042423,8443.213013796309,0.019452207528759233
2026-09-29 16:00:00+00:00,153.5001,1.0741604431254839,8278.973882042423,8443.857617478228,0.019527062499787733
2026-09-29 17:00:00+00:00,152.9,1.0741604431254839,8278.973882042423,8443.213013796309,0.019452207528759233
2026-09-29 18:00:00+00:00,154.26,1.0741604431254839,8278.973882042423,8444.673871998959,0.019621834125053535
2026-09-29 19:00:00+00:00,154.67,1.0741604431254839,8278.973882042423,8445.114277780642,0.01967296004215587
2026-09-29 20:00:00+00:00,155.35,1.0741604431254839,8278.973882042423,8445.844706881966,0.019757742491236168
2026-09-29 21:00:00+00:00,155.19,1.0741604431254839,8278.973882042423,8445.672841211066,0.019737794999023436
2026-09-29 22:00:00+00:00,155.47,1.0741604431254839,8278.973882042423,8445.973606135141,0.01977270257764133
2026-09-29 23:00:00+00:00,155.83,1.0741604431254839,8278.973882042423,8446.360303894668,0.019817580097200124
2026-09-30 00:00:00+00:00,153.71,1.0741604431254839,8278.973882042423,8444.08308375524,0.01955324220227722
2026-09-30 01:00:00+00:00,154.01,1.0741604431254839,8278.973882042423,8444.405331888178,0.019590657168130646
2026-09-30 02:00:00+00:00,153.59,1.0741604431254839,8278.973882042423,8443.954184502065,0.019538275416326394
2026-09-30 03:00:00+00:00,153.95,1.0741604431254839,8278.973882042423,8444.340882261591,0.01958317440340934
2026-09-30 04:00:00+00:00,154.12,1.0741604431254839,8278.973882042423,8444.523489536923,0.019604375273468262
2026-09-30 05:00:00+00:00,154.51,1.0741604431254839,8278.973882042423,8444.942412109742,0.01965300909918884
2026-09-30 06:00:00+00:00,153.64,1.0741604431254839,8278.973882042423,8444.007892524221,0.019544511632670285
2026-09-30 07:00:00+00:00,154.41,1.0741604431254839,8278.973882042423,8444.834996065429,0.019640539347457124
2026-09-30 08:00:00+00:00,154.3481,1.0741604431254839,8278.973882042423,8444.768505533999,0.019632820412179265
2026-09-30 09:00:00+00:00,155.89,1.0741604431254839,8278.973882042423,8446.424753521254,0.019825059284287423
2026-09-30 10:00:00+00:00,157.0859,1.0741604431254839,8278.973882042423,8447.709341995189,0.01997410814242259
2026-09-30 11:00:00+00:00,157.03,1.0741604431254839,8278.973882042423,8447.649296426418,0.019967142155788705
2026-09-30 12:00:00+00:00,160.51,1.0741604431254839,8278.973882042423,8451.387374768494,0.020400614133581147
2026-09-30 13:00:00+00:00,156.3501,1.0741604431254839,8278.973882042423,8446.918974741136,0.01988240839067129
2026-09-30 14:00:00+00:00,153.12,1.0741604431254839,8278.973882042423,8443.449329093797,0.019479651104748988
2026-09-30 15:00:00+00:00,153.955,1.0741604431254839,8278.973882042423,8444.346253063806,0.019583797971498732
2026-09-30 16:00:00+00:00,154.525,1.0741604431254839,8278.973882042423,8444.958524516389,0.019654879534588447
2026-09-30 17:00:00+00:00,154.28,1.0741604431254839,8278.973882042423,8444.695355207823,0.019624328195948434
2026-09-30 18:00:00+00:00,154.52,1.0741604431254839,8278.973882042423,8444.953153714172,0.01965425605691495
2026-09-30 19:00:00+00:00,153.09,1.0741604431254839,8278.973882042423,8443.417104280503,0.019475908889389538
2026-09-30 20:00:00+00:00,153.15,1.0741604431254839,8278.973882042423,8443.481553907091,0.019483393291543874
2026-09-30 21:00:00+00:00,153.1,1.0741604431254839,8278.973882042423,8443.427845884935,0.019477156297683214
2026-09-30 22:00:00+00:00,153.4,1.0741604431254839,8278.973882042423,8443.750094017872,0.01951457707070084
2026-09-30 23:00:00+00:00,153.2,1.0741604431254839,8278.973882042423,8443.535261929246,0.019489630206059424
2026-10-01 00:00:00+00:00,153.3,4.4080283102829405,7767.427670329088,8443.178410295463,0.0800351132154659
2026-10-01 01:00:00+00:00,153.4,4.4080283102829405,7767.427670329088,8443.61921312649,0.080083140384421
2026-10-01 02:00:00+00:00,153.62,4.4080283102829405,7767.427670329088,8444.588979354754,0.08018878250690264
2026-10-01 03:00:00+00:00,155.04,4.4080283102829405,7767.427670329088,8450.848379555355,0.08087007109009635
2026-10-01 04:00:00+00:00,155.95,4.4080283102829405,7767.427670329088,8454.859685317713,0.08130614115127002
2026-10-01 05:00:00+00:00,156.33,4.4080283102829405,7767.427670329088,8456.53473607562,0.0814881138969131
2026-10-01 06:00:00+00:00,155.44,4.4080283102829405,7767.427670329088,8452.611590879467,0.08106180121770969
2026-10-01 07:00:00+00:00,153.55,4.4080283102829405,7767.427670329088,8444.280417373033,0.08015517173629232
2026-10-01 08:00:00+00:00,153.6,4.4080283102829405,7767.427670329088,8444.500818788547,0.08017917968022566
2026-10-01 09:00:00+00:00,154.14,4.4080283102829405,7767.427670329088,8446.8811540761,0.08043838564239032
2026-10-01 10:00:00+00:00,154.6,4.4080283102829405,7767.427670329088,8448.90884709883,0.08065907552118382
2026-10-01 11:00:00+00:00,154.62,4.4080283102829405,7767.427670329088,8448.997007665037,0.08066866833040892
2026-10-01 12:00:00+00:00,154.45,4.4080283102829405,7767.427670329088,8448.247642852288,0.08058712307033444
2026-10-01 13:00:00+00:00,157.66,4.4080283102829405,7767.427670329088,8462.397413728297,0.08212445119532906
2026-10-01 14:00:00+00:00,156.42,4.4080283102829405,7767.427670329088,8456.931458623545,0.08153120214677506
2026-10-01 15:00:00+00:00,156.625,4.4080283102829405,7767.427670329088,8457.835104427153,0.08162933251520593
2026-10-01 16:00:00+00:00,157.1199,4.4080283102829405,7767.427670329088,8460.016637637913,0.08186614719261351
2026-10-01 17:00:00+00:00,159.37,4.4080283102829405,7767.427670329088,8469.93514213888,0.08294130474680243
2026-10-01 18:00:00+00:00,159.74,4.4080283102829405,7767.427670329088,8471.566112613686,0.08311785954620296
2026-10-01 19:00:00+00:00,160.5,4.4080283102829405,7767.427670329088,8474.9162141295,0.08348029950088204
2026-10-01 20:00:00+00:00,159.87,4.4080283102829405,7767.427670329088,8472.139156294023,0.08317987617582953
2026-10-01 21:00:00+00:00,159.7053,4.4080283102829405,7767.427670329088,8471.413154031317,0.08310130445794896
2026-10-01 22:00:00+00:00,160.51,4.4080283102829405,7767.427670329088,8474.960294412602,0.08348506653771334
2026-10-01 23:00:00+00:00,161.11,4.4080283102829405,7767.427670329088,8477.605111398772,0.08377099802806315
2026-10-02 00:00:00+00:00,161.0,1.0522799319760412,8307.436643482144,8476.853712530286,0.019985843190583115
2026-10-02 01:00:00+00:00,161.43,1.0522799319760412,8307.436643482144,8477.306192901036,0.020038151926273756
2026-10-02 02:00:00+00:00,162.69,1.0522799319760412,8307.436643482144,8478.632065615326,0.02019139653759204
2026-10-02 03:00:00+00:00,163.5,1.0522799319760412,8307.436643482144,8479.484412360227,0.020289885624094686
2026-10-02 04:00:00+00:00,166.01,1.0522799319760412,8307.436643482144,8482.125634989487,0.020594954498992058
2026-10-02 05:00:00+00:00,163.7,1.0522799319760412,8307.436643482144,8479.694868346622,0.02031420086912455
2026-10-02 06:00:00+00:00,164.8,1.0522799319760412,8307.436643482144,8480.852376271796,0.020447913145480973
2026-10-02 07:00:00+00:00,164.91,1.0522799319760412,8307.436643482144,8480.968127064312,0.020461282365676913
2026-10-02 08:00:00+00:00,164.84,1.0522799319760412,8307.436643482144,8480.894467469076,0.020452774722321838
