ts,equity,gross_equity,fees,spread,funding,cash,gross_exposure,net_exposure
2026-06-22 00:00:00+00:00,10000.0,10000.0,0.0,0.0,0.0,10000.0,0.0,0.0
2026-06-22 01:00:00+00:00,10000.0,10000.0,0.0,0.0,0.0,10000.0,0.0,0.0
2026-06-22 02:00:00+00:00,10000.0,10000.0,0.0,0.0,0.0,10000.0,0.0,0.0
2026-06-22 03:00:00+00:00,10000.0,10000.0,0.0,0.0,0.0,10000.0,0.0,0.0
2026-06-22 04:00:00+00:00,10000.0,10000.0,0.0,0.0,0.0,10000.0,0.0,0.0
2026-06-22 05:00:00+00:00,9999.58719440373,10001.166050909722,1.5043350022567346,0.07452150373416286,0.0,9536.281143494007,0.25094531646143375,0.04633251772323281
2026-06-22 06:00:00+00:00,9999.994462876744,10001.573319382736,1.5043350022567346,0.07452150373416286,0.0,9536.281143494007,0.2515783046544142,0.046371357614666
2026-06-22 07:00:00+00:00,10002.572809222716,10004.151665728708,1.5043350022567346,0.07452150373416286,0.0,9536.281143494007,0.2518197196376027,0.046617172863642885
2026-06-22 08:00:00+00:00,10001.315465159912,10002.894321665904,1.5043350022567346,0.07452150373416286,0.0,9536.281143494007,0.25213837780838433,0.04649731560671949
2026-06-22 09:00:00+00:00,10006.43440348998,10009.165251528795,2.5956220140977897,0.135226024717222,0.0,11354.001542883923,0.29741915449494866,-0.134670061787838
2026-06-22 10:00:00+00:00,10007.052099752213,10009.782947791027,2.5956220140977897,0.135226024717222,0.0,11354.001542883923,0.29709694275150933,-0.13460002303426238
2026-06-22 11:00:00+00:00,10005.165829304684,10007.896677343499,2.5956220140977897,0.135226024717222,0.0,11354.001542883923,0.2970829540638254,-0.13481392878352502
2026-06-22 12:00:00+00:00,9996.25633586812,9998.987183906935,2.5956220140977897,0.135226024717222,0.0,11354.001542883923,0.2982811701436041,-0.13582536915785187
2026-06-22 13:00:00+00:00,9984.88498053007,9987.615828568885,2.5956220140977897,0.135226024717222,0.0,11354.001542883923,0.29988017503673237,-0.13711891173744592
2026-06-22 14:00:00+00:00,9913.815308126374,9916.546156165188,2.5956220140977897,0.135226024717222,0.0,11354.001542883923,0.30849669116903766,-0.14527063395835377
2026-06-22 15:00:00+00:00,9943.963790658425,9946.908579033292,2.800829093448359,0.14395928141803668,0.0,11011.784536886957,0.26674026395985195,-0.10738381280427287
2026-06-22 16:00:00+00:00,9944.68368832692,9947.563166160851,2.800829093448359,0.14395928141803668,0.06531054093697561,11011.849847427893,0.26662069337556893,-0.1073102164479714
2026-06-22 17:00:00+00:00,9954.234926141282,9957.599077638732,3.262335806991782,0.16712623139367788,0.06531054093697561,10888.547935025275,0.21371618626535646,-0.09386085578815817
2026-06-22 18:00:00+00:00,9958.025729859171,9961.389881356621,3.262335806991782,0.16712623139367788,0.06531054093697561,10888.547935025275,0.21359331579987728,-0.09344444676176422
2026-06-22 19:00:00+00:00,9968.310097061143,9971.674248558593,3.262335806991782,0.16712623139367788,0.06531054093697561,10888.547935025275,0.2125319414897193,-0.09231633336080072
2026-06-22 20:00:00+00:00,9967.461793688182,9970.825945185632,3.262335806991782,0.16712623139367788,0.06531054093697561,10888.547935025275,0.21235908220048136,-0.09240929741214203
2026-06-22 21:00:00+00:00,9966.970095808365,9970.334247305815,3.262335806991782,0.16712623139367788,0.06531054093697561,10888.547935025275,0.2121558872546608,-0.09246318894891462
2026-06-22 22:00:00+00:00,9965.749873003952,9969.114024501401,3.262335806991782,0.16712623139367788,0.06531054093697561,10888.547935025275,0.21255412908188984,-0.09259695193846625
2026-06-22 23:00:00+00:00,9972.095488744282,9975.459640241732,3.262335806991782,0.16712623139367788,0.06531054093697561,10888.547935025275,0.21165070054374455,-0.09190169180744534
2026-06-23 00:00:00+00:00,9970.260432726625,9973.634866595157,3.262335806991782,0.16712623139367788,0.055028169854612646,10888.537652654193,0.21180954876718786,-0.09210162824968865
2026-06-23 01:00:00+00:00,9968.663220822247,9972.406842164199,3.614699576784191,0.18394993502112844,0.055028169854612646,10659.773445635294,0.1531970984414472,-0.06932827496564191
2026-06-23 02:00:00+00:00,9972.441104696867,9976.184726038819,3.614699576784191,0.18394993502112844,0.055028169854612646,10659.773445635294,0.15266224101376702,-0.06892317876058489
2026-06-23 03:00:00+00:00,9974.974293015412,9978.717914357363,3.614699576784191,0.18394993502112844,0.055028169854612646,10659.773445635294,0.15245701009439933,-0.06865172104748034
2026-06-23 04:00:00+00:00,9978.180078083431,9981.923699425382,3.614699576784191,0.18394993502112844,0.055028169854612646,10659.773445635294,0.15218014668915933,-0.06830838511813868
2026-06-23 05:00:00+00:00,9980.09618894341,9984.875829645951,4.599665322780865,0.23500354961479675,0.055028169854612646,10565.450096792854,0.275812286446031,-0.05865213087805074
2026-06-23 06:00:00+00:00,9980.435792556224,9985.215433258765,4.599665322780865,0.23500354961479675,0.055028169854612646,10565.450096792854,0.2752302720978324,-0.05861610819368794
2026-06-23 07:00:00+00:00,9986.813849860599,9991.59349056314,4.599665322780865,0.23500354961479675,0.055028169854612646,10565.450096792854,0.2733516262125951,-0.05794002528046839
2026-06-23 08:00:00+00:00,9989.38340660606,9994.163047308602,4.599665322780865,0.23500354961479675,0.055028169854612646,10565.450096792854,0.2728843579049868,-0.05766789267552151
2026-06-23 09:00:00+00:00,9991.68590515192,9996.482361162944,4.61587294860028,0.2356112322769717,0.055028169854612646,10538.42117946801,0.26990176212130024,-0.054719021344954516
2026-06-23 10:00:00+00:00,9986.654515196618,9991.450971207641,4.61587294860028,0.2356112322769717,0.055028169854612646,10538.42117946801,0.27066450279421583,-0.05525040076551896
2026-06-23 11:00:00+00:00,9988.57511137829,9993.371567389313,4.61587294860028,0.2356112322769717,0.055028169854612646,10538.42117946801,0.2707005393780735,-0.05504749796228427
2026-06-23 12:00:00+00:00,9979.8843225895,9984.680778600523,4.61587294860028,0.2356112322769717,0.055028169854612646,10538.42117946801,0.2720373279137507,-0.05596626562236405
2026-06-23 13:00:00+00:00,9984.530988946983,9989.700341385307,4.9728854867267875,0.2514951214532913,0.055028169854612646,10537.57817931686,0.21130288313950737,-0.05539040251185647
2026-06-23 14:00:00+00:00,9980.030720579145,9985.20007301747,4.9728854867267875,0.2514951214532913,0.055028169854612646,10537.57817931686,0.21462083717540326,-0.05586630686296741
2026-06-23 15:00:00+00:00,9980.463452544429,9985.632804982753,4.9728854867267875,0.2514951214532913,0.055028169854612646,10537.57817931686,0.21377932956268705,-0.05582052671415781
2026-06-23 16:00:00+00:00,9982.421016319695,9987.588955450543,4.9728854867267875,0.2514951214532913,0.05644147733116288,10537.579592624337,0.2131837010647594,-0.05561362072357454
2026-06-23 17:00:00+00:00,9980.286508060897,9985.63066864972,5.1393682338266,0.26123383232660574,0.05644147733116288,10486.736678709995,0.20844225848200149,-0.050745053284797614
2026-06-23 18:00:00+00:00,9982.406234185519,9987.75039477434,5.1393682338266,0.26123383232660574,0.05644147733116288,10486.736678709995,0.2077693379742153,-0.05052193155567623
2026-06-23 19:00:00+00:00,9983.472568181895,9988.816728770717,5.1393682338266,0.26123383232660574,0.05644147733116288,10486.736678709995,0.20705316355561265,-0.05040972538273325
2026-06-23 20:00:00+00:00,9984.493967474993,9989.838128063815,5.1393682338266,0.26123383232660574,0.05644147733116288,10486.736678709995,0.20685252267392648,-0.050302269986950074
2026-06-23 21:00:00+00:00,9983.554778048101,9989.176293665192,5.404858077450918,0.2730990169705028,0.05644147733116288,10487.468955422111,0.1627233600738201,-0.050474424048037494
2026-06-23 22:00:00+00:00,9979.40944093192,9985.030956549012,5.404858077450918,0.2730990169705028,0.05644147733116288,10487.468955422111,0.16323228763620173,-0.05091077959045502
2026-06-23 23:00:00+00:00,9981.091142568526,9986.712658185617,5.404858077450918,0.2730990169705028,0.05644147733116288,10487.468955422111,0.16274146163992811,-0.05073371293985336
2026-06-24 00:00:00+00:00,9981.143015973277,9986.667528816375,5.404858077450918,0.2730990169705028,0.15344425132388706,10487.565958196104,0.16299407557625525,-0.05073797073264813
2026-06-24 01:00:00+00:00,9980.599580138205,9986.204444610412,5.480102312723674,0.27820641080640945,0.15344425132388706,10362.083655172904,0.15068796846278082,-0.03822256087638938
2026-06-24 02:00:00+00:00,9980.65949946805,9986.264363940258,5.480102312723674,0.27820641080640945,0.15344425132388706,10362.083655172904,0.15048768411017038,-0.038216327861418674
2026-06-24 03:00:00+00:00,9982.79604097976,9988.400905451967,5.480102312723674,0.27820641080640945,0.15344425132388706,10362.083655172904,0.14995781487519078,-0.03799412635860276
2026-06-24 04:00:00+00:00,9981.646746646249,9987.251611118456,5.480102312723674,0.27820641080640945,0.15344425132388706,10362.083655172904,0.15035686156197198,-0.038113641785056974
2026-06-24 05:00:00+00:00,9979.204326575284,9985.961564952036,6.574507209067746,0.33617541900907894,0.15344425132388706,11010.82989487077,0.15577603002770585,-0.10337753738022985
2026-06-24 06:00:00+00:00,9976.877616928026,9983.63485530478,6.574507209067746,0.33617541900907894,0.15344425132388706,11010.82989487077,0.15603491571605657,-0.10363485627892342
2026-06-24 07:00:00+00:00,9978.535100621251,9985.292338998004,6.574507209067746,0.33617541900907894,0.15344425132388706,11010.82989487077,0.15588089989001508,-0.10345153710841283
2026-06-24 08:00:00+00:00,9980.187363201105,9986.944601577858,6.574507209067746,0.33617541900907894,0.15344425132388706,11010.82989487077,0.15568231242931763,-0.10326885600062428
2026-06-24 09:00:00+00:00,9976.179990499877,9982.93722887663,6.574507209067746,0.33617541900907894,0.15344425132388706,11010.82989487077,0.15609697638897052,-0.10371203259726366
2026-06-24 10:00:00+00:00,9977.992509355288,9984.749747732041,6.574507209067746,0.33617541900907894,0.15344425132388706,11010.82989487077,0.15590559266260598,-0.10351154147962144
2026-06-24 11:00:00+00:00,9979.624182422815,9986.381420799567,6.574507209067746,0.33617541900907894,0.15344425132388706,11010.82989487077,0.15566804164067993,-0.10333111684348056
2026-06-24 12:00:00+00:00,9973.712017387055,9980.469255763808,6.574507209067746,0.33617541900907894,0.15344425132388706,11010.82989487077,0.15641558554190768,-0.10398514371336576
2026-06-24 13:00:00+00:00,9979.4190063505,9986.43866224202,6.823471042073273,0.34962910077154663,0.15344425132388706,10713.151099507082,0.11417802527505226,-0.0735245301043744
2026-06-24 14:00:00+00:00,9999.203468720789,10006.22312461231,6.823471042073273,0.34962910077154663,0.15344425132388706,10713.151099507082,0.11210580244789846,-0.07140045034783456
2026-06-24 15:00:00+00:00,9995.147497579765,10002.167153471286,6.823471042073273,0.34962910077154663,0.15344425132388706,10713.151099507082,0.11287040192984647,-0.07183521824977333
2026-06-24 16:00:00+00:00,9997.97932271608,10005.000533800194,6.823471042073273,0.34962910077154663,0.15188905873274786,10713.14954431449,0.11224292667202666,-0.07153147636277811
2026-06-24 17:00:00+00:00,10009.307808843496,10016.329019927609,6.823471042073273,0.34962910077154663,0.15188905873274786,10713.14954431449,0.11081571864005087,-0.07031872222464083
2026-06-24 18:00:00+00:00,10018.263858323098,10025.285069407211,6.823471042073273,0.34962910077154663,0.15188905873274786,10713.14954431449,0.10976180384674201,-0.06936188703136288
2026-06-24 19:00:00+00:00,10011.556070477318,10018.577281561431,6.823471042073273,0.34962910077154663,0.15188905873274786,10713.14954431449,0.11003011794174371,-0.07007836433200171
2026-06-24 20:00:00+00:00,10013.58834639622,10020.609557480333,6.823471042073273,0.34962910077154663,0.15188905873274786,10713.14954431449,0.10998319412672522,-0.0698611899869076
2026-06-24 21:00:00+00:00,10005.833089820835,10013.028877880355,6.989985183892021,0.35769193435885044,0.15188905873274786,10568.216980092153,0.08308282466555089,-0.056205603793595564
2026-06-24 22:00:00+00:00,10003.821179463152,10011.016967522672,6.989985183892021,0.35769193435885044,0.15188905873274786,10568.216980092153,0.08332880813918503,-0.05641802172430369
2026-06-24 23:00:00+00:00,10005.743223361967,10012.939011421488,6.989985183892021,0.35769193435885044,0.15188905873274786,10568.216980092153,0.08296730297344357,-0.05621509009114782
2026-06-25 00:00:00+00:00,10004.140869112991,10011.28652235677,6.989985183892021,0.35769193435885044,0.20202387447262868,10568.267114907892,0.08311472690303671,-0.0563892745189742
2026-06-25 01:00:00+00:00,10008.394263086573,10015.556988389375,7.006201311832306,0.3585478654425992,0.20202387447262868,10541.224018879477,0.08000109533222038,-0.053238285961426594
2026-06-25 02:00:00+00:00,10007.841686760847,10015.004412063648,7.006201311832306,0.3585478654425992,0.20202387447262868,10541.224018879477,0.0800357214127637,-0.053296439813214726
2026-06-25 03:00:00+00:00,10007.447253729311,10014.609979032113,7.006201311832306,0.3585478654425992,0.20202387447262868,10541.224018879477,0.08003501720497512,-0.05333795438704433
2026-06-25 04:00:00+00:00,10006.706476016412,10013.869201319214,7.006201311832306,0.3585478654425992,0.20202387447262868,10541.224018879477,0.0801577165859523,-0.053415931020278314
2026-06-25 05:00:00+00:00,10004.989687942754,10013.813233302388,8.586400284589425,0.4391689495171494,0.20202387447262868,7905.978865311522,0.2097964004061692,0.2097964004061692
2026-06-25 06:00:00+00:00,10007.702407144754,10016.525952504388,8.586400284589425,0.4391689495171494,0.20202387447262868,7905.978865311522,0.21001059547221937,0.21001059547221937
2026-06-25 07:00:00+00:00,10006.81993136811,10015.643476727744,8.586400284589425,0.4391689495171494,0.20202387447262868,7905.978865311522,0.20994092833339972,0.20994092833339972
2026-06-25 08:00:00+00:00,10011.205264237517,10020.02880959715,8.586400284589425,0.4391689495171494,0.20202387447262868,7905.978865311522,0.21028700774385084,0.21028700774385084
2026-06-25 09:00:00+00:00,10009.299580629906,10018.12312598954,8.586400284589425,0.4391689495171494,0.20202387447262868,7905.978865311522,0.2101366532568124,0.2101366532568124
2026-06-25 10:00:00+00:00,10011.502224526539,10020.325769886173,8.586400284589425,0.4391689495171494,0.20202387447262868,7905.978865311522,0.2103104321404265,0.2103104321404265
2026-06-25 11:00:00+00:00,10007.115849433256,10015.93939479289,8.586400284589425,0.4391689495171494,0.20202387447262868,7905.978865311522,0.20996429098407313,0.20996429098407313
2026-06-25 12:00:00+00:00,10002.669271287396,10011.492816647029,8.586400284589425,0.4391689495171494,0.20202387447262868,7905.978865311522,0.20961308917754698,0.20961308917754698
2026-06-25 13:00:00+00:00,10001.451644871942,10010.556740430437,8.855974641162335,0.4511447918046496,0.20202387447262868,8354.999885243134,0.16462127879936256,0.16462127879936256
2026-06-25 14:00:00+00:00,9956.476992077469,9965.582087635963,8.855974641162335,0.4511447918046496,0.20202387447262868,8354.999885243134,0.16084776855394287,0.16084776855394287
2026-06-25 15:00:00+00:00,9967.68815248772,9976.973459410352,9.025513109313597,0.4618176877897656,0.20202387447262868,8637.39446036042,0.1334606050847696,0.1334606050847696
2026-06-25 16:00:00+00:00,9968.388501166326,9977.719237480227,9.025513109313597,0.4618176877897656,0.1565944832041426,8637.349030969151,0.13352604285451358,0.13352604285451358
2026-06-25 17:00:00+00:00,9962.813280023307,9972.167906740742,9.047267389500053,0.4639538111387893,0.1565944832041426,8673.58441033306,0.12940409836600197,0.12940409836600197
2026-06-25 18:00:00+00:00,9963.657184194326,9973.041138815242,9.075884237656162,0.4646648664630007,0.1565944832041426,8721.250540411753,0.12469383689288743,0.12469383689288743
2026-06-25 19:00:00+00:00,9964.935129697202,9974.319084318118,9.075884237656162,0.4646648664630007,0.1565944832041426,8721.250540411753,0.1248060898639528,0.1248060898639528
2026-06-25 20:00:00+00:00,9966.291350415591,9975.675305036508,9.075884237656162,0.4646648664630007,0.1565944832041426,8721.250540411753,0.12492518693545115,0.12492518693545115
2026-06-25 21:00:00+00:00,9965.643201709328,9975.232814418021,9.27287192721586,0.47333526467999487,0.1565944832041426,9049.366368655023,0.0919435719810985,0.0919435719810985
2026-06-25 22:00:00+00:00,9965.377406482841,9974.967019191534,9.27287192721586,0.47333526467999487,0.1565944832041426,9049.366368655023,0.09191935242030276,0.09191935242030276
2026-06-25 23:00:00+00:00,9963.924218051694,9973.513830760387,9.27287192721586,0.47333526467999487,0.1565944832041426,9049.366368655023,0.09178691340704517,0.09178691340704517
2026-06-26 00:00:00+00:00,9964.664377484314,9974.40293872615,9.27287192721586,0.47333526467999487,0.007645950059751737,9049.217420121879,0.09186932170349231,0.09186932170349231
2026-06-26 01:00:00+00:00,9963.270891521077,9973.009452762913,9.27287192721586,0.47333526467999487,0.007645950059751737,9049.217420121879,0.09174230845987273,0.09174230845987273
2026-06-26 02:00:00+00:00,9958.459144976621,9968.197706218458,9.27287192721586,0.47333526467999487,0.007645950059751737,9049.217420121879,0.09130345484355328,0.09130345484355328
2026-06-26 03:00:00+00:00,9951.71417230691,9961.452733548747,9.27287192721586,0.47333526467999487,0.007645950059751737,9049.217420121879,0.0906875676450245,0.0906875676450245
2026-06-26 04:00:00+00:00,9955.51332927169,9965.251890513526,9.27287192721586,0.47333526467999487,0.007645950059751737,9049.217420121879,0.09103457342426281,0.09103457342426281
2026-06-26 05:00:00+00:00,9955.696470257526,9966.573748626295,10.34622165925674,0.5387026595730977,0.007645950059751737,10837.060290457972,0.11363065372454045,-0.08852859494396051
2026-06-26 06:00:00+00:00,9955.742029251656,9966.619307620425,10.34622165925674,0.5387026595730977,0.007645950059751737,10837.060290457972,0.1137420368825717,-0.0885236136710708
2026-06-26 07:00:00+00:00,9949.242927457453,9960.120205826222,10.34622165925674,0.5387026595730977,0.007645950059751737,10837.060290457972,0.11457302115138598,-0.08923466533824008
2026-06-26 08:00:00+00:00,9947.115221523305,9957.992499892074,10.34622165925674,0.5387026595730977,0.007645950059751737,10837.060290457972,0.11489395348438394,-0.08946765460291714
2026-06-26 09:00:00+00:00,9948.019968787672,9958.997968807771,10.442382467833928,0.54326350232481,0.007645950059751737,10676.69611535408,0.11344734723010616,-0.0732483598598172
2026-06-26 10:00:00+00:00,9949.141327880156,9960.119327900255,10.442382467833928,0.54326350232481,0.007645950059751737,10676.69611535408,0.11340742176793246,-0.07312739496775666
2026-06-26 11:00:00+00:00,9949.053262987258,9960.031263007357,10.442382467833928,0.54326350232481,0.007645950059751737,10676.69611535408,0.11343997350239501,-0.07313689384635401
2026-06-26 12:00:00+00:00,9949.026738315126,9960.004738335225,10.442382467833928,0.54326350232481,0.007645950059751737,10676.69611535408,0.11341021314234885,-0.07313975489045528
2026-06-26 13:00:00+00:00,9948.618711057938,9959.790687160461,10.624076134840749,0.5555459177432657,0.007645950059751737,10445.827864343602,0.08299973534373517,-0.04997770723015192
2026-06-26 14:00:00+00:00,9947.074335715968,9958.246311818491,10.624076134840749,0.5555459177432657,0.007645950059751737,10445.827864343602,0.08306658422309693,-0.050140725985811756
2026-06-26 15:00:00+00:00,9938.20964752193,9949.381623624453,10.624076134840749,0.5555459177432657,0.007645950059751737,10445.827864343602,0.08411616304494715,-0.05107743092824031
2026-06-26 16:00:00+00:00,9933.759409705322,9944.977872505593,10.624076134840749,0.5555459177432657,-0.038840747687562585,10445.781377645855,0.08486190233837594,-0.05154362480737004
2026-06-26 17:00:00+00:00,9933.590609643064,9945.150968072188,10.946025256412458,0.5754924250229662,-0.038840747687562585,10982.041297810465,0.1387299488360776,-0.10554599332386552
2026-06-26 18:00:00+00:00,9936.749732025179,9948.310090454303,10.946025256412458,0.5754924250229662,-0.038840747687562585,10982.041297810465,0.13837621611742676,-0.10519451470297311
2026-06-26 19:00:00+00:00,9952.190170790454,9963.750529219578,10.946025256412458,0.5754924250229662,-0.038840747687562585,10982.041297810465,0.1365366004893207,-0.10347984808837465
2026-06-26 20:00:00+00:00,9943.774799008725,9955.335157437848,10.946025256412458,0.5754924250229662,-0.038840747687562585,10982.041297810465,0.13714130843535244,-0.10441371810886577
2026-06-26 21:00:00+00:00,9944.312490804063,9956.038047937931,11.101394778543542,0.5853216076370421,-0.038840747687562585,10779.542622321966,0.11781186708474974,-0.08399073664371222
2026-06-26 22:00:00+00:00,9944.120436727459,9955.845993861327,11.101394778543542,0.5853216076370421,-0.038840747687562585,10779.542622321966,0.11782338735773658,-0.08401167211420447
2026-06-26 23:00:00+00:00,9942.409921744482,9954.13547887835,11.101394778543542,0.5853216076370421,-0.038840747687562585,10779.542622321966,0.11811973026146562,-0.0841981679659615
2026-06-27 00:00:00+00:00,9942.258828388234,9953.936526828227,11.101394778543542,0.5853216076370421,0.009017946187733765,10779.590481015839,0.1181153720168424,-0.08421945828213233
2026-06-27 01:00:00+00:00,9939.844801534053,9951.637505122646,11.210150174153126,0.5915713606280084,0.009017946187733765,10668.668204929569,0.10018370194711694,-0.07332341882068769
2026-06-27 02:00:00+00:00,9939.861609627758,9951.654313216352,11.210150174153126,0.5915713606280084,0.009017946187733765,10668.668204929569,0.10019774620768376,-0.07332160385370842
2026-06-27 03:00:00+00:00,9937.289639943312,9949.082343531905,11.210150174153126,0.5915713606280084,0.009017946187733765,10668.668204929569,0.1004985938027032,-0.0735994009922436
2026-06-27 04:00:00+00:00,9937.35645668273,9949.149160271323,11.210150174153126,0.5915713606280084,0.009017946187733765,10668.668204929569,0.10050657199358431,-0.07359218233084937
2026-06-27 05:00:00+00:00,9937.805511688573,9949.775519545135,11.37666765337811,0.602358149372225,0.009017946187733765,10464.558798517277,0.07251424989222081,-0.05300499050913719
2026-06-27 06:00:00+00:00,9937.148171368792,9949.118179225354,11.37666765337811,0.602358149372225,0.009017946187733765,10464.558798517277,0.07257577313547288,-0.053074646573961465
2026-06-27 07:00:00+00:00,9936.108464170973,9948.078472027535,11.37666765337811,0.602358149372225,0.009017946187733765,10464.558798517277,0.07269452075439906,-0.05318483954275109
2026-06-27 08:00:00+00:00,9935.527953014162,9947.497960870724,11.37666765337811,0.602358149372225,0.009017946187733765,10464.558798517277,0.07275305836511452,-0.05324637482828705
2026-06-27 09:00:00+00:00,9935.46624638256,9947.436254239123,11.37666765337811,0.602358149372225,0.009017946187733765,10464.558798517277,0.07274034719080577,-0.053252916271277734
2026-06-27 10:00:00+00:00,9935.806010198756,9947.776018055318,11.37666765337811,0.602358149372225,0.009017946187733765,10464.558798517277,0.07269182512262709,-0.05321689934120838
2026-06-27 11:00:00+00:00,9934.898695858723,9946.868703715285,11.37666765337811,0.602358149372225,0.009017946187733765,10464.558798517277,0.0727869077231369,-0.053313085404619
2026-06-27 12:00:00+00:00,9935.459825896236,9947.429833752798,11.37666765337811,0.602358149372225,0.009017946187733765,10464.558798517277,0.07273257501412596,-0.05325359690368566
2026-06-27 13:00:00+00:00,9934.8857812095,9946.946623789028,11.461134249889321,0.608726275826478,0.009017946187733765,10323.696671068748,0.058621829963931525,-0.03913591946820685
2026-06-27 14:00:00+00:00,9934.308733884207,9946.369576463736,11.461134249889321,0.608726275826478,0.009017946187733765,10323.696671068748,0.058717315339992755,-0.03919627903815863
2026-06-27 15:00:00+00:00,9933.868334054658,9945.929176634187,11.461134249889321,0.608726275826478,0.009017946187733765,10323.696671068748,0.058758568476249634,-0.0392423498988512
2026-06-27 16:00:00+00:00,9933.236356258369,9945.297198837898,11.461134249889321,0.608726275826478,0.009017946187733765,10323.696671068748,0.058808986417765205,-0.039308469144034054
2026-06-27 17:00:00+00:00,9933.052862218961,9945.131642765922,11.478852209185177,0.6089462839634431,0.009017946187733765,10294.149020949693,0.0558592915101279,-0.036352988727582934
2026-06-27 18:00:00+00:00,9934.021871303821,9946.100651850782,11.478852209185177,0.6089462839634431,0.009017946187733765,10294.149020949693,0.05572575307259748,-0.03625189820511295
2026-06-27 19:00:00+00:00,9933.966950917686,9946.045731464646,11.478852209185177,0.6089462839634431,0.009017946187733765,10294.149020949693,0.05575126510398027,-0.03625762717065763
2026-06-27 20:00:00+00:00,9935.092082473022,9947.170863019983,11.478852209185177,0.6089462839634431,0.009017946187733765,10294.149020949693,0.05561855127030569,-0.0361402728325087
2026-06-27 21:00:00+00:00,9934.965990414783,9947.105312831809,11.535375445794209,0.6129649174197276,0.009017946187733765,10256.108563831049,0.046145746581858244,-0.03232447637224966
2026-06-27 22:00:00+00:00,9935.388166834737,9947.527489251763,11.535375445794209,0.6129649174197276,0.009017946187733765,10256.108563831049,0.04610239844902762,-0.032280610642562206
2026-06-27 23:00:00+00:00,9935.369482582233,9947.50880499926,11.535375445794209,0.6129649174197276,0.009017946187733765,10256.108563831049,0.04608313344284184,-0.032282551928351146
2026-06-28 00:00:00+00:00,9936.178175450665,9948.31749786769,11.535375445794209,0.6129649174197276,0.009017946187733765,10256.108563831049,0.045998359829003584,-0.03219853576809203
2026-06-28 01:00:00+00:00,9936.041165836514,9948.234807535311,11.586527412168811,0.6161322328172641,0.009017946187733765,10170.804134573667,0.03743046980118038,-0.023627415065906498
2026-06-28 02:00:00+00:00,9935.935368737122,9948.12901043592,11.586527412168811,0.6161322328172641,0.009017946187733765,10170.804134573667,0.03742779699602443,-0.023638314574342612
2026-06-28 03:00:00+00:00,9936.30488575279,9948.498527451588,11.586527412168811,0.6161322328172641,0.009017946187733765,10170.804134573667,0.03739699317694636,-0.02360024692449954
2026-06-28 04:00:00+00:00,9936.052979490967,9948.246621189764,11.586527412168811,0.6161322328172641,0.009017946187733765,10170.804134573667,0.03743084044358715,-0.023626198005108325
2026-06-28 05:00:00+00:00,9936.191400460524,9948.43860583649,11.638197653802267,0.6180256683520594,0.009017946187733765,10256.86953372113,0.03318392891199071,-0.032273747589619
2026-06-28 06:00:00+00:00,9936.697576000523,9948.94478137649,11.638197653802267,0.6180256683520594,0.009017946187733765,10256.86953372113,0.03313087819445335,-0.03222116354772627
2026-06-28 07:00:00+00:00,9936.7491013847,9948.996306760666,11.638197653802267,0.6180256683520594,0.009017946187733765,10256.86953372113,0.033126523338441634,-0.032215811134027925
2026-06-28 08:00:00+00:00,9936.008561307885,9948.255766683851,11.638197653802267,0.6180256683520594,0.009017946187733765,10256.86953372113,0.03320378190218433,-0.03229274315067717
2026-06-28 09:00:00+00:00,9935.122547264256,9947.390513211136,11.65710214964193,0.6198817434256625,0.009017946187733765,10225.343136159187,0.030123213540396494,-0.029211576154623817
2026-06-28 10:00:00+00:00,9935.047417830443,9947.315383777322,11.65710214964193,0.6198817434256625,0.009017946187733765,10225.343136159187,0.030130647688057566,-0.02921935911526186
2026-06-28 11:00:00+00:00,9935.691508238344,9947.959474185223,11.65710214964193,0.6198817434256625,0.009017946187733765,10225.343136159187,0.03006428886791007,-0.02915263901668771
2026-06-28 12:00:00+00:00,9935.207466094827,9947.475432041707,11.65710214964193,0.6198817434256625,0.009017946187733765,10225.343136159187,0.030113891423005974,-0.029202779212662126
2026-06-28 13:00:00+00:00,9935.236089623992,9947.504055570871,11.65710214964193,0.6198817434256625,0.009017946187733765,10225.343136159187,0.030110826643953294,-0.02919981406764676
2026-06-28 14:00:00+00:00,9935.518773831158,9947.786739778037,11.65710214964193,0.6198817434256625,0.009017946187733765,10225.343136159187,0.030082100090443535,-0.029170531396044298
2026-06-28 15:00:00+00:00,9935.801618269737,9948.069584216617,11.65710214964193,0.6198817434256625,0.009017946187733765,10225.343136159187,0.0300525825314753,-0.02914123379406518
2026-06-28 16:00:00+00:00,9935.992918110229,9948.260884057108,11.65710214964193,0.6198817434256625,0.009017946187733765,10225.343136159187,0.0300324596990927,-0.02912141951324885
2026-06-28 17:00:00+00:00,9936.399653640101,9948.66761958698,11.65710214964193,0.6198817434256625,0.009017946187733765,10225.343136159187,0.029988324171962618,-0.0290792935661795
2026-06-28 18:00:00+00:00,9936.922022948838,9949.189988895718,11.65710214964193,0.6198817434256625,0.009017946187733765,10225.343136159187,0.02993395289139825,-0.029025196388202883
2026-06-28 19:00:00+00:00,9937.265411107654,9949.533377054533,11.65710214964193,0.6198817434256625,0.009017946187733765,10225.343136159187,0.029898265917412,-0.028989637806144
2026-06-28 20:00:00+00:00,9937.732992322026,9950.000958268905,11.65710214964193,0.6198817434256625,0.009017946187733765,10225.343136159187,0.029849420137798125,-0.028941222717431617
2026-06-28 21:00:00+00:00,9936.835028340736,9949.119441566627,11.672078978503935,0.6213521935750955,0.009017946187733765,10200.36677789365,0.027431720477304352,-0.026520692836431096
2026-06-28 22:00:00+00:00,9937.472176615347,9949.756589841238,11.672078978503935,0.6213521935750955,0.009017946187733765,10200.36677789365,0.02736500538692246,-0.026454876713712164
2026-06-28 23:00:00+00:00,9938.667955502613,9950.952368728504,11.672078978503935,0.6213521935750955,0.009017946187733765,10200.36677789365,0.02724408012595199,-0.0263313779635978
2026-06-29 00:00:00+00:00,9936.554668815319,9948.83908204121,11.672078978503935,0.6213521935750955,0.009017946187733765,10200.36677789365,0.027465882558375038,-0.026549656080117324
2026-06-29 01:00:00+00:00,9937.406169371534,9949.723133766784,11.70305218892515,0.622930152512925,0.009017946187733765,10148.713787314535,0.022185504394912226,-0.021263860442202676
2026-06-29 02:00:00+00:00,9937.271148113508,9949.588112508758,11.70305218892515,0.622930152512925,0.009017946187733765,10148.713787314535,0.022200136779254472,-0.02127773671961915
2026-06-29 03:00:00+00:00,9936.697608258924,9949.014572654174,11.70305218892515,0.622930152512925,0.009017946187733765,10148.713787314535,0.022258038244933238,-0.021336684219855163
2026-06-29 04:00:00+00:00,9935.2230393602,9947.54000375545,11.70305218892515,0.622930152512925,0.009017946187733765,10148.713787314535,0.022411538546331437,-0.021488269272723088
2026-06-29 05:00:00+00:00,9930.61875476423,9944.986717488566,13.654245976153085,0.7227346943703181,0.009017946187733765,7713.653149261087,0.31809554349758123,0.22324546538850368
2026-06-29 06:00:00+00:00,9937.063942199848,9951.431904924184,13.654245976153085,0.7227346943703181,0.009017946187733765,7713.653149261087,0.3188476577861419,0.22374926898644337
2026-06-29 07:00:00+00:00,9937.021974636049,9951.389937360385,13.654245976153085,0.7227346943703181,0.009017946187733765,7713.653149261087,0.3186364272242243,0.22374599060463424
2026-06-29 08:00:00+00:00,9939.723225507845,9954.091188232182,13.654245976153085,0.7227346943703181,0.009017946187733765,7713.653149261087,0.3188511755922431,0.22395694786894063
2026-06-29 09:00:00+00:00,9933.717685334545,9948.844391171726,14.371766254363422,0.7639575290044522,0.009017946187733765,8908.802759333441,0.20894712881824443,0.1031753627863027
2026-06-29 10:00:00+00:00,9935.857983194439,9950.98468903162,14.371766254363422,0.7639575290044522,0.009017946187733765,8908.802759333441,0.20947039143319446,0.10336854910750183
2026-06-29 11:00:00+00:00,9935.5900472684,9950.716753105582,14.371766254363422,0.7639575290044522,0.009017946187733765,8908.802759333441,0.2098108791317103,0.10334436938823337
2026-06-29 12:00:00+00:00,9933.794983372927,9948.921689210109,14.371766254363422,0.7639575290044522,0.009017946187733765,8908.802759333441,0.20974926804218075,0.10318234126586127
2026-06-29 13:00:00+00:00,9929.39848635799,9944.525192195171,14.371766254363422,0.7639575290044522,0.009017946187733765,8908.802759333441,0.21087858897026254,0.10278525214057485
2026-06-29 14:00:00+00:00,9922.952321187735,9938.079027024916,14.371766254363422,0.7639575290044522,0.009017946187733765,8908.802759333441,0.2105974072800717,0.10220240196950824
2026-06-29 15:00:00+00:00,9917.909276594177,9933.035982431358,14.371766254363422,0.7639575290044522,0.009017946187733765,8908.802759333441,0.21076918501390218,0.10174589110652409
2026-06-29 16:00:00+00:00,9914.08591540429,9929.416720614718,14.371766254363422,0.7639575290044522,-0.1950814270576634,8908.598659960197,0.21161763880661824,0.1014200667639757
2026-06-29 17:00:00+00:00,9916.246739137476,9932.081470957013,14.849912745269293,0.7897376472110074,-0.1950814270576634,8911.096520269928,0.1604709991149806,0.10136397825806588
2026-06-29 18:00:00+00:00,9926.333247039682,9942.18618105862,14.866949511629072,0.7909030802515429,-0.1950814270576634,8882.684872903936,0.15850475588217272,0.10513936497618509
2026-06-29 19:00:00+00:00,9929.87474403366,9945.727678052597,14.866949511629072,0.7909030802515429,-0.1950814270576634,8882.684872903936,0.15883009825648728,0.10545851766749872
2026-06-29 20:00:00+00:00,9934.565456247863,9950.418390266801,14.866949511629072,0.7909030802515429,-0.1950814270576634,8882.684872903936,0.15896161625769495,0.10588088507508873
2026-06-29 21:00:00+00:00,9932.159568374273,9948.047322311395,14.901342365522202,0.7913301445417127,-0.1950814270576634,8825.329056894825,0.15299123115846464,0.11143905853101564
2026-06-29 22:00:00+00:00,9933.707623488499,9949.595377425621,14.901342365522202,0.7913301445417127,-0.1950814270576634,8825.329056894825,0.1531922824304122,0.11157753062641834
2026-06-29 23:00:00+00:00,9934.052903234324,9949.940657171446,14.901342365522202,0.7913301445417127,-0.1950814270576634,8825.329056894825,0.15319389771615916,0.11160840969334083
2026-06-30 00:00:00+00:00,9933.795195778035,9949.854796654166,14.901342365522202,0.7913301445417127,-0.3669283660670194,8825.157209955816,0.1532070356191805,0.11160266181986538
2026-06-30 01:00:00+00:00,9928.722774396065,9945.025991791435,15.132473519244693,0.8038155100577347,-0.3669283660670194,9210.144668339573,0.11394174579339374,0.07237367004641747
2026-06-30 02:00:00+00:00,9930.40864122981,9946.71185862518,15.132473519244693,0.8038155100577347,-0.3669283660670194,9210.144668339573,0.11412149214540501,0.07253115142712156
2026-06-30 03:00:00+00:00,9931.150536689409,9947.45375408478,15.132473519244693,0.8038155100577347,-0.3669283660670194,9210.144668339573,0.11414799885566645,0.07260043694697495
2026-06-30 04:00:00+00:00,9930.714298352188,9947.017515747559,15.132473519244693,0.8038155100577347,-0.3669283660670194,9210.144668339573,0.11416356745076611,0.0725596979597106
2026-06-30 05:00:00+00:00,9931.838912786694,9949.084737663261,16.029502379672746,0.8493941308262956,-0.3669283660670194,7714.1995387657225,0.2232858782240097,0.2232858782240097
2026-06-30 06:00:00+00:00,9930.725870835042,9947.971695711609,16.029502379672746,0.8493941308262956,-0.3669283660670194,7714.1995387657225,0.22319882362062818,0.22319882362062818
2026-06-30 07:00:00+00:00,9929.5583684992,9946.804193375767,16.029502379672746,0.8493941308262956,-0.3669283660670194,7714.1995387657225,0.22310748852250487,0.22310748852250487
2026-06-30 08:00:00+00:00,9928.054425501516,9945.300250378083,16.029502379672746,0.8493941308262956,-0.3669283660670194,7714.1995387657225,0.22298980161200715,0.22298980161200715
2026-06-30 09:00:00+00:00,9922.685574436411,9940.140964344117,16.22033148913517,0.8681300525030846,-0.3669283660670194,7395.960193885552,0.25464128250323725,0.25464128250323725
2026-06-30 10:00:00+00:00,9925.580325902212,9943.035715809918,16.22033148913517,0.8681300525030846,-0.3669283660670194,7395.960193885552,0.25485866306630517,0.25485866306630517
2026-06-30 11:00:00+00:00,9930.156816731895,9947.6122066396,16.22033148913517,0.8681300525030846,-0.3669283660670194,7395.960193885552,0.2552020748127894,0.2552020748127894
2026-06-30 12:00:00+00:00,9926.79215523504,9944.247545142745,16.22033148913517,0.8681300525030846,-0.3669283660670194,7395.960193885552,0.2549496274095772,0.2549496274095772
2026-06-30 13:00:00+00:00,9911.104548109475,9928.92501078402,16.567423621877268,0.886110686599958,-0.3669283660670194,7974.099989656312,0.19543780908078948,0.19543780908078948
2026-06-30 14:00:00+00:00,9905.639059902953,9923.459522577497,16.567423621877268,0.886110686599958,-0.3669283660670194,7974.099989656312,0.1949938876801316,0.1949938876801316
2026-06-30 15:00:00+00:00,9898.202986439945,9916.143985373306,16.677954546773364,0.8961160205213133,-0.3669283660670194,8158.207666891579,0.17578901159453628,0.17578901159453628
2026-06-30 16:00:00+00:00,9911.602229119057,9929.757186879076,16.677954546773364,0.8961160205213133,-0.5808871927250128,8157.9937080649215,0.17692482814758753,0.17692482814758753
2026-06-30 17:00:00+00:00,9906.583701917674,9925.419102014372,17.319684769119796,0.9348281348512504,-0.5808871927250128,8971.671898956523,0.2594589349962904,0.09437277583191216
2026-06-30 18:00:00+00:00,9906.842090970831,9925.677491067529,17.319684769119796,0.9348281348512504,-0.5808871927250128,8971.671898956523,0.2573556867738634,0.09439639629126907
2026-06-30 19:00:00+00:00,9907.20670079884,9926.042100895538,17.319684769119796,0.9348281348512504,-0.5808871927250128,8971.671898956523,0.25772720465599974,0.0944297247544944
2026-06-30 20:00:00+00:00,9895.988885393868,9914.824285490566,17.319684769119796,0.9348281348512504,-0.5808871927250128,8971.671898956523,0.26006354965415196,0.09340319569291387
2026-06-30 21:00:00+00:00,9891.664184412535,9910.790122441089,17.594954460996114,0.9500963748322305,-0.5808871927250128,8870.597685957415,0.2702645891614602,0.10322494571379959
2026-06-30 22:00:00+00:00,9896.721977843092,9915.847915871645,17.594954460996114,0.9500963748322305,-0.5808871927250128,8870.597685957415,0.26969958050064585,0.10368324928021383
2026-06-30 23:00:00+00:00,9897.906576384677,9917.032514413231,17.594954460996114,0.9500963748322305,-0.5808871927250128,8870.597685957415,0.2693084978299479,0.10379052201586834
2026-07-01 00:00:00+00:00,9898.469953359308,9918.060415365819,17.594954460996114,0.9500963748322305,-1.0454111706815254,8870.133161979456,0.2692056307930235,0.10388845914826046
2026-07-01 01:00:00+00:00,9899.155497338243,9919.021127635093,17.85296468937041,0.9672544367971199,-1.0454111706815254,8824.699400733498,0.22592553338874224,0.10854017768421277
2026-07-01 02:00:00+00:00,9893.59224848717,9913.45787878402,17.85296468937041,0.9672544367971199,-1.0454111706815254,8824.699400733498,0.2257348420143048,0.10803890244386369
2026-07-01 03:00:00+00:00,9887.293596642272,9907.159226939122,17.85296468937041,0.9672544367971199,-1.0454111706815254,8824.699400733498,0.22683236414388017,0.10747068300567422
2026-07-01 04:00:00+00:00,9885.406104000873,9905.271734297723,17.85296468937041,0.9672544367971199,-1.0454111706815254,8824.699400733498,0.22726948898244204,0.10730026587760313
2026-07-01 05:00:00+00:00,9882.351668787027,9903.039072794167,18.641181981008334,1.0008108554493198,-1.0454111706815254,8086.210442215342,0.32104243617102546,0.181752409423429
2026-07-01 06:00:00+00:00,9884.849628245212,9905.537032252352,18.641181981008334,1.0008108554493198,-1.0454111706815254,8086.210442215342,0.3202724444946616,0.1819591853871399
2026-07-01 07:00:00+00:00,9891.928083288327,9912.615487295467,18.641181981008334,1.0008108554493198,-1.0454111706815254,8086.210442215342,0.31921987609162206,0.18254455813559844
2026-07-01 08:00:00+00:00,9887.626583359512,9908.313987366651,18.641181981008334,1.0008108554493198,-1.0454111706815254,8086.210442215342,0.31960864432870556,0.1821889334065146
2026-07-01 09:00:00+00:00,9889.886334035193,9910.861967523537,18.91720975250531,1.0130125651563542,-1.0454111706815254,7625.888128615549,0.29358799331949276,0.22892054862433445
2026-07-01 10:00:00+00:00,9890.894457786533,9911.870091274877,18.91720975250531,1.0130125651563542,-1.0454111706815254,7625.888128615549,0.29365264112102624,0.22899914045568195
2026-07-01 11:00:00+00:00,9896.666533665328,9917.642167153672,18.91720975250531,1.0130125651563542,-1.0454111706815254,7625.888128615549,0.2935281630774957,0.2294488146413046
2026-07-01 12:00:00+00:00,9898.058794490393,9919.034427978737,18.91720975250531,1.0130125651563542,-1.0454111706815254,7625.888128615549,0.2935540602423,0.2295572003613086
2026-07-01 13:00:00+00:00,9914.140783710238,9935.116417198582,18.91720975250531,1.0130125651563542,-1.0454111706815254,7625.888128615549,0.29431855379336197,0.2308069559446319
2026-07-01 14:00:00+00:00,9919.723007706234,9940.698641194578,18.91720975250531,1.0130125651563542,-1.0454111706815254,7625.888128615549,0.29959842716106394,0.2312398115661795
2026-07-01 15:00:00+00:00,9950.325778985376,9971.515586378355,19.120645754814163,1.0237504674824176,-1.0454111706815254,7286.624688765154,0.26769988735904854,0.26769988735904854
2026-07-01 16:00:00+00:00,9968.7389290551,9990.399996168293,19.120645754814163,1.0237504674824176,-1.5166708908958568,7286.15342904494,0.26909978474724006,0.26909978474724006
2026-07-01 17:00:00+00:00,9961.000860226613,9983.378989921981,19.78935445706307,1.0721043474071996,-1.5166708908958568,7325.1512964805215,0.2646169396762934,0.2646169396762934
2026-07-01 18:00:00+00:00,9959.123193282105,9981.501322977472,19.78935445706307,1.0721043474071996,-1.5166708908958568,7325.1512964805215,0.2644782924844549,0.2644782924844549
2026-07-01 19:00:00+00:00,9942.170733561696,9964.548863257063,19.78935445706307,1.0721043474071996,-1.5166708908958568,7325.1512964805215,0.2632241496564655,0.2632241496564655
2026-07-01 20:00:00+00:00,9931.600678033934,9953.978807729301,19.78935445706307,1.0721043474071996,-1.5166708908958568,7325.1512964805215,0.2624400100296206,0.2624400100296206
2026-07-01 21:00:00+00:00,9928.303706262972,9951.087712636563,20.164343947336867,1.1029915353571456,-1.5166708908958568,7949.758790779906,0.19928327879766214,0.19928327879766214
2026-07-01 22:00:00+00:00,9932.32685134517,9955.11085771876,20.164343947336867,1.1029915353571456,-1.5166708908958568,7949.758790779906,0.19960761362749124,0.19960761362749124
2026-07-01 23:00:00+00:00,9931.417164111743,9954.201170485334,20.164343947336867,1.1029915353571456,-1.5166708908958568,7949.758790779906,0.19953430014930557,0.19953430014930557
2026-07-02 00:00:00+00:00,9926.85055693288,9949.890367494962,20.164343947336867,1.1029915353571456,-1.7724750793859392,7949.502986591416,0.19919183420772785,0.19919183420772785
2026-07-02 01:00:00+00:00,9926.827422378135,9950.16321485791,20.444481936295908,1.1188354640921367,-1.7724750793859392,8416.119496867526,0.15218436477549777,0.15218436477549777
2026-07-02 02:00:00+00:00,9928.330411153569,9951.666203633344,20.444481936295908,1.1188354640921367,-1.7724750793859392,8416.119496867526,0.15231271036137276,0.15231271036137276
2026-07-02 03:00:00+00:00,9929.380513897288,9952.716306377062,20.444481936295908,1.1188354640921367,-1.7724750793859392,8416.119496867526,0.15240235933266752,0.15240235933266752
2026-07-02 04:00:00+00:00,9930.855839572385,9954.19163205216,20.444481936295908,1.1188354640921367,-1.7724750793859392,8416.119496867526,0.1525282782445549,0.1525282782445549
2026-07-02 05:00:00+00:00,9929.003074455799,9954.056905729323,22.08864693591776,1.1927092582217318,-1.7724750793859392,9496.668890676938,0.169643575850417,0.043542557146660735
2026-07-02 06:00:00+00:00,9932.71922780688,9957.773059080404,22.08864693591776,1.1927092582217318,-1.7724750793859392,9496.668890676938,0.16957243905356334,0.043900398987339675
2026-07-02 07:00:00+00:00,9937.566354716877,9962.620185990401,22.08864693591776,1.1927092582217318,-1.7724750793859392,9496.668890676938,0.16921546477776253,0.04436674416072363
2026-07-02 08:00:00+00:00,9935.376204497235,9960.43003577076,22.08864693591776,1.1927092582217318,-1.7724750793859392,9496.668890676938,0.16897779755648148,0.044156084761210856
2026-07-02 09:00:00+00:00,9935.657836989634,9960.711668263159,22.08864693591776,1.1927092582217318,-1.7724750793859392,9496.668890676938,0.16987266454685476,0.044183178760280585
2026-07-02 10:00:00+00:00,9931.657908781439,9956.711740054963,22.08864693591776,1.1927092582217318,-1.7724750793859392,9496.668890676938,0.1701695460228986,0.043798228060180154
2026-07-02 11:00:00+00:00,9932.414874406548,9957.468705680072,22.08864693591776,1.1927092582217318,-1.7724750793859392,9496.668890676938,0.17075452344210282,0.04387110176523365
2026-07-02 12:00:00+00:00,9926.119276556255,9951.17310782978,22.08864693591776,1.1927092582217318,-1.7724750793859392,9496.668890676938,0.1703311480560728,0.04326468118246408
2026-07-02 13:00:00+00:00,9919.310000994541,9944.521717550735,22.240521697204613,1.1987197796039635,-1.7724750793859392,9404.345327884941,0.14462633117168405,0.05191537244606419
2026-07-02 14:00:00+00:00,9897.28333302624,9922.495049582434,22.240521697204613,1.1987197796039635,-1.7724750793859392,9404.345327884941,0.14453163613724926,0.04980538482680536
2026-07-02 15:00:00+00:00,9899.776438081459,9925.11672065005,22.362548021088934,1.2052594681170736,-1.7724750793859392,9200.846095087189,0.12381521717946488,0.07060061884889603
2026-07-02 16:00:00+00:00,9898.174436451201,9923.488306102134,22.368999129144694,1.2057008049022142,-1.739169716886767,9211.624796101236,0.12218328161520978,0.06936123875748897
2026-07-02 17:00:00+00:00,9893.148903558422,9918.809048735184,22.698296180459405,1.2226792794166017,-1.739169716886767,9760.123917907773,0.1777495180839029,0.013446172391360808
2026-07-02 18:00:00+00:00,9895.49272969657,9921.152874873333,22.698296180459405,1.2226792794166017,-1.739169716886767,9760.123917907773,0.1773529607095082,0.013679845510123308
2026-07-02 19:00:00+00:00,9886.85567609758,9912.515821274343,22.698296180459405,1.2226792794166017,-1.739169716886767,9760.123917907773,0.17840954245530258,0.012818206550359002
2026-07-02 20:00:00+00:00,9885.923683477475,9911.583828654237,22.698296180459405,1.2226792794166017,-1.739169716886767,9760.123917907773,0.17822403513625446,0.012725140269892413
2026-07-02 21:00:00+00:00,9884.49305383134,9910.4105991081,22.945269804294572,1.2331057555780274,-1.739169716886767,10068.318235359508,0.16291501230026098,-0.018597330235050728
2026-07-02 22:00:00+00:00,9884.187479321203,9910.105024597962,22.945269804294572,1.2331057555780274,-1.739169716886767,10068.318235359508,0.16275702434515404,-0.018628820671757383
2026-07-02 23:00:00+00:00,9885.261130002582,9911.178675279341,22.945269804294572,1.2331057555780274,-1.739169716886767,10068.318235359508,0.16311799827320803,-0.018518186110565348
2026-07-03 00:00:00+00:00,9882.464564875858,9908.237927343378,22.945269804294572,1.2331057555780274,-1.5949869076464576,10068.462418168749,0.16340996599832985,-0.01882099875712801
2026-07-03 01:00:00+00:00,9878.129708659717,9904.70203593557,23.699562086244686,1.277778281960422,-1.5949869076464576,8810.554322636604,0.13463871612728093,0.10807464747979736
2026-07-03 02:00:00+00:00,9880.927043651158,9907.499370927011,23.699562086244686,1.277778281960422,-1.5949869076464576,8810.554322636604,0.13487336448610687,0.10832715556809058
2026-07-03 03:00:00+00:00,9884.582745966301,9911.155073242155,23.699562086244686,1.277778281960422,-1.5949869076464576,8810.554322636604,0.13501245067615386,0.10865693079133629
2026-07-03 04:00:00+00:00,9884.204289537643,9910.776616813497,23.699562086244686,1.277778281960422,-1.5949869076464576,8810.554322636604,0.13510852982807303,0.1086228021447805
2026-07-03 05:00:00+00:00,9885.938170333615,9912.759389365876,23.93251375326717,1.293718371346836,-1.5949869076464576,8422.068592598778,0.14807593902698218,0.14807593902698218
2026-07-03 06:00:00+00:00,9885.94083170192,9912.762050734182,23.93251375326717,1.293718371346836,-1.5949869076464576,8422.068592598778,0.14807616837123322,0.14807616837123322
2026-07-03 07:00:00+00:00,9889.203952826809,9916.02517185907,23.93251375326717,1.293718371346836,-1.5949869076464576,8422.068592598778,0.1483572759977968,0.1483572759977968
2026-07-03 08:00:00+00:00,9887.506445824458,9914.327664856719,23.93251375326717,1.293718371346836,-1.5949869076464576,8422.068592598778,0.1482110642612568,0.1482110642612568
2026-07-03 09:00:00+00:00,9886.484034801113,9913.34137080346,23.965401380536303,1.2969477141658792,-1.5949869076464576,8476.848417086732,0.14258209619844273,0.14258209619844273
2026-07-03 10:00:00+00:00,9887.633060664488,9914.490396666835,23.965401380536303,1.2969477141658792,-1.5949869076464576,8476.848417086732,0.1426817353477865,0.1426817353477865
2026-07-03 11:00:00+00:00,9890.773572045,9917.630908047347,23.965401380536303,1.2969477141658792,-1.5949869076464576,8476.848417086732,0.1429539504326077,0.1429539504326077
2026-07-03 12:00:00+00:00,9891.41285201306,9918.270188015407,23.965401380536303,1.2969477141658792,-1.5949869076464576,8476.848417086732,0.1430093411416389,0.1430093411416389
2026-07-03 13:00:00+00:00,9891.550348913239,9918.47860387204,24.03233598121506,1.3009320699390865,-1.5949869076464576,8588.339150283984,0.13174994340219223,0.13174994340219223
2026-07-03 14:00:00+00:00,9892.044078782106,9918.972333740907,24.03233598121506,1.3009320699390865,-1.5949869076464576,8588.339150283984,0.13179327933793772,0.13179327933793772
2026-07-03 15:00:00+00:00,9891.77258874293,9918.70084370173,24.03233598121506,1.3009320699390865,-1.5949869076464576,8588.339150283984,0.13176945049689906,0.13176945049689906
2026-07-03 16:00:00+00:00,9889.568260121925,9916.496515080726,24.03233598121506,1.3009320699390865,-1.5949869076464576,8588.339150283984,0.13157592683645616,0.13157592683645616
2026-07-03 17:00:00+00:00,9890.771886160817,9918.198153379546,24.501739250607667,1.329541060475184,-1.5949869076464576,8120.147812561688,0.17901778485828687,0.17901778485828687
2026-07-03 18:00:00+00:00,9891.820132213532,9919.24639943226,24.501739250607667,1.329541060475184,-1.5949869076464576,8120.147812561688,0.17910478516307096,0.17910478516307096
2026-07-03 19:00:00+00:00,9892.68149498128,9920.107762200008,24.501739250607667,1.329541060475184,-1.5949869076464576,8120.147812561688,0.17917626108945556,0.17917626108945556
2026-07-03 20:00:00+00:00,9891.575953360365,9919.002220579094,24.501739250607667,1.329541060475184,-1.5949869076464576,8120.147812561688,0.17908452092478627,0.17908452092478627
2026-07-03 21:00:00+00:00,9892.32501904581,9919.836618501848,24.584847708290294,1.3317648401010207,-1.5949869076464576,8258.578800241712,0.16515290547557096,0.16515290547557096
2026-07-03 22:00:00+00:00,9891.011207073008,9918.522806529047,24.584847708290294,1.3317648401010207,-1.5949869076464576,8258.578800241712,0.1650420136683247,0.1650420136683247
2026-07-03 23:00:00+00:00,9889.017640351352,9916.52923980739,24.584847708290294,1.3317648401010207,-1.5949869076464576,8258.578800241712,0.16487369113962985,0.16487369113962985
2026-07-04 00:00:00+00:00,9890.544290489559,9918.055889945597,24.584847708290294,1.3317648401010207,-1.5949869076464576,8258.578800241712,0.16500259665356284,0.16500259665356284
2026-07-04 01:00:00+00:00,9890.967115443122,9918.652049540333,24.748511789005004,1.3414354005598725,-1.5949869076464576,8531.188604018853,0.13747680035263674,0.13747680035263674
2026-07-04 02:00:00+00:00,9888.533131023953,9916.218065121164,24.748511789005004,1.3414354005598725,-1.5949869076464576,8531.188604018853,0.13726449707152336,0.13726449707152336
2026-07-04 03:00:00+00:00,9889.844479333582,9917.529413430793,24.748511789005004,1.3414354005598725,-1.5949869076464576,8531.188604018853,0.1373788918676992,0.1373788918676992
2026-07-04 04:00:00+00:00,9891.100735147158,9918.78566924437,24.748511789005004,1.3414354005598725,-1.5949869076464576,8531.188604018853,0.13748845225041298,0.13748845225041298
2026-07-04 05:00:00+00:00,9892.256659749426,9920.102916999744,24.905014239885144,1.3462561027855124,-1.5949869076464576,8791.869519701544,0.11145517334400658,0.111237220979642
2026-07-04 06:00:00+00:00,9891.501988024513,9919.34824527483,24.905014239885144,1.3462561027855124,-1.5949869076464576,8791.869519701544,0.11138745942709935,0.11116941286108799
2026-07-04 07:00:00+00:00,9891.494115102469,9919.340372352786,24.905014239885144,1.3462561027855124,-1.5949869076464576,8791.869519701544,0.11138686297368702,0.11116870541549458
2026-07-04 08:00:00+00:00,9891.271805790193,9919.11806304051,24.905014239885144,1.3462561027855124,-1.5949869076464576,8791.869519701544,0.1113668578795182,0.11114872866450562
2026-07-04 09:00:00+00:00,9890.774877537857,9918.760321965683,25.035934386102696,1.354523134077605,-1.5949869076464576,9009.93884325125,0.08927439587663344,0.08905632219847644
2026-07-04 10:00:00+00:00,9890.19389820093,9918.179342628757,25.035934386102696,1.354523134077605,-1.5949869076464576,9009.93884325125,0.08922115206859615,0.08900281066378325
2026-07-04 11:00:00+00:00,9890.437434658099,9918.422879085925,25.035934386102696,1.354523134077605,-1.5949869076464576,9009.93884325125,0.08924362289661507,0.08902524253592713
2026-07-04 12:00:00+00:00,9890.515068620007,9918.500513047833,25.035934386102696,1.354523134077605,-1.5949869076464576,9009.93884325125,0.08925064981557507,0.08903239308158915
2026-07-04 13:00:00+00:00,9890.603871867232,9918.6731959851,25.117291132683093,1.357046077539499,-1.5949869076464576,9145.452064138666,0.07555753035879331,0.07533936424732068
2026-07-04 14:00:00+00:00,9890.264493102412,9918.33381722028,25.117291132683093,1.357046077539499,-1.5949869076464576,9145.452064138666,0.07552588622729178,0.0753076350468874
2026-07-04 15:00:00+00:00,9890.345069277855,9918.414393395724,25.117291132683093,1.357046077539499,-1.5949869076464576,9145.452064138666,0.07553329595969689,0.07531516847203158
2026-07-04 16:00:00+00:00,9891.759673491855,9919.828997609724,25.117291132683093,1.357046077539499,-1.5949869076464576,9145.452064138666,0.07566562431344502,0.07544740612260929
2026-07-04 17:00:00+00:00,9891.829478321717,9919.956935376113,25.172150632380312,1.3603195143669167,-1.5949869076464576,9236.829704134332,0.06643422590207686,0.06621624196240346
2026-07-04 18:00:00+00:00,9892.723963351735,9920.85142040613,25.172150632380312,1.3603195143669167,-1.5949869076464576,9236.829704134332,0.06651891450929732,0.06630067326726263
2026-07-04 19:00:00+00:00,9892.929790809421,9921.057247863817,25.172150632380312,1.3603195143669167,-1.5949869076464576,9236.829704134332,0.06653838038113036,0.06632009935869641
2026-07-04 20:00:00+00:00,9893.29439958183,9921.421856636225,25.172150632380312,1.3603195143669167,-1.5949869076464576,9236.829704134332,0.06657279337822257,0.06635450932049952
2026-07-04 21:00:00+00:00,9893.532893678233,9921.730935741038,25.24049822698637,1.3625569281697412,-1.5949869076464576,9350.674014216494,0.055088263902807674,0.054870073743689206
2026-07-04 22:00:00+00:00,9893.1069085464,9921.304950609205,25.24049822698637,1.3625569281697412,-1.5949869076464576,9350.674014216494,0.05504756607447337,0.05482937760040902
2026-07-04 23:00:00+00:00,9893.272737637655,9921.47077970046,25.24049822698637,1.3625569281697412,-1.5949869076464576,9350.674014216494,0.05506351597997225,0.05484522036443165
2026-07-05 00:00:00+00:00,9893.616900756568,9921.814942819372,25.24049822698637,1.3625569281697412,-1.5949869076464576,9350.674014216494,0.05509644229718288,0.05487809887792944
2026-07-05 01:00:00+00:00,9893.213238133538,9921.447552059242,25.274290513410634,1.3650365046465254,-1.5949869076464576,9406.960699303845,0.04936846434179676,0.04915011201370093
2026-07-05 02:00:00+00:00,9893.5934001561,9921.827714081805,25.274290513410634,1.3650365046465254,-1.5949869076464576,9406.960699303845,0.049405092141051224,0.049186648487553296
2026-07-05 03:00:00+00:00,9893.046015918733,9921.280329844438,25.274290513410634,1.3650365046465254,-1.5949869076464576,9406.960699303845,0.049352728215119754,0.04913403979247005
2026-07-05 04:00:00+00:00,9893.034012946258,9921.268326871963,25.274290513410634,1.3650365046465254,-1.5949869076464576,9406.960699303845,0.049351386456044394,0.04913288613041514
2026-07-05 05:00:00+00:00,9893.237205541045,9921.568295671126,25.36920504165347,1.3668981807806846,-1.5949869076464576,9523.341745617126,0.03738871839813425,0.03738871839813425
2026-07-05 06:00:00+00:00,9893.230436689204,9921.561526819285,25.36920504165347,1.3668981807806846,-1.5949869076464576,9523.341745617126,0.03738805978887736,0.03738805978887736
2026-07-05 07:00:00+00:00,9893.25865444302,9921.5897445731,25.36920504165347,1.3668981807806846,-1.5949869076464576,9523.341745617126,0.03739080537025728,0.03739080537025728
2026-07-05 08:00:00+00:00,9893.647023851332,9921.978113981413,25.36920504165347,1.3668981807806846,-1.5949869076464576,9523.341745617126,0.03742859203906143,0.03742859203906143
2026-07-05 09:00:00+00:00,9893.516566060001,9921.863694410096,25.384200925378845,1.367940517069879,-1.5949869076464576,9548.319889275694,0.034891201169917126,0.034891201169917126
2026-07-05 10:00:00+00:00,9892.977913128225,9921.32504147832,25.384200925378845,1.367940517069879,-1.5949869076464576,9548.319889275694,0.03483865291917426,0.03483865291917426
2026-07-05 11:00:00+00:00,9893.31539608812,9921.662524438216,25.384200925378845,1.367940517069879,-1.5949869076464576,9548.319889275694,0.034871576716217954,0.034871576716217954
2026-07-05 12:00:00+00:00,9893.060448103282,9921.407576453377,25.384200925378845,1.367940517069879,-1.5949869076464576,9548.319889275694,0.034846704984369384,0.034846704984369384
2026-07-05 13:00:00+00:00,9893.017834597156,9921.382166704056,25.40030309183373,1.3690421074192534,-1.5949869076464576,9575.140731200718,0.03213145965276451,0.03213145965276451
2026-07-05 14:00:00+00:00,9893.191022588599,9921.555354695498,25.40030309183373,1.3690421074192534,-1.5949869076464576,9575.140731200718,0.032148402943164914,0.032148402943164914
2026-07-05 15:00:00+00:00,9893.101430847246,9921.465762954145,25.40030309183373,1.3690421074192534,-1.5949869076464576,9575.140731200718,0.0321396380972209,0.0321396380972209
2026-07-05 16:00:00+00:00,9893.174997521208,9921.539329628107,25.40030309183373,1.3690421074192534,-1.5949869076464576,9575.140731200718,0.032146835207117606,0.032146835207117606
2026-07-05 17:00:00+00:00,9893.076390243876,9921.45642464884,25.41581279928308,1.369234698034777,-1.5949869076464576,9600.974733908855,0.02952586686008788,0.02952586686008788
2026-07-05 18:00:00+00:00,9893.087496933478,9921.467531338443,25.41581279928308,1.369234698034777,-1.5949869076464576,9600.974733908855,0.02952695638395679,0.02952695638395679
2026-07-05 19:00:00+00:00,9893.500583822793,9921.880618227759,25.41581279928308,1.369234698034777,-1.5949869076464576,9600.974733908855,0.029567476894099314,0.029567476894099314
2026-07-05 20:00:00+00:00,9893.46659424015,9921.846628645115,25.41581279928308,1.369234698034777,-1.5949869076464576,9600.974733908855,0.029564142916455594,0.029564142916455594
2026-07-05 21:00:00+00:00,9893.352691191934,9921.765581138545,25.446548622295747,1.3713544166670584,-1.5949869076464576,9652.170369773617,0.02437821928991196,0.02437821928991196
2026-07-05 22:00:00+00:00,9893.679519810636,9922.092409757246,25.446548622295747,1.3713544166670584,-1.5949869076464576,9652.170369773617,0.024410448059635638,0.024410448059635638
2026-07-05 23:00:00+00:00,9894.073083874915,9922.485973821525,25.446548622295747,1.3713544166670584,-1.5949869076464576,9652.170369773617,0.024449254826664293,0.024449254826664293
2026-07-06 00:00:00+00:00,9894.176905520022,9922.589795466632,25.446548622295747,1.3713544166670584,-1.5949869076464576,9652.170369773617,0.024459491482448446,0.024459491482448446
2026-07-06 01:00:00+00:00,9893.57245421519,9922.033940601745,25.493521003414862,1.3729784754940142,-1.5949869076464576,9730.410699257687,0.01649169253195161,0.01649169253195161
2026-07-06 02:00:00+00:00,9893.015625068943,9921.477111455499,25.493521003414862,1.3729784754940142,-1.5949869076464576,9730.410699257687,0.016436335691132987,0.016436335691132987
2026-07-06 03:00:00+00:00,9892.750122086003,9921.211608472559,25.493521003414862,1.3729784754940142,-1.5949869076464576,9730.410699257687,0.016409938674776196,0.016409938674776196
2026-07-06 04:00:00+00:00,9892.594845562233,9921.056331948788,25.493521003414862,1.3729784754940142,-1.5949869076464576,9730.410699257687,0.016394500011015917,0.016394500011015917
2026-07-06 05:00:00+00:00,9890.927142612696,9920.560413422767,26.614974185442197,1.4233097169812021,-1.5949869076464576,9633.226335669544,0.1742841575878134,0.02605426197438149
2026-07-06 06:00:00+00:00,9889.83882137198,9919.472092182052,26.614974185442197,1.4233097169812021,-1.5949869076464576,9633.226335669544,0.17422733566086296,0.02594708471364525
2026-07-06 07:00:00+00:00,9888.656935450028,9918.290206260099,26.614974185442197,1.4233097169812021,-1.5949869076464576,9633.226335669544,0.17410204760719034,0.025830666535187938
2026-07-06 08:00:00+00:00,9887.454898888871,9917.088169698942,26.614974185442197,1.4233097169812021,-1.5949869076464576,9633.226335669544,0.17448108927973066,0.02571223492993093
2026-07-06 09:00:00+00:00,9884.702637866134,9915.380365401517,27.60813569163761,1.4746049360978513,-1.5949869076464576,11287.502351155708,0.2458121254490622,-0.1419162280022218
2026-07-06 10:00:00+00:00,9887.862649945326,9918.54037748071,27.60813569163761,1.4746049360978513,-1.5949869076464576,11287.502351155708,0.24538492459948388,-0.14155128876290793
2026-07-06 11:00:00+00:00,9889.859954866815,9920.537682402199,27.60813569163761,1.4746049360978513,-1.5949869076464576,11287.502351155708,0.24515430480825573,-0.14132074697388514
2026-07-06 12:00:00+00:00,9901.574702067563,9932.252429602946,27.60813569163761,1.4746049360978513,-1.5949869076464576,11287.502351155708,0.2439407598741496,-0.1399704280167423
2026-07-06 13:00:00+00:00,9922.50352181231,9953.181249347694,27.60813569163761,1.4746049360978513,-1.5949869076464576,11287.502351155708,0.24137378161508982,-0.13756597075957352
2026-07-06 14:00:00+00:00,9919.593900568821,9950.271628104205,27.60813569163761,1.4746049360978513,-1.5949869076464576,11287.502351155708,0.24240191129594374,-0.13789964229366752
2026-07-06 15:00:00+00:00,9910.303918150401,9940.981645685784,27.60813569163761,1.4746049360978513,-1.5949869076464576,11287.502351155708,0.24409174308135304,-0.13896631671234752
2026-07-06 16:00:00+00:00,9873.214948363518,9903.66505653369,27.60813569163761,1.4746049360978513,-1.3673675424336802,11287.72997052092,0.2491002691770215,-0.14326792534703772
2026-07-06 17:00:00+00:00,9871.529799724009,9902.436776744069,28.04132957792104,1.4982798997049163,-1.3673675424336802,10875.205339650873,0.17598748437499043,-0.10167375880837896
2026-07-06 18:00:00+00:00,9875.137299436225,9906.215957679313,28.20201855955217,1.5092721411014427,-1.3673675424336802,10607.229681284027,0.14830464047176073,-0.07413490664981419
2026-07-06 19:00:00+00:00,9871.548694406667,9902.627352649755,28.20201855955217,1.5092721411014427,-1.3673675424336802,10607.229681284027,0.1489542567889095,-0.07452538701391453
2026-07-06 20:00:00+00:00,9869.639303836298,9900.717962079387,28.20201855955217,1.5092721411014427,-1.3673675424336802,10607.229681284027,0.14896473844170682,-0.0747332658004057
2026-07-06 21:00:00+00:00,9867.409602362472,9898.48826060556,28.20201855955217,1.5092721411014427,-1.3673675424336802,10607.229681284027,0.14918635900628488,-0.07497611923847035
2026-07-06 22:00:00+00:00,9863.359763924296,9894.438422167384,28.20201855955217,1.5092721411014427,-1.3673675424336802,10607.229681284027,0.14971373112096026,-0.07541749821196518
2026-07-06 23:00:00+00:00,9866.73953090466,9897.818189147749,28.20201855955217,1.5092721411014427,-1.3673675424336802,10607.229681284027,0.1492804877226442,-0.07504912317387097
2026-07-07 00:00:00+00:00,9867.789894393703,9898.8485360694,28.20201855955217,1.5092721411014427,-1.3473509750414536,10607.24969785142,0.14908561636371553,-0.07493671950573574
2026-07-07 01:00:00+00:00,9866.617119186165,9897.938626315257,28.452051855234767,1.5221042988152818,-1.3473509750414536,10395.591937348892,0.1069964260610035,-0.053612581878150316
2026-07-07 02:00:00+00:00,9870.989423822955,9902.310930952048,28.452051855234767,1.5221042988152818,-1.3473509750414536,10395.591937348892,0.10655201111890764,-0.05314588953563706
2026-07-07 03:00:00+00:00,9875.642428441019,9906.963935570111,28.452051855234767,1.5221042988152818,-1.3473509750414536,10395.591937348892,0.10598143143186477,-0.052649689645552784
2026-07-07 04:00:00+00:00,9879.891949967296,9911.213457096388,28.452051855234767,1.5221042988152818,-1.3473509750414536,10395.591937348892,0.10556011094534815,-0.052196925836147844
2026-07-07 05:00:00+00:00,9876.582832637318,9909.21667927095,29.706355390207122,1.5801402683853811,-1.3473509750414536,8640.816867078902,0.1826867064599978,0.12512080205258927
2026-07-07 06:00:00+00:00,9874.941615624382,9907.575462258015,29.706355390207122,1.5801402683853811,-1.3473509750414536,8640.816867078902,0.18299526498349306,0.12497539697782292
2026-07-07 07:00:00+00:00,9871.999301038006,9904.633147671639,29.706355390207122,1.5801402683853811,-1.3473509750414536,8640.816867078902,0.18334628377554194,0.12471459897992994
2026-07-07 08:00:00+00:00,9873.507699017937,9906.14154565157,29.706355390207122,1.5801402683853811,-1.3473509750414536,8640.816867078902,0.183139662148782,0.1248483182994473
2026-07-07 09:00:00+00:00,9869.964881435862,9903.599868199104,30.659333164453123,1.6283026237476477,-1.3473509750414536,10228.160179714652,0.19950410005570432,-0.03629144607723061
2026-07-07 10:00:00+00:00,9862.258832408863,9895.893819172104,30.659333164453123,1.6283026237476477,-1.3473509750414536,10228.160179714652,0.20065318616748612,-0.037101170586132035
2026-07-07 11:00:00+00:00,9862.24945275863,9895.884439521871,30.659333164453123,1.6283026237476477,-1.3473509750414536,10228.160179714652,0.19998551295937828,-0.03710215693780402
2026-07-07 12:00:00+00:00,9859.197406637399,9892.83239340064,30.659333164453123,1.6283026237476477,-1.3473509750414536,10228.160179714652,0.19996852560015307,-0.037423205749877814
2026-07-07 13:00:00+00:00,9859.392088789995,9893.888557154769,31.47308789209287,1.67602949763922,-1.3473509750414536,8871.088545587434,0.13349522184575552,0.10023980528436945
2026-07-07 14:00:00+00:00,9857.654498765525,9892.1509671303,31.47308789209287,1.67602949763922,-1.3473509750414536,8871.088545587434,0.13277116559882696,0.10008120626480042
2026-07-07 15:00:00+00:00,9855.529376497396,9890.02584486217,31.47308789209287,1.67602949763922,-1.3473509750414536,8871.088545587434,0.13252505257237276,0.09988715910659955
2026-07-07 16:00:00+00:00,9861.496382518166,9896.093980180012,31.47308789209287,1.67602949763922,-1.4484802721153407,8870.98741629036,0.13341139185318532,0.10044205542515011
2026-07-07 17:00:00+00:00,9860.951357965918,9895.81841803473,31.73403968164982,1.6845401150492605,-1.4484802721153407,8870.987411534075,0.1790317747736341,0.10039233644856446
2026-07-07 18:00:00+00:00,9865.062440537555,9899.929500606368,31.73403968164982,1.6845401150492605,-1.4484802721153407,8870.987411534075,0.1786756837041727,0.10076723132725676
2026-07-07 19:00:00+00:00,9874.561660869605,9909.428720938418,31.73403968164982,1.6845401150492605,-1.4484802721153407,8870.987411534075,0.17673694019328487,0.10163228341693804
2026-07-07 20:00:00+00:00,9873.60627760041,9908.512884152073,31.770303535936325,1.6878227436145508,-1.4484802721153407,8931.390904823966,0.1701256407783254,0.09542768328872753
2026-07-07 21:00:00+00:00,9873.970203113111,9908.964203521653,31.85210182240347,1.6934183140235606,-1.4484802721153407,8794.97862909226,0.1838259200399588,0.10927636521332235
2026-07-07 22:00:00+00:00,9873.38772380452,9908.381724213063,31.85210182240347,1.6934183140235606,-1.4484802721153407,8794.97862909226,0.18334079562402641,0.1092238170807614
2026-07-07 23:00:00+00:00,9874.626799924696,9909.620800333238,31.85210182240347,1.6934183140235606,-1.4484802721153407,8794.97862909226,0.18339727915280074,0.10933559239329106
2026-07-08 00:00:00+00:00,9878.769717970421,9913.736613016614,31.85210182240347,1.6934183140235606,-1.4213749097659796,8795.00573445461,0.182840540224299,0.10970637179084579
2026-07-08 01:00:00+00:00,9875.749434198073,9910.967282298847,32.09388108077954,1.702592110227711,-1.4213749097659796,9020.990934413197,0.14290057770618309,0.08655125420912245
2026-07-08 02:00:00+00:00,9877.668460616918,9912.886308717692,32.09388108077954,1.702592110227711,-1.4213749097659796,9020.990934413197,0.14225093172964395,0.08672871838322627
2026-07-08 03:00:00+00:00,9877.366335102044,9912.584183202818,32.09388108077954,1.702592110227711,-1.4213749097659796,9020.990934413197,0.1424446606482885,0.08670078355254197
2026-07-08 04:00:00+00:00,9878.615727347951,9913.833575448725,32.09388108077954,1.702592110227711,-1.4213749097659796,9020.990934413197,0.1422347886797207,0.08681629254597958
2026-07-08 05:00:00+00:00,9876.041967951393,9912.221522101749,33.00601877829655,1.752160462294666,-1.4213749097659796,9675.883295067286,0.19498766026778455,0.02026709419964388
2026-07-08 06:00:00+00:00,9876.64040404014,9912.819958190496,33.00601877829655,1.752160462294666,-1.4213749097659796,9675.883295067286,0.19464897125774983,0.02032645725268399
2026-07-08 07:00:00+00:00,9876.877573404037,9913.057127554393,33.00601877829655,1.752160462294666,-1.4213749097659796,9675.883295067286,0.1946802547055901,0.02034998174706342
2026-07-08 08:00:00+00:00,9874.08194109815,9910.261495248506,33.00601877829655,1.752160462294666,-1.4213749097659796,9675.883295067286,0.19541331597238445,0.02007261507582965
2026-07-08 09:00:00+00:00,9882.963842676121,9919.143396826477,33.00601877829655,1.752160462294666,-1.4213749097659796,9675.883295067286,0.19168878968231345,0.020953283944501598
2026-07-08 10:00:00+00:00,9882.613612189378,9918.793166339734,33.00601877829655,1.752160462294666,-1.4213749097659796,9675.883295067286,0.19109231684461975,0.020918587454143496
2026-07-08 11:00:00+00:00,9880.058352038599,9916.237906188955,33.00601877829655,1.752160462294666,-1.4213749097659796,9675.883295067286,0.19173378459868798,0.020665369545027443
2026-07-08 12:00:00+00:00,9877.997937716189,9914.177491866545,33.00601877829655,1.752160462294666,-1.4213749097659796,9675.883295067286,0.19264756821322152,0.02046109382926551
2026-07-08 13:00:00+00:00,9880.424218239785,9916.922539430454,33.31008986517147,1.7668564157321518,-1.4213749097659796,9748.860793959706,0.14129428894801613,0.013315564329434992
2026-07-08 14:00:00+00:00,9880.230514215104,9916.728835405773,33.31008986517147,1.7668564157321518,-1.4213749097659796,9748.860793959706,0.14158803152999122,0.01329622017081386
2026-07-08 15:00:00+00:00,9884.960587276491,9921.45890846716,33.31008986517147,1.7668564157321518,-1.4213749097659796,9748.860793959706,0.14119807291739553,0.013768369849847167
2026-07-08 16:00:00+00:00,9885.370689379555,9921.841035575897,33.31008986517147,1.7668564157321518,-1.3933999154378718,9748.888768954035,0.14083369874380172,0.013806454478449666
2026-07-08 17:00:00+00:00,9888.47356825335,9925.183828205683,33.53392376049681,1.7829362763987884,-1.3933999154378718,9688.700394237467,0.10415615894182761,0.020202630126579867
2026-07-08 18:00:00+00:00,9891.378189605017,9928.08844955735,33.53392376049681,1.7829362763987884,-1.3933999154378718,9688.700394237467,0.10428437952454594,0.020490349421736453
2026-07-08 19:00:00+00:00,9894.010445255231,9930.720705207565,33.53392376049681,1.7829362763987884,-1.3933999154378718,9688.700394237467,0.10474172861391046,0.02075094342721494
2026-07-08 20:00:00+00:00,9890.939709922806,9927.64996987514,33.53392376049681,1.7829362763987884,-1.3933999154378718,9688.700394237467,0.10485998797127982,0.020446926340320134
2026-07-08 21:00:00+00:00,9890.40602096955,9927.314069458203,33.72212153916084,1.7925270340547124,-1.3933999154378718,9819.487739476659,0.08570600838017363,0.007170411542512162
2026-07-08 22:00:00+00:00,9890.46732794389,9927.375376432543,33.72212153916084,1.7925270340547124,-1.3933999154378718,9819.487739476659,0.08577593245554044,0.00717656568832589
2026-07-08 23:00:00+00:00,9890.053305884643,9926.961354373296,33.72212153916084,1.7925270340547124,-1.3933999154378718,9819.487739476659,0.0857602593556665,0.007135003647148972
2026-07-09 00:00:00+00:00,9890.07042891869,9926.92298208934,33.72212153916084,1.7925270340547124,-1.3379045974343562,9819.543234794664,0.08590311806464104,0.007131111414313498
2026-07-09 01:00:00+00:00,9889.794018134544,9926.685500392006,33.759652366471464,1.793925293558036,-1.3379045974343562,9813.31253094135,0.07960171658757066,0.007733375139356052
2026-07-09 02:00:00+00:00,9890.069685162709,9926.961167420171,33.759652366471464,1.793925293558036,-1.3379045974343562,9813.31253094135,0.07944121357168253,0.00776103269894169
2026-07-09 03:00:00+00:00,9890.712130807982,9927.603613065445,33.759652366471464,1.793925293558036,-1.3379045974343562,9813.31253094135,0.07932756132227027,0.00782548302316314
2026-07-09 04:00:00+00:00,9890.931351954001,9927.822834211463,33.759652366471464,1.793925293558036,-1.3379045974343562,9813.31253094135,0.07953306892845573,0.007847473433057185
2026-07-09 05:00:00+00:00,9876.039214074106,9915.027895515233,35.74854341478997,1.9022334289033473,-1.3379045974343562,12320.410825403358,0.36041429342743214,-0.24750525573509638
2026-07-09 06:00:00+00:00,9867.749937749799,9906.738619190926,35.74854341478997,1.9022334289033473,-1.3379045974343562,12320.410825403358,0.3616808815656513,-0.24855320646814588
2026-07-09 07:00:00+00:00,9861.526467279646,9900.515148720773,35.74854341478997,1.9022334289033473,-1.3379045974343562,12320.410825403358,0.3622227012015545,-0.24934115081293387
2026-07-09 08:00:00+00:00,9859.404617227774,9898.393298668901,35.74854341478997,1.9022334289033473,-1.3379045974343562,12320.410825403358,0.3624759763312642,-0.2496100224830371
2026-07-09 09:00:00+00:00,9871.707021576005,9910.695703017132,35.74854341478997,1.9022334289033473,-1.3379045974343562,12320.410825403358,0.3605289149739537,-0.24805272264212927
2026-07-09 10:00:00+00:00,9866.570763290469,9905.559444731596,35.74854341478997,1.9022334289033473,-1.3379045974343562,12320.410825403358,0.36120800879914583,-0.24870242366705958
2026-07-09 11:00:00+00:00,9885.371918419898,9924.360599861026,35.74854341478997,1.9022334289033473,-1.3379045974343562,12320.410825403358,0.35851195459212726,-0.2463274955235758
2026-07-09 12:00:00+00:00,9894.595960216317,9933.584641657444,35.74854341478997,1.9022334289033473,-1.3379045974343562,12320.410825403358,0.357466168482731,-0.2451656313143694
2026-07-09 13:00:00+00:00,9902.37661287508,9942.190149749767,36.5317142376065,1.9439180396466917,-1.3379045974343562,11248.301713352532,0.2835813459918346,-0.135919401280646
2026-07-09 14:00:00+00:00,9874.633653920695,9914.447190795383,36.5317142376065,1.9439180396466917,-1.3379045974343562,11248.301713352532,0.28583788440909913,-0.1391107870504569
2026-07-09 15:00:00+00:00,9880.922498018934,9920.736034893622,36.5317142376065,1.9439180396466917,-1.3379045974343562,11248.301713352532,0.28485411980748454,-0.13838578489080852
2026-07-09 16:00:00+00:00,9868.716436467192,9908.248371835156,36.5317142376065,1.9439180396466917,-1.0563030907112227,11248.583314859254,0.2872811994161386,-0.13982232514991866
2026-07-09 17:00:00+00:00,9868.895792172472,9909.201889528566,37.260045516131434,1.9897487492503896,-1.0563030907112227,10602.625775000532,0.2941160093131636,-0.07434772828486234
2026-07-09 18:00:00+00:00,9871.717241775976,9912.023339132069,37.260045516131434,1.9897487492503896,-1.0563030907112227,10602.625775000532,0.2945562688518769,-0.0740406674262747
2026-07-09 19:00:00+00:00,9865.279662930996,9905.58576028709,37.260045516131434,1.9897487492503896,-1.0563030907112227,10602.625775000532,0.2950380615435962,-0.07474153164051998
2026-07-09 20:00:00+00:00,9865.839235485662,9906.145332841756,37.260045516131434,1.9897487492503896,-1.0563030907112227,10602.625775000532,0.29454262555042965,-0.07468057424499477
2026-07-09 21:00:00+00:00,9864.237443471427,9904.908566621914,37.60760374342062,2.007216316354901,-1.0563030907112227,10437.590313391347,0.2358312340613623,-0.058124398688252234
2026-07-09 22:00:00+00:00,9864.087678587723,9904.75880173821,37.60760374342062,2.007216316354901,-1.0563030907112227,10437.590313391347,0.2359290848294712,-0.0581404640237074
2026-07-09 23:00:00+00:00,9863.078808475064,9903.74993162555,37.60760374342062,2.007216316354901,-1.0563030907112227,10437.590313391347,0.23598043568889457,-0.058248698613522366
2026-07-10 00:00:00+00:00,9861.02177489266,9901.526258353375,37.60760374342062,2.007216316354901,-0.8896634009387397,10437.75695308112,0.23624720592219442,-0.05848635074074131
2026-07-10 01:00:00+00:00,9862.51700317453,9903.258807002134,37.836423738123145,2.015716688543554,-0.8896634009387397,10223.407584816588,0.19710006487387938,-0.03659213784127275
2026-07-10 02:00:00+00:00,9854.801635764274,9895.543439591878,37.836423738123145,2.015716688543554,-0.8896634009387397,10223.407584816588,0.1983514555949392,-0.0374036903710571
2026-07-10 03:00:00+00:00,9851.682982693756,9892.42478652136,37.836423738123145,2.015716688543554,-0.8896634009387397,10223.407584816588,0.19908840073377918,-0.03773209133666129
2026-07-10 04:00:00+00:00,9852.079886870926,9892.82169069853,37.836423738123145,2.015716688543554,-0.8896634009387397,10223.407584816588,0.19905748210168508,-0.03769028491542194
2026-07-10 05:00:00+00:00,9850.663604495376,9892.034723404347,38.42937664498608,2.0520788630469777,-0.8896634009387397,9640.759895129466,0.2154387201061584,0.021308585674382395
2026-07-10 06:00:00+00:00,9848.977295562412,9890.348414471384,38.42937664498608,2.0520788630469777,-0.8896634009387397,9640.759895129466,0.21525377314073266,0.021141017405610446
2026-07-10 07:00:00+00:00,9850.443548917676,9891.814667826648,38.42937664498608,2.0520788630469777,-0.8896634009387397,9640.759895129466,0.21481658658140299,0.02128672203915627
2026-07-10 08:00:00+00:00,9850.163618249211,9891.534737158183,38.42937664498608,2.0520788630469777,-0.8896634009387397,9640.759895129466,0.21465604494038978,0.021258908098926013
2026-07-10 09:00:00+00:00,9843.39577159848,9884.933617968896,38.58724454238735,2.0609384270923172,-0.8896634009387397,9501.300917310455,0.18856660011118198,0.034753743751225
2026-07-10 10:00:00+00:00,9842.872120303517,9884.409966673933,38.58724454238735,2.0609384270923172,-0.8896634009387397,9501.300917310455,0.18988990405213912,0.03470239162088492
2026-07-10 11:00:00+00:00,9828.925475387341,9870.463321757758,38.58724454238735,2.0609384270923172,-0.8896634009387397,9501.300917310455,0.19198259459949454,0.03333269327326695
2026-07-10 12:00:00+00:00,9827.178869864802,9868.833008568536,38.693884778054695,2.070590524741501,-0.8896634009387397,9323.460550962553,0.17411561986610574,0.05125767278408949
2026-07-10 13:00:00+00:00,9828.133511624335,9869.985128539727,38.880606395299985,2.0813471191544717,-0.8896634009387397,9634.476524754116,0.14247423464628048,0.019704350438582145
2026-07-10 14:00:00+00:00,9834.727627583605,9876.579244498997,38.880606395299985,2.0813471191544717,-0.8896634009387397,9634.476524754116,0.14134635845986232,0.02036163180237356
2026-07-10 15:00:00+00:00,9836.95444683897,9878.883322820151,38.95284433481256,2.086368245430823,-0.8896634009387397,9754.8008526689,0.127946734628822,0.008351527356769568
2026-07-10 16:00:00+00:00,9841.331550047202,9883.163920974726,38.95284433481256,2.086368245430823,-0.7931583472817512,9754.897357722557,0.12837711784385628,0.00878277414850747
2026-07-10 17:00:00+00:00,9843.813526181411,9885.816554047706,39.115880635827125,2.0939888831856686,-0.7931583472817512,9483.007153063925,0.11216623136152595,0.03665310930137554
2026-07-10 18:00:00+00:00,9844.098358171907,9886.1013860382,39.115880635827125,2.0939888831856686,-0.7931583472817512,9483.007153063925,0.11142348208933274,0.03668098305907593
2026-07-10 19:00:00+00:00,9843.68279999696,9885.685827863254,39.115880635827125,2.0939888831856686,-0.7931583472817512,9483.007153063925,0.11145270857688318,0.03664031585141538
2026-07-10 20:00:00+00:00,9843.090063513515,9885.09309137981,39.115880635827125,2.0939888831856686,-0.7931583472817512,9483.007153063925,0.1114896352236448,0.0365823037406057
2026-07-10 21:00:00+00:00,9842.965586714832,9885.117087778384,39.25573817722896,2.102604539040092,-0.7931583472817512,9653.217877595815,0.08779109407304471,0.019277493906422125
2026-07-10 22:00:00+00:00,9841.919558467473,9884.071059531025,39.25573817722896,2.102604539040092,-0.7931583472817512,9653.217877595815,0.08780737512800163,0.019173259825041852
2026-07-10 23:00:00+00:00,9841.876318005045,9884.027819068597,39.25573817722896,2.102604539040092,-0.7931583472817512,9653.217877595815,0.08779248613446701,0.01916895054493739
2026-07-11 00:00:00+00:00,9841.537117967126,9883.702469054972,39.25573817722896,2.102604539040092,-0.8070083715765084,9653.20402757152,0.08790881093038946,0.019136552363530367
2026-07-11 01:00:00+00:00,9841.394473328772,9883.699859479162,39.39300189712151,2.1053758816931847,-0.8070083715765084,9424.293897364047,0.09911955976906171,0.04238226372239349
2026-07-11 02:00:00+00:00,9841.242150118178,9883.547536268568,39.39300189712151,2.1053758816931847,-0.8070083715765084,9424.293897364047,0.09907081215054787,0.04236744166986328
2026-07-11 03:00:00+00:00,9841.54462881637,9883.85001496676,39.39300189712151,2.1053758816931847,-0.8070083715765084,9424.293897364047,0.09919064694400168,0.042396874392115154
2026-07-11 04:00:00+00:00,9841.687967722746,9883.993353873137,39.39300189712151,2.1053758816931847,-0.8070083715765084,9424.293897364047,0.09920958721734931,0.042410821368001485
2026-07-11 05:00:00+00:00,9841.469655905248,9883.888105050894,39.50015182957228,2.111288944497744,-0.8070083715765084,9474.073122621823,0.0810306098874079,0.0373314704133619
2026-07-11 06:00:00+00:00,9841.071827839156,9883.490276984801,39.50015182957228,2.111288944497744,-0.8070083715765084,9474.073122621823,0.08104902679366699,0.03729255427027159
2026-07-11 07:00:00+00:00,9840.953243387927,9883.371692533572,39.50015182957228,2.111288944497744,-0.8070083715765084,9474.073122621823,0.08112877301567592,0.03728095355118241
2026-07-11 08:00:00+00:00,9841.114659056215,9883.53310820186,39.50015182957228,2.111288944497744,-0.8070083715765084,9474.073122621823,0.08121214353822886,0.037296744235839695
2026-07-11 09:00:00+00:00,9840.454040861265,9882.904815677048,39.532081021392095,2.1116854228146837,-0.8070083715765084,9527.256513129698,0.07581695721254429,0.03182754844756686
2026-07-11 10:00:00+00:00,9840.804524174904,9883.255298990687,39.532081021392095,2.1116854228146837,-0.8070083715765084,9527.256513129698,0.07587012555515439,0.03186203021053249
2026-07-11 11:00:00+00:00,9841.165180350687,9883.61595516647,39.532081021392095,2.1116854228146837,-0.8070083715765084,9527.256513129698,0.0759092756887882,0.03189751025089517
2026-07-11 12:00:00+00:00,9841.158525830804,9883.609300646587,39.532081021392095,2.1116854228146837,-0.8070083715765084,9527.256513129698,0.07586401203738516,0.03189685562702655
2026-07-11 13:00:00+00:00,9840.975773782751,9883.570993432193,39.66790282399698,2.12030845386864,-0.8070083715765084,9684.143832212763,0.06740314343528415,0.01593662510457575
2026-07-11 14:00:00+00:00,9840.463281250815,9883.058500900257,39.66790282399698,2.12030845386864,-0.8070083715765084,9684.143832212763,0.06734239028032919,0.01588537496358435
2026-07-11 15:00:00+00:00,9840.937114782198,9883.53233443164,39.66790282399698,2.12030845386864,-0.8070083715765084,9684.143832212763,0.06736320514541871,0.015932759323694347
2026-07-11 16:00:00+00:00,9841.385836383444,9883.981056032886,39.66790282399698,2.12030845386864,-0.8070083715765084,9684.143832212763,0.06725271800984496,0.015977628230910347
2026-07-11 17:00:00+00:00,9840.655969346035,9883.393334475657,39.801313564207064,2.1290431938387586,-0.8070083715765084,9529.495318478354,0.07562278251074585,0.031619909469140714
2026-07-11 18:00:00+00:00,9840.945727959606,9883.683093089228,39.801313564207064,2.1290431938387586,-0.8070083715765084,9529.495318478354,0.07572924834702006,0.031648422630395724
2026-07-11 19:00:00+00:00,9841.436718549483,9884.174083679105,39.801313564207064,2.1290431938387586,-0.8070083715765084,9529.495318478354,0.07581228767413428,0.031696733819684145
2026-07-11 20:00:00+00:00,9841.301126765138,9884.03849189476,39.801313564207064,2.1290431938387586,-0.8070083715765084,9529.495318478354,0.07578024934823008,0.03168339270086707
2026-07-11 21:00:00+00:00,9841.192125036028,9883.992011477192,39.86066347680151,2.1322145927865397,-0.8070083715765084,9578.949059843097,0.06578255591913247,0.026647489639571663
2026-07-11 22:00:00+00:00,9841.403650106971,9884.203536548135,39.86066347680151,2.1322145927865397,-0.8070083715765084,9578.949059843097,0.06570170496864787,0.02666841027915983
2026-07-11 23:00:00+00:00,9840.667849156358,9883.467735597522,39.86066347680151,2.1322145927865397,-0.8070083715765084,9578.949059843097,0.0655732631837191,0.026595632870151032
2026-07-12 00:00:00+00:00,9841.190527083714,9883.990413524878,39.86066347680151,2.1322145927865397,-0.8070083715765084,9578.949059843097,0.06538585496936791,0.026647331592545457
2026-07-12 01:00:00+00:00,9841.373888675484,9884.219175672168,39.90279101107575,2.1354876140313355,-0.8070083715765084,9594.39412535144,0.05821774111387816,0.02509606545974681
2026-07-12 02:00:00+00:00,9840.78733630704,9883.632623303723,39.90279101107575,2.1354876140313355,-0.8070083715765084,9594.39412535144,0.05835030762379479,0.025037957079566676
2026-07-12 03:00:00+00:00,9840.763258633586,9883.60854563027,39.90279101107575,2.1354876140313355,-0.8070083715765084,9594.39412535144,0.0583247344367574,0.025035571612394787
2026-07-12 04:00:00+00:00,9840.690522764957,9883.53580976164,39.90279101107575,2.1354876140313355,-0.8070083715765084,9594.39412535144,0.0584121913297286,0.025028365320883462
2026-07-12 05:00:00+00:00,9840.587707466933,9883.535816761587,40.00002890788955,2.141072015188729,-0.8070083715765084,9516.337404208027,0.04192243216493393,0.03295029858967353
2026-07-12 06:00:00+00:00,9840.631372917967,9883.57948221262,40.00002890788955,2.141072015188729,-0.8070083715765084,9516.337404208027,0.04192977023413185,0.03295458964171937
2026-07-12 07:00:00+00:00,9840.098363306395,9883.046472601049,40.00002890788955,2.141072015188729,-0.8070083715765084,9516.337404208027,0.04184391177881337,0.03290220759435382
2026-07-12 08:00:00+00:00,9840.466590626775,9883.414699921428,40.00002890788955,2.141072015188729,-0.8070083715765084,9516.337404208027,0.04188205908549735,0.032938396104864195
2026-07-12 09:00:00+00:00,9840.901588413644,9883.87041246034,40.01941725365832,2.1423984214613903,-0.8070083715765084,9548.631925476871,0.03866812019666366,0.02969948030786944
2026-07-12 10:00:00+00:00,9841.478675179504,9884.447499226198,40.01941725365832,2.1423984214613903,-0.8070083715765084,9548.631925476871,0.038719800757677364,0.029756377000663605
2026-07-12 11:00:00+00:00,9841.139293782106,9884.1081178288,40.01941725365832,2.1423984214613903,-0.8070083715765084,9548.631925476871,0.03867666683571639,0.029722917192123156
2026-07-12 12:00:00+00:00,9841.415529483773,9884.384353530468,40.01941725365832,2.1423984214613903,-0.8070083715765084,9548.631925476871,0.038720474469294795,0.029750151604690876
2026-07-12 13:00:00+00:00,9841.14360054075,9884.169589684014,40.074449655194925,2.1445311164933534,-0.8070083715765084,9640.297562303016,0.029370913602505,0.020408810844574788
2026-07-12 14:00:00+00:00,9841.331332497613,9884.357321640877,40.074449655194925,2.1445311164933534,-0.8070083715765084,9640.297562303016,0.029383493302498998,0.020427497398726215
2026-07-12 15:00:00+00:00,9841.374082054957,9884.40007119822,40.074449655194925,2.1445311164933534,-0.8070083715765084,9640.297562303016,0.029422865537015903,0.020431752525146927
2026-07-12 16:00:00+00:00,9841.4399811982,9884.465970341464,40.074449655194925,2.1445311164933534,-0.8070083715765084,9640.297562303016,0.029415119741496333,0.02043831179984446
2026-07-12 17:00:00+00:00,9841.183725169243,9884.276713638985,40.137523756250204,2.148456341916137,-0.8070083715765084,9691.60098545802,0.018712302319510446,0.015199669459341397
2026-07-12 18:00:00+00:00,9841.071382849455,9884.164371319197,40.137523756250204,2.148456341916137,-0.8070083715765084,9691.60098545802,0.018701100273305456,0.015188427314115812
2026-07-12 19:00:00+00:00,9841.185501221382,9884.278489691123,40.137523756250204,2.148456341916137,-0.8070083715765084,9691.60098545802,0.018717193653328988,0.015199847187597154
2026-07-12 20:00:00+00:00,9841.247589756787,9884.340578226529,40.137523756250204,2.148456341916137,-0.8070083715765084,9691.60098545802,0.018726003582376922,0.015206060302204446
2026-07-12 21:00:00+00:00,9841.316536704735,9884.409525174477,40.137523756250204,2.148456341916137,-0.8070083715765084,9691.60098545802,0.018723973700774603,0.015212959636886696
2026-07-12 22:00:00+00:00,9841.072084646632,9884.165073116374,40.137523756250204,2.148456341916137,-0.8070083715765084,9691.60098545802,0.01869069404425815,0.015188497544063982
2026-07-12 23:00:00+00:00,9840.501463852812,9883.594452322553,40.137523756250204,2.148456341916137,-0.8070083715765084,9691.60098545802,0.018632219375491584,0.015131391315955627
2026-07-13 00:00:00+00:00,9840.247194845017,9883.340183314758,40.137523756250204,2.148456341916137,-0.8070083715765084,9691.60098545802,0.018596384042510457,0.015105942609334736
2026-07-13 01:00:00+00:00,9840.051871434485,9883.144859904227,40.137523756250204,2.148456341916137,-0.8070083715765084,9691.60098545802,0.018551757835019795,0.015086392624353533
2026-07-13 02:00:00+00:00,9839.91446141009,9883.007449879831,40.137523756250204,2.148456341916137,-0.8070083715765084,9691.60098545802,0.01847780706167691,0.015072638744342748
2026-07-13 03:00:00+00:00,9839.70579953314,9882.798788002881,40.137523756250204,2.148456341916137,-0.8070083715765084,9691.60098545802,0.018463279392641974,0.01505175226703889
2026-07-13 04:00:00+00:00,9839.0044677641,9882.097456233842,40.137523756250204,2.148456341916137,-0.8070083715765084,9691.60098545802,0.018374453565916132,0.014981544402080856
2026-07-13 05:00:00+00:00,9835.12538604171,9880.49185349503,42.31280274714776,2.2466563345967385,-0.8070083715765084,10632.627738186899,0.3635431493634877,-0.08108715657830129
2026-07-13 06:00:00+00:00,9834.704032624542,9880.070500077863,42.31280274714776,2.2466563345967385,-0.8070083715765084,10632.627738186899,0.3636314527242174,-0.08113347416611763
2026-07-13 07:00:00+00:00,9831.378598115663,9876.745065568985,42.31280274714776,2.2466563345967385,-0.8070083715765084,10632.627738186899,0.36399618147248697,-0.08149916434148989
2026-07-13 08:00:00+00:00,9828.072679752297,9873.439147205618,42.31280274714776,2.2466563345967385,-0.8070083715765084,10632.627738186899,0.3641768367233998,-0.08186295366864141
2026-07-13 09:00:00+00:00,9828.80430978713,9874.170777240452,42.31280274714776,2.2466563345967385,-0.8070083715765084,10632.627738186899,0.36568448795020925,-0.08178242266959712
2026-07-13 10:00:00+00:00,9834.70465825054,9880.071125703862,42.31280274714776,2.2466563345967385,-0.8070083715765084,10632.627738186899,0.3660072723612538,-0.08113340539077227
2026-07-13 11:00:00+00:00,9833.990350320768,9879.356817774089,42.31280274714776,2.2466563345967385,-0.8070083715765084,10632.627738186899,0.3654192952669067,-0.08121193527915958
2026-07-13 12:00:00+00:00,9832.316238146785,9877.682705600106,42.31280274714776,2.2466563345967385,-0.8070083715765084,10632.627738186899,0.36511801614444345,-0.08139602924233835
2026-07-13 13:00:00+00:00,9832.92339204984,9878.803310444873,42.803609882224634,2.269300141232973,-0.8070083715765084,10190.763166687046,0.28183380201042124,-0.036392002700491706
2026-07-13 14:00:00+00:00,9831.33195856908,9877.211876964115,42.803609882224634,2.269300141232973,-0.8070083715765084,10190.763166687046,0.28254171337178496,-0.03655976724544234
2026-07-13 15:00:00+00:00,9821.790195986869,9867.670114381903,42.803609882224634,2.269300141232973,-0.8070083715765084,10190.763166687046,0.2824198940608415,-0.03756677380982311
2026-07-13 16:00:00+00:00,9824.909610636516,9870.590207669671,42.803609882224634,2.269300141232973,-0.6076870096974174,10190.962488048925,0.2813656964645637,-0.03725763308968427
2026-07-13 17:00:00+00:00,9826.899941903193,9873.590180762521,43.771744870961356,2.310806978670531,-0.6076870096974174,10455.011754281153,0.23925287512784474,-0.06391759518173264
2026-07-13 18:00:00+00:00,9832.238321388239,9878.928560247567,43.771744870961356,2.310806978670531,-0.6076870096974174,10455.011754281153,0.2381524217310677,-0.0633399448361809
2026-07-13 19:00:00+00:00,9825.665774846528,9872.356013705856,43.771744870961356,2.310806978670531,-0.6076870096974174,10455.011754281153,0.2391514530800757,-0.06405123010043111
2026-07-13 20:00:00+00:00,9824.511958613532,9871.20219747286,43.771744870961356,2.310806978670531,-0.6076870096974174,10455.011754281153,0.23897816232039412,-0.06417619504395211
2026-07-13 21:00:00+00:00,9826.627827355962,9873.390012459162,43.83814009515386,2.316357998349931,-0.6076870096974174,10344.286652069446,0.22742625678886924,-0.05267919308721487
2026-07-13 22:00:00+00:00,9829.10423170867,9875.86641681187,43.83814009515386,2.316357998349931,-0.6076870096974174,10344.286652069446,0.22705631562226603,-0.05241397468334888
2026-07-13 23:00:00+00:00,9829.945461116116,9876.707646219316,43.83814009515386,2.316357998349931,-0.6076870096974174,10344.286652069446,0.22680538956457502,-0.05232391095025764
2026-07-14 00:00:00+00:00,9829.895630585577,9876.246950716046,43.83814009515386,2.316357998349931,-0.1968220369645776,10344.69751704218,0.22685082054598205,-0.05237104296965307
2026-07-14 01:00:00+00:00,9826.196997364565,9872.869082308485,44.14364397849277,2.3316189284639446,-0.1968220369645776,10247.747976287641,0.1761570378972802,-0.042900725380952395
2026-07-14 02:00:00+00:00,9828.404204217182,9875.076289161103,44.14364397849277,2.3316189284639446,-0.1968220369645776,10247.747976287641,0.17542463188840104,-0.04266651669561224
2026-07-14 03:00:00+00:00,9829.907123613306,9876.579208557227,44.14364397849277,2.3316189284639446,-0.1968220369645776,10247.747976287641,0.17502769493758852,-0.04250710077113559
2026-07-14 04:00:00+00:00,9830.079652579683,9876.751737523604,44.14364397849277,2.3316189284639446,-0.1968220369645776,10247.747976287641,0.17512231601765849,-0.04248880359767475
2026-07-14 05:00:00+00:00,9816.916288157834,9865.136471602296,45.62070139228019,2.4026600152172795,-0.1968220369645776,12014.941867310703,0.31855658149909283,-0.2239018358345737
2026-07-14 06:00:00+00:00,9815.32822955944,9863.548413003902,45.62070139228019,2.4026600152172795,-0.1968220369645776,12014.941867310703,0.31852649101859953,-0.22409985548185704
2026-07-14 07:00:00+00:00,9816.254433791943,9864.474617236405,45.62070139228019,2.4026600152172795,-0.1968220369645776,12014.941867310703,0.31827606295471245,-0.2239843565942925
2026-07-14 08:00:00+00:00,9820.13378321992,9868.353966664383,45.62070139228019,2.4026600152172795,-0.1968220369645776,12014.941867310703,0.31771823302408936,-0.22350083334314083
2026-07-14 09:00:00+00:00,9819.593605908058,9867.81378935252,45.62070139228019,2.4026600152172795,-0.1968220369645776,12014.941867310703,0.31741667450926203,-0.2235681383068431
2026-07-14 10:00:00+00:00,9819.632024859971,9867.852208304434,45.62070139228019,2.4026600152172795,-0.1968220369645776,12014.941867310703,0.3174315827404345,-0.2235633511411581
2026-07-14 11:00:00+00:00,9822.43891213894,9870.659095583402,45.62070139228019,2.4026600152172795,-0.1968220369645776,12014.941867310703,0.3171097444161377,-0.2232137022977242
2026-07-14 12:00:00+00:00,9834.63855568515,9882.858739129611,45.62070139228019,2.4026600152172795,-0.1968220369645776,12014.941867310703,0.3157950473714228,-0.22169633375750017
2026-07-14 13:00:00+00:00,9805.300248277717,9854.012073387334,46.08699926186902,2.428003810782206,-0.1968220369645776,11460.464515214206,0.24034924346501016,-0.16880301724847385
2026-07-14 14:00:00+00:00,9806.305096444466,9855.016921554083,46.08699926186902,2.428003810782206,-0.1968220369645776,11460.464515214206,0.24020302481418662,-0.16868325047009788
2026-07-14 15:00:00+00:00,9803.82218423235,9852.534009341965,46.08699926186902,2.428003810782206,-0.1968220369645776,11460.464515214206,0.2407409607622088,-0.16897923073780982
2026-07-14 16:00:00+00:00,9806.387352010508,9854.828874909233,46.23904569821106,2.436029232850755,0.23355203233668884,11207.332115610427,0.21441039276131707,-0.142860435072728
2026-07-14 17:00:00+00:00,9791.539532100905,9840.87526854281,47.07586024896481,2.4934282252770563,0.23355203233668884,11761.39853140771,0.26946923486399943,-0.20117970139922883
2026-07-14 18:00:00+00:00,9789.662648765625,9838.99838520753,47.07586024896481,2.4934282252770563,0.23355203233668884,11761.39853140771,0.2698241746971462,-0.20140999270191412
2026-07-14 19:00:00+00:00,9797.527421331919,9846.863157773823,47.07586024896481,2.4934282252770563,0.23355203233668884,11761.39853140771,0.2690687030193068,-0.20044558444408156
2026-07-14 20:00:00+00:00,9780.051681776566,9829.38741821847,47.07586024896481,2.4934282252770563,0.23355203233668884,11761.39853140771,0.2711864353822652,-0.20259063183920012
2026-07-14 21:00:00+00:00,9781.63068643139,9831.22010205762,47.31550913028374,2.5074585282814787,0.23355203233668884,11361.744080328155,0.23002280566896027,-0.16153885221700542
2026-07-14 22:00:00+00:00,9781.359035212678,9830.948450838907,47.31550913028374,2.5074585282814787,0.23355203233668884,11361.744080328155,0.23004085225166848,-0.16157111086773596
2026-07-14 23:00:00+00:00,9782.728324858406,9832.317740484636,47.31550913028374,2.5074585282814787,0.23355203233668884,11361.744080328155,0.22983462781661623,-0.1614085256213638
2026-07-15 00:00:00+00:00,9776.677443535138,9825.961608296322,47.31550913028374,2.5074585282814787,0.5388028973803443,11362.0493311932,0.23075818371720558,-0.16215855507296048
2026-07-15 01:00:00+00:00,9777.397644673487,9826.929924645849,47.54510763280367,2.5259752369382933,0.5388028973803443,11161.260736929926,0.19160530837708153,-0.14153695518462808
2026-07-15 02:00:00+00:00,9776.429162716338,9825.9614426887,47.54510763280367,2.5259752369382933,0.5388028973803443,11161.260736929926,0.19175464588764615,-0.1416500392080597
2026-07-15 03:00:00+00:00,9777.049202973209,9826.58148294557,47.54510763280367,2.5259752369382933,0.5388028973803443,11161.260736929926,0.19166214912589288,-0.14157763812171245
2026-07-15 04:00:00+00:00,9766.880481585278,9816.41276155764,47.54510763280367,2.5259752369382933,0.5388028973803443,11161.260736929926,0.19299586919307657,-0.14276618393904256
2026-07-15 05:00:00+00:00,9769.494898212903,9820.153502314237,48.62363113371891,2.5737758649952007,0.5388028973803443,9685.86944394113,0.27533778828709443,0.008559854439052817
2026-07-15 06:00:00+00:00,9768.409072832561,9819.067676933895,48.62363113371891,2.5737758649952007,0.5388028973803443,9685.86944394113,0.27594175452685304,0.008449649095980926
2026-07-15 07:00:00+00:00,9769.877222347912,9820.535826449246,48.62363113371891,2.5737758649952007,0.5388028973803443,9685.86944394113,0.2754237417661836,0.00859865241854014
2026-07-15 08:00:00+00:00,9771.756811871852,9822.415415973186,48.62363113371891,2.5737758649952007,0.5388028973803443,9685.86944394113,0.2747752798410585,0.008789347666366057
2026-07-15 09:00:00+00:00,9770.006589896653,9820.684982594505,48.642152627522556,2.575042967710059,0.5388028973803443,9716.720078786733,0.27226882334328056,0.005454091624157515
2026-07-15 10:00:00+00:00,9769.828775522714,9820.507168220565,48.642152627522556,2.575042967710059,0.5388028973803443,9716.720078786733,0.27185199372873453,0.005435990533328322
2026-07-15 11:00:00+00:00,9775.543673827127,9826.222066524979,48.642152627522556,2.575042967710059,0.5388028973803443,9716.720078786733,0.2716843027549676,0.006017424401456717
2026-07-15 12:00:00+00:00,9771.394975190025,9822.073367887877,48.642152627522556,2.575042967710059,0.5388028973803443,9716.720078786733,0.27165261151770914,0.005595403373020315
2026-07-15 13:00:00+00:00,9761.45833763392,9812.340881618533,48.8395082083807,2.5818386736140426,0.5388028973803443,9698.133157960867,0.23937071624002115,0.006487266295949976
2026-07-15 14:00:00+00:00,9762.244619706284,9813.127163690897,48.8395082083807,2.5818386736140426,0.5388028973803443,9698.133157960867,0.24068448531562647,0.00656728695529722
2026-07-15 15:00:00+00:00,9747.179829022207,9798.06237300682,48.8395082083807,2.5818386736140426,0.5388028973803443,9698.133157960867,0.2420236517383753,0.005031883264870408
2026-07-15 16:00:00+00:00,9759.367012568735,9809.85642513305,48.8395082083807,2.5818386736140426,0.9319343176796191,9698.526289381167,0.2400724712014851,0.006234084967725198
2026-07-15 17:00:00+00:00,9750.38585386297,9801.001943781524,48.9605503429923,2.587473893242201,0.9319343176796191,9900.142138265885,0.26121557814479146,-0.015359011084016045
2026-07-15 18:00:00+00:00,9750.212296651853,9800.828386570407,48.9605503429923,2.587473893242201,0.9319343176796191,9900.142138265885,0.26295268649161463,-0.015377084831836548
2026-07-15 19:00:00+00:00,9752.92030162158,9803.597342126033,49.017540012210134,2.5914348099240097,0.9319343176796191,9805.102366566936,0.2531585189403794,-0.0053504041181060644
2026-07-15 20:00:00+00:00,9750.57505238029,9801.252092884744,49.017540012210134,2.5914348099240097,0.9319343176796191,9805.102366566936,0.255038625126777,-0.0055922152174332695
2026-07-15 21:00:00+00:00,9751.427036627849,9802.307276002923,49.21429992302154,2.5978737697311955,0.9319343176796191,10132.838791341806,0.2211268902888827,-0.03911342958126191
2026-07-15 22:00:00+00:00,9752.771277067668,9803.651516442742,49.21429992302154,2.5978737697311955,0.9319343176796191,10132.838791341806,0.2207598536058055,-0.03897020687523107
2026-07-15 23:00:00+00:00,9745.964373612807,9796.844612987881,49.21429992302154,2.5978737697311955,0.9319343176796191,10132.838791341806,0.2216518852311229,-0.039695857987790475
2026-07-16 00:00:00+00:00,9747.79995232066,9798.436410189717,49.21429992302154,2.5978737697311955,1.1757158236952212,10133.082572847821,0.22114082447015376,-0.03952508488189048
2026-07-16 01:00:00+00:00,9749.111261499509,9799.954169290431,49.40711682385712,2.6115067907610854,1.1757158236952212,9864.419387876318,0.18773174414492289,-0.011827552613146917
2026-07-16 02:00:00+00:00,9752.452278519473,9803.295186310395,49.40711682385712,2.6115067907610854,1.1757158236952212,9864.419387876318,0.18762833716542343,-0.011480918456115942
2026-07-16 03:00:00+00:00,9752.071186499563,9802.914094290485,49.40711682385712,2.6115067907610854,1.1757158236952212,9864.419387876318,0.1878750922128687,-0.011520445167820926
2026-07-16 04:00:00+00:00,9750.228954149397,9801.07186194032,49.40711682385712,2.6115067907610854,1.1757158236952212,9864.419387876318,0.1881610515773613,-0.011711564340068623
2026-07-16 05:00:00+00:00,9751.501866948427,9803.649058525347,50.654360503022204,2.668546897593534,1.1757158236952212,10568.92047582865,0.3594848332709619,-0.0838248938505327
2026-07-16 06:00:00+00:00,9746.178741207594,9798.325932784513,50.654360503022204,2.668546897593534,1.1757158236952212,10568.92047582865,0.36014737516210704,-0.08441685264219927
2026-07-16 07:00:00+00:00,9749.41472032477,9801.56191190169,50.654360503022204,2.668546897593534,1.1757158236952212,10568.92047582865,0.35962545558791587,-0.0840569181856058
2026-07-16 08:00:00+00:00,9766.780458779816,9818.927650356736,50.654360503022204,2.668546897593534,1.1757158236952212,10568.92047582865,0.35683910567791166,-0.08212942027664315
2026-07-16 09:00:00+00:00,9772.715568507134,9824.962363928586,50.75154952156674,2.6709617235808034,1.1757158236952212,10406.841589235879,0.37388079962373355,-0.0648873914607968
2026-07-16 10:00:00+00:00,9770.879979217294,9823.126774638746,50.75154952156674,2.6709617235808034,1.1757158236952212,10406.841589235879,0.37333104844293025,-0.0650874446693929
2026-07-16 11:00:00+00:00,9765.503397021273,9817.750192442725,50.75154952156674,2.6709617235808034,1.1757158236952212,10406.841589235879,0.3739112543555877,-0.06567384866306326
2026-07-16 12:00:00+00:00,9771.062755092435,9823.309550513886,50.75154952156674,2.6709617235808034,1.1757158236952212,10406.841589235879,0.37292442412477733,-0.06506752132075824
2026-07-16 13:00:00+00:00,9779.119709036848,9831.75569829446,51.123620440201115,2.6880846411081443,1.1757158236952212,10153.496950008086,0.30782599337917527,-0.03828332734543354
2026-07-16 14:00:00+00:00,9791.20564337248,9843.841632630092,51.123620440201115,2.6880846411081443,1.1757158236952212,10153.496950008086,0.30486908381248584,-0.03700170539067749
2026-07-16 15:00:00+00:00,9783.711885175684,9836.347874433297,51.123620440201115,2.6880846411081443,1.1757158236952212,10153.496950008086,0.306431280938748,-0.03779598879978272
2026-07-16 16:00:00+00:00,9785.487434188692,9837.931798591606,51.123620440201115,2.6880846411081443,1.3673406783943636,10153.688574862786,0.3063744487955153,-0.0376272662093119
2026-07-16 17:00:00+00:00,9781.579353329122,9834.35855228706,51.438827392197155,2.707712244135322,1.3673406783943636,9871.365026504847,0.2740279964892161,-0.00917905687133916
2026-07-16 18:00:00+00:00,9794.101148332698,9846.880347290637,51.438827392197155,2.707712244135322,1.3673406783943636,9871.365026504847,0.27183619806389747,-0.007888817667081438
2026-07-16 19:00:00+00:00,9785.153926022349,9837.933124980287,51.438827392197155,2.707712244135322,1.3673406783943636,9871.365026504847,0.27248909844789443,-0.008810397990084894
2026-07-16 20:00:00+00:00,9799.713259188098,9852.492458146036,51.438827392197155,2.707712244135322,1.3673406783943636,9871.365026504847,0.27012521581099713,-0.00731161876084177
2026-07-16 21:00:00+00:00,9797.282601327288,9850.354387144374,51.715022137850006,2.7241043576296446,1.3673406783943636,9840.416344427324,0.24466196539470325,-0.004402623141052521
2026-07-16 22:00:00+00:00,9797.569760226213,9850.6415460433,51.715022137850006,2.7241043576296446,1.3673406783943636,9840.416344427324,0.24477679985219927,-0.004373184907041782
2026-07-16 23:00:00+00:00,9800.61086920694,9853.682655024026,51.715022137850006,2.7241043576296446,1.3673406783943636,9840.416344427324,0.2444485201755518,-0.00406153001599637
2026-07-17 00:00:00+00:00,9806.958848938746,9859.705306886133,51.715022137850006,2.7241043576296446,1.6926685480935202,9840.741672297023,0.24364693314955185,-0.0034447807805303974
2026-07-17 01:00:00+00:00,9801.260570786533,9854.157971591507,51.86083500785157,2.7292343452150476,1.6926685480935202,10083.617309429637,0.21927059984984312,-0.028808206516281357
2026-07-17 02:00:00+00:00,9810.777204788868,9863.674605593842,51.86083500785157,2.7292343452150476,1.6926685480935202,10083.617309429637,0.21739316137716289,-0.027810243668319065
2026-07-17 03:00:00+00:00,9808.783892514692,9861.72797103796,51.90539896710026,2.7313481042626435,1.6926685480935202,10157.846010884876,0.20922560054365835,-0.035586686606130846
2026-07-17 04:00:00+00:00,9806.687966534884,9859.632045058153,51.90539896710026,2.7313481042626435,1.6926685480935202,10157.846010884876,0.20946534849731027,-0.0358080164830686
2026-07-17 05:00:00+00:00,9805.98730144606,9859.790152935066,52.72044824202826,2.775071795070787,1.6926685480935202,10373.820984002186,0.24536027716250833,-0.057906834375809284
2026-07-17 06:00:00+00:00,9821.752214033071,9875.555065522076,52.72044824202826,2.775071795070787,1.6926685480935202,10373.820984002186,0.24373082594281759,-0.05620878616550037
2026-07-17 07:00:00+00:00,9818.232226844433,9872.035078333438,52.72044824202826,2.775071795070787,1.6926685480935202,10373.820984002186,0.24376803730614488,-0.05658745325239868
2026-07-17 08:00:00+00:00,9822.050644430052,9875.853495919057,52.72044824202826,2.775071795070787,1.6926685480935202,10373.820984002186,0.2434308293589458,-0.05617669461774119
2026-07-17 09:00:00+00:00,9830.6013033682,9885.910717649971,54.1573133356629,2.8447694942020862,1.6926685480935202,12767.159274966303,0.298716007391325,-0.298716007391325
2026-07-17 10:00:00+00:00,9815.179968366492,9870.489382648264,54.1573133356629,2.8447694942020862,1.6926685480935202,12767.159274966303,0.30075651349377136,-0.30075651349377136
2026-07-17 11:00:00+00:00,9808.791091072033,9864.100505353805,54.1573133356629,2.8447694942020862,1.6926685480935202,12767.159274966303,0.3016037508013581,-0.3016037508013581
2026-07-17 12:00:00+00:00,9809.47340709452,9864.782821376291,54.1573133356629,2.8447694942020862,1.6926685480935202,12767.159274966303,0.3015132153508559,-0.3015132153508559
2026-07-17 13:00:00+00:00,9828.937268419217,9884.487516963478,54.392038665736685,2.8508784266182388,1.6926685480935202,12375.715666179914,0.2966836053993279,-0.25911025049916664
2026-07-17 14:00:00+00:00,9809.521321660184,9865.071570204445,54.392038665736685,2.8508784266182388,1.6926685480935202,12375.715666179914,0.2990508665093127,-0.26160240243867705
2026-07-17 15:00:00+00:00,9816.024553863415,9871.574802407677,54.392038665736685,2.8508784266182388,1.6926685480935202,12375.715666179914,0.2984297073191811,-0.2607665759463744
2026-07-17 16:00:00+00:00,9798.166231550336,9853.581192108379,54.392038665736685,2.8508784266182388,1.8279565343124047,12375.850954166133,0.3008119299981021,-0.26307828033327185
2026-07-17 17:00:00+00:00,9772.048180076956,9828.348192361065,55.23663882856444,2.891329989857711,1.8279565343124047,10967.33941595705,0.3193154944050876,-0.12231737030493044
2026-07-17 18:00:00+00:00,9774.692798892884,9830.992811176993,55.23663882856444,2.891329989857711,1.8279565343124047,10967.33941595705,0.3196177472706577,-0.12201371865100981
2026-07-17 19:00:00+00:00,9795.825463597917,9852.125475882027,55.23663882856444,2.891329989857711,1.8279565343124047,10967.33941595705,0.3180798625033642,-0.11959318351603684
2026-07-17 20:00:00+00:00,9803.211772386614,9859.511784670724,55.23663882856444,2.891329989857711,1.8279565343124047,10967.33941595705,0.3167721912269237,-0.11874961702342458
2026-07-17 21:00:00+00:00,9804.378616955897,9860.783095905237,55.337508997038775,2.894926486614054,1.8279565343124047,10799.121598331352,0.29980445575795517,-0.10145905418780199
2026-07-17 22:00:00+00:00,9804.12198527256,9860.5264642219,55.337508997038775,2.894926486614054,1.8279565343124047,10799.121598331352,0.299627928768156,-0.10148788586611307
2026-07-17 23:00:00+00:00,9804.028629730752,9860.433108680092,55.337508997038775,2.894926486614054,1.8279565343124047,10799.121598331352,0.29967068583995754,-0.10149837441141062
2026-07-18 00:00:00+00:00,9806.836560319938,9863.180050712452,55.337508997038775,2.894926486614054,1.888945091139267,10799.182586888179,0.2991925667772854,-0.10118920820842821
2026-07-18 01:00:00+00:00,9806.13890798253,9862.912976586134,55.74588104256363,2.917132652180614,1.888945091139267,10652.515787532822,0.22982081020190184,-0.08631092089275966
2026-07-18 02:00:00+00:00,9803.260963682833,9860.035032286438,55.74588104256363,2.917132652180614,1.888945091139267,10652.515787532822,0.2300016575302577,-0.08662982929824475
2026-07-18 03:00:00+00:00,9803.150160927267,9859.924229530872,55.74588104256363,2.917132652180614,1.888945091139267,10652.515787532822,0.22998730973319362,-0.0866421112257262
2026-07-18 04:00:00+00:00,9801.738990335267,9858.513058938872,55.74588104256363,2.917132652180614,1.888945091139267,10652.515787532822,0.23000320783511113,-0.08679855666799947
2026-07-18 05:00:00+00:00,9803.608201533054,9860.74701786928,56.09386194672329,2.93389948064188,1.888945091139267,10818.404820002013,0.2396941592425453,-0.10351256370182854
2026-07-18 06:00:00+00:00,9802.52547224702,9859.664288583246,56.09386194672329,2.93389948064188,1.888945091139267,10818.404820002013,0.23971665478124202,-0.10363445120659542
2026-07-18 07:00:00+00:00,9803.977044328127,9861.115860664353,56.09386194672329,2.93389948064188,1.888945091139267,10818.404820002013,0.23959439767140028,-0.10347104762559194
2026-07-18 08:00:00+00:00,9803.56332681037,9860.702143146596,56.09386194672329,2.93389948064188,1.888945091139267,10818.404820002013,0.23967940136397686,-0.10351761490807092
2026-07-18 09:00:00+00:00,9803.603118313782,9860.993409781613,56.33423035973847,2.9450061992318095,1.888945091139267,10839.644266233196,0.19886349188019276,-0.10567962976632746
2026-07-18 10:00:00+00:00,9804.225118416878,9861.61540988471,56.33423035973847,2.9450061992318095,1.888945091139267,10839.644266233196,0.19883772749097053,-0.10560948318815329
2026-07-18 11:00:00+00:00,9803.899438492086,9861.289729959917,56.33423035973847,2.9450061992318095,1.888945091139267,10839.644266233196,0.1988021087418569,-0.10564621090201787
2026-07-18 12:00:00+00:00,9802.710856062626,9860.101147530457,56.33423035973847,2.9450061992318095,1.888945091139267,10839.644266233196,0.1989027513031901,-0.10578027092671662
2026-07-18 13:00:00+00:00,9801.58700706289,9859.132776843322,56.4815008604967,2.9532140110759237,1.888945091139267,10594.046161135384,0.17392175701056298,-0.08085008616476694
2026-07-18 14:00:00+00:00,9801.968345526866,9859.514115307298,56.4815008604967,2.9532140110759237,1.888945091139267,10594.046161135384,0.17389285495111917,-0.0808080364766719
2026-07-18 15:00:00+00:00,9804.530091640016,9862.075861420448,56.4815008604967,2.9532140110759237,1.888945091139267,10594.046161135384,0.17395774296341068,-0.08052564091455658
2026-07-18 16:00:00+00:00,9801.55747955955,9859.103249339982,56.4815008604967,2.9532140110759237,1.888945091139267,10594.046161135384,0.17377996027002093,-0.0808533422599942
2026-07-18 17:00:00+00:00,9801.056757910865,9858.790928800274,56.66163533972187,2.9614806408271557,1.888945091139267,10550.562546437443,0.14336592537503148,-0.07647193634723297
2026-07-18 18:00:00+00:00,9800.889774996935,9858.623945886344,56.66163533972187,2.9614806408271557,1.888945091139267,10550.562546437443,0.14336734580347005,-0.07649027676578908
2026-07-18 19:00:00+00:00,9801.218608443718,9858.952779333127,56.66163533972187,2.9614806408271557,1.888945091139267,10550.562546437443,0.14332697896428237,-0.07645416023556159
2026-07-18 20:00:00+00:00,9800.443005960593,9858.177176850002,56.66163533972187,2.9614806408271557,1.888945091139267,10550.562546437443,0.14336327976309804,-0.07653935031514693
2026-07-18 21:00:00+00:00,9800.32319946261,9858.165738027956,56.76465324357582,2.9668304129099585,1.888945091139267,10378.763022110326,0.12577904204620435,-0.05902252516319409
2026-07-18 22:00:00+00:00,9800.44683663757,9858.289375202916,56.76465324357582,2.9668304129099585,1.888945091139267,10378.763022110326,0.1258812298040685,-0.059009165103656835
2026-07-18 23:00:00+00:00,9801.22068323647,9859.063221801816,56.76465324357582,2.9668304129099585,1.888945091139267,10378.763022110326,0.12590069139092624,-0.05892555198370913
2026-07-19 00:00:00+00:00,9801.176404179227,9859.018942744573,56.76465324357582,2.9668304129099585,1.888945091139267,10378.763022110326,0.12598002115958312,-0.05893033592220796
2026-07-19 01:00:00+00:00,9799.27874997895,9857.263132228414,56.89921653270596,2.974110807897187,1.888945091139267,10343.003456215782,0.10315437025233762,-0.05548619649563485
2026-07-19 02:00:00+00:00,9799.182723870059,9857.167106119523,56.89921653270596,2.974110807897187,1.888945091139267,10343.003456215782,0.10313656357918148,-0.05549653962682177
2026-07-19 03:00:00+00:00,9798.824138566606,9856.80852081607,56.89921653270596,2.974110807897187,1.888945091139267,10343.003456215782,0.1032098432283247,-0.05553516523552784
2026-07-19 04:00:00+00:00,9799.806486057198,9857.790868306662,56.89921653270596,2.974110807897187,1.888945091139267,10343.003456215782,0.10312930165505083,-0.05542935678693491
2026-07-19 05:00:00+00:00,9799.264109481976,9857.408010908392,57.04966800304137,2.983178514514835,1.888945091139267,10092.100554186443,0.07757465217064445,-0.02988351384683197
2026-07-19 06:00:00+00:00,9799.461450832512,9857.605352258928,57.04966800304137,2.983178514514835,1.888945091139267,10092.100554186443,0.07766455482328131,-0.02986277407408648
2026-07-19 07:00:00+00:00,9799.507776807315,9857.651678233731,57.04966800304137,2.983178514514835,1.888945091139267,10092.100554186443,0.0776022283466654,-0.02985790552374605
2026-07-19 08:00:00+00:00,9799.197242947905,9857.34114437432,57.04966800304137,2.983178514514835,1.888945091139267,10092.100554186443,0.07761634544722974,-0.029890541436884497
2026-07-19 09:00:00+00:00,9798.766054113843,9856.971666792291,57.10890322551297,2.9856545440747806,1.888945091139267,10139.790244317795,0.06760481437064261,-0.03480276887116602
2026-07-19 10:00:00+00:00,9799.404564766732,9857.61017744518,57.10890322551297,2.9856545440747806,1.888945091139267,10139.790244317795,0.0674733423931499,-0.03473534308144638
2026-07-19 11:00:00+00:00,9798.98453076513,9857.190143443579,57.10890322551297,2.9856545440747806,1.888945091139267,10139.790244317795,0.06755447770841944,-0.0347796970678607
2026-07-19 12:00:00+00:00,9799.27246766589,9857.47808034434,57.10890322551297,2.9856545440747806,1.888945091139267,10139.790244317795,0.06749854188128743,-0.034749291620933376
2026-07-19 13:00:00+00:00,9799.247625702546,9857.47259948569,57.12738762740635,2.986531246877539,1.888945091139267,10108.96442342693,0.06434765308072134,-0.03160618136764139
2026-07-19 14:00:00+00:00,9799.2186274882,9857.443601271345,57.12738762740635,2.986531246877539,1.888945091139267,10108.96442342693,0.06436947402100678,-0.031609234135245134
2026-07-19 15:00:00+00:00,9799.708526366585,9857.93350014973,57.12738762740635,2.986531246877539,1.888945091139267,10108.96442342693,0.06436539744615101,-0.03155766278438576
2026-07-19 16:00:00+00:00,9799.97548849008,9858.200462273224,57.12738762740635,2.986531246877539,1.888945091139267,10108.96442342693,0.06432952459826999,-0.03152956201775747
2026-07-19 17:00:00+00:00,9800.271826668533,9858.547926991972,57.17689230272366,2.988153111855385,1.888945091139267,10117.682370772325,0.055839450972434486,-0.032387932673464626
2026-07-19 18:00:00+00:00,9800.657122656818,9858.933222980257,57.17689230272366,2.988153111855385,1.888945091139267,10117.682370772325,0.05585211550379102,-0.03234734611647819
2026-07-19 19:00:00+00:00,9800.64624156371,9858.92234188715,57.17689230272366,2.988153111855385,1.888945091139267,10117.682370772325,0.05582584942987277,-0.032348492272284216
2026-07-19 20:00:00+00:00,9800.56614605361,9858.84224637705,57.17689230272366,2.988153111855385,1.888945091139267,10117.682370772325,0.05580844676308666,-0.03235692918070949
2026-07-19 21:00:00+00:00,9800.457679403384,9858.771376880617,57.21233788954168,2.990304678830467,1.888945091139267,10058.570947155475,0.049799189100186124,-0.026336858562691474
2026-07-19 22:00:00+00:00,9800.428343375928,9858.742040853162,57.21233788954168,2.990304678830467,1.888945091139267,10058.570947155475,0.04984102744256945,-0.026339930739254325
2026-07-19 23:00:00+00:00,9798.777861326316,9857.09155880355,57.21233788954168,2.990304678830467,1.888945091139267,10058.570947155475,0.049991120207318246,-0.026512804913611288
2026-07-20 00:00:00+00:00,9797.927083151915,9856.240780629149,57.21233788954168,2.990304678830467,1.888945091139267,10058.570947155475,0.05014985276416968,-0.02660193955227037
2026-07-20 01:00:00+00:00,9799.056400300922,9857.424431530997,57.26427134967685,2.9927049715373792,1.888945091139267,10037.80348488201,0.041115428427080554,-0.02436429333887254
2026-07-20 02:00:00+00:00,9799.621762474784,9857.989793704859,57.26427134967685,2.9927049715373792,1.888945091139267,10037.80348488201,0.04110966944323172,-0.02430519546369464
2026-07-20 03:00:00+00:00,9798.900571906446,9857.268603136521,57.26427134967685,2.9927049715373792,1.888945091139267,10037.80348488201,0.04121847749847411,-0.02438058343611533
2026-07-20 04:00:00+00:00,9798.634300086716,9857.002331316791,57.26427134967685,2.9927049715373792,1.888945091139267,10037.80348488201,0.041217102190883745,-0.02440842034416742
2026-07-20 05:00:00+00:00,9799.272017251062,9859.520810059435,59.05717453902527,3.080563360486119,1.888945091139267,10883.73563868564,0.3150504069988807,-0.11066777404744388
2026-07-20 06:00:00+00:00,9806.313100589517,9866.561893397891,59.05717453902527,3.080563360486119,1.888945091139267,10883.73563868564,0.31324578476301473,-0.10987029753632413
2026-07-20 07:00:00+00:00,9809.966380171492,9870.215172979866,59.05717453902527,3.080563360486119,1.888945091139267,10883.73563868564,0.3128242350100041,-0.10945697639540503
2026-07-20 08:00:00+00:00,9803.884378965698,9864.133171774072,59.05717453902527,3.080563360486119,1.888945091139267,10883.73563868564,0.3146573049019142,-0.11014524631040844
2026-07-20 09:00:00+00:00,9806.142959894814,9866.698828902707,59.34640929738352,3.098404801649818,1.888945091139267,10401.388473330193,0.2648862893957419,-0.06070128855655224
2026-07-20 10:00:00+00:00,9802.11102521452,9862.666894222413,59.34640929738352,3.098404801649818,1.888945091139267,10401.388473330193,0.26575751214755694,-0.06113759031846472
2026-07-20 11:00:00+00:00,9803.48292181175,9864.038790819643,59.34640929738352,3.098404801649818,1.888945091139267,10401.388473330193,0.26599774695509276,-0.060989095027458404
2026-07-20 12:00:00+00:00,9794.965958533434,9855.521827541326,59.34640929738352,3.098404801649818,1.888945091139267,10401.388473330193,0.2683899578032868,-0.061911651083222
2026-07-20 13:00:00+00:00,9800.13453898824,9860.73135871914,59.386857754737555,3.098907067300168,1.888945091139267,10468.762120462898,0.26088238746755266,-0.06822636758859074
2026-07-20 14:00:00+00:00,9813.904012721365,9874.500832452264,59.386857754737555,3.098907067300168,1.888945091139267,10468.762120462898,0.2584125536449974,-0.06672758434285342
2026-07-20 15:00:00+00:00,9800.432293922908,9861.029113653807,59.386857754737555,3.098907067300168,1.888945091139267,10468.762120462898,0.2599704901534162,-0.06819391293120919
2026-07-20 16:00:00+00:00,9780.082848228407,9840.59595313852,59.386857754737555,3.098907067300168,1.9726599119263188,10468.845835283684,0.26347212289275557,-0.07042506671403517
2026-07-20 17:00:00+00:00,9774.488799589848,9835.689461534033,60.02798178231915,3.145340073791495,1.9726599119263188,9399.664665286768,0.22407135226830138,0.038347185411763816
2026-07-20 18:00:00+00:00,9774.292608901478,9835.493270845664,60.02798178231915,3.145340073791495,1.9726599119263188,9399.664665286768,0.22433033812522393,0.03832788300951173
2026-07-20 19:00:00+00:00,9773.820759128546,9835.021421072732,60.02798178231915,3.145340073791495,1.9726599119263188,9399.664665286768,0.22270345002919978,0.03828145646034327
2026-07-20 20:00:00+00:00,9771.576065568102,9832.776727512288,60.02798178231915,3.145340073791495,1.9726599119263188,9399.664665286768,0.22244622682272291,0.038060533713883855
2026-07-20 21:00:00+00:00,9767.792489841117,9829.048088088099,60.08156267095362,3.146695487954198,1.9726599119263188,9423.213244013845,0.21332097121859311,0.03527708498984258
2026-07-20 22:00:00+00:00,9768.504295367273,9829.759893614255,60.08156267095362,3.146695487954198,1.9726599119263188,9423.213244013845,0.2133575406222351,0.03534738184198601
2026-07-20 23:00:00+00:00,9768.020813848734,9829.276412095716,60.08156267095362,3.146695487954198,1.9726599119263188,9423.213244013845,0.21282460111631799,0.03529963504439248
2026-07-21 00:00:00+00:00,9768.096578611483,9829.252206369356,60.08156267095362,3.146695487954198,2.0726304010350445,9423.313214502954,0.21336411089350282,0.035296883208902514
2026-07-21 01:00:00+00:00,9767.475996025136,9828.936977067884,60.372247202879244,3.1613642409052063,2.0726304010350445,9463.144594093572,0.1643155633125787,0.031157629878528634
2026-07-21 02:00:00+00:00,9769.144237511242,9830.60521855399,60.372247202879244,3.1613642409052063,2.0726304010350445,9463.144594093572,0.16410294522349966,0.031323075591688274
2026-07-21 03:00:00+00:00,9769.715471626483,9831.176452669231,60.372247202879244,3.1613642409052063,2.0726304010350445,9463.144594093572,0.16454198607336873,0.03137971401759495
2026-07-21 04:00:00+00:00,9771.694771395,9833.155752437748,60.372247202879244,3.1613642409052063,2.0726304010350445,9463.144594093572,0.16495766419224078,0.031575912318163715
2026-07-21 05:00:00+00:00,9769.473720906724,9832.66317058439,62.02352685288149,3.238553225819775,2.0726304010350445,11033.886162966168,0.30093481779361686,-0.12942482657521204
2026-07-21 06:00:00+00:00,9767.231757883543,9830.421207561209,62.02352685288149,3.238553225819775,2.0726304010350445,11033.886162966168,0.3016712846304783,-0.12968407389947054
2026-07-21 07:00:00+00:00,9768.026642742976,9831.216092420642,62.02352685288149,3.238553225819775,2.0726304010350445,11033.886162966168,0.30218739097814834,-0.1295921445058347
2026-07-21 08:00:00+00:00,9762.490480352153,9825.679930029819,62.02352685288149,3.238553225819775,2.0726304010350445,11033.886162966168,0.3026227755752576,-0.13023271932226796
2026-07-21 09:00:00+00:00,9756.757956026298,9819.947405703964,62.02352685288149,3.238553225819775,2.0726304010350445,11033.886162966168,0.3036549345085149,-0.13089678074375571
2026-07-21 10:00:00+00:00,9756.768847831683,9819.958297509349,62.02352685288149,3.238553225819775,2.0726304010350445,11033.886162966168,0.30356454549838713,-0.1308955182860878
2026-07-21 11:00:00+00:00,9760.64444900261,9823.833898680276,62.02352685288149,3.238553225819775,2.0726304010350445,11033.886162966168,0.3030122822580821,-0.1304464803134659
2026-07-21 12:00:00+00:00,9760.089333049278,9823.278782726944,62.02352685288149,3.238553225819775,2.0726304010350445,11033.886162966168,0.302354818832838,-0.13051077571632494
2026-07-21 13:00:00+00:00,9758.112885814851,9821.835665848812,62.531963208866514,3.2634472261283998,2.0726304010350445,10664.14060225866,0.21632381306342346,-0.09284866111365452
2026-07-21 14:00:00+00:00,9737.109535920996,9800.832315954956,62.531963208866514,3.2634472261283998,2.0726304010350445,10664.14060225866,0.21927332436753882,-0.09520598108892284
2026-07-21 15:00:00+00:00,9731.191218921706,9795.287785202867,62.88877870186554,3.2804179803319737,2.0726304010350445,10069.09129843395,0.15910449463510018,-0.034723403528975814
2026-07-21 16:00:00+00:00,9732.284992682407,9796.435278304762,62.88877870186554,3.2804179803319737,2.018911059842504,10069.037579092757,0.15919851049900846,-0.03460159527423926
2026-07-21 17:00:00+00:00,9733.654901844979,9798.756723689792,63.7883049483275,3.332427956327943,2.018911059842504,9048.703234449342,0.27903741331810494,0.07036942179507587
2026-07-21 18:00:00+00:00,9727.385939394993,9792.487761239807,63.7883049483275,3.332427956327943,2.018911059842504,9048.703234449342,0.27818988020901536,0.06977030716927254
2026-07-21 19:00:00+00:00,9727.47378955855,9792.575611403363,63.7883049483275,3.332427956327943,2.018911059842504,9048.703234449342,0.27767440222901196,0.06977870820251379
2026-07-21 20:00:00+00:00,9721.106526888625,9786.208348733438,63.7883049483275,3.332427956327943,2.018911059842504,9048.703234449342,0.2780811653792976,0.06916941919928687
2026-07-21 21:00:00+00:00,9720.037892384218,9785.268088284052,63.91111256603776,3.3379943936373544,2.018911059842504,8843.901063981193,0.25661911850617736,0.09013718239611905
2026-07-21 22:00:00+00:00,9724.911666243275,9790.14186214311,63.91111256603776,3.3379943936373544,2.018911059842504,8843.901063981193,0.2567515230776901,0.09059317271952304
2026-07-21 23:00:00+00:00,9724.042423697825,9789.27261959766,63.91111256603776,3.3379943936373544,2.018911059842504,8843.901063981193,0.25646345827004297,0.09051187987124551
2026-07-22 00:00:00+00:00,9726.09311244997,9791.40610975994,63.91111256603776,3.3379943936373544,1.93610964970563,8843.818262571056,0.2568637330752971,0.09071215334650139
2026-07-22 01:00:00+00:00,9724.907162957092,9790.559093288057,64.23472284819496,3.3533171324737743,1.93610964970563,9249.379217356805,0.2014075749591484,0.048897941916773026
2026-07-22 02:00:00+00:00,9726.721174052414,9792.37310438338,64.23472284819496,3.3533171324737743,1.93610964970563,9249.379217356805,0.20136579339920127,0.04907532025992437
2026-07-22 03:00:00+00:00,9723.84293341477,9789.494863745735,64.23472284819496,3.3533171324737743,1.93610964970563,9249.379217356805,0.20109271601198647,0.04879384820455398
2026-07-22 04:00:00+00:00,9725.130935163847,9790.782865494812,64.23472284819496,3.3533171324737743,1.93610964970563,9249.379217356805,0.20101013194625306,0.04891982647625156
2026-07-22 05:00:00+00:00,9724.644019005944,9791.630924251971,65.49949088840584,3.423524007327565,1.93610964970563,7140.16771563179,0.27120088444323104,0.26576564636433225
2026-07-22 06:00:00+00:00,9715.730120122162,9782.717025368189,65.49949088840584,3.423524007327565,1.93610964970563,7140.16771563179,0.2705036571297298,0.26509200776956005
2026-07-22 07:00:00+00:00,9714.285151120112,9781.272056366139,65.49949088840584,3.423524007327565,1.93610964970563,7140.16771563179,0.27037989583815664,0.2649826925444444
2026-07-22 08:00:00+00:00,9713.784526017083,9780.77143126311,65.49949088840584,3.423524007327565,1.93610964970563,7140.16771563179,0.2703435971022531,0.26494481151936217
2026-07-22 09:00:00+00:00,9718.642876442393,9785.62978168842,65.49949088840584,3.423524007327565,1.93610964970563,7140.16771563179,0.2707232357376068,0.26531226567247623
2026-07-22 10:00:00+00:00,9717.764598250329,9784.751503496356,65.49949088840584,3.423524007327565,1.93610964970563,7140.16771563179,0.2706415812271652,0.2652458656060296
2026-07-22 11:00:00+00:00,9720.161441077296,9787.148346323323,65.49949088840584,3.423524007327565,1.93610964970563,7140.16771563179,0.2708360599249128,0.2654270447137308
2026-07-22 12:00:00+00:00,9712.085222039092,9779.072127285119,65.49949088840584,3.423524007327565,1.93610964970563,7140.16771563179,0.27022197725237146,0.26481620039443154
2026-07-22 13:00:00+00:00,9707.413565675444,9774.611292700036,65.7015081336783,3.432328540618983,1.93610964970563,7476.661107173946,0.2351909409405072,0.22979884841717688
2026-07-22 14:00:00+00:00,9723.919876212949,9791.11760323754,65.7015081336783,3.432328540618983,1.93610964970563,7476.661107173946,0.23652498151051254,0.23110626143026322
2026-07-22 15:00:00+00:00,9717.020043361452,9784.217770386043,65.7015081336783,3.432328540618983,1.93610964970563,7476.661107173946,0.23590785367708186,0.2305602876386051
2026-07-22 16:00:00+00:00,9734.55692517207,9801.86436112312,65.7015081336783,3.432328540618983,1.8264007232457937,7476.551398247487,0.23729445091897067,0.2319577094552426
2026-07-22 17:00:00+00:00,9737.873254412913,9805.585024137243,66.08274104106818,3.455429406508809,1.8264007232457937,7314.92566392833,0.25413012714739736,0.24881691588936775
2026-07-22 18:00:00+00:00,9730.080107339403,9797.791877063733,66.08274104106818,3.455429406508809,1.8264007232457937,7314.92566392833,0.25347784638508863,0.2482152681959237
2026-07-22 19:00:00+00:00,9726.837046416214,9794.548816140545,66.08274104106818,3.455429406508809,1.8264007232457937,7314.92566392833,0.2532101739785956,0.24796461285187626
2026-07-22 20:00:00+00:00,9714.148633897354,9781.860403621684,66.08274104106818,3.455429406508809,1.8264007232457937,7314.92566392833,0.2522669256366948,0.2469823203648517
2026-07-22 21:00:00+00:00,9699.248796207552,9767.12219311162,66.23803945818479,3.4617581691285997,1.8264007232457937,7573.60106070556,0.2244529965480999,0.21915591404698576
2026-07-22 22:00:00+00:00,9681.251289956537,9749.21821086234,66.32732830850158,3.4659933205466618,1.8264007232457937,7722.326522383238,0.20763874133463558,0.20234210526128113
2026-07-22 23:00:00+00:00,9683.362236566501,9751.480617994535,66.4690905159119,3.475691635368255,1.8264007232457937,7958.455105859698,0.1834254100287908,0.17813101364660056
2026-07-23 00:00:00+00:00,9685.15702373311,9753.27545316578,66.4690905159119,3.475691635368255,1.8263527186118802,7958.455057855063,0.18358010254492144,0.17828332175171033
2026-07-23 01:00:00+00:00,9694.778113563516,9763.143806388589,66.70306213929956,3.4889834043853827,1.8263527186118802,8348.173791877773,0.144214795303416,0.13889996304317398
2026-07-23 02:00:00+00:00,9690.431044221616,9758.796737046689,66.70306213929956,3.4889834043853827,1.8263527186118802,8348.173791877773,0.14382580867122532,0.13851367872270537
2026-07-23 03:00:00+00:00,9687.203029497427,9755.5687223225,66.70306213929956,3.4889834043853827,1.8263527186118802,8348.173791877773,0.14354251195119416,0.1382266102550267
2026-07-23 04:00:00+00:00,9686.946559407446,9755.31225223252,66.70306213929956,3.4889834043853827,1.8263527186118802,8348.173791877773,0.14352564634865494,0.1382037940768372
2026-07-23 05:00:00+00:00,9685.49222960075,9754.90329095948,67.69855076284654,3.538863314495156,1.8263527186118802,10006.326009165867,0.13347944666157144,-0.033125190951533386
2026-07-23 06:00:00+00:00,9687.267465710946,9756.678527069676,67.69855076284654,3.538863314495156,1.8263527186118802,10006.326009165867,0.13349218446174865,-0.03293586603077288
2026-07-23 07:00:00+00:00,9685.98909819988,9755.40015955861,67.69855076284654,3.538863314495156,1.8263527186118802,10006.326009165867,0.13364247531065057,-0.03307219404423254
2026-07-23 08:00:00+00:00,9688.191214527782,9757.602275886513,67.69855076284654,3.538863314495156,1.8263527186118802,10006.326009165867,0.13317386819631508,-0.032837377751280344
2026-07-23 09:00:00+00:00,9687.600983468345,9757.414287814048,68.08053210141912,3.55912496289541,1.8263527186118802,10642.579592114951,0.14665937222175815,-0.09857740944081561
2026-07-23 10:00:00+00:00,9690.241484388054,9760.054788733758,68.08053210141912,3.55912496289541,1.8263527186118802,10642.579592114951,0.1461908951460488,-0.09827805728693235
2026-07-23 11:00:00+00:00,9687.616848514801,9757.430152860505,68.08053210141912,3.55912496289541,1.8263527186118802,10642.579592114951,0.14648765860896362,-0.09857561034183086
2026-07-23 12:00:00+00:00,9692.709441373989,9762.522745719692,68.08053210141912,3.55912496289541,1.8263527186118802,10642.579592114951,0.1455687345121509,-0.09799841380639936
2026-07-23 13:00:00+00:00,9700.068781830754,9769.882086176458,68.08053210141912,3.55912496289541,1.8263527186118802,10642.579592114951,0.1441128177823339,-0.09716537392493729
2026-07-23 14:00:00+00:00,9717.141270197008,9786.954574542711,68.08053210141912,3.55912496289541,1.8263527186118802,10642.579592114951,0.14209352141000023,-0.0952377140750554
2026-07-23 15:00:00+00:00,9730.396741902252,9800.210046247956,68.08053210141912,3.55912496289541,1.8263527186118802,10642.579592114951,0.14006239905940665,-0.0937456996264647
2026-07-23 16:00:00+00:00,9728.50157976395,9798.17599518113,68.08053210141912,3.55912496289541,1.9652416471354641,10642.718481043474,0.13994223806374728,-0.09397304341103954
2026-07-23 17:00:00+00:00,9717.73507141355,9787.843727045458,68.49148867366941,3.58240860537431,1.9652416471354641,10867.367612989692,0.11830251937593879,-0.11830251937593879
2026-07-23 18:00:00+00:00,9716.993498808482,9787.10215444039,68.49148867366941,3.58240860537431,1.9652416471354641,10867.367612989692,0.1183878649627862,-0.1183878649627862
2026-07-23 19:00:00+00:00,9717.113351936321,9787.222007568229,68.49148867366941,3.58240860537431,1.9652416471354641,10867.367612989692,0.1183740705076946,-0.1183740705076946
2026-07-23 20:00:00+00:00,9723.649757625184,9793.758413257092,68.49148867366941,3.58240860537431,1.9652416471354641,10867.367612989692,0.1176222800978219,-0.1176222800978219
2026-07-23 21:00:00+00:00,9718.713625083901,9788.822280715809,68.49148867366941,3.58240860537431,1.9652416471354641,10867.367612989692,0.11818992021136698,-0.11818992021136698
2026-07-23 22:00:00+00:00,9719.306024444091,9789.414680075999,68.49148867366941,3.58240860537431,1.9652416471354641,10867.367612989692,0.11812176565468999,-0.11812176565468999
2026-07-23 23:00:00+00:00,9719.231455732915,9789.340111364823,68.49148867366941,3.58240860537431,1.9652416471354641,10867.367612989692,0.11813034420324924,-0.11813034420324924
2026-07-24 00:00:00+00:00,9721.104622630754,9790.960222922764,68.49148867366941,3.58240860537431,2.2182969870328004,10867.62066832959,0.11794092237519424,-0.11794092237519424
2026-07-24 01:00:00+00:00,9716.326308689788,9787.155214627739,69.4104409941022,3.636761930882198,2.2182969870328004,11780.487087879297,0.21244251310739007,-0.21244251310739007
2026-07-24 02:00:00+00:00,9718.720205017522,9789.549110955473,69.4104409941022,3.636761930882198,2.2182969870328004,11780.487087879297,0.21214386661706136,-0.21214386661706136
2026-07-24 03:00:00+00:00,9730.387567994392,9801.216473932343,69.4104409941022,3.636761930882198,2.2182969870328004,11780.487087879297,0.2106904278538894,-0.2106904278538894
2026-07-24 04:00:00+00:00,9726.406359371049,9797.235265309,69.4104409941022,3.636761930882198,2.2182969870328004,11780.487087879297,0.21118598715847547,-0.21118598715847547
2026-07-24 05:00:00+00:00,9723.508100521896,9795.512477810787,70.52385045156292,3.6988238243617566,2.2182969870328004,12610.868613213468,0.29694637808103397,-0.29694637808103397
2026-07-24 06:00:00+00:00,9724.679605584286,9796.683982873177,70.52385045156292,3.6988238243617566,2.2182969870328004,12610.868613213468,0.29679013856372416,-0.29679013856372416
2026-07-24 07:00:00+00:00,9723.572378474113,9795.576755763004,70.52385045156292,3.6988238243617566,2.2182969870328004,12610.868613213468,0.2969378045800538,-0.2969378045800538
2026-07-24 08:00:00+00:00,9710.58541266402,9782.589789952912,70.52385045156292,3.6988238243617566,2.2182969870328004,12610.868613213468,0.29867233305698077,-0.29867233305698077
2026-07-24 09:00:00+00:00,9710.106115453145,9782.110492742037,70.52385045156292,3.6988238243617566,2.2182969870328004,12610.868613213468,0.2987364363756957,-0.2987364363756957
2026-07-24 10:00:00+00:00,9706.465344408545,9778.469721697436,70.52385045156292,3.6988238243617566,2.2182969870328004,12610.868613213468,0.29922357580744047,-0.29922357580744047
2026-07-24 11:00:00+00:00,9719.872709691139,9791.87708698003,70.52385045156292,3.6988238243617566,2.2182969870328004,12610.868613213468,0.29743145716711705,-0.29743145716711705
2026-07-24 12:00:00+00:00,9716.052433823988,9788.05681111288,70.52385045156292,3.6988238243617566,2.2182969870328004,12610.868613213468,0.2979415970741272,-0.2979415970741272
2026-07-24 13:00:00+00:00,9731.12952571011,9803.133902999001,70.52385045156292,3.6988238243617566,2.2182969870328004,12610.868613213468,0.29593060907214824,-0.29593060907214824
2026-07-24 14:00:00+00:00,9761.31397595416,9833.31835324305,70.52385045156292,3.6988238243617566,2.2182969870328004,12610.868613213468,0.29192326404814456,-0.29192326404814456
2026-07-24 15:00:00+00:00,9754.524749605707,9826.529126894598,70.52385045156292,3.6988238243617566,2.2182969870328004,12610.868613213468,0.29282245285432473,-0.29282245285432473
2026-07-24 16:00:00+00:00,9734.991318491235,9806.858101234204,70.52385045156292,3.6988238243617566,2.355891532955502,12611.00620775939,0.2954306578379045,-0.2954306578379045
2026-07-24 17:00:00+00:00,9742.528555976864,9815.186068454603,71.26878206754998,3.7446219431451726,2.355891532955502,12592.847447563938,0.2925645919547708,-0.2925645919547708
2026-07-24 18:00:00+00:00,9736.86092999436,9809.5184424721,71.26878206754998,3.7446219431451726,2.355891532955502,12592.847447563938,0.2933169671522906,-0.2933169671522906
2026-07-24 19:00:00+00:00,9745.616159200046,9818.273671677785,71.26878206754998,3.7446219431451726,2.355891532955502,12592.847447563938,0.29215508202383395,-0.29215508202383395
2026-07-24 20:00:00+00:00,9739.192751136594,9811.850263614333,71.26878206754998,3.7446219431451726,2.355891532955502,12592.847447563938,0.2930073127564206,-0.2930073127564206
2026-07-24 21:00:00+00:00,9740.671066593657,9813.570503453248,71.49684040687062,3.758487985674264,2.355891532955502,12488.205577648878,0.2820682981974509,-0.2820682981974509
2026-07-24 22:00:00+00:00,9741.568978358597,9814.468415218187,71.49684040687062,3.758487985674264,2.355891532955502,12488.205577648878,0.2819501258362053,-0.2819501258362053
2026-07-24 23:00:00+00:00,9746.083217467278,9818.982654326868,71.49684040687062,3.758487985674264,2.355891532955502,12488.205577648878,0.2813563458258873,-0.2813563458258873
2026-07-25 00:00:00+00:00,9748.540377965375,9821.43000665021,71.49684040687062,3.758487985674264,2.3656997077117934,12488.215385823636,0.281034380700802,-0.281034380700802
2026-07-25 01:00:00+00:00,9750.227362844671,9823.116991529505,71.49684040687062,3.758487985674264,2.3656997077117934,12488.215385823636,0.2808127360611768,-0.2808127360611768
2026-07-25 02:00:00+00:00,9750.043659221972,9822.933287906806,71.49684040687062,3.758487985674264,2.3656997077117934,12488.215385823636,0.2808368682546149,-0.2808368682546149
2026-07-25 03:00:00+00:00,9748.299889585918,9821.189518270752,71.49684040687062,3.758487985674264,2.3656997077117934,12488.215385823636,0.28106598353265283,-0.28106598353265283
2026-07-25 04:00:00+00:00,9746.720979735004,9819.610608419838,71.49684040687062,3.758487985674264,2.3656997077117934,12488.215385823636,0.281273508474146,-0.281273508474146
2026-07-25 05:00:00+00:00,9745.65455475884,9818.572330313305,71.5239700423272,3.759505219849613,2.3656997077117934,12533.404315282485,0.2860505412807165,-0.2860505412807165
2026-07-25 06:00:00+00:00,9746.9740033365,9819.891778890966,71.5239700423272,3.759505219849613,2.3656997077117934,12533.404315282485,0.2858764485256818,-0.2858764485256818
2026-07-25 07:00:00+00:00,9746.40899412621,9819.326769680676,71.5239700423272,3.759505219849613,2.3656997077117934,12533.404315282485,0.2859509920870231,-0.2859509920870231
2026-07-25 08:00:00+00:00,9746.955708285666,9819.873483840132,71.5239700423272,3.759505219849613,2.3656997077117934,12533.404315282485,0.2858788621177504,-0.2858788621177504
2026-07-25 09:00:00+00:00,9747.888543929765,9820.937571605937,71.64681783280298,3.7679095510810163,2.3656997077117934,12738.027784951639,0.3067473768854183,-0.3067473768854183
2026-07-25 10:00:00+00:00,9750.53055990359,9823.579587579761,71.64681783280298,3.7679095510810163,2.3656997077117934,12738.027784951639,0.3063932989793726,-0.3063932989793726
2026-07-25 11:00:00+00:00,9749.431348415492,9822.480376091664,71.64681783280298,3.7679095510810163,2.3656997077117934,12738.027784951639,0.3065405898798254,-0.3065405898798254
2026-07-25 12:00:00+00:00,9748.637378990858,9821.68640666703,71.64681783280298,3.7679095510810163,2.3656997077117934,12738.027784951639,0.30664699995951966,-0.30664699995951966
2026-07-25 13:00:00+00:00,9746.086904886419,9819.251509109414,71.75735084318916,3.772953087519381,2.3656997077117934,12553.695567964292,0.28807547998266025,-0.28807547998266025
2026-07-25 14:00:00+00:00,9745.602515928269,9818.767120151264,71.75735084318916,3.772953087519381,2.3656997077117934,12553.695567964292,0.28813950163127,-0.28813950163127
2026-07-25 15:00:00+00:00,9743.766215389443,9816.930819612438,71.75735084318916,3.772953087519381,2.3656997077117934,12553.695567964292,0.2883822631270449,-0.2883822631270449
2026-07-25 16:00:00+00:00,9745.97972191144,9819.144326134436,71.75735084318916,3.772953087519381,2.3656997077117934,12553.695567964292,0.288089645799323,-0.288089645799323
2026-07-25 17:00:00+00:00,9744.93487428483,9818.32227024116,71.96881058872991,3.784285075311476,2.3656997077117934,12201.05119898416,0.25204030159099244,-0.25204030159099244
2026-07-25 18:00:00+00:00,9740.023827679048,9813.411223635378,71.96881058872991,3.784285075311476,2.3656997077117934,12201.05119898416,0.25267159658392224,-0.25267159658392224
2026-07-25 19:00:00+00:00,9737.643004313428,9811.030400269758,71.96881058872991,3.784285075311476,2.3656997077117934,12201.05119898416,0.2529778708851341,-0.2529778708851341
2026-07-25 20:00:00+00:00,9735.562261987165,9808.949657943494,71.96881058872991,3.784285075311476,2.3656997077117934,12201.05119898416,0.2532456647751697,-0.2532456647751697
2026-07-25 21:00:00+00:00,9735.185651629428,9808.818637924274,72.20092195209929,3.797764050459568,2.3656997077117934,11813.966815338468,0.21353277051897854,-0.21353277051897854
2026-07-25 22:00:00+00:00,9734.271385976157,9807.904372271003,72.20092195209929,3.797764050459568,2.3656997077117934,11813.966815338468,0.21364674836972997,-0.21364674836972997
2026-07-25 23:00:00+00:00,9732.840317877966,9806.473304172812,72.20092195209929,3.797764050459568,2.3656997077117934,11813.966815338468,0.21382519690965673,-0.21382519690965673
2026-07-26 00:00:00+00:00,9733.712671879719,9807.345658174565,72.20092195209929,3.797764050459568,2.3656997077117934,11813.966815338468,0.21371641156703894,-0.21371641156703894
2026-07-26 01:00:00+00:00,9730.324424402192,9804.126224266081,72.36113957909808,3.806359992504769,2.3656997077117934,11546.777219380136,0.18667957158987977,-0.18667957158987977
2026-07-26 02:00:00+00:00,9730.5689425001,9804.37074236399,72.36113957909808,3.806359992504769,2.3656997077117934,11546.777219380136,0.18664975168588577,-0.18664975168588577
2026-07-26 03:00:00+00:00,9730.553057117442,9804.354856981332,72.36113957909808,3.806359992504769,2.3656997077117934,11546.777219380136,0.1866516889226775,-0.1866516889226775
2026-07-26 04:00:00+00:00,9726.460896742925,9800.262696606815,72.36113957909808,3.806359992504769,2.3656997077117934,11546.777219380136,0.18715094235836346,-0.18715094235836346
2026-07-26 05:00:00+00:00,9726.537821588006,9800.686256405263,72.68840173287566,3.8257327920919213,2.3656997077117934,11001.013034263711,0.13103071576476188,-0.13103071576476188
2026-07-26 06:00:00+00:00,9727.628221563158,9801.776656380414,72.68840173287566,3.8257327920919213,2.3656997077117934,11001.013034263711,0.1309039350288748,-0.1309039350288748
2026-07-26 07:00:00+00:00,9726.385386651556,9800.533821468813,72.68840173287566,3.8257327920919213,2.3656997077117934,11001.013034263711,0.13104844162986262,-0.13104844162986262
2026-07-26 08:00:00+00:00,9727.65577950614,9801.804214323396,72.68840173287566,3.8257327920919213,2.3656997077117934,11001.013034263711,0.1309007312368344,-0.1309007312368344
2026-07-26 09:00:00+00:00,9727.03978785274,9801.25760323298,72.7538758746908,3.8296392132610158,2.3656997077117934,10891.823990429999,0.11974703794589778,-0.11974703794589778
2026-07-26 10:00:00+00:00,9727.261938195144,9801.479753575384,72.7538758746908,3.8296392132610158,2.3656997077117934,10891.823990429999,0.11972146526270425,-0.11972146526270425
2026-07-26 11:00:00+00:00,9725.039221611243,9799.257036991483,72.7538758746908,3.8296392132610158,2.3656997077117934,10891.823990429999,0.1199773843817407,-0.1199773843817407
2026-07-26 12:00:00+00:00,9724.638768133858,9798.856583514098,72.7538758746908,3.8296392132610158,2.3656997077117934,10891.823990429999,0.12002350422730622,-0.12002350422730622
2026-07-26 13:00:00+00:00,9724.815123629183,9799.202524508652,72.91484603348913,3.838254553691503,2.3656997077117934,10623.379422273965,0.09239911373342895,-0.09239911373342895
2026-07-26 14:00:00+00:00,9725.227058013817,9799.614458893286,72.91484603348913,3.838254553691503,2.3656997077117934,10623.379422273965,0.09235284265368889,-0.09235284265368889
2026-07-26 15:00:00+00:00,9724.387818605304,9798.775219484773,72.91484603348913,3.838254553691503,2.3656997077117934,10623.379422273965,0.09244711548305934,-0.09244711548305934
2026-07-26 16:00:00+00:00,9723.789717545387,9798.177118424856,72.91484603348913,3.838254553691503,2.3656997077117934,10623.379422273965,0.09251431086640827,-0.09251431086640827
2026-07-26 17:00:00+00:00,9722.960154021017,9797.488896302955,73.04811123707549,3.8463307525742696,2.3656997077117934,10401.137484426432,0.06975008841571244,-0.06975008841571244
2026-07-26 18:00:00+00:00,9723.006982981959,9797.535725263897,73.04811123707549,3.8463307525742696,2.3656997077117934,10401.137484426432,0.06974493617369562,-0.06974493617369562
2026-07-26 19:00:00+00:00,9723.14769956003,9797.676441841968,73.04811123707549,3.8463307525742696,2.3656997077117934,10401.137484426432,0.06972945447461226,-0.06972945447461226
2026-07-26 20:00:00+00:00,9724.044933581363,9798.573675863301,73.04811123707549,3.8463307525742696,2.3656997077117934,10401.137484426432,0.06963075093439501,-0.06963075093439501
2026-07-26 21:00:00+00:00,9724.202732864207,9798.731475146145,73.04811123707549,3.8463307525742696,2.3656997077117934,10401.137484426432,0.06961339352525381,-0.06961339352525381
2026-07-26 22:00:00+00:00,9723.387623269824,9797.916365551762,73.04811123707549,3.8463307525742696,2.3656997077117934,10401.137484426432,0.0697030589971163,-0.0697030589971163
2026-07-26 23:00:00+00:00,9719.695180833554,9794.223923115493,73.04811123707549,3.8463307525742696,2.3656997077117934,10401.137484426432,0.07010943151145584,-0.07010943151145584
2026-07-27 00:00:00+00:00,9717.530047222786,9792.058789504725,73.04811123707549,3.8463307525742696,2.3656997077117934,10401.137484426432,0.0703478593718387,-0.0703478593718387
2026-07-27 01:00:00+00:00,9720.18349638113,9794.83341362725,73.16238522861975,3.8532317252117205,2.3656997077117934,10210.566557861084,0.0504499798447762,-0.0504499798447762
2026-07-27 02:00:00+00:00,9720.56780418824,9795.21772143436,73.16238522861975,3.8532317252117205,2.3656997077117934,10210.566557861084,0.05040844974732045,-0.05040844974732045
2026-07-27 03:00:00+00:00,9719.960435813478,9794.610353059597,73.16238522861975,3.8532317252117205,2.3656997077117934,10210.566557861084,0.05047408631828933,-0.05047408631828933
2026-07-27 04:00:00+00:00,9719.659560909095,9794.309478155214,73.16238522861975,3.8532317252117205,2.3656997077117934,10210.566557861084,0.050506604050859764,-0.050506604050859764
2026-07-27 05:00:00+00:00,9720.043033210808,9795.56908677776,73.99564561604636,3.896107658617313,2.3656997077117934,9139.48199509852,0.11247547113330571,0.059728237429470775
2026-07-27 06:00:00+00:00,9721.565460331896,9797.091513898848,73.99564561604636,3.896107658617313,2.3656997077117934,9139.48199509852,0.11275331742372467,0.059875486886193714
2026-07-27 07:00:00+00:00,9721.743581961575,9797.269635528526,73.99564561604636,3.896107658617313,2.3656997077117934,9139.48199509852,0.11293017653379529,0.059892711832414944
2026-07-27 08:00:00+00:00,9719.978536421228,9795.504589988179,73.99564561604636,3.896107658617313,2.3656997077117934,9139.48199509852,0.1128042322976885,0.05972199826857223
2026-07-27 09:00:00+00:00,9721.349463605908,9797.085175160137,74.19128834729415,3.910122914648105,2.3656997077117934,8813.215133620959,0.14663846208651038,0.0934164884602448
2026-07-27 10:00:00+00:00,9720.917488399966,9796.653199954195,74.19128834729415,3.910122914648105,2.3656997077117934,8813.215133620959,0.14657377122349585,0.09337620197498586
2026-07-27 11:00:00+00:00,9720.15535266002,9795.89106421425,74.19128834729415,3.910122914648105,2.3656997077117934,8813.215133620959,0.14638638404868384,0.09330511562151807
2026-07-27 12:00:00+00:00,9718.005304070344,9793.741015624573,74.19128834729415,3.910122914648105,2.3656997077117934,8813.215133620959,0.14597996043691888,0.09310451498420337
2026-07-27 13:00:00+00:00,9718.373088512531,9794.155572625903,74.23506619768514,3.9131176233981018,2.3656997077117934,8740.208271785585,0.13865225010124238,0.1006510871539984
2026-07-27 14:00:00+00:00,9712.120574854513,9787.903058967884,74.23506619768514,3.9131176233981018,2.3656997077117934,8740.208271785585,0.1371948393576934,0.10007210017401237
2026-07-27 15:00:00+00:00,9703.0851017941,9778.867585907472,74.23506619768514,3.9131176233981018,2.3656997077117934,8740.208271785585,0.13634939272959962,0.09923409100374474
2026-07-27 16:00:00+00:00,9694.649345430213,9770.431829543584,74.23506619768514,3.9131176233981018,2.3656997077117934,8740.208271785585,0.13559548853180575,0.09845029352139742
2026-07-27 17:00:00+00:00,9696.305555271625,9772.505040059763,74.6339699388851,3.931214556965666,2.3656997077117934,9404.648936710983,0.0670726769189754,0.03007914889832205
2026-07-27 18:00:00+00:00,9697.204552152743,9773.404036940881,74.6339699388851,3.931214556965666,2.3656997077117934,9404.648936710983,0.06726244296810706,0.030169067164496785
2026-07-27 19:00:00+00:00,9698.339461720938,9774.538946509076,74.6339699388851,3.931214556965666,2.3656997077117934,9404.648936710983,0.0672851382403911,0.030282557768692635
2026-07-27 20:00:00+00:00,9697.842474508705,9774.041959296843,74.6339699388851,3.931214556965666,2.3656997077117934,9404.648936710983,0.06741265897730839,0.030232862471049372
2026-07-27 21:00:00+00:00,9698.245500859,9774.500324462233,74.68574690783552,3.934776403109037,2.3656997077117934,9378.666042102968,0.05856254023424282,0.0329522962403587
2026-07-27 22:00:00+00:00,9698.51012794952,9774.764951552752,74.68574690783552,3.934776403109037,2.3656997077117934,9378.666042102968,0.05855431979189178,0.03297868246018668
2026-07-27 23:00:00+00:00,9695.8598095481,9772.114633151332,74.68574690783552,3.934776403109037,2.3656997077117934,9378.666042102968,0.05820350100748982,0.03271435165891853
2026-07-28 00:00:00+00:00,9695.543739243607,9771.79856284684,74.68574690783552,3.934776403109037,2.3656997077117934,9378.666042102968,0.05819348073229815,0.03268281858788872
2026-07-28 01:00:00+00:00,9694.921773620328,9771.209254869846,74.71548452137051,3.93769643585992,2.3656997077117934,9428.198993714415,0.05287332205001315,0.027511596909596602
2026-07-28 02:00:00+00:00,9693.983704060713,9770.27118531023,74.71548452137051,3.93769643585992,2.3656997077117934,9428.198993714415,0.0527469191677752,0.027417490936668475
2026-07-28 03:00:00+00:00,9694.1035226673,9770.391003916817,74.71548452137051,3.93769643585992,2.3656997077117934,9428.198993714415,0.05267588743045331,0.02742951200501743
2026-07-28 04:00:00+00:00,9695.269983226866,9771.557464476384,74.71548452137051,3.93769643585992,2.3656997077117934,9428.198993714415,0.05283619088257927,0.02754652423031977
2026-07-28 05:00:00+00:00,9690.517638418034,9767.72522075072,75.59175851296084,3.98152352743868,2.3656997077117934,7966.866067072299,0.17786991734190977,0.17786991734190977
2026-07-28 06:00:00+00:00,9688.84463613941,9766.052218472098,75.59175851296084,3.98152352743868,2.3656997077117934,7966.866067072299,0.1777279576394617,0.1777279576394617
2026-07-28 07:00:00+00:00,9693.326666449317,9770.534248782003,75.59175851296084,3.98152352743868,2.3656997077117934,7966.866067072299,0.1781081623249806,0.1781081623249806
2026-07-28 08:00:00+00:00,9694.059113121544,9771.266695454231,75.59175851296084,3.98152352743868,2.3656997077117934,7966.866067072299,0.17817026138321929,0.17817026138321929
2026-07-28 09:00:00+00:00,9694.82002827488,9772.158780921332,75.71698889547734,3.9874634586867304,2.3656997077117934,8175.458140883966,0.16655322748691312,0.15671893680952356
2026-07-28 10:00:00+00:00,9692.47365073174,9769.812403378191,75.71698889547734,3.9874634586867304,2.3656997077117934,8175.458140883966,0.16634545534015205,0.15651479328326526
2026-07-28 11:00:00+00:00,9691.389056179225,9768.727808825677,75.71698889547734,3.9874634586867304,2.3656997077117934,8175.458140883966,0.1662437443731816,0.1564203961380234
2026-07-28 12:00:00+00:00,9693.914648906055,9771.253401552507,75.71698889547734,3.9874634586867304,2.3656997077117934,8175.458140883966,0.16649070784413691,0.15664017716448997
2026-07-28 13:00:00+00:00,9693.414121815622,9771.577906554816,76.49898383105833,4.030500615847943,2.3656997077117934,9478.001038583388,0.06318782191891217,0.022222622548172546
2026-07-28 14:00:00+00:00,9690.502111251606,9768.6658959908,76.49898383105833,4.030500615847943,2.3656997077117934,9478.001038583388,0.06257399893684189,0.0219287989650695
2026-07-28 15:00:00+00:00,9689.67426704893,9767.849635973074,76.5098151508939,4.031253480962881,2.3656997077117934,9496.042406989502,0.06091910041901338,0.01998331984367106
2026-07-28 16:00:00+00:00,9690.144676409274,9768.32004533342,76.5098151508939,4.031253480962881,2.3656997077117934,9496.042406989502,0.06162333373415961,0.020030894883573423
2026-07-28 17:00:00+00:00,9690.702548862097,9769.152541547553,76.7683483122151,4.04734408095437,2.3656997077117934,9926.67247603018,0.08992657488137532,-0.024350136223693218
2026-07-28 18:00:00+00:00,9690.829837316302,9769.279830001758,76.7683483122151,4.04734408095437,2.3656997077117934,9926.67247603018,0.0897613423737376,-0.024336681447622056
2026-07-28 19:00:00+00:00,9690.133022943955,9768.583015629412,76.7683483122151,4.04734408095437,2.3656997077117934,9926.67247603018,0.08964516203698208,-0.024410341171391084
2026-07-28 20:00:00+00:00,9692.210065720137,9770.660058405594,76.7683483122151,4.04734408095437,2.3656997077117934,9926.67247603018,0.08965856942477148,-0.024190809807073825
2026-07-28 21:00:00+00:00,9691.424841318862,9769.943218998687,76.83452933203955,4.049548055497508,2.3656997077117934,9954.31293711941,0.07834392864228516,-0.027125845797177164
2026-07-28 22:00:00+00:00,9691.93481289653,9770.453190576356,76.83452933203955,4.049548055497508,2.3656997077117934,9954.31293711941,0.07829143356791698,-0.02707180034617517
2026-07-28 23:00:00+00:00,9694.124303529474,9772.6426812093,76.83452933203955,4.049548055497508,2.3656997077117934,9954.31293711941,0.07797771329533268,-0.026839828482001754
2026-07-29 00:00:00+00:00,9691.015677514544,9769.510908767998,76.83452933203955,4.049548055497508,2.3888461340846914,9954.33608354578,0.07854651151326375,-0.02717160045899023
2026-07-29 01:00:00+00:00,9691.332171994447,9769.906120356603,76.90898288398243,4.053811612259695,2.3888461340846914,9830.172376755707,0.06562558798552959,-0.01432622495000988
2026-07-29 02:00:00+00:00,9693.876006155757,9772.449954517913,76.90898288398243,4.053811612259695,2.3888461340846914,9830.172376755707,0.06525419343613797,-0.01406004889204282
2026-07-29 03:00:00+00:00,9693.461808126054,9772.03575648821,76.90898288398243,4.053811612259695,2.3888461340846914,9830.172376755707,0.06539079087114102,-0.014103379302020698
2026-07-29 04:00:00+00:00,9694.860274087192,9773.434222449348,76.90898288398243,4.053811612259695,2.3888461340846914,9830.172376755707,0.06520137712853584,-0.013957096734048052
2026-07-29 05:00:00+00:00,9682.241074962862,9762.881253358099,78.87429010473231,4.1547344245892806,2.3888461340846914,12601.252126280271,0.3886984781756537,-0.3014809307801299
2026-07-29 06:00:00+00:00,9673.008150890757,9753.648329285994,78.87429010473231,4.1547344245892806,2.3888461340846914,12601.252126280271,0.3897429495118883,-0.30272319941339665
2026-07-29 07:00:00+00:00,9654.243356528052,9734.883534923289,78.87429010473231,4.1547344245892806,2.3888461340846914,12601.252126280271,0.39257984672654117,-0.3052552811152722
2026-07-29 08:00:00+00:00,9651.778599134508,9732.418777529745,78.87429010473231,4.1547344245892806,2.3888461340846914,12601.252126280271,0.39309934514135153,-0.3055886018158609
2026-07-29 09:00:00+00:00,9650.276499139776,9730.916677535013,78.87429010473231,4.1547344245892806,2.3888461340846914,12601.252126280271,0.39325984426770116,-0.30579182134351746
2026-07-29 10:00:00+00:00,9640.307673796342,9720.947852191579,78.87429010473231,4.1547344245892806,2.3888461340846914,12601.252126280271,0.39419298273207637,-0.3071421112971505
2026-07-29 11:00:00+00:00,9652.363500271418,9733.003678666655,78.87429010473231,4.1547344245892806,2.3888461340846914,12601.252126280271,0.39285874139285304,-0.3055094874872804
2026-07-29 12:00:00+00:00,9643.065288035628,9723.705466430865,78.87429010473231,4.1547344245892806,2.3888461340846914,12601.252126280271,0.39413002772498057,-0.30676830964889684
2026-07-29 13:00:00+00:00,9651.901160878082,9733.073136438737,79.37891357753963,4.18190811719925,2.3888461340846914,11998.695830014562,0.30534115750439006,-0.24314325540844842
2026-07-29 14:00:00+00:00,9672.12047957781,9753.292455138466,79.37891357753963,4.18190811719925,2.3888461340846914,11998.695830014562,0.30327128955290483,-0.24054449645754472
2026-07-29 15:00:00+00:00,9686.835368468683,9768.007344029338,79.37891357753963,4.18190811719925,2.3888461340846914,11998.695830014562,0.3008748632798984,-0.23866003432567293
2026-07-29 16:00:00+00:00,9697.30090236666,9778.164986621548,79.37891357753963,4.18190811719925,2.696737439851176,11999.003721320329,0.2996231688405268,-0.23735499621259873
2026-07-29 17:00:00+00:00,9682.525191418319,9763.621769790368,79.59966778074447,4.193648031156897,2.696737439851176,11991.428694353313,0.30088258480468993,-0.23846088259924075
2026-07-29 18:00:00+00:00,9674.333687120028,9755.430265492078,79.59966778074447,4.193648031156897,2.696737439851176,11991.428694353313,0.30234090532286473,-0.23950951891582586
2026-07-29 19:00:00+00:00,9636.345488957935,9717.442067329985,79.59966778074447,4.193648031156897,2.696737439851176,11991.428694353313,0.3074125043919765,-0.2443958872265439
2026-07-29 20:00:00+00:00,9711.423937721982,9792.520516094031,79.59966778074447,4.193648031156897,2.696737439851176,11991.428694353313,0.29645367631134856,-0.23477553562203501
2026-07-29 21:00:00+00:00,9738.561392364581,9820.021000789116,79.94452967811677,4.21181618627043,2.696737439851176,11579.833888229023,0.23388972891712048,-0.1890702765716579
2026-07-29 22:00:00+00:00,9746.559000642348,9828.018609066883,79.94452967811677,4.21181618627043,2.696737439851176,11579.833888229023,0.23291818673200745,-0.18809457650293315
2026-07-29 23:00:00+00:00,9718.969205111045,9800.42881353558,79.94452967811677,4.21181618627043,2.696737439851176,11579.833888229023,0.23641152119997255,-0.19146728874697733
2026-07-30 00:00:00+00:00,9719.134437387554,9800.484692059199,79.94452967811677,4.21181618627043,2.80609119274318,11579.943241981915,0.23651033739359517,-0.19145828433406625
2026-07-30 01:00:00+00:00,9718.47319541013,9799.944365870346,80.06016336436907,4.217098288589535,2.80609119274318,11387.104797875147,0.2167188989128798,-0.17169688786640722
2026-07-30 02:00:00+00:00,9704.065850917717,9785.537021377933,80.06016336436907,4.217098288589535,2.80609119274318,11387.104797875147,0.21831842956818706,-0.17343647217709918
2026-07-30 03:00:00+00:00,9713.951268661898,9795.422439122114,80.06016336436907,4.217098288589535,2.80609119274318,11387.104797875147,0.21717267452564754,-0.1722423227107382
2026-07-30 04:00:00+00:00,9714.667137383396,9796.138307843612,80.06016336436907,4.217098288589535,2.80609119274318,11387.104797875147,0.2170472117731954,-0.17215594078936336
2026-07-30 05:00:00+00:00,9724.534075105179,9806.756142532091,80.777098347932,4.251060271723156,2.80609119274318,12581.279502163085,0.29376681751480294,-0.29376681751480294
2026-07-30 06:00:00+00:00,9722.06626246158,9804.288329888492,80.777098347932,4.251060271723156,2.80609119274318,12581.279502163085,0.29409522240569114,-0.29409522240569114
2026-07-30 07:00:00+00:00,9723.679873956957,9805.901941383869,80.777098347932,4.251060271723156,2.80609119274318,12581.279502163085,0.29388047171931986,-0.29388047171931986
2026-07-30 08:00:00+00:00,9727.768080007267,9809.990147434179,80.777098347932,4.251060271723156,2.80609119274318,12581.279502163085,0.2933367036186255,-0.2933367036186255
2026-07-30 09:00:00+00:00,9711.526956658548,9794.102227434661,81.12191725789614,4.259444710959321,2.80609119274318,12579.463689945656,0.3322473267913374,-0.29531264713431643
2026-07-30 10:00:00+00:00,9705.045186422127,9787.62045719824,81.12191725789614,4.259444710959321,2.80609119274318,12579.463689945656,0.3330913169942368,-0.29617775582796807
2026-07-30 11:00:00+00:00,9696.192100018085,9778.767370794198,81.12191725789614,4.259444710959321,2.80609119274318,12579.463689945656,0.3341535504175334,-0.29736122801467546
2026-07-30 12:00:00+00:00,9693.015067645509,9775.590338421622,81.12191725789614,4.259444710959321,2.80609119274318,12579.463689945656,0.33449915320135853,-0.2977864577900922
2026-07-30 13:00:00+00:00,9688.864273941705,9771.439544717818,81.12191725789614,4.259444710959321,2.80609119274318,12579.463689945656,0.3349671270573317,-0.2983424407934218
2026-07-30 14:00:00+00:00,9679.71045983191,9762.285730608022,81.12191725789614,4.259444710959321,2.80609119274318,12579.463689945656,0.3359115018627229,-0.2995702446004879
2026-07-30 15:00:00+00:00,9696.012792289945,9778.588063066058,81.12191725789614,4.259444710959321,2.80609119274318,12579.463689945656,0.3336741044622826,-0.29738522003070866
2026-07-30 16:00:00+00:00,9697.21599779013,9779.156140896706,81.12191725789614,4.259444710959321,3.441218862278321,12580.098817615193,0.33351629691803414,-0.2972897397028214
2026-07-30 17:00:00+00:00,9690.128152070676,9772.95601908463,81.97016426844138,4.29892160779218,3.441218862278321,12665.684892882124,0.33349186382958756,-0.3070709379808978
2026-07-30 18:00:00+00:00,9685.664836686472,9768.492703700425,81.97016426844138,4.29892160779218,3.441218862278321,12665.684892882124,0.3342345398058687,-0.3076732579996167
2026-07-30 19:00:00+00:00,9683.601729777047,9766.429596791,81.97016426844138,4.29892160779218,3.441218862278321,12665.684892882124,0.3345554314942537,-0.3079518598885764
2026-07-30 20:00:00+00:00,9673.37631846646,9756.204185480414,81.97016426844138,4.29892160779218,3.441218862278321,12665.684892882124,0.33596614661114155,-0.30933445323566605
2026-07-30 21:00:00+00:00,9660.481804798834,9743.309671812787,81.97016426844138,4.29892160779218,3.441218862278321,12665.684892882124,0.3365112996267923,-0.3110821125495478
2026-07-30 22:00:00+00:00,9657.174155717421,9740.211634661322,82.16595737016021,4.312740436019632,3.441218862278321,12584.821800321557,0.30315779723935643,-0.30315779723935643
2026-07-30 23:00:00+00:00,9647.693428077233,9730.730907021134,82.16595737016021,4.312740436019632,3.441218862278321,12584.821800321557,0.3044384022088155,-0.3044384022088155
2026-07-31 00:00:00+00:00,9648.300771825157,9730.620201591968,82.16595737016021,4.312740436019632,4.159268039370111,12585.539849498648,0.3044307124266665,-0.3044307124266665
2026-07-31 01:00:00+00:00,9635.321018967728,9717.640448734539,82.16595737016021,4.312740436019632,4.159268039370111,12585.539849498648,0.3061879126521296,-0.3061879126521296
2026-07-31 02:00:00+00:00,9635.513804140091,9717.833233906902,82.16595737016021,4.312740436019632,4.159268039370111,12585.539849498648,0.30616177874095496,-0.30616177874095496
2026-07-31 03:00:00+00:00,9636.646895163718,9718.966324930529,82.16595737016021,4.312740436019632,4.159268039370111,12585.539849498648,0.30600819833036247,-0.30600819833036247
2026-07-31 04:00:00+00:00,9634.19829229154,9716.51772205835,82.16595737016021,4.312740436019632,4.159268039370111,12585.539849498648,0.3063401299896972,-0.3063401299896972
2026-07-31 05:00:00+00:00,9630.81613895509,9713.182841686685,82.21152195349532,4.3144488174698505,4.159268039370111,12509.553312690135,0.298908953530015,-0.298908953530015
2026-07-31 06:00:00+00:00,9626.230114684868,9708.596817416463,82.21152195349532,4.3144488174698505,4.159268039370111,12509.553312690135,0.29952776566256634,-0.29952776566256634
2026-07-31 07:00:00+00:00,9630.704501596436,9713.071204328031,82.21152195349532,4.3144488174698505,4.159268039370111,12509.553312690135,0.2989240102441608,-0.2989240102441608
2026-07-31 08:00:00+00:00,9628.114417092314,9710.48111982391,82.21152195349532,4.3144488174698505,4.159268039370111,12509.553312690135,0.2992734372248991,-0.2992734372248991
2026-07-31 09:00:00+00:00,9614.90672673425,9697.47926336388,82.40452245519995,4.327282213801096,4.159268039370111,12187.692809347365,0.26758305158171547,-0.26758305158171547
2026-07-31 10:00:00+00:00,9628.872263136132,9711.444799765763,82.40452245519995,4.327282213801096,4.159268039370111,12187.692809347365,0.2657445728102143,-0.2657445728102143
2026-07-31 11:00:00+00:00,9632.20257022464,9714.77510685427,82.40452245519995,4.327282213801096,4.159268039370111,12187.692809347365,0.26530694516561937,-0.26530694516561937
2026-07-31 12:00:00+00:00,9643.48967428882,9726.06221091845,82.40452245519995,4.327282213801096,4.159268039370111,12187.692809347365,0.263825982190018,-0.263825982190018
2026-07-31 13:00:00+00:00,9649.502327887527,9732.186248124217,82.51132124122141,4.331867034838279,4.159268039370111,12009.588033858936,0.24458108053413788,-0.24458108053413788
2026-07-31 14:00:00+00:00,9662.404722093599,9745.088642330289,82.51132124122141,4.331867034838279,4.159268039370111,12009.588033858936,0.2429191675648173,-0.2429191675648173
2026-07-31 15:00:00+00:00,9650.906663405662,9733.590583642352,82.51132124122141,4.331867034838279,4.159268039370111,12009.588033858936,0.24439997740284117,-0.24439997740284117
2026-07-31 16:00:00+00:00,9663.058323473648,9745.352612253208,82.70066748165314,4.340847600216365,4.747226302310268,11694.409578495217,0.21021825461686186,-0.21021825461686186
2026-07-31 17:00:00+00:00,9631.090398662076,9714.53426199169,83.79057244979992,4.400517182123786,4.747226302310268,12344.99840337149,0.32318406615004625,-0.2817861625602042
2026-07-31 18:00:00+00:00,9594.215958992561,9677.659822322175,83.79057244979992,4.400517182123786,4.747226302310268,12344.99840337149,0.3288757208289926,-0.2867125835124285
2026-07-31 19:00:00+00:00,9567.73106483922,9651.174928168834,83.79057244979992,4.400517182123786,4.747226302310268,12344.99840337149,0.33284790279779464,-0.2902743941809302
2026-07-31 20:00:00+00:00,9601.359588629693,9684.803451959307,83.79057244979992,4.400517182123786,4.747226302310268,12344.99840337149,0.3284110171300098,-0.2857552401215054
2026-07-31 21:00:00+00:00,9602.04373992577,9685.487603255384,83.79057244979992,4.400517182123786,4.747226302310268,12344.99840337149,0.3277447604907189,-0.2856636293001229
2026-07-31 22:00:00+00:00,9606.48640850862,9689.930271838233,83.79057244979992,4.400517182123786,4.747226302310268,12344.99840337149,0.3269606820128309,-0.2850690542212526
2026-07-31 23:00:00+00:00,9606.056258057803,9689.500121387417,83.79057244979992,4.400517182123786,4.747226302310268,12344.99840337149,0.32700649810833954,-0.2851265984431638
2026-08-01 00:00:00+00:00,9612.08910972119,9694.755287914102,83.79057244979992,4.400517182123786,5.52491143901112,12345.776088508192,0.3262817246845808,-0.2844009192572182
2026-08-01 01:00:00+00:00,9603.798444185391,9687.026502821636,84.30549218257849,4.44747789267821,5.52491143901112,11761.562416153269,0.4034948140146499,-0.2246781817119759
2026-08-01 02:00:00+00:00,9603.741167110034,9686.96922574628,84.30549218257849,4.44747789267821,5.52491143901112,11761.562416153269,0.4036534831100836,-0.2246854857389465
2026-08-01 03:00:00+00:00,9600.538617317608,9683.766675953853,84.30549218257849,4.44747789267821,5.52491143901112,11761.562416153269,0.40414693935966484,-0.2250940165937741
2026-08-01 04:00:00+00:00,9603.226269224357,9686.454327860602,84.30549218257849,4.44747789267821,5.52491143901112,11761.562416153269,0.40343770507097143,-0.2247511499177911
2026-08-01 05:00:00+00:00,9602.183101556102,9685.785728281142,84.6626698084504,4.464868355600787,5.52491143901112,11165.909195407532,0.341526460014362,-0.1628511013915176
2026-08-01 06:00:00+00:00,9602.717733217725,9686.320359942765,84.6626698084504,4.464868355600787,5.52491143901112,11165.909195407532,0.34128448781880283,-0.16278635961384294
2026-08-01 07:00:00+00:00,9599.862710919508,9683.465337644548,84.6626698084504,4.464868355600787,5.52491143901112,11165.909195407532,0.3421250494269977,-0.163132175078577
2026-08-01 08:00:00+00:00,9601.846375101226,9685.449001826266,84.6626698084504,4.464868355600787,5.52491143901112,11165.909195407532,0.341680461353578,-0.162891881332544
2026-08-01 09:00:00+00:00,9599.734574439339,9683.337201164379,84.6626698084504,4.464868355600787,5.52491143901112,11165.909195407532,0.34182340590482113,-0.16314770047271482
2026-08-01 10:00:00+00:00,9598.085832073502,9681.688458798542,84.6626698084504,4.464868355600787,5.52491143901112,11165.909195407532,0.3419810542312675,-0.1633475039465582
2026-08-01 11:00:00+00:00,9599.9279031051,9683.53052983014,84.6626698084504,4.464868355600787,5.52491143901112,11165.909195407532,0.3419114170799483,-0.1631242763600252
2026-08-01 12:00:00+00:00,9601.02320191201,9684.62582863705,84.6626698084504,4.464868355600787,5.52491143901112,11165.909195407532,0.34175043511724396,-0.16299158543683973
2026-08-01 13:00:00+00:00,9599.751880808635,9683.608145123862,84.90374259235598,4.477433161883004,5.52491143901112,10851.652133398862,0.299899558130464,-0.1304096468464947
2026-08-01 14:00:00+00:00,9599.646795790133,9683.50306010536,84.90374259235598,4.477433161883004,5.52491143901112,10851.652133398862,0.29991521941688903,-0.13042202116829837
2026-08-01 15:00:00+00:00,9598.230391869165,9682.086656184392,84.90374259235598,4.477433161883004,5.52491143901112,10851.652133398862,0.30000228532576634,-0.1305888367288509
2026-08-01 16:00:00+00:00,9600.03922542572,9683.895489740948,84.90374259235598,4.477433161883004,5.52491143901112,10851.652133398862,0.299879084108914,-0.13037581186733518
2026-08-01 17:00:00+00:00,9601.614532543515,9685.72411085257,85.1518720641613,4.48261768390475,5.52491143901112,10583.7521282781,0.27187202221129536,-0.10228879657746597
2026-08-01 18:00:00+00:00,9605.624645370392,9689.734223679447,85.1518720641613,4.48261768390475,5.52491143901112,10583.7521282781,0.2711878738212836,-0.10182861802528732
2026-08-01 19:00:00+00:00,9611.611636792946,9695.721215102001,85.1518720641613,4.48261768390475,5.52491143901112,10583.7521282781,0.27011314300506817,-0.10114229831798756
2026-08-01 20:00:00+00:00,9613.536330911606,9697.64590922066,85.1518720641613,4.48261768390475,5.52491143901112,10583.7521282781,0.2698442032057272,-0.10092184228261959
2026-08-01 21:00:00+00:00,9611.419586362492,9695.699009899436,85.31339098687653,4.490943989080388,5.52491143901112,10364.970992491304,0.24195917468789505,-0.07840167618922965
2026-08-01 22:00:00+00:00,9608.227791091387,9692.507214628331,85.31339098687653,4.490943989080388,5.52491143901112,10364.970992491304,0.24278757130484585,-0.0787599147161726
2026-08-01 23:00:00+00:00,9610.068589868282,9694.348013405226,85.31339098687653,4.490943989080388,5.52491143901112,10364.970992491304,0.24237529052874257,-0.07855327936149196
2026-08-02 00:00:00+00:00,9608.842052753229,9693.121476290173,85.31339098687653,4.490943989080388,5.52491143901112,10364.970992491304,0.24248819613270206,-0.0786909531436643
2026-08-02 01:00:00+00:00,9607.89709899646,9692.295199947635,85.43061282945852,4.492399560727633,5.52491143901112,10169.484033012062,0.22239681916918813,-0.05845055668573502
2026-08-02 02:00:00+00:00,9605.548253540033,9689.946354491209,85.43061282945852,4.492399560727633,5.52491143901112,10169.484033012062,0.22290078535728783,-0.05870937968212228
2026-08-02 03:00:00+00:00,9600.591540066833,9684.989641018008,85.43061282945852,4.492399560727633,5.52491143901112,10169.484033012062,0.22460330270666934,-0.05925598340175496
2026-08-02 04:00:00+00:00,9598.803674214669,9683.201775165844,85.43061282945852,4.492399560727633,5.52491143901112,10169.484033012062,0.2248612156317403,-0.059453279613418564
2026-08-02 05:00:00+00:00,9598.044282914447,9682.763859585835,85.73964176962106,4.504846340778895,5.52491143901112,9654.12677046766,0.17213621333564727,-0.005843116149510223
2026-08-02 06:00:00+00:00,9598.093647089863,9682.813223761252,85.73964176962106,4.504846340778895,5.52491143901112,9654.12677046766,0.17217596483437297,-0.005837942974726641
2026-08-02 07:00:00+00:00,9597.50504812274,9682.22462479413,85.73964176962106,4.504846340778895,5.52491143901112,9654.12677046766,0.17221952163765655,-0.005899629337105056
2026-08-02 08:00:00+00:00,9599.047362953193,9683.766939624582,85.73964176962106,4.504846340778895,5.52491143901112,9654.12677046766,0.17222854705024035,-0.005738007682620772
2026-08-02 09:00:00+00:00,9600.435634653077,9685.214317451866,85.79802296377683,4.50557127402575,5.52491143901112,9556.766399013892,0.16203505186256614,0.004548672299990153
2026-08-02 10:00:00+00:00,9600.775255873541,9685.55393867233,85.79802296377683,4.50557127402575,5.52491143901112,9556.766399013892,0.1620688992383313,0.004583885747427172
2026-08-02 11:00:00+00:00,9599.241151119722,9684.019833918512,85.79802296377683,4.50557127402575,5.52491143901112,9556.766399013892,0.16218473380837778,0.004424803110699572
2026-08-02 12:00:00+00:00,9601.21904929189,9685.99773209068,85.79802296377683,4.50557127402575,5.52491143901112,9556.766399013892,0.1617853785484948,0.004629896479788955
2026-08-02 13:00:00+00:00,9602.58186308985,9687.545644113721,85.9692801956364,4.51941226724626,5.52491143901112,9663.760121892341,0.13202277333728743,-0.006371021843369718
2026-08-02 14:00:00+00:00,9601.80714483559,9686.77092585946,85.9692801956364,4.51941226724626,5.52491143901112,9663.760121892341,0.1321106040747965,-0.006452220516642365
2026-08-02 15:00:00+00:00,9601.950066651258,9686.913847675129,85.9692801956364,4.51941226724626,5.52491143901112,9663.760121892341,0.132117178537282,-0.006437239811916644
2026-08-02 16:00:00+00:00,9602.206365701753,9687.170146725624,85.9692801956364,4.51941226724626,5.52491143901112,9663.760121892341,0.13234109565189847,-0.006410376307934023
2026-08-02 17:00:00+00:00,9601.66959924738,9686.824290308547,86.15508394632765,4.5245185538510135,5.52491143901112,9412.056106900345,0.1005428909005827,0.01974797095308271
2026-08-02 18:00:00+00:00,9602.36772646756,9687.522417528728,86.15508394632765,4.5245185538510135,5.52491143901112,9412.056106900345,0.10056396940896606,0.01981923885737555
2026-08-02 19:00:00+00:00,9601.988277947843,9687.14296900901,86.15508394632765,4.5245185538510135,5.52491143901112,9412.056106900345,0.10060439267352454,0.019780504365299087
2026-08-02 20:00:00+00:00,9602.83059373523,9687.985284796398,86.15508394632765,4.5245185538510135,5.52491143901112,9412.056106900345,0.1006950552357794,0.019866484675814696
2026-08-02 21:00:00+00:00,9602.80124841028,9688.114512483078,86.30212150850514,4.536054003306125,5.52491143901112,9473.19183803686,0.07518185090748405,0.013497041854831216
2026-08-02 22:00:00+00:00,9603.137169360045,9688.450433432843,86.30212150850514,4.536054003306125,5.52491143901112,9473.19183803686,0.07530898679237173,0.01353155005822376
2026-08-02 23:00:00+00:00,9604.893913550728,9690.207177623526,86.30212150850514,4.536054003306125,5.52491143901112,9473.19183803686,0.07537953157138695,0.013711976071704414
2026-08-03 00:00:00+00:00,9605.094624219575,9690.407888292373,86.30212150850514,4.536054003306125,5.52491143901112,9473.19183803686,0.07550418134737433,0.013732585814419482
2026-08-03 01:00:00+00:00,9602.918798757188,9688.232062829986,86.30212150850514,4.536054003306125,5.52491143901112,9473.19183803686,0.07573605178358313,0.013509117742109378
2026-08-03 02:00:00+00:00,9604.00193514854,9689.315199221339,86.30212150850514,4.536054003306125,5.52491143901112,9473.19183803686,0.07573415078670244,0.01362037388111555
2026-08-03 03:00:00+00:00,9605.501080730412,9690.81434480321,86.30212150850514,4.536054003306125,5.52491143901112,9473.19183803686,0.07594465418099683,0.013774319692595441
2026-08-03 04:00:00+00:00,9604.631669226806,9689.944933299605,86.30212150850514,4.536054003306125,5.52491143901112,9473.19183803686,0.07569647501140117,0.013685046518866432
2026-08-03 05:00:00+00:00,9603.631306093204,9689.681665246158,87.00469426354981,4.570576328417122,5.52491143901112,9874.669040468969,0.17938738313897074,-0.028222421887833176
2026-08-03 06:00:00+00:00,9601.701983501021,9687.752342653976,87.00469426354981,4.570576328417122,5.52491143901112,9874.669040468969,0.17906785899625952,-0.028429028253219777
2026-08-03 07:00:00+00:00,9601.604254458505,9687.65461361146,87.00469426354981,4.570576328417122,5.52491143901112,9874.669040468969,0.1789407214562906,-0.028439496023142868
2026-08-03 08:00:00+00:00,9601.95708292903,9688.007442081984,87.00469426354981,4.570576328417122,5.52491143901112,9874.669040468969,0.1789853201379914,-0.028401705525718697
2026-08-03 09:00:00+00:00,9604.298622698414,9690.505101301445,87.15387997637376,4.577510065669397,5.52491143901112,9625.877000049546,0.18852928059602397,-0.002246741610067737
2026-08-03 10:00:00+00:00,9605.766557349862,9691.973035952893,87.15387997637376,4.577510065669397,5.52491143901112,9625.877000049546,0.18876119244724993,-0.002093580203060046
2026-08-03 11:00:00+00:00,9605.291140382493,9691.497618985524,87.15387997637376,4.577510065669397,5.52491143901112,9625.877000049546,0.18923167042778175,-0.0021431791463879524
2026-08-03 12:00:00+00:00,9602.342151077666,9688.548629680698,87.15387997637376,4.577510065669397,5.52491143901112,9625.877000049546,0.18976139305189174,-0.002450948799948593
2026-08-03 13:00:00+00:00,9606.712925951508,9693.056177287868,87.2873367498372,4.580826025533618,5.52491143901112,9403.315587503683,0.16675249929010216,0.021172417664149058
2026-08-03 14:00:00+00:00,9632.054205530547,9718.397456866907,87.2873367498372,4.580826025533618,5.52491143901112,9403.315587503683,0.16831616755484294,0.023747646467305636
2026-08-03 15:00:00+00:00,9628.764498090191,9715.118838694323,87.29829000837975,4.58096203476388,5.52491143901112,9385.049203340886,0.16668537250345877,0.02531116996346149
2026-08-03 16:00:00+00:00,9635.698430329008,9721.88661780626,87.29829000837975,4.58096203476388,5.691064565892427,9385.215356467766,0.16656761843295764,0.025995321010963694
2026-08-03 17:00:00+00:00,9627.562681024276,9714.693991601565,88.18385579460124,4.638519348579545,5.691064565892427,10545.106722461578,0.2671091525448227,-0.09530387615608696
2026-08-03 18:00:00+00:00,9620.2202821027,9707.35159267999,88.18385579460124,4.638519348579545,5.691064565892427,10545.106722461578,0.2678929037078684,-0.0961398401738805
2026-08-03 19:00:00+00:00,9626.54545229739,9713.67676287468,88.18385579460124,4.638519348579545,5.691064565892427,10545.106722461578,0.2674219255185295,-0.09541961596877631
2026-08-03 20:00:00+00:00,9640.973379318968,9728.104689896258,88.18385579460124,4.638519348579545,5.691064565892427,10545.106722461578,0.26498125974701797,-0.0937802966121744
2026-08-03 21:00:00+00:00,9640.581214757649,9727.780926559028,88.25059867855018,4.640177688719603,5.691064565892427,10433.80183966275,0.25298391602557346,-0.08227933640461962
2026-08-03 22:00:00+00:00,9637.049259661795,9724.248971463174,88.25059867855018,4.640177688719603,5.691064565892427,10433.80183966275,0.25307497626085934,-0.08267598914700552
2026-08-03 23:00:00+00:00,9631.889114477493,9719.088826278872,88.25059867855018,4.640177688719603,5.691064565892427,10433.80183966275,0.2527233221663499,-0.08325601713789653
2026-08-04 00:00:00+00:00,9632.412321366932,9719.40992617731,88.25059867855018,4.640177688719603,5.893171556891988,10434.003946653751,0.2526692941096544,-0.08321815953711853
2026-08-04 01:00:00+00:00,9636.22685153086,9723.589391164785,88.59221382413335,4.663497366684852,5.893171556891988,10313.084106673243,0.19322530190485146,-0.07024090088070661
2026-08-04 02:00:00+00:00,9632.81052756724,9720.173067201165,88.59221382413335,4.663497366684852,5.893171556891988,10313.084106673243,0.19409793339933792,-0.07062046711696351
2026-08-04 03:00:00+00:00,9634.35758317073,9721.720122804654,88.59221382413335,4.663497366684852,5.893171556891988,10313.084106673243,0.19382775358940882,-0.07044855016468468
2026-08-04 04:00:00+00:00,9634.150898660433,9721.513438294358,88.59221382413335,4.663497366684852,5.893171556891988,10313.084106673243,0.19391130576342094,-0.070471514838657
2026-08-04 05:00:00+00:00,9636.190989450533,9725.728196988266,90.65932725076466,4.7710518438599685,5.893171556891988,6865.827948861077,0.28749565503863317,0.28749565503863317
2026-08-04 06:00:00+00:00,9637.106676283174,9726.643883820907,90.65932725076466,4.7710518438599685,5.893171556891988,6865.827948861077,0.2875633549063213,0.2875633549063213
2026-08-04 07:00:00+00:00,9630.938415956909,9720.475623494642,90.65932725076466,4.7710518438599685,5.893171556891988,6865.827948861077,0.287107065549759,0.287107065549759
2026-08-04 08:00:00+00:00,9630.903223114201,9720.440430651934,90.65932725076466,4.7710518438599685,5.893171556891988,6865.827948861077,0.28710446052629146,0.28710446052629146
2026-08-04 09:00:00+00:00,9621.33689193548,9711.005306853727,90.77880418564496,4.7827822894948415,5.893171556891988,6666.580247125694,0.30710458203437774,0.30710458203437774
2026-08-04 10:00:00+00:00,9621.206065214792,9710.87448013304,90.77880418564496,4.7827822894948415,5.893171556891988,6666.580247125694,0.3070951602181629,0.3070951602181629
2026-08-04 11:00:00+00:00,9619.209325147778,9708.877740066026,90.77880418564496,4.7827822894948415,5.893171556891988,6666.580247125694,0.30695132814117476,0.30695132814117476
2026-08-04 12:00:00+00:00,9625.613663955424,9715.282078873672,90.77880418564496,4.7827822894948415,5.893171556891988,6666.580247125694,0.30741244352142255,0.30741244352142255
2026-08-04 13:00:00+00:00,9621.5099485432,9711.889080871646,91.45293709064254,4.8193667946957985,5.893171556891988,7789.460955883346,0.19998339015660122,0.19041179632488411
2026-08-04 14:00:00+00:00,9633.058742127407,9723.437874455853,91.45293709064254,4.8193667946957985,5.893171556891988,7789.460955883346,0.2009669052028703,0.1913823880447875
2026-08-04 15:00:00+00:00,9642.239228637478,9732.618360965924,91.45293709064254,4.8193667946957985,5.893171556891988,7789.460955883346,0.20183736217914222,0.19215228214327792
2026-08-04 16:00:00+00:00,9648.250338214046,9738.781007685326,91.45293709064254,4.8193667946957985,5.74163441405857,7789.309418740512,0.20246402440108857,0.19267129835041533
2026-08-04 17:00:00+00:00,9649.85485554729,9740.82049647613,91.86267574838926,4.844599594508699,5.74163441405857,7753.436021176694,0.266423800495065,0.19652304234197104
2026-08-04 18:00:00+00:00,9652.147789043682,9743.113429972522,91.86267574838926,4.844599594508699,5.74163441405857,7753.436021176694,0.2670266871067354,0.19671391376976718
2026-08-04 19:00:00+00:00,9655.220505760994,9746.186146689834,91.86267574838926,4.844599594508699,5.74163441405857,7753.436021176694,0.26730256315343215,0.19696955480711784
2026-08-04 20:00:00+00:00,9649.986695215102,9740.952336143942,91.86267574838926,4.844599594508699,5.74163441405857,7753.436021176694,0.2669916982959958,0.19653401957318803
2026-08-04 21:00:00+00:00,9653.63273675516,9744.84380948264,92.09403000978652,4.858677131751906,5.74163441405857,8138.795102577385,0.22760592331571539,0.15691892114459616
2026-08-04 22:00:00+00:00,9652.310431439775,9743.521504167255,92.09403000978652,4.858677131751906,5.74163441405857,8138.795102577385,0.22736174782911905,0.15680342438350586
2026-08-04 23:00:00+00:00,9654.385190351628,9745.596263079107,92.09403000978652,4.858677131751906,5.74163441405857,8138.795102577385,0.2275959151680123,0.15698463008176738
2026-08-05 00:00:00+00:00,9654.518276997565,9745.927536066107,92.09403000978652,4.858677131751906,5.54344807299729,8138.596916236323,0.22764215851949382,0.15701677880428397
2026-08-05 01:00:00+00:00,9651.665044042436,9743.30227388023,92.30524095700393,4.875436953785024,5.54344807299729,8319.560679128545,0.1908610925149766,0.13801808898622553
2026-08-05 02:00:00+00:00,9654.56682102093,9746.204050858723,92.30524095700393,4.875436953785024,5.54344807299729,8319.560679128545,0.19132017846797073,0.13827716630285994
2026-08-05 03:00:00+00:00,9655.79070199649,9747.427931834283,92.30524095700393,4.875436953785024,5.54344807299729,8319.560679128545,0.1914597858003265,0.13838639052021476
2026-08-05 04:00:00+00:00,9656.518319259154,9748.155549096948,92.30524095700393,4.875436953785024,5.54344807299729,8319.560679128545,0.19148830382960863,0.1384513129814247
2026-08-05 05:00:00+00:00,9657.143195602643,9750.237856259315,93.6920184117278,4.946090317939842,5.54344807299729,6780.359803705972,0.29789176090985237,0.29789176090985237
2026-08-05 06:00:00+00:00,9662.370365304352,9755.465025961024,93.6920184117278,4.946090317939842,5.54344807299729,6780.359803705972,0.29827158892057243,0.29827158892057243
2026-08-05 07:00:00+00:00,9660.959831981812,9754.054492638485,93.6920184117278,4.946090317939842,5.54344807299729,6780.359803705972,0.29816913416199614,0.29816913416199614
2026-08-05 08:00:00+00:00,9656.982617311443,9750.077277968116,93.6920184117278,4.946090317939842,5.54344807299729,6780.359803705972,0.29788008610978933,0.29788008610978933
2026-08-05 09:00:00+00:00,9651.254063596192,9744.348724252864,93.6920184117278,4.946090317939842,5.54344807299729,6780.359803705972,0.29746333906170985,0.29746333906170985
2026-08-05 10:00:00+00:00,9656.88124001737,9749.975900674042,93.6920184117278,4.946090317939842,5.54344807299729,6780.359803705972,0.29787271530184256,0.29787271530184256
2026-08-05 11:00:00+00:00,9676.265507905986,9769.360168562658,93.6920184117278,4.946090317939842,5.54344807299729,6780.359803705972,0.2992792727559942,0.2992792727559942
2026-08-05 12:00:00+00:00,9656.716058993436,9749.810719650108,93.6920184117278,4.946090317939842,5.54344807299729,6780.359803705972,0.2978607052040919,0.2978607052040919
2026-08-05 13:00:00+00:00,9648.49512559941,9741.589786256081,93.6920184117278,4.946090317939842,5.54344807299729,6780.359803705972,0.297262452284781,0.297262452284781
2026-08-05 14:00:00+00:00,9656.205281109791,9749.299941766463,93.6920184117278,4.946090317939842,5.54344807299729,6780.359803705972,0.2978235646077003,0.2978235646077003
2026-08-05 15:00:00+00:00,9646.116068857864,9739.210729514536,93.6920184117278,4.946090317939842,5.54344807299729,6780.359803705972,0.2970891335637026,0.2970891335637026
2026-08-05 16:00:00+00:00,9623.057731171879,9716.48880175485,93.6920184117278,4.946090317939842,5.207038146698106,6780.023393779673,0.29543980892713473,0.29543980892713473
2026-08-05 17:00:00+00:00,9633.823156113427,9727.254226696397,93.6920184117278,4.946090317939842,5.207038146698106,6780.023393779673,0.29622712770296106,0.29622712770296106
2026-08-05 18:00:00+00:00,9633.52926690575,9726.960337488721,93.6920184117278,4.946090317939842,5.207038146698106,6780.023393779673,0.296205657767479,0.296205657767479
2026-08-05 19:00:00+00:00,9623.093533479649,9716.524604062619,93.6920184117278,4.946090317939842,5.207038146698106,6780.023393779673,0.29544243021318106,0.29544243021318106
2026-08-05 20:00:00+00:00,9629.089924920656,9722.520995503626,93.6920184117278,4.946090317939842,5.207038146698106,6780.023393779673,0.2958811843440603,0.2958811843440603
2026-08-05 21:00:00+00:00,9621.63373483802,9715.06480542099,93.6920184117278,4.946090317939842,5.207038146698106,6780.023393779673,0.29533553441859284,0.29533553441859284
2026-08-05 22:00:00+00:00,9622.796850097162,9716.227920680132,93.6920184117278,4.946090317939842,5.207038146698106,6780.023393779673,0.29542070778401447,0.29542070778401447
2026-08-05 23:00:00+00:00,9629.900860116104,9723.331930699074,93.6920184117278,4.946090317939842,5.207038146698106,6780.023393779673,0.2959404782804868,0.2959404782804868
2026-08-06 00:00:00+00:00,9626.929234049121,9720.720099148453,93.6920184117278,4.946090317939842,4.847243630337104,6779.663599263312,0.2957605240013007,0.2957605240013007
2026-08-06 01:00:00+00:00,9623.097513124801,9716.888378224134,93.6920184117278,4.946090317939842,4.847243630337104,6779.663599263312,0.2954801102226566,0.2954801102226566
2026-08-06 02:00:00+00:00,9620.352023741862,9714.142888841194,93.6920184117278,4.946090317939842,4.847243630337104,6779.663599263312,0.2952790518962378,0.2952790518962378
2026-08-06 03:00:00+00:00,9628.236756586335,9722.027621685667,93.6920184117278,4.946090317939842,4.847243630337104,6779.663599263312,0.29585616030623835,0.29585616030623835
2026-08-06 04:00:00+00:00,9626.194205736512,9719.985070835844,93.6920184117278,4.946090317939842,4.847243630337104,6779.663599263312,0.2957067503143532,0.2957067503143532
2026-08-06 05:00:00+00:00,9631.251941922845,9725.55620827699,94.17845750919076,4.9730524752907455,4.847243630337104,6694.274816678227,0.3049424044719009,0.3049424044719009
2026-08-06 06:00:00+00:00,9634.064720132115,9728.36898648626,94.17845750919076,4.9730524752907455,4.847243630337104,6694.274816678227,0.30514533469042077,0.30514533469042077
2026-08-06 07:00:00+00:00,9630.584485867541,9724.888752221686,94.17845750919076,4.9730524752907455,4.847243630337104,6694.274816678227,0.3048942328991787,0.3048942328991787
2026-08-06 08:00:00+00:00,9627.37448671411,9721.678753068256,94.17845750919076,4.9730524752907455,4.847243630337104,6694.274816678227,0.3046624678497335,0.3046624678497335
2026-08-06 09:00:00+00:00,9636.569634841111,9730.873901195257,94.17845750919076,4.9730524752907455,4.847243630337104,6694.274816678227,0.30532595411597396,0.30532595411597396
2026-08-06 10:00:00+00:00,9631.763890832144,9726.06815718629,94.17845750919076,4.9730524752907455,4.847243630337104,6694.274816678227,0.30497934827388407,0.30497934827388407
2026-08-06 11:00:00+00:00,9632.774496806174,9727.07876316032,94.17845750919076,4.9730524752907455,4.847243630337104,6694.274816678227,0.3050522651705625,0.3050522651705625
2026-08-06 12:00:00+00:00,9631.919178720349,9726.223445074495,94.17845750919076,4.9730524752907455,4.847243630337104,6694.274816678227,0.3049905535474399,0.3049905535474399
2026-08-06 13:00:00+00:00,9623.67301027246,9718.81011411797,94.97011401031581,5.014233465532584,4.847243630337104,7559.75175376435,0.21770564077624296,0.2144629451047483
2026-08-06 14:00:00+00:00,9630.014561968805,9725.151665814315,94.97011401031581,5.014233465532584,4.847243630337104,7559.75175376435,0.21824630030653094,0.21498023651806397
2026-08-06 15:00:00+00:00,9636.335840055901,9731.472943901412,94.97011401031581,5.014233465532584,4.847243630337104,7559.75175376435,0.2187461950306486,0.2154951965932628
2026-08-06 16:00:00+00:00,9627.405774480003,9722.53173116839,94.97011401031581,5.014233465532584,4.858390787459042,7559.762900921472,0.21799692736678855,0.2147663578322801
2026-08-06 17:00:00+00:00,9638.573347371486,9734.68598387993,95.89633203504204,5.074695260861779,4.858390787459042,7632.837835636821,0.308737240958332,0.20809464631834176
2026-08-06 18:00:00+00:00,9638.30914149804,9734.421778006485,95.89633203504204,5.074695260861779,4.858390787459042,7632.837835636821,0.30869802353421416,0.2080729385641512
2026-08-06 19:00:00+00:00,9640.649229464676,9736.76186597312,95.89633203504204,5.074695260861779,4.858390787459042,7632.837835636821,0.3079492648496975,0.2082651641023707
2026-08-06 20:00:00+00:00,9646.343755288255,9742.456391796699,95.89633203504204,5.074695260861779,4.858390787459042,7632.837835636821,0.3067321999954755,0.20873254890461507
2026-08-06 21:00:00+00:00,9646.139015993576,9742.39712673803,96.03314227819442,5.083359253717912,4.858390787459042,7860.718097314287,0.2832893574938303,0.18509176736091096
2026-08-06 22:00:00+00:00,9644.50339521974,9740.761505964192,96.03314227819442,5.083359253717912,4.858390787459042,7860.718097314287,0.28330563468816644,0.1849535662758519
2026-08-06 23:00:00+00:00,9648.709636360805,9744.967747105258,96.03314227819442,5.083359253717912,4.858390787459042,7860.718097314287,0.2838431658654843,0.18530887615360905
2026-08-07 00:00:00+00:00,9649.314138363188,9745.56439945582,96.03314227819442,5.083359253717912,4.866240439282379,7860.72594696611,0.2839041469362372,0.18535910073505768
2026-08-07 01:00:00+00:00,9649.233928632699,9745.831465780362,96.36382909432204,5.099948492622716,4.866240439282379,8170.00946370827,0.22686095774224846,0.15329967911079917
2026-08-07 02:00:00+00:00,9648.00825191041,9744.605789058074,96.36382909432204,5.099948492622716,4.866240439282379,8170.00946370827,0.22638371436452792,0.1531921148501797
2026-08-07 03:00:00+00:00,9648.873538461728,9745.471075609392,96.36382909432204,5.099948492622716,4.866240439282379,8170.00946370827,0.22639748824844025,0.15326805443749522
2026-08-07 04:00:00+00:00,9647.088188433327,9743.68572558099,96.36382909432204,5.099948492622716,4.866240439282379,8170.00946370827,0.22616525115326486,0.153111352967214
2026-08-07 05:00:00+00:00,9646.044439707597,9744.317317645235,97.95103184028895,5.188086536631973,4.866240439282379,10813.760170907168,0.3695241160870741,-0.12105643287239176
2026-08-07 06:00:00+00:00,9643.068199443971,9741.341077381609,97.95103184028895,5.188086536631973,4.866240439282379,10813.760170907168,0.3700651157601661,-0.12140243615934392
2026-08-07 07:00:00+00:00,9642.345764572594,9740.618642510231,97.95103184028895,5.188086536631973,4.866240439282379,10813.760170907168,0.37056001045951203,-0.12148645515684821
2026-08-07 08:00:00+00:00,9644.967753344912,9743.24063128255,97.95103184028895,5.188086536631973,4.866240439282379,10813.760170907168,0.37062719906821695,-0.12118157856535225
2026-08-07 09:00:00+00:00,9637.42037046123,9735.693248398868,97.95103184028895,5.188086536631973,4.866240439282379,10813.760170907168,0.37185030724372947,-0.12205961296981806
2026-08-07 10:00:00+00:00,9631.861432790585,9730.134310728223,97.95103184028895,5.188086536631973,4.866240439282379,10813.760170907168,0.3722306928288718,-0.12270719905634665
2026-08-07 11:00:00+00:00,9630.558797797297,9728.831675734935,97.95103184028895,5.188086536631973,4.866240439282379,10813.760170907168,0.3722570687330431,-0.122859057086126
2026-08-07 12:00:00+00:00,9631.074908654,9729.347786591637,97.95103184028895,5.188086536631973,4.866240439282379,10813.760170907168,0.37270497468265323,-0.12279888522001484
2026-08-07 13:00:00+00:00,9619.216484923345,9718.173525465183,98.60068974739329,5.222591233727703,4.866240439282379,10383.396337782911,0.2628810978977569,-0.07944304549723996
2026-08-07 14:00:00+00:00,9616.850094514264,9715.807135056102,98.60068974739329,5.222591233727703,4.866240439282379,10383.396337782911,0.2643106736691899,-0.07970866091652068
2026-08-07 15:00:00+00:00,9601.909947858305,9700.962283514336,98.6912071103923,5.227368984920536,4.866240439282379,10232.443548754907,0.25129061181786566,-0.06566751868332629
2026-08-07 16:00:00+00:00,9613.407261793793,9712.300276786911,98.6912071103923,5.227368984920536,5.025561102194323,10232.602869417819,0.2503661939261308,-0.06440958868817212
2026-08-07 17:00:00+00:00,9607.388313906415,9706.303039501166,98.7123913535786,5.227895343368568,5.025561102194323,10197.27461319748,0.2459689977206997,-0.061399235673364215
2026-08-07 18:00:00+00:00,9610.603684584574,9709.518410179326,98.7123913535786,5.227895343368568,5.025561102194323,10197.27461319748,0.24560492944752055,-0.061044128742289934
2026-08-07 19:00:00+00:00,9610.996261061466,9709.910986656218,98.7123913535786,5.227895343368568,5.025561102194323,10197.27461319748,0.24563112906166923,-0.06100078870192623
2026-08-07 20:00:00+00:00,9614.46959487952,9713.384320474272,98.7123913535786,5.227895343368568,5.025561102194323,10197.27461319748,0.24641886520342657,-0.06061749039472248
2026-08-07 21:00:00+00:00,9612.329334232083,9711.761367421024,99.20351942526376,5.254074865872087,5.025561102194323,9910.109160189008,0.16134397341828105,-0.03097894543588424
2026-08-07 22:00:00+00:00,9611.173497731359,9710.6055309203,99.20351942526376,5.254074865872087,5.025561102194323,9910.109160189008,0.16132967894939812,-0.031102930618015525
2026-08-07 23:00:00+00:00,9611.631784267893,9711.063817456834,99.20351942526376,5.254074865872087,5.025561102194323,9910.109160189008,0.16131821242882924,-0.03105376720835857
2026-08-08 00:00:00+00:00,9612.550611546956,9711.81714005082,99.20351942526376,5.254074865872087,5.19106578727141,9910.274664874085,0.16143057802711389,-0.030972430248584818
2026-08-08 01:00:00+00:00,9612.642710435775,9711.931051613386,99.2248032658955,5.254603698987557,5.19106578727141,9874.780313313899,0.1575842423725383,-0.02727008698591691
2026-08-08 02:00:00+00:00,9613.059772083538,9712.348113261149,99.2248032658955,5.254603698987557,5.19106578727141,9874.780313313899,0.1577262286340543,-0.027225518974759923
2026-08-08 03:00:00+00:00,9612.677861390524,9711.966202568135,99.2248032658955,5.254603698987557,5.19106578727141,9874.780313313899,0.15771253044603586,-0.027266330537935972
2026-08-08 04:00:00+00:00,9611.939935392133,9711.228276569744,99.2248032658955,5.254603698987557,5.19106578727141,9874.780313313899,0.15782254041300656,-0.027345195630484584
2026-08-08 05:00:00+00:00,9612.5041246705,9712.38174109174,99.78116657495039,5.287515633560875,5.19106578727141,10801.49613176297,0.16930914619268336,-0.12369222334489514
2026-08-08 06:00:00+00:00,9613.844767305403,9713.722383726643,99.78116657495039,5.287515633560875,5.19106578727141,10801.49613176297,0.16915016611683117,-0.12353552540150324
2026-08-08 07:00:00+00:00,9613.567563161721,9713.445179582961,99.78116657495039,5.287515633560875,5.19106578727141,10801.49613176297,0.1691899970281724,-0.12356792218876966
2026-08-08 08:00:00+00:00,9613.086855984811,9712.96447240605,99.78116657495039,5.287515633560875,5.19106578727141,10801.49613176297,0.1692484629539632,-0.12362410676007682
2026-08-08 09:00:00+00:00,9611.683603498712,9711.561219919951,99.78116657495039,5.287515633560875,5.19106578727141,10801.49613176297,0.16942120675652872,-0.12378814964645309
2026-08-08 10:00:00+00:00,9611.91434154009,9711.79195796133,99.78116657495039,5.287515633560875,5.19106578727141,10801.49613176297,0.16938905438060825,-0.12376117263985902
2026-08-08 11:00:00+00:00,9611.583381633629,9711.460998054868,99.78116657495039,5.287515633560875,5.19106578727141,10801.49613176297,0.1694395206444769,-0.12379986760590304
2026-08-08 12:00:00+00:00,9610.81986081173,9710.69747723297,99.78116657495039,5.287515633560875,5.19106578727141,10801.49613176297,0.16955282742390768,-0.12388914662798324
2026-08-08 13:00:00+00:00,9610.86583404164,9711.004256511418,100.02615126594368,5.303336991106079,5.19106578727141,10517.512905507614,0.12705646635141318,-0.09433562876870402
2026-08-08 14:00:00+00:00,9610.115223320976,9710.253645790754,100.02615126594368,5.303336991106079,5.19106578727141,10517.512905507614,0.12718540995682437,-0.0944211032958945
2026-08-08 15:00:00+00:00,9608.5745260444,9708.712948514178,100.02615126594368,5.303336991106079,5.19106578727141,10517.512905507614,0.1273588425895958,-0.09459658943160641
2026-08-08 16:00:00+00:00,9607.441266343321,9707.579688813099,100.02615126594368,5.303336991106079,5.19106578727141,10517.512905507614,0.12748743704489973,-0.09472570416354716
2026-08-08 17:00:00+00:00,9607.139946845558,9707.36554772042,100.10908437597199,5.3075822861608675,5.19106578727141,10573.25307532834,0.13332475221666473,-0.1005619917923647
2026-08-08 18:00:00+00:00,9605.112860676405,9705.338461551266,100.10908437597199,5.3075822861608675,5.19106578727141,10573.25307532834,0.1336209479679802,-0.10079425704777802
2026-08-08 19:00:00+00:00,9604.87918078469,9705.104781659551,100.10908437597199,5.3075822861608675,5.19106578727141,10573.25307532834,0.13360320651764532,-0.10082103859056941
2026-08-08 20:00:00+00:00,9604.648687431298,9704.874288306159,100.10908437597199,5.3075822861608675,5.19106578727141,10573.25307532834,0.13368011964630866,-0.1008474562078012
2026-08-08 21:00:00+00:00,9603.322387899509,9703.799924180981,100.34691240877399,5.321689659970923,5.19106578727141,10463.14119316526,0.11297705759136092,-0.08953347295193911
2026-08-08 22:00:00+00:00,9603.544971223955,9704.022507505428,100.34691240877399,5.321689659970923,5.19106578727141,10463.14119316526,0.11296691493800826,-0.08950822061197172
2026-08-08 23:00:00+00:00,9603.792444825582,9704.269981107054,100.34691240877399,5.321689659970923,5.19106578727141,10463.14119316526,0.11292467002850484,-0.08948014581496774
2026-08-09 00:00:00+00:00,9603.671284851804,9704.148821133276,100.34691240877399,5.321689659970923,5.19106578727141,10463.14119316526,0.11295749409771559,-0.08949389070293642
2026-08-09 01:00:00+00:00,9603.868526352771,9704.385659851445,100.38463169412788,5.323567591818105,5.19106578727141,10400.237998290102,0.10640468625627458,-0.08292173822997602
2026-08-09 02:00:00+00:00,9604.745222968013,9705.262356466686,100.38463169412788,5.323567591818105,5.19106578727141,10400.237998290102,0.10628491515731092,-0.08282289189928876
2026-08-09 03:00:00+00:00,9605.748534075425,9706.265667574098,100.38463169412788,5.323567591818105,5.19106578727141,10400.237998290102,0.10619440389618458,-0.0827097920996272
2026-08-09 04:00:00+00:00,9604.498862109871,9705.015995608544,100.38463169412788,5.323567591818105,5.19106578727141,10400.237998290102,0.1063132919945577,-0.08285066692229552
2026-08-09 05:00:00+00:00,9604.185299720437,9704.980582144684,100.64828178178955,5.3380664297311595,5.19106578727141,10153.052574536154,0.06065946490846587,-0.05714875938844013
2026-08-09 06:00:00+00:00,9603.291005776631,9704.086288200879,100.64828178178955,5.3380664297311595,5.19106578727141,10153.052574536154,0.0607581474002076,-0.05724720498720978
2026-08-09 07:00:00+00:00,9602.703662148762,9703.49894457301,100.64828178178955,5.3380664297311595,5.19106578727141,10153.052574536154,0.06082084916687335,-0.05731187088035599
2026-08-09 08:00:00+00:00,9602.684725906587,9703.480008330835,100.64828178178955,5.3380664297311595,5.19106578727141,10153.052574536154,0.06082496253321523,-0.057313955871607106
2026-08-09 09:00:00+00:00,9603.312093814258,9704.125696448189,100.6656834826437,5.338984938559285,5.19106578727141,10124.032338078381,0.057730350415405224,-0.05422298465125721
2026-08-09 10:00:00+00:00,9603.328766867267,9704.142369501198,100.6656834826437,5.338984938559285,5.19106578727141,10124.032338078381,0.0577283471786889,-0.05422115433635985
2026-08-09 11:00:00+00:00,9602.635920257579,9703.44952289151,100.6656834826437,5.338984938559285,5.19106578727141,10124.032338078381,0.05780378694147773,-0.05429721819619053
2026-08-09 12:00:00+00:00,9602.746671140989,9703.56027377492,100.6656834826437,5.338984938559285,5.19106578727141,10124.032338078381,0.05779208311694077,-0.05428505872220972
2026-08-09 13:00:00+00:00,9602.64616115393,9703.503307710622,100.70561332197775,5.342599021986208,5.19106578727141,10057.44267601563,0.05086893953905184,-0.04736158213363208
2026-08-09 14:00:00+00:00,9601.952475811482,9702.809622368173,100.70561332197775,5.342599021986208,5.19106578727141,10057.44267601563,0.05094723079534531,-0.04743724792968766
2026-08-09 15:00:00+00:00,9601.759199730159,9702.61634628685,100.70561332197775,5.342599021986208,5.19106578727141,10057.44267601563,0.05096859861572063,-0.04745833204172379
2026-08-09 16:00:00+00:00,9601.342616887554,9702.199763444245,100.70561332197775,5.342599021986208,5.19106578727141,10057.44267601563,0.05101713909120332,-0.04750377914083111
2026-08-09 17:00:00+00:00,9601.046398213093,9702.034330569853,100.82887134002728,5.350126804005119,5.19106578727141,9851.88938791503,0.02964097858428399,-0.026126630296112525
2026-08-09 18:00:00+00:00,9601.504462993866,9702.492395350626,100.82887134002728,5.350126804005119,5.19106578727141,9851.88938791503,0.029593204968888613,-0.026077676252320416
2026-08-09 19:00:00+00:00,9601.41724592719,9702.40517828395,100.82887134002728,5.350126804005119,5.19106578727141,9851.88938791503,0.029607716021119616,-0.026086996906012672
2026-08-09 20:00:00+00:00,9601.438552920126,9702.426485276887,100.82887134002728,5.350126804005119,5.19106578727141,9851.88938791503,0.02960770537213668,-0.02608471986926714
2026-08-09 21:00:00+00:00,9601.521313326262,9702.509245683023,100.82887134002728,5.350126804005119,5.19106578727141,9851.88938791503,0.029598630841346552,-0.026075875522066704
2026-08-09 22:00:00+00:00,9601.665072955888,9702.653005312648,100.82887134002728,5.350126804005119,5.19106578727141,9851.88938791503,0.02958221920204907,-0.026060512740016892
2026-08-09 23:00:00+00:00,9602.677269770027,9703.665202126787,100.82887134002728,5.350126804005119,5.19106578727141,9851.88938791503,0.029464168578151977,-0.02595235798765636
2026-08-10 00:00:00+00:00,9603.792641697055,9704.780574053815,100.82887134002728,5.350126804005119,5.19106578727141,9851.88938791503,0.02933800650049576,-0.025833205221529373
2026-08-10 01:00:00+00:00,9603.985510639983,9704.973442996743,100.82887134002728,5.350126804005119,5.19106578727141,9851.88938791503,0.029310457273411396,-0.025812604256889134
2026-08-10 02:00:00+00:00,9603.394203738279,9704.382136095039,100.82887134002728,5.350126804005119,5.19106578727141,9851.88938791503,0.02938200022500984,-0.025875766307710255
2026-08-10 03:00:00+00:00,9603.37811401428,9704.36604637104,100.82887134002728,5.350126804005119,5.19106578727141,9851.88938791503,0.0293855093329515,-0.02587748508393048
2026-08-10 04:00:00+00:00,9603.516315627308,9704.504247984069,100.82887134002728,5.350126804005119,5.19106578727141,9851.88938791503,0.029369535621400277,-0.025862721957743428
2026-08-10 05:00:00+00:00,9601.745134236591,9704.713554541126,102.70658978191635,5.452896309890756,5.19106578727141,6720.48093299134,0.30007713816227355,0.30007713816227355
2026-08-10 06:00:00+00:00,9606.550063850855,9709.51848415539,102.70658978191635,5.452896309890756,5.19106578727141,6720.48093299134,0.30042722014427453,0.30042722014427453
2026-08-10 07:00:00+00:00,9609.410393244598,9712.378813549132,102.70658978191635,5.452896309890756,5.19106578727141,6720.48093299134,0.3006354544170756,0.3006354544170756
2026-08-10 08:00:00+00:00,9609.115648488896,9712.08406879343,102.70658978191635,5.452896309890756,5.19106578727141,6720.48093299134,0.3006140024916668,0.3006140024916668
2026-08-10 09:00:00+00:00,9614.681447395527,9717.649867700062,102.70658978191635,5.452896309890756,5.19106578727141,6720.48093299134,0.3010188668484887,0.3010188668484887
2026-08-10 10:00:00+00:00,9607.797013448282,9710.765433752817,102.70658978191635,5.452896309890756,5.19106578727141,6720.48093299134,0.300518014318526,0.300518014318526
2026-08-10 11:00:00+00:00,9606.00202493776,9708.970445242294,102.70658978191635,5.452896309890756,5.19106578727141,6720.48093299134,0.30038730831572114,0.30038730831572114
2026-08-10 12:00:00+00:00,9608.177912562094,9711.146332866629,102.70658978191635,5.452896309890756,5.19106578727141,6720.48093299134,0.3005457440369906,0.3005457440369906
2026-08-10 13:00:00+00:00,9588.044041935158,9691.012462239692,102.70658978191635,5.452896309890756,5.19106578727141,6720.48093299134,0.2990769646449242,0.2990769646449242
2026-08-10 14:00:00+00:00,9563.202127414472,9666.170547719006,102.70658978191635,5.452896309890756,5.19106578727141,6720.48093299134,0.2972562073402181,0.2972562073402181
2026-08-10 15:00:00+00:00,9570.100007863975,9673.06842816851,102.70658978191635,5.452896309890756,5.19106578727141,6720.48093299134,0.2977627268817502,0.2977627268817502
2026-08-10 16:00:00+00:00,9575.30386434357,9678.63679446204,102.70658978191635,5.452896309890756,4.8265559733371735,6720.1164231774055,0.2981824369875389,0.2981824369875389
2026-08-10 17:00:00+00:00,9562.381407276247,9665.855917629324,102.84473740226578,5.456328924147949,4.8265559733371735,6950.224309472768,0.27317014314194005,0.27317014314194005
2026-08-10 18:00:00+00:00,9564.740126644396,9668.214636997473,102.84473740226578,5.456328924147949,4.8265559733371735,6950.224309472768,0.27334938352254845,0.27334938352254845
2026-08-10 19:00:00+00:00,9564.240025515981,9667.714535869058,102.84473740226578,5.456328924147949,4.8265559733371735,6950.224309472768,0.2733113879481698,0.2733113879481698
2026-08-10 20:00:00+00:00,9574.202146525324,9677.6766568784,102.84473740226578,5.456328924147949,4.8265559733371735,6950.224309472768,0.27406751987212336,0.27406751987212336
2026-08-10 21:00:00+00:00,9574.98750897499,9678.462019328066,102.84473740226578,5.456328924147949,4.8265559733371735,6950.224309472768,0.274127062520127,0.274127062520127
2026-08-10 22:00:00+00:00,9573.613126170298,9677.087636523374,102.84473740226578,5.456328924147949,4.8265559733371735,6950.224309472768,0.27402285658757924,0.27402285658757924
2026-08-10 23:00:00+00:00,9570.792524448294,9674.26703480137,102.84473740226578,5.456328924147949,4.8265559733371735,6950.224309472768,0.27380890435994365,0.27380890435994365
2026-08-11 00:00:00+00:00,9568.537055921095,9672.234496176146,102.84473740226578,5.456328924147949,4.603626071361825,6950.001379570793,0.27366102686825344,0.27366102686825344
