ts,equity,gross_equity,fees,spread,funding,cash,gross_exposure,net_exposure
2026-08-11 00:00:00+00:00,10000.0,10000.0,0.0,0.0,0.0,10000.0,0.0,0.0
2026-08-11 01:00:00+00:00,9995.844037162515,9998.351685714013,2.3911987255885125,0.11644982590943498,0.0,10191.881892493315,0.3994132516362492,-0.019611936180873826
2026-08-11 02:00:00+00:00,9996.051554497459,9998.559203048957,2.3911987255885125,0.11644982590943498,0.0,10191.881892493315,0.40018106236676565,-0.01959076910800312
2026-08-11 03:00:00+00:00,9996.760114993922,9999.26776354542,2.3911987255885125,0.11644982590943498,0.0,10191.881892493315,0.39997628500811927,-0.019518501519980885
2026-08-11 04:00:00+00:00,9995.37928485031,9997.886933401809,2.3911987255885125,0.11644982590943498,0.0,10191.881892493315,0.40043158538758333,-0.01965934478752971
2026-08-11 05:00:00+00:00,9995.48214597061,9998.636110822707,3.000322467818242,0.153642384277276,0.0,10275.975933403435,0.401461035391169,-0.028062056770907937
2026-08-11 06:00:00+00:00,9995.389665612165,9998.54363046426,3.000322467818242,0.153642384277276,0.0,10275.975933403435,0.40116394109421116,-0.028071568710981855
2026-08-11 07:00:00+00:00,9996.22924208813,9999.383206940225,3.000322467818242,0.153642384277276,0.0,10275.975933403435,0.4004195420930356,-0.027985221681137484
2026-08-11 08:00:00+00:00,9996.06008077571,9999.214045627805,3.000322467818242,0.153642384277276,0.0,10275.975933403435,0.40066030403060116,-0.028002618068098263
2026-08-11 09:00:00+00:00,9994.643477648913,9997.92441617741,3.1201944182490053,0.16074411024860136,0.0,10405.35372952421,0.42059060611739,-0.041093036764519954
2026-08-11 10:00:00+00:00,9994.868989921826,9998.149928450322,3.1201944182490053,0.16074411024860136,0.0,10405.35372952421,0.4212699846120994,-0.04106954678608485
2026-08-11 11:00:00+00:00,9996.30549042435,9999.586428952847,3.1201944182490053,0.16074411024860136,0.0,10405.35372952421,0.42182183458171413,-0.040919941821675285
2026-08-11 12:00:00+00:00,9997.251117052529,10000.532055581025,3.1201944182490053,0.16074411024860136,0.0,10405.35372952421,0.422256414851213,-0.040821482594907706
2026-08-11 13:00:00+00:00,10001.033732884542,10004.60175846052,3.391384744576154,0.17664083140208844,0.0,10514.035144133186,0.43198534156093144,-0.051294838608716684
2026-08-11 14:00:00+00:00,9974.872161301852,9978.44018687783,3.391384744576154,0.17664083140208844,0.0,10514.035144133186,0.43273284876930557,-0.054052119577336674
2026-08-11 15:00:00+00:00,9963.561831070554,9967.129856646532,3.391384744576154,0.17664083140208844,0.0,10514.035144133186,0.43496951134357453,-0.05524864726046321
2026-08-11 16:00:00+00:00,9959.631179992464,9963.0037230963,3.391384744576154,0.17664083140208844,0.19548247214179026,10514.230626605327,0.4321755061513777,-0.05568473737531338
2026-08-11 17:00:00+00:00,9961.810100971341,9965.290431853495,3.4921678583294993,0.18364549596654473,0.19548247214179026,10346.157987235998,0.4482636324738649,-0.03858213340436802
2026-08-11 18:00:00+00:00,9964.372513816104,9967.852844698258,3.4921678583294993,0.18364549596654473,0.19548247214179026,10346.157987235998,0.44806943994579257,-0.03831505424857708
2026-08-11 19:00:00+00:00,9968.08836304232,9971.568693924473,3.4921678583294993,0.18364549596654473,0.19548247214179026,10346.157987235998,0.44712136316068996,-0.03792799686601986
2026-08-11 20:00:00+00:00,9977.091446510847,9980.571777393001,3.4921678583294993,0.18364549596654473,0.19548247214179026,10346.157987235998,0.44707629406484173,-0.03699139600992832
2026-08-11 21:00:00+00:00,9975.816061694715,9979.563414905635,3.7424487183250026,0.20038696473529996,0.19548247214179026,10339.729678077041,0.4096570550790888,-0.036479583638243496
2026-08-11 22:00:00+00:00,9976.044441415394,9979.791794626313,3.7424487183250026,0.20038696473529996,0.19548247214179026,10339.729678077041,0.4095435401932354,-0.03645585570487386
2026-08-11 23:00:00+00:00,9977.011775427236,9980.759128638156,3.7424487183250026,0.20038696473529996,0.19548247214179026,10339.729678077041,0.4095862081996199,-0.036355364794011434
2026-08-12 00:00:00+00:00,9977.432279494235,9980.698250354037,3.7424487183250026,0.20038696473529996,0.6768648232594785,10340.21106042816,0.40959022119112387,-0.036359934176603166
2026-08-12 01:00:00+00:00,9977.250335592846,9980.516306452648,3.7424487183250026,0.20038696473529996,0.6768648232594785,10340.21106042816,0.4098957012141561,-0.0363788331080047
2026-08-12 02:00:00+00:00,9977.312645050006,9980.578615909808,3.7424487183250026,0.20038696473529996,0.6768648232594785,10340.21106042816,0.4098177918682847,-0.03637236080380806
2026-08-12 03:00:00+00:00,9979.266930716978,9982.53290157678,3.7424487183250026,0.20038696473529996,0.6768648232594785,10340.21106042816,0.40987524332695224,-0.03616940324545961
2026-08-12 04:00:00+00:00,9980.441224093342,9983.707194953144,3.7424487183250026,0.20038696473529996,0.6768648232594785,10340.21106042816,0.40966410560408023,-0.0360474881076714
2026-08-12 05:00:00+00:00,9977.328027159578,9980.59399801938,3.7424487183250026,0.20038696473529996,0.6768648232594785,10340.21106042816,0.4097088794712104,-0.036370763022000395
2026-08-12 06:00:00+00:00,9977.126522497347,9980.392493357149,3.7424487183250026,0.20038696473529996,0.6768648232594785,10340.21106042816,0.4097911769950753,-0.03639169425305949
2026-08-12 07:00:00+00:00,9979.10994292844,9982.375913788243,3.7424487183250026,0.20038696473529996,0.6768648232594785,10340.21106042816,0.41002363324116237,-0.03618570389191965
2026-08-12 08:00:00+00:00,9979.17284718584,9982.438818045643,3.7424487183250026,0.20038696473529996,0.6768648232594785,10340.21106042816,0.40989034437254346,-0.03617917223912334
2026-08-12 09:00:00+00:00,9981.288927668267,9984.773864956695,3.9507643683293336,0.21103774335704859,0.6768648232594785,10468.843594815939,0.4289940592809045,-0.04884686443613141
2026-08-12 10:00:00+00:00,9981.491033164724,9984.975970453152,3.9507643683293336,0.21103774335704859,0.6768648232594785,10468.843594815939,0.4301430319940029,-0.048825627356867365
2026-08-12 11:00:00+00:00,9982.864267665555,9986.349204953982,3.9507643683293336,0.21103774335704859,0.6768648232594785,10468.843594815939,0.4297974948311385,-0.048681351776410434
2026-08-12 12:00:00+00:00,9983.435386965586,9986.920324254013,3.9507643683293336,0.21103774335704859,0.6768648232594785,10468.843594815939,0.42952604461952804,-0.04862136018670515
2026-08-12 13:00:00+00:00,9991.486301292935,9995.13340301512,4.1049773456473035,0.21898919979695936,0.6768648232594785,10522.154225669155,0.44185523708764485,-0.053112010403051954
2026-08-12 14:00:00+00:00,10006.418166236519,10010.065267958704,4.1049773456473035,0.21898919979695936,0.6768648232594785,10522.154225669155,0.43769601357871346,-0.05154052637664329
2026-08-12 15:00:00+00:00,10016.685640154486,10020.332741876671,4.1049773456473035,0.21898919979695936,0.6768648232594785,10522.154225669155,0.4348933300808056,-0.050462658375577576
2026-08-12 16:00:00+00:00,10022.351436651461,10025.347443965202,4.1049773456473035,0.21898919979695936,1.327959231703946,10522.805320077601,0.4340049964616755,-0.04993377917241993
2026-08-12 17:00:00+00:00,10023.047730456958,10026.082459425423,4.141172475728286,0.22151572443829384,1.327959231703946,10516.858404185145,0.4291946936390683,-0.049267516927775236
2026-08-12 18:00:00+00:00,10029.534266002342,10032.568994970807,4.141172475728286,0.22151572443829384,1.327959231703946,10516.858404185145,0.4280928177424428,-0.04858891003889497
2026-08-12 19:00:00+00:00,10028.79677559063,10031.831504559095,4.141172475728286,0.22151572443829384,1.327959231703946,10516.858404185145,0.4291459463925672,-0.04866602041258039
2026-08-12 20:00:00+00:00,10026.147247406667,10029.181976375132,4.141172475728286,0.22151572443829384,1.327959231703946,10516.858404185145,0.4289363581691183,-0.04894314283140054
2026-08-12 21:00:00+00:00,10026.742801879745,10029.794288828321,4.1570902715338605,0.2223559087452337,1.327959231703946,10490.312826713382,0.426300460756424,-0.046233361520625495
2026-08-12 22:00:00+00:00,10026.499213763325,10029.550700711901,4.1570902715338605,0.2223559087452337,1.327959231703946,10490.312826713382,0.4265281912606301,-0.04625877916724728
2026-08-12 23:00:00+00:00,10026.097420511704,10029.14890746028,4.1570902715338605,0.2223559087452337,1.327959231703946,10490.312826713382,0.42623435655966335,-0.04630070771624168
2026-08-13 00:00:00+00:00,10029.40332712976,10031.659775380162,4.1570902715338605,0.2223559087452337,2.122997929876687,10491.107865411555,0.4257915189793826,-0.046035095331431714
2026-08-13 01:00:00+00:00,10028.726074063403,10031.331796399492,4.487161680577652,0.241558585389582,2.122997929876687,10458.665163415864,0.44006349459328126,-0.0428707580780756
2026-08-13 02:00:00+00:00,10026.662338001308,10029.268060337397,4.487161680577652,0.241558585389582,2.122997929876687,10458.665163415864,0.44009518548870447,-0.04308540677362349
2026-08-13 03:00:00+00:00,10026.51733676241,10029.1230590985,4.487161680577652,0.241558585389582,2.122997929876687,10458.665163415864,0.4403788158380404,-0.04310049164020055
2026-08-13 04:00:00+00:00,10025.068301036217,10027.674023372307,4.487161680577652,0.241558585389582,2.122997929876687,10458.665163415864,0.4407229379964089,-0.04325126267068223
2026-08-13 05:00:00+00:00,10026.315065828134,10028.920788164223,4.487161680577652,0.241558585389582,2.122997929876687,10458.665163415864,0.440760310125814,-0.04312153515515124
2026-08-13 06:00:00+00:00,10026.040635194206,10028.646357530295,4.487161680577652,0.241558585389582,2.122997929876687,10458.665163415864,0.44095832815759806,-0.04315008725408777
2026-08-13 07:00:00+00:00,10025.65349360677,10028.259215942859,4.487161680577652,0.241558585389582,2.122997929876687,10458.665163415864,0.4409891733601575,-0.04319036859644331
2026-08-13 08:00:00+00:00,10022.544461910507,10025.150184246597,4.487161680577652,0.241558585389582,2.122997929876687,10458.665163415864,0.4410748346250256,-0.043513970246056896
2026-08-13 09:00:00+00:00,10019.659063647408,10022.264785983498,4.487161680577652,0.241558585389582,2.122997929876687,10458.665163415864,0.44138316213802836,-0.04381447482192537
2026-08-13 10:00:00+00:00,10020.638486095246,10023.244208431335,4.487161680577652,0.241558585389582,2.122997929876687,10458.665163415864,0.44164349221720267,-0.04371245184909421
2026-08-13 11:00:00+00:00,10022.753655819326,10025.359378155415,4.487161680577652,0.241558585389582,2.122997929876687,10458.665163415864,0.44112266586263926,-0.04349219012715562
2026-08-13 12:00:00+00:00,10022.917672431118,10025.523394767208,4.487161680577652,0.241558585389582,2.122997929876687,10458.665163415864,0.4404444805010265,-0.04347511425573286
2026-08-13 13:00:00+00:00,10025.53330388989,10028.13902622598,4.487161680577652,0.241558585389582,2.122997929876687,10458.665163415864,0.4408466398812844,-0.04320287473963313
2026-08-13 14:00:00+00:00,10036.503320269465,10039.109042605554,4.487161680577652,0.241558585389582,2.122997929876687,10458.665163415864,0.44665142673113933,-0.04206264170648072
2026-08-13 15:00:00+00:00,10017.117960516842,10019.723682852931,4.487161680577652,0.241558585389582,2.122997929876687,10458.665163415864,0.4464561371013631,-0.04407926557712613
2026-08-13 16:00:00+00:00,10027.570399313845,10029.583842734064,4.487161680577652,0.241558585389582,2.7152768457475847,10459.257442331735,0.4423970485712698,-0.04305001369498529
2026-08-13 17:00:00+00:00,10032.75374320145,10034.841240185542,4.556271800763342,0.24650202907442234,2.7152768457475847,10344.004798568732,0.4435431872494166,-0.031023491987750326
2026-08-13 18:00:00+00:00,10030.491375839516,10032.982430187329,4.923745709217496,0.2825854843428992,2.7152768457475847,10956.093838750536,0.3833669379387831,-0.09227887530420713
2026-08-13 19:00:00+00:00,10021.920417725496,10024.411472073309,4.923745709217496,0.2825854843428992,2.7152768457475847,10956.093838750536,0.3856770716846338,-0.0932130152792666
2026-08-13 20:00:00+00:00,10012.604999174084,10015.096053521896,4.923745709217496,0.2825854843428992,2.7152768457475847,10956.093838750536,0.3881419898899809,-0.0942301069156606
2026-08-13 21:00:00+00:00,10016.712992294979,10019.24518820386,4.962824581719546,0.2846481729092161,2.7152768457475847,10890.923305707951,0.3815062829004438,-0.08727516841956338
2026-08-13 22:00:00+00:00,10017.107434142265,10019.803710126494,5.116399094695764,0.29515373528102684,2.7152768457475847,10634.812209567945,0.3558702362840156,-0.061664984576315696
2026-08-13 23:00:00+00:00,10014.220588146545,10016.916864130775,5.116399094695764,0.29515373528102684,2.7152768457475847,10634.812209567945,0.35609565496106427,-0.06197103568459136
2026-08-14 00:00:00+00:00,10016.523629512725,10018.815469894438,5.116399094695764,0.29515373528102684,3.11971244826447,10635.216645170462,0.3560014552650844,-0.061767239667344986
2026-08-14 01:00:00+00:00,10012.708953849233,10015.000794230946,5.116399094695764,0.29515373528102684,3.11971244826447,10635.216645170462,0.3559835245050079,-0.06217175533519477
2026-08-14 02:00:00+00:00,10013.75049394571,10016.042334327423,5.116399094695764,0.29515373528102684,3.11971244826447,10635.216645170462,0.3561172473089129,-0.062061277800009834
2026-08-14 03:00:00+00:00,10015.076074779878,10017.36791516159,5.116399094695764,0.29515373528102684,3.11971244826447,10635.216645170462,0.35622345383014065,-0.06192070492127673
2026-08-14 04:00:00+00:00,10015.561685887798,10017.853526269511,5.116399094695764,0.29515373528102684,3.11971244826447,10635.216645170462,0.35593299954089025,-0.06186921699616443
2026-08-14 05:00:00+00:00,10013.30771503666,10015.599555418374,5.116399094695764,0.29515373528102684,3.11971244826447,10635.216645170462,0.35615082533628756,-0.0621082411359336
2026-08-14 06:00:00+00:00,10012.638604919724,10014.930445301437,5.116399094695764,0.29515373528102684,3.11971244826447,10635.216645170462,0.356282951105082,-0.06217921816780974
2026-08-14 07:00:00+00:00,10014.425520027451,10016.717360409164,5.116399094695764,0.29515373528102684,3.11971244826447,10635.216645170462,0.35579288653080837,-0.061989689164048
2026-08-14 08:00:00+00:00,10013.55480119617,10015.846641577882,5.116399094695764,0.29515373528102684,3.11971244826447,10635.216645170462,0.3557770687806243,-0.0620820334353223
2026-08-14 09:00:00+00:00,10012.491634438731,10014.783474820444,5.116399094695764,0.29515373528102684,3.11971244826447,10635.216645170462,0.35594450610721284,-0.06219480959063381
2026-08-14 10:00:00+00:00,10014.3305925314,10016.622432913113,5.116399094695764,0.29515373528102684,3.11971244826447,10635.216645170462,0.35556380376699726,-0.061999755939964006
2026-08-14 11:00:00+00:00,10018.636408307477,10020.92824868919,5.116399094695764,0.29515373528102684,3.11971244826447,10635.216645170462,0.355605905345611,-0.061543329025466456
2026-08-14 12:00:00+00:00,10015.918464680624,10018.210305062337,5.116399094695764,0.29515373528102684,3.11971244826447,10635.216645170462,0.3561103762423558,-0.06183139196606707
2026-08-14 13:00:00+00:00,10012.940366244142,10015.232206625855,5.116399094695764,0.29515373528102684,3.11971244826447,10635.216645170462,0.35582929905610866,-0.062147207130499996
2026-08-14 14:00:00+00:00,9999.262410406564,10001.554250788276,5.116399094695764,0.29515373528102684,3.11971244826447,10635.216645170462,0.3546071481702543,-0.06360011455465343
2026-08-14 15:00:00+00:00,10009.61609088718,10011.907931268894,5.116399094695764,0.29515373528102684,3.11971244826447,10635.216645170462,0.3520621720659445,-0.06249995490364829
2026-08-14 16:00:00+00:00,10001.206530431855,10003.299389425383,5.116399094695764,0.29515373528102684,3.318693836448507,10635.415626558646,0.35322852109582153,-0.06341325861004958
2026-08-14 17:00:00+00:00,10003.598694449951,10005.69155344348,5.116399094695764,0.29515373528102684,3.318693836448507,10635.415626558646,0.3531416382445599,-0.06315896422946574
2026-08-14 18:00:00+00:00,10002.201179081152,10004.29403807468,5.116399094695764,0.29515373528102684,3.318693836448507,10635.415626558646,0.35251144899668513,-0.06330750963116136
2026-08-14 19:00:00+00:00,9999.842351672938,10001.935210666466,5.116399094695764,0.29515373528102684,3.318693836448507,10635.415626558646,0.35156080293834346,-0.06355832947500205
2026-08-14 20:00:00+00:00,9999.656111646495,10001.748970640023,5.116399094695764,0.29515373528102684,3.318693836448507,10635.415626558646,0.351247668398528,-0.06357813786933023
2026-08-14 21:00:00+00:00,9996.377616931642,9999.030233178448,5.627987156117669,0.3433229271357208,3.318693836448507,10025.379388856572,0.42548702358715235,-0.002901228128457979
2026-08-14 22:00:00+00:00,9997.455604175055,10000.10822042186,5.627987156117669,0.3433229271357208,3.318693836448507,10025.379388856572,0.42558918698790943,-0.0027930891405866035
2026-08-14 23:00:00+00:00,9995.77633804377,9998.428954290575,5.627987156117669,0.3433229271357208,3.318693836448507,10025.379388856572,0.4255633863036222,-0.002961555942396719
2026-08-15 00:00:00+00:00,9995.985810155375,9998.09898480885,5.627987156117669,0.3433229271357208,3.8581354297778816,10025.918830449902,0.42567943065710445,-0.002994504080239685
2026-08-15 01:00:00+00:00,9994.99653655165,9997.275864813168,5.783544739216911,0.353918952079185,3.8581354297778816,10015.43175053389,0.4008984092505876,-0.002044544378530645
2026-08-15 02:00:00+00:00,9995.159789153844,9997.439117415362,5.783544739216911,0.353918952079185,3.8581354297778816,10015.43175053389,0.40103848991424673,-0.0020281778188322025
2026-08-15 03:00:00+00:00,9994.39871902401,9996.678047285528,5.783544739216911,0.353918952079185,3.8581354297778816,10015.43175053389,0.4011563011640621,-0.002104481930448126
2026-08-15 04:00:00+00:00,9994.287133683443,9996.566461944962,5.783544739216911,0.353918952079185,3.8581354297778816,10015.43175053389,0.4012136739025857,-0.0021156703392264074
2026-08-15 05:00:00+00:00,9993.770538284502,9996.04986654602,5.783544739216911,0.353918952079185,3.8581354297778816,10015.43175053389,0.4011414686395262,-0.002167471442976069
2026-08-15 06:00:00+00:00,9993.82952248876,9996.108850750279,5.783544739216911,0.353918952079185,3.8581354297778816,10015.43175053389,0.4010464354414059,-0.0021615565881445394
2026-08-15 07:00:00+00:00,9995.194014781622,9997.47334304314,5.783544739216911,0.353918952079185,3.8581354297778816,10015.43175053389,0.4008719033669576,-0.00202474666548133
2026-08-15 08:00:00+00:00,9995.501638779426,9997.780967040944,5.783544739216911,0.353918952079185,3.8581354297778816,10015.43175053389,0.4008217079874122,-0.001993908107337199
2026-08-15 09:00:00+00:00,9996.773867726348,9999.053195987866,5.783544739216911,0.353918952079185,3.8581354297778816,10015.43175053389,0.4008099017076806,-0.00186639040298559
2026-08-15 10:00:00+00:00,9997.10796312623,9999.387291387748,5.783544739216911,0.353918952079185,3.8581354297778816,10015.43175053389,0.40101611461660036,-0.0018329088247567812
2026-08-15 11:00:00+00:00,9998.318149893563,10000.597478155081,5.783544739216911,0.353918952079185,3.8581354297778816,10015.43175053389,0.40090945546846163,-0.001711647937559356
2026-08-15 12:00:00+00:00,9998.657288908016,10000.936617169535,5.783544739216911,0.353918952079185,3.8581354297778816,10015.43175053389,0.40082908759358177,-0.0016776714253905235
2026-08-15 13:00:00+00:00,9997.779443117524,10000.655281547877,6.342930068626954,0.3910437915038133,3.8581354297778816,10091.757385669061,0.3488303330060716,-0.009399881552321222
2026-08-15 14:00:00+00:00,9997.475306395596,10000.351144825949,6.342930068626954,0.3910437915038133,3.8581354297778816,10091.757385669061,0.3489114935719692,-0.009430588862085074
2026-08-15 15:00:00+00:00,9996.807466707456,9999.683305137809,6.342930068626954,0.3910437915038133,3.8581354297778816,10091.757385669061,0.34880887469526317,-0.009498024171998793
2026-08-15 16:00:00+00:00,9996.330558774482,9999.206397204835,6.342930068626954,0.3910437915038133,3.8581354297778816,10091.757385669061,0.3490020233279961,-0.009546185606158922
2026-08-15 17:00:00+00:00,9997.304543562363,10000.24741783573,6.40621247846641,0.3947972246792762,3.8581354297778816,10145.108485475126,0.3383989889501524,-0.0147843792563006
2026-08-15 18:00:00+00:00,9997.574335057549,10000.517209330916,6.40621247846641,0.3947972246792762,3.8581354297778816,10145.108485475126,0.3384073482277479,-0.014756994594201994
2026-08-15 19:00:00+00:00,9998.184740343964,10001.127614617331,6.40621247846641,0.3947972246792762,3.8581354297778816,10145.108485475126,0.3383646264193256,-0.014695042044812976
2026-08-15 20:00:00+00:00,9997.193844991347,10000.136719264714,6.40621247846641,0.3947972246792762,3.8581354297778816,10145.108485475126,0.33847350839718815,-0.014795615927551995
2026-08-15 21:00:00+00:00,9997.2491883008,10000.536264100287,6.730279894664014,0.41493133460043563,3.8581354297778816,10064.31156451833,0.3765623745689113,-0.006708082889041957
2026-08-15 22:00:00+00:00,9997.846577004906,10001.133652804392,6.730279894664014,0.41493133460043563,3.8581354297778816,10064.31156451833,0.376637492983635,-0.006647930331946982
2026-08-15 23:00:00+00:00,9997.819391712677,10001.106467512163,6.730279894664014,0.41493133460043563,3.8581354297778816,10064.31156451833,0.3766753646218529,-0.006650667530638627
2026-08-16 00:00:00+00:00,9997.048401838969,10000.335477638455,6.730279894664014,0.41493133460043563,3.8581354297778816,10064.31156451833,0.3766713097558757,-0.006728302192373836
2026-08-16 01:00:00+00:00,9996.705144432788,10000.659793099314,7.367325406731468,0.44545868957302104,3.8581354297778816,10466.764358124597,0.2950916906479603,-0.047021414246031665
2026-08-16 02:00:00+00:00,9996.922045486988,10000.876694153514,7.367325406731468,0.44545868957302104,3.8581354297778816,10466.764358124597,0.29503251092702015,-0.04699869724899128
2026-08-16 03:00:00+00:00,9997.150690295923,10001.105338962449,7.367325406731468,0.44545868957302104,3.8581354297778816,10466.764358124597,0.29515804992824446,-0.04697475134435278
2026-08-16 04:00:00+00:00,9997.56245062689,10001.517099293416,7.367325406731468,0.44545868957302104,3.8581354297778816,10466.764358124597,0.2951010677512088,-0.04693163056643735
2026-08-16 05:00:00+00:00,9998.044942551533,10002.044996155539,7.41012459444686,0.4480644393364064,3.8581354297778816,10538.053538462535,0.28784341853190626,-0.05401141913382826
2026-08-16 06:00:00+00:00,9997.089260138166,10001.089313742172,7.41012459444686,0.4480644393364064,3.8581354297778816,10538.053538462535,0.2880025241405517,-0.05411217847992809
2026-08-16 07:00:00+00:00,9997.861596943903,10001.86165054791,7.41012459444686,0.4480644393364064,3.8581354297778816,10538.053538462535,0.2880530777733816,-0.05403074810354989
2026-08-16 08:00:00+00:00,9997.60885360029,10001.608907204296,7.41012459444686,0.4480644393364064,3.8581354297778816,10538.053538462535,0.2881042198987268,-0.05405739440062431
2026-08-16 09:00:00+00:00,9996.84693235147,10001.410564157935,7.94528506772592,0.4764821685177936,3.8581354297778816,10252.310344631755,0.31690380869684953,-0.025554398702811294
2026-08-16 10:00:00+00:00,9997.252224484313,10001.81585629078,7.94528506772592,0.4764821685177936,3.8581354297778816,10252.310344631755,0.3168488203786848,-0.025512822365607386
2026-08-16 11:00:00+00:00,9998.458975129482,10003.022606935949,7.94528506772592,0.4764821685177936,3.8581354297778816,10252.310344631755,0.31674203817306884,-0.02538904946589377
2026-08-16 12:00:00+00:00,9998.310218712613,10002.87385051908,7.94528506772592,0.4764821685177936,3.8581354297778816,10252.310344631755,0.3168263781106907,-0.02540430536389634
2026-08-16 13:00:00+00:00,9996.52408288585,10001.211447544682,8.061823140160143,0.48367694845087683,3.8581354297778816,10271.454514108316,0.2980386983865513,-0.027502602799021947
2026-08-16 14:00:00+00:00,9996.27506589741,10000.962430556241,8.061823140160143,0.48367694845087683,3.8581354297778816,10271.454514108316,0.2981323312232035,-0.02752819889377489
2026-08-16 15:00:00+00:00,9996.346972711388,10001.03433737022,8.061823140160143,0.48367694845087683,3.8581354297778816,10271.454514108316,0.2981049506952583,-0.02752080756579714
2026-08-16 16:00:00+00:00,9996.289099282516,10000.976463941348,8.061823140160143,0.48367694845087683,3.8581354297778816,10271.454514108316,0.29815912369146796,-0.02752675638858324
2026-08-16 17:00:00+00:00,9996.367690248218,10001.05505490705,8.061823140160143,0.48367694845087683,3.8581354297778816,10271.454514108316,0.2983612536872602,-0.0275186780222634
2026-08-16 18:00:00+00:00,9995.994747455205,10000.682112114036,8.061823140160143,0.48367694845087683,3.8581354297778816,10271.454514108316,0.2982024722626255,-0.02755701394533436
2026-08-16 19:00:00+00:00,9996.623193808564,10001.310558467396,8.061823140160143,0.48367694845087683,3.8581354297778816,10271.454514108316,0.29816439326250865,-0.0274924156859258
2026-08-16 20:00:00+00:00,9997.789058268105,10002.476422926937,8.061823140160143,0.48367694845087683,3.8581354297778816,10271.454514108316,0.29821299868403184,-0.027372597505834727
2026-08-16 21:00:00+00:00,9998.952210031539,10003.63957469037,8.061823140160143,0.48367694845087683,3.8581354297778816,10271.454514108316,0.2980392632680427,-0.027253085958685454
2026-08-16 22:00:00+00:00,9998.05056859448,10002.737933253313,8.061823140160143,0.48367694845087683,3.8581354297778816,10271.454514108316,0.29805291939079254,-0.027345725412976186
2026-08-16 23:00:00+00:00,9998.312619357188,10002.99998401602,8.061823140160143,0.48367694845087683,3.8581354297778816,10271.454514108316,0.29806670821385167,-0.027318799196407693
2026-08-17 00:00:00+00:00,9998.142630373994,10002.829995032826,8.061823140160143,0.48367694845087683,3.8581354297778816,10271.454514108316,0.29837178551750254,-0.027336265728397494
2026-08-17 01:00:00+00:00,9997.021368341242,10001.87896348369,8.220354612076502,0.4953759601508862,3.8581354297778816,10291.935662171129,0.2875606815520927,-0.029500216410842748
2026-08-17 02:00:00+00:00,9999.815769368086,10004.673364510534,8.220354612076502,0.4953759601508862,3.8581354297778816,10291.935662171129,0.2875083199586511,-0.02921252746454369
2026-08-17 03:00:00+00:00,10002.05417993413,10006.911775076578,8.220354612076502,0.4953759601508862,3.8581354297778816,10291.935662171129,0.2876101171223129,-0.028982194759407585
2026-08-17 04:00:00+00:00,10001.67142932369,10006.529024466137,8.220354612076502,0.4953759601508862,3.8581354297778816,10291.935662171129,0.28780433924694454,-0.029021572534008635
2026-08-17 05:00:00+00:00,10000.82732344223,10005.995659199094,8.51284020625928,0.5136309803828621,3.8581354297778816,10292.497465278419,0.32881980022426593,-0.02916460132778259
2026-08-17 06:00:00+00:00,9996.418148766763,10001.586484523626,8.51284020625928,0.5136309803828621,3.8581354297778816,10292.497465278419,0.32948665885035927,-0.029618540571772947
2026-08-17 07:00:00+00:00,9999.1203261017,10004.288661858564,8.51284020625928,0.5136309803828621,3.8581354297778816,10292.497465278419,0.3297973548539794,-0.02934029490683169
2026-08-17 08:00:00+00:00,9996.699368767984,10001.867704524848,8.51284020625928,0.5136309803828621,3.8581354297778816,10292.497465278419,0.32969512228657905,-0.029589576078938196
2026-08-17 09:00:00+00:00,10000.890507852218,10006.195685641256,8.641760088236243,0.5215531305806774,3.8581354297778816,10241.950788383869,0.30791408823041866,-0.0241038815835832
2026-08-17 10:00:00+00:00,10002.606690729757,10007.911868518795,8.641760088236243,0.5215531305806774,3.8581354297778816,10241.950788383869,0.30774186911878376,-0.023928172430885637
2026-08-17 11:00:00+00:00,10005.03348866939,10010.338666458429,8.641760088236243,0.5215531305806774,3.8581354297778816,10241.950788383869,0.30801374062620523,-0.023679810765529573
2026-08-17 12:00:00+00:00,10003.057553056298,10008.362730845336,8.641760088236243,0.5215531305806774,3.8581354297778816,10241.950788383869,0.3081491360108054,-0.023882021477980953
2026-08-17 13:00:00+00:00,10008.41498261435,10013.839896719168,8.754395387100754,0.5286541474959775,3.8581354297778816,10248.756303616026,0.2911475952683177,-0.024013924424514214
2026-08-17 14:00:00+00:00,10007.527191632007,10012.952105736826,8.754395387100754,0.5286541474959775,3.8581354297778816,10248.756303616026,0.28904236823754775,-0.024104767078297562
2026-08-17 15:00:00+00:00,10018.128568726419,10023.553482831237,8.754395387100754,0.5286541474959775,3.8581354297778816,10248.756303616026,0.28769792736916444,-0.02302103963903572
2026-08-17 16:00:00+00:00,10024.044332831352,10029.424098853147,8.754395387100754,0.5286541474959775,3.9032835128010253,10248.80145169905,0.2876544130150503,-0.02242180016418716
2026-08-17 17:00:00+00:00,10022.158158504948,10028.220797881377,9.41614020065128,0.5497826885783371,3.9032835128010253,9770.901090140474,0.2748944380131261,0.025070155987436053
2026-08-17 18:00:00+00:00,10016.686562559302,10022.74920193573,9.41614020065128,0.5497826885783371,3.9032835128010253,9770.901090140474,0.2744383894089807,0.024537602418102277
2026-08-17 19:00:00+00:00,10016.457299387961,10022.51993876439,9.41614020065128,0.5497826885783371,3.9032835128010253,9770.901090140474,0.2751730050903866,0.024515275402061696
2026-08-17 20:00:00+00:00,10017.610992542965,10023.673631919393,9.41614020065128,0.5497826885783371,3.9032835128010253,9770.901090140474,0.27543189288713926,0.024627618559568687
2026-08-17 21:00:00+00:00,10018.36028009243,10024.444862355396,9.436657113279864,0.5512086624891374,3.9032835128010253,9736.685718846875,0.27185969635639856,0.02811583466460798
2026-08-17 22:00:00+00:00,10018.37069787069,10024.455280133658,9.436657113279864,0.5512086624891374,3.9032835128010253,9736.685718846875,0.2719495802827094,0.028116845295381738
2026-08-17 23:00:00+00:00,10017.853638643563,10023.93822090653,9.436657113279864,0.5512086624891374,3.9032835128010253,9736.685718846875,0.27174229654474674,0.028066682738515036
2026-08-18 00:00:00+00:00,10019.376620941073,10025.119509879303,9.436657113279864,0.5512086624891374,4.244976837539936,9737.027412171614,0.27188275378899984,0.02818031694500165
2026-08-18 01:00:00+00:00,10019.384158286173,10025.127047224403,9.436657113279864,0.5512086624891374,4.244976837539936,9737.027412171614,0.2718103323588408,0.028181048021903334
2026-08-18 02:00:00+00:00,10018.020034065892,10023.762923004122,9.436657113279864,0.5512086624891374,4.244976837539936,9737.027412171614,0.27131607486550224,0.028048718303494494
2026-08-18 03:00:00+00:00,10014.037019589341,10019.779908527571,9.436657113279864,0.5512086624891374,4.244976837539936,9737.027412171614,0.2706618447830921,0.027662131353803146
2026-08-18 04:00:00+00:00,10013.083173266637,10018.826062204867,9.436657113279864,0.5512086624891374,4.244976837539936,9737.027412171614,0.2707108009496572,0.0275695064465308
2026-08-18 05:00:00+00:00,10013.732222280118,10019.475111218348,9.436657113279864,0.5512086624891374,4.244976837539936,9737.027412171614,0.27072337883903624,0.027632535399024074
2026-08-18 06:00:00+00:00,10012.010255104728,10017.753144042958,9.436657113279864,0.5512086624891374,4.244976837539936,9737.027412171614,0.2702668318384835,0.027465297770036798
2026-08-18 07:00:00+00:00,10013.700968147643,10019.443857085873,9.436657113279864,0.5512086624891374,4.244976837539936,9737.027412171614,0.27055830059429337,0.02762950050696487
2026-08-18 08:00:00+00:00,10013.066915906085,10018.809804844315,9.436657113279864,0.5512086624891374,4.244976837539936,9737.027412171614,0.2701946117105227,0.027567927594289134
2026-08-18 09:00:00+00:00,10007.400648403576,10014.088803954735,10.339593231887333,0.5935391568118502,4.244976837539936,10586.833801039433,0.2635351093526173,-0.057900465165076596
2026-08-18 10:00:00+00:00,10006.374581910513,10013.062737461672,10.339593231887333,0.5935391568118502,4.244976837539936,10586.833801039433,0.26362879786382953,-0.05800894363661656
2026-08-18 11:00:00+00:00,10006.517262192494,10013.205417743653,10.339593231887333,0.5935391568118502,4.244976837539936,10586.833801039433,0.2635688883851673,-0.05799385776703161
2026-08-18 12:00:00+00:00,10008.885442195993,10015.573597747152,10.339593231887333,0.5935391568118502,4.244976837539936,10586.833801039433,0.2636095895290686,-0.05774352820613708
2026-08-18 13:00:00+00:00,10008.466282228883,10015.443839185642,10.618536059412024,0.603997734885744,4.244976837539936,10121.650145670756,0.3097295651469663,-0.011308811984793632
2026-08-18 14:00:00+00:00,10011.62484687506,10018.60240383182,10.618536059412024,0.603997734885744,4.244976837539936,10121.650145670756,0.3078306136684694,-0.010989754458292348
2026-08-18 15:00:00+00:00,10009.659865072048,10016.637422028807,10.618536059412024,0.603997734885744,4.244976837539936,10121.650145670756,0.30931177229652396,-0.011188220389934443
2026-08-18 16:00:00+00:00,10007.100428236372,10013.971542095773,10.618536059412024,0.603997734885744,4.35141993489712,10121.756588768112,0.30964145147432376,-0.011457480751189603
2026-08-18 17:00:00+00:00,10010.511745682068,10017.732340380031,10.953737377692875,0.6182772551680437,4.35141993489712,10501.895977711765,0.26852717981242563,-0.04908682438154578
2026-08-18 18:00:00+00:00,10007.283098667005,10014.503693364968,10.953737377692875,0.6182772551680437,4.35141993489712,10501.895977711765,0.2670546374089277,-0.0494252909773926
2026-08-18 19:00:00+00:00,10008.38627974542,10015.606874443383,10.953737377692875,0.6182772551680437,4.35141993489712,10501.895977711765,0.2667429893284201,-0.04930961737209234
2026-08-18 20:00:00+00:00,10004.046263604929,10011.266858302892,10.953737377692875,0.6182772551680437,4.35141993489712,10501.895977711765,0.2664253966607826,-0.049764835246517404
2026-08-18 21:00:00+00:00,10003.06442152009,10010.734009947095,11.382209479286537,0.6387988826158958,4.35141993489712,10242.793754924978,0.2923274070732611,-0.023965589273737556
2026-08-18 22:00:00+00:00,10002.815597075038,10010.485185502042,11.382209479286537,0.6387988826158958,4.35141993489712,10242.793754924978,0.29228513724062516,-0.02399106086891318
2026-08-18 23:00:00+00:00,10003.18885111677,10010.858439543776,11.382209479286537,0.6387988826158958,4.35141993489712,10242.793754924978,0.29207602380987885,-0.023952852172880613
2026-08-19 00:00:00+00:00,10001.527887997308,10009.000848382959,11.382209479286537,0.6387988826158958,4.548047976251584,10242.99038296633,0.2924352852601637,-0.024142560784017685
2026-08-19 01:00:00+00:00,10002.371055901784,10009.844016287434,11.382209479286537,0.6387988826158958,4.548047976251584,10242.99038296633,0.29247044010663625,-0.024056228840118026
2026-08-19 02:00:00+00:00,10003.58541797759,10011.058378363241,11.382209479286537,0.6387988826158958,4.548047976251584,10242.99038296633,0.29246027314637707,-0.02393191590672102
2026-08-19 03:00:00+00:00,10001.913439343787,10009.386399729437,11.382209479286537,0.6387988826158958,4.548047976251584,10242.99038296633,0.29230808268598046,-0.02410308238364043
2026-08-19 04:00:00+00:00,10002.017617114414,10009.490577500064,11.382209479286537,0.6387988826158958,4.548047976251584,10242.99038296633,0.2924335063042188,-0.024092415658175825
2026-08-19 05:00:00+00:00,10001.622803725555,10009.095764111205,11.382209479286537,0.6387988826158958,4.548047976251584,10242.99038296633,0.29237653973568806,-0.024132841637545865
2026-08-19 06:00:00+00:00,10001.051916098295,10008.524876483945,11.382209479286537,0.6387988826158958,4.548047976251584,10242.99038296633,0.29222612097385775,-0.024191301964806025
2026-08-19 07:00:00+00:00,10004.628972420824,10012.101932806474,11.382209479286537,0.6387988826158958,4.548047976251584,10242.99038296633,0.2923127317618063,-0.023825112475693404
2026-08-19 08:00:00+00:00,10006.94072195782,10014.413682343471,11.382209479286537,0.6387988826158958,4.548047976251584,10242.99038296633,0.292113747087985,-0.023588593913677895
2026-08-19 09:00:00+00:00,10010.375114848377,10017.848075234027,11.382209479286537,0.6387988826158958,4.548047976251584,10242.99038296633,0.2923612868816562,-0.023237417724028687
2026-08-19 10:00:00+00:00,10009.290322959023,10016.763283344673,11.382209479286537,0.6387988826158958,4.548047976251584,10242.99038296633,0.29243585085387097,-0.02334831466235456
2026-08-19 11:00:00+00:00,10009.861753585636,10017.334713971286,11.382209479286537,0.6387988826158958,4.548047976251584,10242.99038296633,0.2923791123958806,-0.023289895017499708
2026-08-19 12:00:00+00:00,10007.99101572228,10015.46397610793,11.382209479286537,0.6387988826158958,4.548047976251584,10242.99038296633,0.29210537843180184,-0.023481172882237056
2026-08-19 13:00:00+00:00,10014.741924364338,10022.214884749988,11.382209479286537,0.6387988826158958,4.548047976251584,10242.99038296633,0.2932608042926701,-0.022791247175995497
2026-08-19 14:00:00+00:00,9994.050195199306,10001.523155584957,11.382209479286537,0.6387988826158958,4.548047976251584,10242.99038296633,0.29437393946646934,-0.02490883904971821
2026-08-19 15:00:00+00:00,9992.119562634362,9999.592523020012,11.382209479286537,0.6387988826158958,4.548047976251584,10242.99038296633,0.2981891190839386,-0.025106867342751166
2026-08-19 16:00:00+00:00,9993.726383984766,10001.449832896717,11.792670476349853,0.6507353494319542,4.719956913831365,9558.650169134653,0.2299059272185785,0.04353493363069595
2026-08-19 17:00:00+00:00,9991.888253049947,9999.705097351345,11.879969199561835,0.6568320156689804,4.719956913831365,9704.060742431411,0.21977229958239428,0.028806117855719453
2026-08-19 18:00:00+00:00,9994.456016977629,10002.272861279027,11.879969199561835,0.6568320156689804,4.719956913831365,9704.060742431411,0.2196100011164148,0.029055635849807353
2026-08-19 19:00:00+00:00,9994.912361740551,10002.72920604195,11.879969199561835,0.6568320156689804,4.719956913831365,9704.060742431411,0.21972115533542147,0.029099966941429977
2026-08-19 20:00:00+00:00,9998.064999827207,10005.881844128606,11.879969199561835,0.6568320156689804,4.719956913831365,9704.060742431411,0.21948475561988454,0.02940611582349955
2026-08-19 21:00:00+00:00,9999.22868899177,10007.045533293169,11.879969199561835,0.6568320156689804,4.719956913831365,9704.060742431411,0.21984589791130857,0.029519071494515593
2026-08-19 22:00:00+00:00,10000.83256091974,10008.649405221138,11.879969199561835,0.6568320156689804,4.719956913831365,9704.060742431411,0.21970307356784913,0.029674711248343803
2026-08-19 23:00:00+00:00,10000.891730563588,10008.708574864986,11.879969199561835,0.6568320156689804,4.719956913831365,9704.060742431411,0.2202118058304239,0.029680452116588325
2026-08-20 00:00:00+00:00,10000.966809921669,10008.709014414191,11.879969199561835,0.6568320156689804,4.794596722708733,9704.135382240289,0.2201980699266352,0.02968027324987245
2026-08-20 01:00:00+00:00,10000.38751226295,10008.129716755473,11.879969199561835,0.6568320156689804,4.794596722708733,9704.135382240289,0.2206263229426253,0.029624065033418346
2026-08-20 02:00:00+00:00,9999.348656942113,10007.090861434635,11.879969199561835,0.6568320156689804,4.794596722708733,9704.135382240289,0.22041869650831006,0.029523250446604917
2026-08-20 03:00:00+00:00,9998.572179149674,10006.314383642197,11.879969199561835,0.6568320156689804,4.794596722708733,9704.135382240289,0.22043471537777673,0.029447884321261667
2026-08-20 04:00:00+00:00,9998.295666862494,10006.037871355016,11.879969199561835,0.6568320156689804,4.794596722708733,9704.135382240289,0.22037952255067808,0.029421042788036814
2026-08-20 05:00:00+00:00,9999.181388488454,10006.923592980977,11.879969199561835,0.6568320156689804,4.794596722708733,9704.135382240289,0.22045856396901173,0.029507016103121817
2026-08-20 06:00:00+00:00,10000.158163238262,10007.900367730785,11.879969199561835,0.6568320156689804,4.794596722708733,9704.135382240289,0.22024394045343376,0.029601809907986026
2026-08-20 07:00:00+00:00,10001.877154531887,10009.61935902441,11.879969199561835,0.6568320156689804,4.794596722708733,9704.135382240289,0.22064829560053964,0.029768589204946367
2026-08-20 08:00:00+00:00,10001.669251527066,10009.411456019589,11.879969199561835,0.6568320156689804,4.794596722708733,9704.135382240289,0.22028095053268543,0.029748421168931255
2026-08-20 09:00:00+00:00,9998.400187205956,10006.142391698479,11.879969199561835,0.6568320156689804,4.794596722708733,9704.135382240289,0.21960422481583738,0.029431188935827062
2026-08-20 10:00:00+00:00,9998.59845991317,10006.340664405692,11.879969199561835,0.6568320156689804,4.794596722708733,9704.135382240289,0.21990154252746724,0.029450435363861834
2026-08-20 11:00:00+00:00,9999.811659263734,10007.553863756257,11.879969199561835,0.6568320156689804,4.794596722708733,9704.135382240289,0.22011205808851952,0.029568184591710102
2026-08-20 12:00:00+00:00,9994.126488137825,10001.868692630347,11.879969199561835,0.6568320156689804,4.794596722708733,9704.135382240289,0.2191246743866372,0.029016153261791296
2026-08-20 13:00:00+00:00,9992.016020384857,9999.75822487738,11.879969199561835,0.6568320156689804,4.794596722708733,9704.135382240289,0.2189139911556751,0.028811066511228473
2026-08-20 14:00:00+00:00,9991.092173964207,9998.83437845673,11.879969199561835,0.6568320156689804,4.794596722708733,9704.135382240289,0.2187745017884278,0.02872126357433665
2026-08-20 15:00:00+00:00,9991.548015554858,9999.29022004738,11.879969199561835,0.6568320156689804,4.794596722708733,9704.135382240289,0.2179002227495803,0.028765575951506635
2026-08-20 16:00:00+00:00,9991.56574271973,9999.217289772954,11.879969199561835,0.6568320156689804,4.885254162004505,9704.226039679583,0.2170003520753957,0.028758225731489066
2026-08-20 17:00:00+00:00,9990.704331711946,9998.997138477065,12.494362989722896,0.683697937401932,4.885254162004505,10128.552700368728,0.3164397879912876,-0.013797662715253275
2026-08-20 18:00:00+00:00,9989.557233931218,9997.850040696338,12.494362989722896,0.683697937401932,4.885254162004505,10128.552700368728,0.3148611284855235,-0.013914076788647672
2026-08-20 19:00:00+00:00,9993.102714367005,10001.395521132124,12.494362989722896,0.683697937401932,4.885254162004505,10128.552700368728,0.313626911196428,-0.013554347420745119
2026-08-20 20:00:00+00:00,9991.406849633502,9999.699656398621,12.494362989722896,0.683697937401932,4.885254162004505,10128.552700368728,0.3142051043183526,-0.01372638035856344
2026-08-20 21:00:00+00:00,9991.514204401878,9999.807011166997,12.494362989722896,0.683697937401932,4.885254162004505,10128.552700368728,0.3145050802638567,-0.013715488279691943
2026-08-20 22:00:00+00:00,9992.584161399944,10000.876968165063,12.494362989722896,0.683697937401932,4.885254162004505,10128.552700368728,0.3144819995394518,-0.013606944587368275
2026-08-20 23:00:00+00:00,9992.529382775301,10000.82218954042,12.494362989722896,0.683697937401932,4.885254162004505,10128.552700368728,0.3145816145273849,-0.013612501137889827
2026-08-21 00:00:00+00:00,9993.201365258226,10001.217813560837,12.494362989722896,0.683697937401932,5.161612624513474,10128.829058831237,0.31459212016490556,-0.013571996461967197
2026-08-21 01:00:00+00:00,9991.295150455724,9999.311598758335,12.494362989722896,0.683697937401932,5.161612624513474,10128.829058831237,0.31524025845973797,-0.013765373387977741
2026-08-21 02:00:00+00:00,9990.831807672957,9998.848255975568,12.494362989722896,0.683697937401932,5.161612624513474,10128.829058831237,0.3161712028393595,-0.013812388579327097
2026-08-21 03:00:00+00:00,9991.239810046616,9999.256258349227,12.494362989722896,0.683697937401932,5.161612624513474,10128.829058831237,0.31637828535339296,-0.01377098852599544
2026-08-21 04:00:00+00:00,9991.291653440241,9999.308101742852,12.494362989722896,0.683697937401932,5.161612624513474,10128.829058831237,0.3163413189734021,-0.013765728212291606
2026-08-21 05:00:00+00:00,9990.758840943248,9998.77528924586,12.494362989722896,0.683697937401932,5.161612624513474,10128.829058831237,0.3166212414720354,-0.013819792879211725
2026-08-21 06:00:00+00:00,9989.914839854848,9997.931288157459,12.494362989722896,0.683697937401932,5.161612624513474,10128.829058831237,0.3170419536166357,-0.01390544576237935
2026-08-21 07:00:00+00:00,9989.84930962965,9997.86575793226,12.494362989722896,0.683697937401932,5.161612624513474,10128.829058831237,0.3173010671925255,-0.013912096658717319
2026-08-21 08:00:00+00:00,9990.61034717745,9998.62679548006,12.494362989722896,0.683697937401932,5.161612624513474,10128.829058831237,0.31797075456774704,-0.013834861620124938
2026-08-21 09:00:00+00:00,9988.978846287071,9997.075951469284,12.569787552522737,0.6889302542038807,5.161612624513474,10152.563814930263,0.3181802014664654,-0.016376545707071595
2026-08-21 10:00:00+00:00,9979.556954588525,9987.877754033061,12.784350393201635,0.6980616758489576,5.161612624513474,9794.744517624755,0.2820802944159859,0.018519102381473418
2026-08-21 11:00:00+00:00,9981.694042391819,9990.014841836355,12.784350393201635,0.6980616758489576,5.161612624513474,9794.744517624755,0.28205254146643993,0.018729238140649935
2026-08-21 12:00:00+00:00,9978.78591662285,9987.106716067387,12.784350393201635,0.6980616758489576,5.161612624513474,9794.744517624755,0.2818920920017829,0.018443265597222102
2026-08-21 13:00:00+00:00,9978.089013628341,9986.594432221607,12.95644725663417,0.710583961144124,5.161612624513474,10081.400526482215,0.2762441145399757,-0.010353837564765035
2026-08-21 14:00:00+00:00,9967.588426094127,9976.093844687393,12.95644725663417,0.710583961144124,5.161612624513474,10081.400526482215,0.275315709015311,-0.011418218281378732
2026-08-21 15:00:00+00:00,9960.32867728203,9968.862872770522,12.983354065090452,0.7124540479147867,5.161612624513474,10036.52893891329,0.27180750763135114,-0.007650376217509873
2026-08-21 16:00:00+00:00,9961.01968043804,9969.458994371593,12.983354065090452,0.7124540479147867,5.256494179452292,10036.623820468229,0.27209174894116317,-0.0075900000658230896
2026-08-21 17:00:00+00:00,9962.037030084897,9971.655074529594,14.109452455192606,0.765086168956832,5.256494179452292,9075.06927642828,0.25452747126824243,0.08903477782485805
2026-08-21 18:00:00+00:00,9965.024689587925,9974.64273403262,14.109452455192606,0.765086168956832,5.256494179452292,9075.06927642828,0.25419252222402045,0.08930789846306401
2026-08-21 19:00:00+00:00,9961.275139643161,9970.893184087858,14.109452455192606,0.765086168956832,5.256494179452292,9075.06927642828,0.2545935933022835,0.08896510243834388
2026-08-21 20:00:00+00:00,9955.848761574025,9965.466806018721,14.109452455192606,0.765086168956832,5.256494179452292,9075.06927642828,0.25453296398679326,0.08846854811065795
2026-08-21 21:00:00+00:00,9958.217778230619,9968.04580343003,14.30915328676541,0.7753660920963896,5.256494179452292,9232.15334907203,0.22135296087096362,0.07291108161400295
2026-08-21 22:00:00+00:00,9953.709424380164,9963.537449579575,14.30915328676541,0.7753660920963896,5.256494179452292,9232.15334907203,0.22191703106592792,0.07249117334496295
2026-08-21 23:00:00+00:00,9956.519610001036,9966.347635200447,14.30915328676541,0.7753660920963896,5.256494179452292,9232.15334907203,0.22192463035638518,0.07275295879509962
2026-08-22 00:00:00+00:00,9957.698992092981,9967.576474623142,14.30915328676541,0.7753660920963896,5.207036848702581,9232.10389174128,0.22173586711250176,0.07286774795340434
2026-08-22 01:00:00+00:00,9953.981783222329,9963.85926575249,14.30915328676541,0.7753660920963896,5.207036848702581,9232.10389174128,0.2221684158093437,0.07252152025210559
2026-08-22 02:00:00+00:00,9954.597807929713,9964.475290459874,14.30915328676541,0.7753660920963896,5.207036848702581,9232.10389174128,0.2219279970605151,0.07257891580641292
2026-08-22 03:00:00+00:00,9953.1690397498,9963.046522279961,14.30915328676541,0.7753660920963896,5.207036848702581,9232.10389174128,0.22256983427807037,0.07244578537034924
2026-08-22 04:00:00+00:00,9951.760736989816,9961.638219519977,14.30915328676541,0.7753660920963896,5.207036848702581,9232.10389174128,0.22268097534415598,0.07231452446134828
2026-08-22 05:00:00+00:00,9951.946591803693,9962.144056667641,14.621132855433988,0.7833688572153202,5.207036848702581,9452.788327068725,0.26732726999440765,0.0501568472188213
2026-08-22 06:00:00+00:00,9956.221807351461,9966.41927221541,14.621132855433988,0.7833688572153202,5.207036848702581,9452.788327068725,0.26597339071620596,0.050564711195065185
2026-08-22 07:00:00+00:00,9955.538149899947,9965.735614763895,14.621132855433988,0.7833688572153202,5.207036848702581,9452.788327068725,0.26613448269255013,0.05049951245842746
2026-08-22 08:00:00+00:00,9956.752463495473,9966.949928359421,14.621132855433988,0.7833688572153202,5.207036848702581,9452.788327068725,0.2658893353476917,0.05061531239974437
2026-08-22 09:00:00+00:00,9958.067088474289,9968.264553338237,14.621132855433988,0.7833688572153202,5.207036848702581,9452.788327068725,0.2655337485795183,0.05074064644436719
2026-08-22 10:00:00+00:00,9957.964629422819,9968.162094286767,14.621132855433988,0.7833688572153202,5.207036848702581,9452.788327068725,0.26534631649811297,0.05073087936679836
2026-08-22 11:00:00+00:00,9958.89888270271,9969.096347566658,14.621132855433988,0.7833688572153202,5.207036848702581,9452.788327068725,0.26521225116182473,0.050819931158557215
2026-08-22 12:00:00+00:00,9958.176909348856,9968.374374212804,14.621132855433988,0.7833688572153202,5.207036848702581,9452.788327068725,0.2654112787941957,0.05075111507666292
2026-08-22 13:00:00+00:00,9957.979226224565,9968.176691088513,14.621132855433988,0.7833688572153202,5.207036848702581,9452.788327068725,0.26580593267725316,0.05073227084320559
2026-08-22 14:00:00+00:00,9958.426803155884,9968.624268019832,14.621132855433988,0.7833688572153202,5.207036848702581,9452.788327068725,0.26583243648116295,0.05077493524649085
2026-08-22 15:00:00+00:00,9959.509942469702,9969.70740733365,14.621132855433988,0.7833688572153202,5.207036848702581,9452.788327068725,0.26543201215347,0.050878167533143025
2026-08-22 16:00:00+00:00,9959.767714196583,9969.965179060531,14.621132855433988,0.7833688572153202,5.207036848702581,9452.788327068725,0.26521291908888506,0.05090273203914315
2026-08-22 17:00:00+00:00,9958.3056730373,9968.503137901247,14.621132855433988,0.7833688572153202,5.207036848702581,9452.788327068725,0.2654935628072623,0.05076338913127488
2026-08-22 18:00:00+00:00,9959.356749930415,9969.554214794363,14.621132855433988,0.7833688572153202,5.207036848702581,9452.788327068725,0.2655025159746686,0.05086356835899357
2026-08-22 19:00:00+00:00,9960.280636762507,9970.478101626455,14.621132855433988,0.7833688572153202,5.207036848702581,9452.788327068725,0.2656597060025558,0.05095160751000056
2026-08-22 20:00:00+00:00,9961.62401750379,9971.821482367737,14.621132855433988,0.7833688572153202,5.207036848702581,9452.788327068725,0.2658445699200268,0.05107959199634288
2026-08-22 21:00:00+00:00,9960.8763619852,9971.370982452016,14.904321244085939,0.7973360714308972,5.207036848702581,9149.839930342208,0.2961265405472964,0.08142219641820261
2026-08-22 22:00:00+00:00,9961.751579517972,9972.246199984787,14.904321244085939,0.7973360714308972,5.207036848702581,9149.839930342208,0.2960127895844009,0.08150290063899085
2026-08-22 23:00:00+00:00,9961.665832890667,9972.160453357483,14.904321244085939,0.7973360714308972,5.207036848702581,9149.839930342208,0.2960727342757661,0.08149499452872974
2026-08-23 00:00:00+00:00,9961.735342985903,9972.229963452719,14.904321244085939,0.7973360714308972,5.207036848702581,9149.839930342208,0.29637244481183767,0.08150140358982269
2026-08-23 01:00:00+00:00,9958.179551258523,9968.674171725339,14.904321244085939,0.7973360714308972,5.207036848702581,9149.839930342208,0.29684531066530323,0.08117343303115641
2026-08-23 02:00:00+00:00,9958.776948215138,9969.271568681954,14.904321244085939,0.7973360714308972,5.207036848702581,9149.839930342208,0.2967961376667879,0.08122855066232924
2026-08-23 03:00:00+00:00,9960.767390312498,9971.262010779314,14.904321244085939,0.7973360714308972,5.207036848702581,9149.839930342208,0.2968560947324636,0.08141214709611326
2026-08-23 04:00:00+00:00,9964.672008109746,9975.166628576562,14.904321244085939,0.7973360714308972,5.207036848702581,9149.839930342208,0.29634818178429045,0.08177209215761308
2026-08-23 05:00:00+00:00,9966.883402264479,9977.378022731295,14.904321244085939,0.7973360714308972,5.207036848702581,9149.839930342208,0.29595903452862643,0.08197582322841637
2026-08-23 06:00:00+00:00,9964.398583120197,9974.893203587013,14.904321244085939,0.7973360714308972,5.207036848702581,9149.839930342208,0.29604094686106674,0.08174689580943291
2026-08-23 07:00:00+00:00,9963.337152656477,9973.831773123293,14.904321244085939,0.7973360714308972,5.207036848702581,9149.839930342208,0.2960912789047358,0.0816490709739125
2026-08-23 08:00:00+00:00,9962.635043636492,9973.129664103308,14.904321244085939,0.7973360714308972,5.207036848702581,9149.839930342208,0.2962741726993776,0.08158435090056289
2026-08-23 09:00:00+00:00,9961.61231542784,9972.106935894655,14.904321244085939,0.7973360714308972,5.207036848702581,9149.839930342208,0.296818023805487,0.08149005998039255
2026-08-23 10:00:00+00:00,9960.441464557181,9970.936085023997,14.904321244085939,0.7973360714308972,5.207036848702581,9149.839930342208,0.29704263095729183,0.08138208904689459
2026-08-23 11:00:00+00:00,9959.825302080035,9970.31992254685,14.904321244085939,0.7973360714308972,5.207036848702581,9149.839930342208,0.2971884151404832,0.08132525894492024
2026-08-23 12:00:00+00:00,9959.473141125063,9969.967761591879,14.904321244085939,0.7973360714308972,5.207036848702581,9149.839930342208,0.29760370264069835,0.08129277516093539
2026-08-23 13:00:00+00:00,9961.47422660862,9972.553548201726,15.475722257405563,0.8106361844023932,5.207036848702581,8564.47033391411,0.24075686765980767,0.1402406773249384
2026-08-23 14:00:00+00:00,9960.949633058668,9972.028954651774,15.475722257405563,0.8106361844023932,5.207036848702581,8564.47033391411,0.24092214435323667,0.14019539808833942
2026-08-23 15:00:00+00:00,9962.455666119273,9973.534987712379,15.475722257405563,0.8106361844023932,5.207036848702581,8564.47033391411,0.2409428682069254,0.1403253754954702
2026-08-23 16:00:00+00:00,9961.10428425296,9972.183605846067,15.475722257405563,0.8106361844023932,5.207036848702581,8564.47033391411,0.2410213256946502,0.140208746990705
2026-08-23 17:00:00+00:00,9960.46220249524,9972.10420571636,15.991713075637609,0.8573269941823498,5.207036848702581,9119.796214071144,0.17473803721943426,0.0844002990356709
2026-08-23 18:00:00+00:00,9961.838459475159,9973.480462696278,15.991713075637609,0.8573269941823498,5.207036848702581,9119.796214071144,0.17476079692716237,0.08452679179947042
2026-08-23 19:00:00+00:00,9962.904577940262,9974.546581161381,15.991713075637609,0.8573269941823498,5.207036848702581,9119.796214071144,0.1747281429004185,0.08462475548906864
2026-08-23 20:00:00+00:00,9966.101085748593,9977.743088969712,15.991713075637609,0.8573269941823498,5.207036848702581,9119.796214071144,0.17483083438854552,0.08491835115817295
2026-08-23 21:00:00+00:00,9967.63383785583,9979.382601450245,16.092904049859882,0.8628963932573842,5.207036848702581,9057.202427405595,0.18640439310396759,0.09133876958767592
2026-08-23 22:00:00+00:00,9964.804380121568,9976.553143715983,16.092904049859882,0.8628963932573842,5.207036848702581,9057.202427405595,0.18667334953273787,0.09108075965108914
2026-08-23 23:00:00+00:00,9961.597553068863,9973.346316663277,16.092904049859882,0.8628963932573842,5.207036848702581,9057.202427405595,0.18648166425889265,0.09078816132103754
2026-08-24 00:00:00+00:00,9961.57592065165,9973.324684246065,16.092904049859882,0.8628963932573842,5.207036848702581,9057.202427405595,0.18721756725582164,0.0907861868894832
2026-08-24 01:00:00+00:00,9956.155467989174,9968.168681298379,16.349742083879505,0.8705080740275227,5.207036848702581,9226.773091480009,0.2288799620929033,0.07325944023817835
2026-08-24 02:00:00+00:00,9955.537803283238,9967.551016592442,16.349742083879505,0.8705080740275227,5.207036848702581,9226.773091480009,0.22760956668329255,0.07320194309973788
2026-08-24 03:00:00+00:00,9957.083129666578,9969.096342975783,16.349742083879505,0.8705080740275227,5.207036848702581,9226.773091480009,0.22812021938982655,0.07334578095573503
2026-08-24 04:00:00+00:00,9957.118455353622,9969.131668662827,16.349742083879505,0.8705080740275227,5.207036848702581,9226.773091480009,0.22644478489375444,0.07334906852302539
2026-08-24 05:00:00+00:00,9955.231243945567,9967.244457254772,16.349742083879505,0.8705080740275227,5.207036848702581,9226.773091480009,0.22683047701756376,0.07317340347152479
2026-08-24 06:00:00+00:00,9952.510644034375,9964.52385734358,16.349742083879505,0.8705080740275227,5.207036848702581,9226.773091480009,0.22685057349255966,0.07292004786645269
2026-08-24 07:00:00+00:00,9950.075641049612,9962.088854358817,16.349742083879505,0.8705080740275227,5.207036848702581,9226.773091480009,0.22716973045235983,0.07269317095295008
2026-08-24 08:00:00+00:00,9947.505442078638,9959.518655387843,16.349742083879505,0.8705080740275227,5.207036848702581,9226.773091480009,0.22708754315427612,0.07245357690882805
2026-08-24 09:00:00+00:00,9949.754486924925,9961.76770023413,16.349742083879505,0.8705080740275227,5.207036848702581,9226.773091480009,0.2265097994544325,0.07266323972063778
2026-08-24 10:00:00+00:00,9948.152951930522,9960.166165239727,16.349742083879505,0.8705080740275227,5.207036848702581,9226.773091480009,0.22726381412164418,0.0725139494674259
2026-08-24 11:00:00+00:00,9944.534484562357,9956.547697871561,16.349742083879505,0.8705080740275227,5.207036848702581,9226.773091480009,0.22710585782482898,0.0721764698183292
2026-08-24 12:00:00+00:00,9942.625985883156,9954.639199192361,16.349742083879505,0.8705080740275227,5.207036848702581,9226.773091480009,0.22826783905293713,0.07199837300724553
2026-08-24 13:00:00+00:00,9943.965817161754,9956.228900732469,16.585775538154166,0.884344881261483,5.207036848702581,9150.33382931407,0.23303510000358219,0.07981040989481257
2026-08-24 14:00:00+00:00,9939.244208868065,9951.50729243878,16.585775538154166,0.884344881261483,5.207036848702581,9150.33382931407,0.23124212340023287,0.07937327657671481
2026-08-24 15:00:00+00:00,9930.598578616455,9943.31310939872,17.02090734632546,0.9006602846424691,5.207036848702581,9875.118377791387,0.16061346388336453,0.005586793221562088
2026-08-24 16:00:00+00:00,9944.668940044747,9957.228479249383,17.02090734632546,0.9006602846424691,5.362028426331219,9875.273369369013,0.1594211047156664,0.006978168010831934
2026-08-24 17:00:00+00:00,9941.016977263182,9953.92446418886,17.355026767141116,0.9144885848667488,5.362028426331219,9769.501908552842,0.17381194043353662,0.017253271883814703
2026-08-24 18:00:00+00:00,9938.555757811764,9951.463244737442,17.355026767141116,0.9144885848667488,5.362028426331219,9769.501908552842,0.17268851795292162,0.017009900973392934
2026-08-24 19:00:00+00:00,9934.968864779843,9947.876351705521,17.355026767141116,0.9144885848667488,5.362028426331219,9769.501908552842,0.17266066593836704,0.016655005010996357
2026-08-24 20:00:00+00:00,9933.800989507665,9946.708476433343,17.355026767141116,0.9144885848667488,5.362028426331219,9769.501908552842,0.17233647305098376,0.016539397268815842
2026-08-24 21:00:00+00:00,9934.238402713563,9947.145889639241,17.355026767141116,0.9144885848667488,5.362028426331219,9769.501908552842,0.17228845341232923,0.016582699899342333
2026-08-24 22:00:00+00:00,9934.813757768143,9947.721244693821,17.355026767141116,0.9144885848667488,5.362028426331219,9769.501908552842,0.1724474873653475,0.01663965256379782
2026-08-24 23:00:00+00:00,9934.019386248618,9946.926873174296,17.355026767141116,0.9144885848667488,5.362028426331219,9769.501908552842,0.17225116791605627,0.016561018385318718
2026-08-25 00:00:00+00:00,9932.74675501492,9945.56388474182,17.355026767141116,0.9144885848667488,5.452385625109664,9769.592265751618,0.17231927804543626,0.016425918558824235
2026-08-25 01:00:00+00:00,9935.310068829343,9948.127815080476,17.355628343736726,0.9145035325031515,5.452385625109664,9770.594291834374,0.1729322567853322,0.0165788260108502
2026-08-25 02:00:00+00:00,9933.481007127875,9946.298753379007,17.355628343736726,0.9145035325031515,5.452385625109664,9770.594291834374,0.173073453551615,0.01639774769555819
2026-08-25 03:00:00+00:00,9931.528805040385,9944.346551291517,17.355628343736726,0.9145035325031515,5.452385625109664,9770.594291834374,0.17357726282335506,0.016204404816742325
2026-08-25 04:00:00+00:00,9932.073936912966,9944.891683164098,17.355628343736726,0.9145035325031515,5.452385625109664,9770.594291834374,0.17365615207659404,0.01625840142796834
2026-08-25 05:00:00+00:00,9933.195105004883,9946.012851256015,17.355628343736726,0.9145035325031515,5.452385625109664,9770.594291834374,0.17367949584541936,0.016369437170179173
2026-08-25 06:00:00+00:00,9933.170655518925,9945.988401770057,17.355628343736726,0.9145035325031515,5.452385625109664,9770.594291834374,0.1738913803674104,0.01636701606392141
2026-08-25 07:00:00+00:00,9933.640970103326,9946.458716354458,17.355628343736726,0.9145035325031515,5.452385625109664,9770.594291834374,0.17384850104090205,0.01641358679658986
2026-08-25 08:00:00+00:00,9932.79453529728,9945.612281548412,17.355628343736726,0.9145035325031515,5.452385625109664,9770.594291834374,0.17323437351718227,0.01632976931985355
2026-08-25 09:00:00+00:00,9932.406284599065,9945.224030850197,17.355628343736726,0.9145035325031515,5.452385625109664,9770.594291834374,0.17377826888544484,0.01629131835007522
2026-08-25 10:00:00+00:00,9934.166325715947,9946.98407196708,17.355628343736726,0.9145035325031515,5.452385625109664,9770.594291834374,0.1728496503401556,0.0164656024993405
2026-08-25 11:00:00+00:00,9935.23448203591,9948.052228287042,17.355628343736726,0.9145035325031515,5.452385625109664,9770.594291834374,0.17284254147134645,0.01657134418913074
2026-08-25 12:00:00+00:00,9936.794286226217,9949.61203247735,17.355628343736726,0.9145035325031515,5.452385625109664,9770.594291834374,0.17255875966600007,0.016725715517953238
2026-08-25 13:00:00+00:00,9937.328524658538,9950.14627090967,17.355628343736726,0.9145035325031515,5.452385625109664,9770.594291834374,0.17215956210139,0.01677857710051855
2026-08-25 14:00:00+00:00,9933.227258994193,9946.045005245325,17.355628343736726,0.9145035325031515,5.452385625109664,9770.594291834374,0.1727583159376417,0.016372621195449008
2026-08-25 15:00:00+00:00,9927.147429123483,9939.965175374615,17.355628343736726,0.9145035325031515,5.452385625109664,9770.594291834374,0.1750438694660165,0.015770203717316272
2026-08-25 16:00:00+00:00,9928.122193814334,9940.945862237784,17.355628343736726,0.9145035325031515,5.446463452789888,9770.588369662053,0.175263691906435,0.01586743405016025
2026-08-25 17:00:00+00:00,9929.467650858935,9943.468313825486,18.48121289109745,0.9659135282427225,5.446463452789888,9095.387081079789,0.15575813180364437,0.08400053246630945
2026-08-25 18:00:00+00:00,9929.32535736292,9943.326020329472,18.48121289109745,0.9659135282427225,5.446463452789888,9095.387081079789,0.15590131478121394,0.08398740561610654
2026-08-25 19:00:00+00:00,9927.631206311042,9941.631869277593,18.48121289109745,0.9659135282427225,5.446463452789888,9095.387081079789,0.15609101959653737,0.08383108799430335
2026-08-25 20:00:00+00:00,9931.277001172668,9945.27766413922,18.48121289109745,0.9659135282427225,5.446463452789888,9095.387081079789,0.1559637240081539,0.08416741573054289
2026-08-25 21:00:00+00:00,9935.384358889176,9949.385021855727,18.48121289109745,0.9659135282427225,5.446463452789888,9095.387081079789,0.15577314473815523,0.08454602735704353
2026-08-25 22:00:00+00:00,9935.64277847417,9949.643441440721,18.48121289109745,0.9659135282427225,5.446463452789888,9095.387081079789,0.15595059658537766,0.08456983771747688
2026-08-25 23:00:00+00:00,9935.497484489846,9949.498147456397,18.48121289109745,0.9659135282427225,5.446463452789888,9095.387081079789,0.15611823616470039,0.0845564507184004
2026-08-26 00:00:00+00:00,9934.29620803718,9948.481637798926,18.48121289109745,0.9659135282427225,5.261696657595071,9095.202314284594,0.15568270258878988,0.08446435219776616
2026-08-26 01:00:00+00:00,9930.941721076442,9945.62193589654,18.947571457267635,0.9943400204269448,5.261696657595071,9005.716166292736,0.18840626499109225,0.09316594344926024
2026-08-26 02:00:00+00:00,9931.7178039851,9946.3980188052,18.947571457267635,0.9943400204269448,5.261696657595071,9005.716166292736,0.18870081580793538,0.0932368051497402
2026-08-26 03:00:00+00:00,9932.440402394364,9947.120617214463,18.947571457267635,0.9943400204269448,5.261696657595071,9005.716166292736,0.18944246941169426,0.09330277339275324
2026-08-26 04:00:00+00:00,9933.659979432392,9948.34019425249,18.947571457267635,0.9943400204269448,5.261696657595071,9005.716166292736,0.18956216119405778,0.09341409058302377
2026-08-26 05:00:00+00:00,9933.673065835694,9948.386428401234,18.97851842253883,0.9965408005967994,5.261696657595071,9057.263494779454,0.18402627363425325,0.088226134003788
2026-08-26 06:00:00+00:00,9934.205382423164,9948.918744988705,18.97851842253883,0.9965408005967994,5.261696657595071,9057.263494779454,0.18416261741735798,0.08827499068977422
2026-08-26 07:00:00+00:00,9934.082119569292,9948.795482134832,18.97851842253883,0.9965408005967994,5.261696657595071,9057.263494779454,0.1841821691142263,0.08826367793583877
2026-08-26 08:00:00+00:00,9933.558012372709,9948.27137493825,18.97851842253883,0.9965408005967994,5.261696657595071,9057.263494779454,0.18403378763141615,0.08821557356405316
2026-08-26 09:00:00+00:00,9935.6431281384,9950.777670034262,19.374920645414406,1.021317908044624,5.261696657595071,9293.867017990027,0.1632918157113817,0.06459331337403014
2026-08-26 10:00:00+00:00,9936.412195921703,9951.546737817565,19.374920645414406,1.021317908044624,5.261696657595071,9293.867017990027,0.16315197060995104,0.06466571286116754
2026-08-26 11:00:00+00:00,9936.35347158503,9951.488013480892,19.374920645414406,1.021317908044624,5.261696657595071,9293.867017990027,0.16353103053404205,0.06466018498962618
2026-08-26 12:00:00+00:00,9933.83203179436,9948.966573690223,19.374920645414406,1.021317908044624,5.261696657595071,9293.867017990027,0.16303300127620848,0.06442277378518697
2026-08-26 13:00:00+00:00,9922.966068061512,9938.382077668335,19.650533320832356,1.0271729435868837,5.261696657595071,9593.455678807828,0.20656122463371965,0.03320684430376722
2026-08-26 14:00:00+00:00,9938.836578055527,9954.25258766235,19.650533320832356,1.0271729435868837,5.261696657595071,9593.455678807828,0.2057127474161176,0.03475063671036545
2026-08-26 15:00:00+00:00,9918.849537099466,9934.265546706289,19.650533320832356,1.0271729435868837,5.261696657595071,9593.455678807828,0.20437688852344324,0.03280560483094001
2026-08-26 16:00:00+00:00,9925.394742442277,9940.944659865596,19.650533320832356,1.0271729435868837,5.127788841098036,9593.321770991332,0.20343060133344285,0.03345690323337545
2026-08-26 17:00:00+00:00,9922.053111932884,9938.983421107545,20.97728994321328,1.0808080725452736,5.127788841098036,9293.210034716718,0.2691580983773828,0.0633783220188451
2026-08-26 18:00:00+00:00,9925.33829347616,9942.26860265082,20.97728994321328,1.0808080725452736,5.127788841098036,9293.210034716718,0.2703969463844003,0.06368833384499695
2026-08-26 19:00:00+00:00,9927.890043899217,9944.820353073877,20.97728994321328,1.0808080725452736,5.127788841098036,9293.210034716718,0.2710104416877216,0.06392899260326886
2026-08-26 20:00:00+00:00,9922.550527894107,9939.480837068768,20.97728994321328,1.0808080725452736,5.127788841098036,9293.210034716718,0.27007637046505306,0.06342527472228013
2026-08-26 21:00:00+00:00,9922.743881185095,9940.03820857495,21.327650651259848,1.0944655796937561,5.127788841098036,9876.794187419619,0.21143832514203525,0.004630744712921917
2026-08-26 22:00:00+00:00,9953.422833827855,9970.71716121771,21.327650651259848,1.0944655796937561,5.127788841098036,9876.794187419619,0.21412207876005238,0.00769872311139086
2026-08-26 23:00:00+00:00,9949.588818156555,9966.88314554641,21.327650651259848,1.0944655796937561,5.127788841098036,9876.794187419619,0.2143547783840815,0.007316345636725866
2026-08-27 00:00:00+00:00,9952.504283785107,9969.639104332486,21.327650651259848,1.0944655796937561,5.287295683574038,9876.953694262094,0.21508452533220554,0.007591113489506603
2026-08-27 01:00:00+00:00,9952.391923520841,9969.52674406822,21.327650651259848,1.0944655796937561,5.287295683574038,9876.953694262094,0.21407062966911594,0.007579909416595642
2026-08-27 02:00:00+00:00,9962.377580699425,9979.512401246804,21.327650651259848,1.0944655796937561,5.287295683574038,9876.953694262094,0.21526868264637172,0.008574648546028454
2026-08-27 03:00:00+00:00,9959.378966118644,9976.513786666022,21.327650651259848,1.0944655796937561,5.287295683574038,9876.953694262094,0.2150902980823822,0.008276145745327762
2026-08-27 04:00:00+00:00,9961.026290136331,9978.16111068371,21.327650651259848,1.0944655796937561,5.287295683574038,9876.953694262094,0.21522335723891617,0.008440153998738828
2026-08-27 05:00:00+00:00,9960.527106707506,9977.661927254885,21.327650651259848,1.0944655796937561,5.287295683574038,9876.953694262094,0.21490876622828428,0.00839046082100749
2026-08-27 06:00:00+00:00,9962.74317442908,9979.87799497646,21.327650651259848,1.0944655796937561,5.287295683574038,9876.953694262094,0.21486771239753716,0.008611029980897128
2026-08-27 07:00:00+00:00,9960.420341827861,9977.55516237524,21.327650651259848,1.0944655796937561,5.287295683574038,9876.953694262094,0.2145625895303442,0.008379831844571481
2026-08-27 08:00:00+00:00,9965.787662432222,9982.9224829796,21.327650651259848,1.0944655796937561,5.287295683574038,9876.953694262094,0.21546135824074478,0.008913893329776922
2026-08-27 09:00:00+00:00,9980.467131191877,9997.81564050678,21.528017353881626,1.1077876445963697,5.287295683574038,9598.340852247124,0.2471811756190133,0.03828741419832916
2026-08-27 10:00:00+00:00,9973.117362244851,9990.465871559754,21.528017353881626,1.1077876445963697,5.287295683574038,9598.340852247124,0.2471743349584868,0.037578672383473184
2026-08-27 11:00:00+00:00,9970.574782127836,9987.92329144274,21.528017353881626,1.1077876445963697,5.287295683574038,9598.340852247124,0.24652250755585609,0.03733324688040432
2026-08-27 12:00:00+00:00,9966.406155331735,9983.754664646638,21.528017353881626,1.1077876445963697,5.287295683574038,9598.340852247124,0.24559208293808313,0.03693059437355036
2026-08-27 13:00:00+00:00,9965.685362933615,9983.13003146205,21.616708024887476,1.1152561871227173,5.287295683574038,9708.611749189744,0.23220786538557994,0.025795878996945968
2026-08-27 14:00:00+00:00,9975.47033853979,9992.915007068224,21.616708024887476,1.1152561871227173,5.287295683574038,9708.611749189744,0.23477602127055963,0.026751479408349228
2026-08-27 15:00:00+00:00,9989.288164801204,10006.73283332964,21.616708024887476,1.1152561871227173,5.287295683574038,9708.611749189744,0.23646634709588754,0.028097739396533514
2026-08-27 16:00:00+00:00,9986.248383741065,10003.54158894098,21.616708024887476,1.1152561871227173,5.438759012094758,9708.763212518264,0.23667957503297404,0.027786728364836588
2026-08-27 17:00:00+00:00,10003.38663639096,10021.917933254323,22.792915124585363,1.17714075087089,5.438759012094758,9045.82160197553,0.32934752046084936,0.09572408517450874
2026-08-27 18:00:00+00:00,10002.598465695175,10021.129762558538,22.792915124585363,1.17714075087089,5.438759012094758,9045.82160197553,0.32790103152495387,0.09565283131188364
2026-08-27 19:00:00+00:00,9992.169585014226,10010.700881877588,22.792915124585363,1.17714075087089,5.438759012094758,9045.82160197553,0.32741295253941183,0.09470895934932733
2026-08-27 20:00:00+00:00,10002.254784861012,10020.786081724375,22.792915124585363,1.17714075087089,5.438759012094758,9045.82160197553,0.3278822673422821,0.09562175763939748
2026-08-27 21:00:00+00:00,9995.932451136705,10015.014616910476,23.317176288714926,1.2037484971511079,5.438759012094758,9453.884039109376,0.28418882962561365,0.05422689825857002
2026-08-27 22:00:00+00:00,9993.218659825363,10012.300825599134,23.317176288714926,1.2037484971511079,5.438759012094758,9453.884039109376,0.28416367661769515,0.053970061005891336
2026-08-27 23:00:00+00:00,9992.512232921099,10011.59439869487,23.317176288714926,1.2037484971511079,5.438759012094758,9453.884039109376,0.2844015215574696,0.05390318082745701
2026-08-28 00:00:00+00:00,9992.258609933839,10011.191493730035,23.317176288714926,1.2037484971511079,5.58804098966825,9454.03332108695,0.28428179013444166,0.05386422728409063
2026-08-28 01:00:00+00:00,9988.57292819667,10007.52511508701,23.33522485988032,1.205003020128101,5.58804098966825,9484.096224458111,0.2820220739368582,0.05050538323792743
2026-08-28 02:00:00+00:00,9992.185657386792,10011.137844277131,23.33522485988032,1.205003020128101,5.58804098966825,9484.096224458111,0.281956516220182,0.050848678192150186
2026-08-28 03:00:00+00:00,9994.645441490475,10013.597628380814,23.33522485988032,1.205003020128101,5.58804098966825,9484.096224458111,0.2813728476245565,0.051082274005732606
2026-08-28 04:00:00+00:00,9996.328752883717,10015.280939774057,23.33522485988032,1.205003020128101,5.58804098966825,9484.096224458111,0.28130311248118983,0.05124206507092307
2026-08-28 05:00:00+00:00,9997.902352780911,10016.85453967125,23.33522485988032,1.205003020128101,5.58804098966825,9484.096224458111,0.28112898774539946,0.05139139293352718
2026-08-28 06:00:00+00:00,9995.419988434967,10014.372175325307,23.33522485988032,1.205003020128101,5.58804098966825,9484.096224458111,0.2808963199684788,0.05115580581591111
2026-08-28 07:00:00+00:00,9997.431734080807,10016.383920971146,23.33522485988032,1.205003020128101,5.58804098966825,9484.096224458111,0.2816735891290143,0.05134673817003983
2026-08-28 08:00:00+00:00,9999.648859585264,10018.601046475604,23.33522485988032,1.205003020128101,5.58804098966825,9484.096224458111,0.2809463591292755,0.05155707388994603
2026-08-28 09:00:00+00:00,10003.240632874014,10022.192819764354,23.33522485988032,1.205003020128101,5.58804098966825,9484.096224458111,0.2806222582533816,0.051897622727361044
2026-08-28 10:00:00+00:00,10008.854284444378,10027.806471334718,23.33522485988032,1.205003020128101,5.58804098966825,9484.096224458111,0.279887207065332,0.05242938353112388
2026-08-28 11:00:00+00:00,10007.097696013248,10026.049882903588,23.33522485988032,1.205003020128101,5.58804098966825,9484.096224458111,0.28064844272446177,0.052263052429626776
2026-08-28 12:00:00+00:00,10006.150147602017,10025.102334492356,23.33522485988032,1.205003020128101,5.58804098966825,9484.096224458111,0.2803661710627596,0.05217330496175052
2026-08-28 13:00:00+00:00,10013.539141134524,10032.491328024864,23.33522485988032,1.205003020128101,5.58804098966825,9484.096224458111,0.2803572242812046,0.05287270656400793
2026-08-28 14:00:00+00:00,10006.798924381554,10025.751111271893,23.33522485988032,1.205003020128101,5.58804098966825,9484.096224458111,0.2801947754826316,0.052234755976746795
2026-08-28 15:00:00+00:00,10010.957233810605,10029.909420700944,23.33522485988032,1.205003020128101,5.58804098966825,9484.096224458111,0.2810267508148797,0.05262843472880829
2026-08-28 16:00:00+00:00,10000.023942007658,10018.871296701722,23.33522485988032,1.205003020128101,5.692873185945243,9484.201056654389,0.2760938555989116,0.05158216503726792
2026-08-28 17:00:00+00:00,10001.01495453284,10020.33932980365,23.785884869271424,1.2313635874815572,5.692873185945243,9069.770395761881,0.34911205914308374,0.09311500512744302
2026-08-28 18:00:00+00:00,9998.264158637503,10017.588533908312,23.785884869271424,1.2313635874815572,5.692873185945243,9069.770395761881,0.3492547196721003,0.09286549626451858
2026-08-28 19:00:00+00:00,9985.517080585274,10004.841455856083,23.785884869271424,1.2313635874815572,5.692873185945243,9069.770395761881,0.3481945920524233,0.09170748769774459
2026-08-28 20:00:00+00:00,9992.151057932368,10011.475433203177,23.785884869271424,1.2313635874815572,5.692873185945243,9069.770395761881,0.3490739910744375,0.09231052020958447
2026-08-28 21:00:00+00:00,9993.06911446743,10012.60266602502,23.986882202872668,1.2395425406623155,5.692873185945243,9404.564954430352,0.3152535804959731,0.058891232843078484
2026-08-28 22:00:00+00:00,9995.242606915848,10014.77615847344,23.986882202872668,1.2395425406623155,5.692873185945243,9404.564954430352,0.3149559242272354,0.059095879481384284
2026-08-28 23:00:00+00:00,9993.288243679615,10012.821795237207,23.986882202872668,1.2395425406623155,5.692873185945243,9404.564954430352,0.3152813030226723,0.05891186913592817
2026-08-29 00:00:00+00:00,9993.675440226776,10013.314368749709,23.986882202872668,1.2395425406623155,5.587496220603531,9404.459577465008,0.3153952968191503,0.05895887516919371
2026-08-29 01:00:00+00:00,9993.532231930187,10013.17116045312,23.986882202872668,1.2395425406623155,5.587496220603531,9404.459577465008,0.3154859596898965,0.05894538995762096
2026-08-29 02:00:00+00:00,9993.658024446073,10013.296952969005,23.986882202872668,1.2395425406623155,5.587496220603531,9404.459577465008,0.31571059233742665,0.05895723523256376
2026-08-29 03:00:00+00:00,9994.618326049093,10014.257254572025,23.986882202872668,1.2395425406623155,5.587496220603531,9404.459577465008,0.31549621919964427,0.05904765237967585
2026-08-29 04:00:00+00:00,9995.986243214169,10015.625171737101,23.986882202872668,1.2395425406623155,5.587496220603531,9404.459577465008,0.3154465498418093,0.05917641855006785
2026-08-29 05:00:00+00:00,9994.587688596142,10014.226617119075,23.986882202872668,1.2395425406623155,5.587496220603531,9404.459577465008,0.3157371559655228,0.059044767980221145
2026-08-29 06:00:00+00:00,9995.21642577153,10014.855354294463,23.986882202872668,1.2395425406623155,5.587496220603531,9404.459577465008,0.31596290401502386,0.05910395764751261
2026-08-29 07:00:00+00:00,9998.297950307042,10017.936878829974,23.986882202872668,1.2395425406623155,5.587496220603531,9404.459577465008,0.31568183022353863,0.05939394642903171
2026-08-29 08:00:00+00:00,9996.90269687206,10016.541625394992,23.986882202872668,1.2395425406623155,5.587496220603531,9404.459577465008,0.3159630619774281,0.05926266738521131
2026-08-29 09:00:00+00:00,9998.698702798205,10018.337631321137,23.986882202872668,1.2395425406623155,5.587496220603531,9404.459577465008,0.315696568239192,0.05943164635682986
2026-08-29 10:00:00+00:00,9996.927522980113,10016.566451503046,23.986882202872668,1.2395425406623155,5.587496220603531,9404.459577465008,0.315978844755391,0.059265003587671256
2026-08-29 11:00:00+00:00,9996.518269529135,10016.157198052068,23.986882202872668,1.2395425406623155,5.587496220603531,9404.459577465008,0.3159923516980038,0.05922649027399971
2026-08-29 12:00:00+00:00,9996.4172724559,10016.056200978832,23.986882202872668,1.2395425406623155,5.587496220603531,9404.459577465008,0.31594511104891904,0.05921698533153171
2026-08-29 13:00:00+00:00,9997.082197913976,10016.721126436909,23.986882202872668,1.2395425406623155,5.587496220603531,9404.459577465008,0.3158752165771735,0.059279558646884674
2026-08-29 14:00:00+00:00,9994.820280727756,10014.459209250688,23.986882202872668,1.2395425406623155,5.587496220603531,9404.459577465008,0.3160812566860007,0.059066665200683564
2026-08-29 15:00:00+00:00,9991.570787891214,10011.209716414147,23.986882202872668,1.2395425406623155,5.587496220603531,9404.459577465008,0.3166434168888353,0.05876065164225492
2026-08-29 16:00:00+00:00,9995.603516317597,10015.242444840529,23.986882202872668,1.2395425406623155,5.587496220603531,9404.459577465008,0.3161323723391779,0.05914039486335768
2026-08-29 17:00:00+00:00,9993.34130830154,10012.980236824473,23.986882202872668,1.2395425406623155,5.587496220603531,9404.459577465008,0.31654845998550735,0.05892741102991696
2026-08-29 18:00:00+00:00,9992.595363595763,10012.234292118696,23.986882202872668,1.2395425406623155,5.587496220603531,9404.459577465008,0.3165308528297632,0.05885716020018227
2026-08-29 19:00:00+00:00,9992.328873821836,10011.967802344769,23.986882202872668,1.2395425406623155,5.587496220603531,9404.459577465008,0.3167035347167679,0.05883206045158735
2026-08-29 20:00:00+00:00,9993.30794684285,10012.946875365782,23.986882202872668,1.2395425406623155,5.587496220603531,9404.459577465008,0.31663191866452095,0.058924269372072596
2026-08-29 21:00:00+00:00,9992.934357372102,10012.683936120167,24.092522003033622,1.2445529656367444,5.587496220603531,9228.287604063255,0.2989834408107703,0.07651874073852422
2026-08-29 22:00:00+00:00,9994.319958341477,10014.069537089543,24.092522003033622,1.2445529656367444,5.587496220603531,9228.287604063255,0.29889604810828857,0.07664677111311356
2026-08-29 23:00:00+00:00,9993.602776322536,10013.352355070601,24.092522003033622,1.2445529656367444,5.587496220603531,9228.287604063255,0.2989834986243483,0.0765805074895026
2026-08-30 00:00:00+00:00,9993.25925482291,10013.008833570975,24.092522003033622,1.2445529656367444,5.587496220603531,9228.287604063255,0.29924962213658546,0.0765487646475765
2026-08-30 01:00:00+00:00,9993.468160250422,10013.486268359296,24.348488697649422,1.2571156318285819,5.587496220603531,8866.445713007492,0.256753339058257,0.11277590814025168
2026-08-30 02:00:00+00:00,9994.099707850988,10014.117815959862,24.348488697649422,1.2571156318285819,5.587496220603531,8866.445713007492,0.25661802380940324,0.11283197364517521
2026-08-30 03:00:00+00:00,9993.686257688109,10013.704365796983,24.348488697649422,1.2571156318285819,5.587496220603531,8866.445713007492,0.2567456469820616,0.1127952704952524
2026-08-30 04:00:00+00:00,9993.741966109572,10013.760074218446,24.348488697649422,1.2571156318285819,5.587496220603531,8866.445713007492,0.2567948446044154,0.11280021606770799
2026-08-30 05:00:00+00:00,9995.66450212884,10015.682610237714,24.348488697649422,1.2571156318285819,5.587496220603531,8866.445713007492,0.2566296287271661,0.11297085740331239
2026-08-30 06:00:00+00:00,9995.059369606253,10015.077477715127,24.348488697649422,1.2571156318285819,5.587496220603531,8866.445713007492,0.25674863499561634,0.11291715385210595
2026-08-30 07:00:00+00:00,9994.49871100545,10014.516819114324,24.348488697649422,1.2571156318285819,5.587496220603531,8866.445713007492,0.25694047987978086,0.1128673914136186
2026-08-30 08:00:00+00:00,9995.712959861063,10015.731067969937,24.348488697649422,1.2571156318285819,5.587496220603531,8866.445713007492,0.2566834921515877,0.11297515758888572
2026-08-30 09:00:00+00:00,9994.910020391542,10014.928128500416,24.348488697649422,1.2571156318285819,5.587496220603531,8866.445713007492,0.2566968065751953,0.1129038985925602
2026-08-30 10:00:00+00:00,9995.820145350219,10015.838253459093,24.348488697649422,1.2571156318285819,5.587496220603531,8866.445713007492,0.2566922759893988,0.11298466918375699
2026-08-30 11:00:00+00:00,9996.0053180447,10016.023426153573,24.348488697649422,1.2571156318285819,5.587496220603531,8866.445713007492,0.25685543564639074,0.11300110084957
2026-08-30 12:00:00+00:00,9995.992077296925,10016.0101854058,24.348488697649422,1.2571156318285819,5.587496220603531,8866.445713007492,0.256911565597772,0.11299992592579972
2026-08-30 13:00:00+00:00,9989.108925441169,10009.127033550043,24.348488697649422,1.2571156318285819,5.587496220603531,8866.445713007492,0.2578419997409129,0.11238872464133186
2026-08-30 14:00:00+00:00,9984.361686299304,10004.379794408178,24.348488697649422,1.2571156318285819,5.587496220603531,8866.445713007492,0.2582832287105705,0.11196669435822154
2026-08-30 15:00:00+00:00,9986.781239191805,10006.799347300679,24.348488697649422,1.2571156318285819,5.587496220603531,8866.445713007492,0.25830595405561546,0.11218184311354547
2026-08-30 16:00:00+00:00,9987.421505934171,10007.439614043045,24.348488697649422,1.2571156318285819,5.587496220603531,8866.445713007492,0.25836779179870345,0.11223875874875577
2026-08-30 17:00:00+00:00,9983.523198756311,10005.06439441602,25.792427239797696,1.3362646405148766,5.587496220603531,9524.968726973422,0.18512997206460938,0.04593112698330907
2026-08-30 18:00:00+00:00,9985.6112386766,10007.152434336309,25.792427239797696,1.3362646405148766,5.587496220603531,9524.968726973422,0.1846913613947027,0.04613062742909536
2026-08-30 19:00:00+00:00,9984.38992346865,10005.93111912836,25.792427239797696,1.3362646405148766,5.587496220603531,9524.968726973422,0.18478267949836646,0.04601394777414925
2026-08-30 20:00:00+00:00,9986.49268204908,10008.033877708789,25.792427239797696,1.3362646405148766,5.587496220603531,9524.968726973422,0.18422266624967568,0.04621481933344381
2026-08-30 21:00:00+00:00,9988.039081136587,10009.580276796296,25.792427239797696,1.3362646405148766,5.587496220603531,9524.968726973422,0.1838148949201547,0.04636248921349531
2026-08-30 22:00:00+00:00,9986.563848083468,10008.105043743177,25.792427239797696,1.3362646405148766,5.587496220603531,9524.968726973422,0.18361246100593673,0.04622161617668228
2026-08-30 23:00:00+00:00,9986.090996760473,10007.632192420182,25.792427239797696,1.3362646405148766,5.587496220603531,9524.968726973422,0.18307206900643905,0.046176453823286924
2026-08-31 00:00:00+00:00,9990.748971429934,10012.348339063645,25.792427239797696,1.3362646405148766,5.529324246601032,9524.91055499942,0.1810737928644745,0.04662697639212527
2026-08-31 01:00:00+00:00,9992.857498741963,10014.457497218476,25.79304278825397,1.3362799348601728,5.529324246601032,9523.884025357176,0.18134204326364745,0.046930867716649435
2026-08-31 02:00:00+00:00,9990.965379314503,10012.565377791016,25.79304278825397,1.3362799348601728,5.529324246601032,9523.884025357176,0.18055497321419223,0.046750372584052804
2026-08-31 03:00:00+00:00,9992.719065164587,10014.3190636411,25.79304278825397,1.3362799348601728,5.529324246601032,9523.884025357176,0.18042114594941303,0.046917664426472994
2026-08-31 04:00:00+00:00,9991.926119935633,10013.526118412146,25.79304278825397,1.3362799348601728,5.529324246601032,9523.884025357176,0.18092743451661306,0.04684202915037891
2026-08-31 05:00:00+00:00,9993.207417300899,10014.807415777412,25.79304278825397,1.3362799348601728,5.529324246601032,9523.884025357176,0.18088012426587227,0.046964240042811384
2026-08-31 06:00:00+00:00,9993.799064975901,10015.399063452414,25.79304278825397,1.3362799348601728,5.529324246601032,9523.884025357176,0.18205337887486703,0.04702066116834192
2026-08-31 07:00:00+00:00,9993.389582063637,10014.98958054015,25.79304278825397,1.3362799348601728,5.529324246601032,9523.884025357176,0.18241361944786283,0.04698161248002786
2026-08-31 08:00:00+00:00,9994.51038479128,10016.110383267793,25.79304278825397,1.3362799348601728,5.529324246601032,9523.884025357176,0.18243140226426227,0.047088485710141285
2026-08-31 09:00:00+00:00,9994.00030747342,10015.600305949933,25.79304278825397,1.3362799348601728,5.529324246601032,9523.884025357176,0.1829739369824148,0.04703985067567939
2026-08-31 10:00:00+00:00,9991.863251151066,10013.463249627579,25.79304278825397,1.3362799348601728,5.529324246601032,9523.884025357176,0.18324662763680155,0.04683603188223968
2026-08-31 11:00:00+00:00,9992.780698850922,10014.380697327435,25.79304278825397,1.3362799348601728,5.529324246601032,9523.884025357176,0.18352773659710292,0.04692354286806914
2026-08-31 12:00:00+00:00,9992.559210978236,10014.159209454749,25.79304278825397,1.3362799348601728,5.529324246601032,9523.884025357176,0.18274730824222102,0.04690241766154897
2026-08-31 13:00:00+00:00,9992.038998788456,10014.007876447333,26.14169549886226,1.3565064066167558,5.529324246601032,9544.57530143725,0.15820060101930386,0.04478202070723121
2026-08-31 14:00:00+00:00,9993.190221674424,10015.159099333301,26.14169549886226,1.3565064066167558,5.529324246601032,9544.57530143725,0.15789167501190648,0.04489206252315358
2026-08-31 15:00:00+00:00,9995.678799409667,10017.647677068544,26.14169549886226,1.3565064066167558,5.529324246601032,9544.57530143725,0.159635713198266,0.04512985131125441
2026-08-31 16:00:00+00:00,9993.384372360086,10015.36975540055,26.193591891216276,1.3600564799732087,5.568265330724366,9458.06835887232,0.15152067875431394,0.053567039307359475
2026-08-31 17:00:00+00:00,9997.778077525878,10020.40553635708,26.807902032744853,1.3878221291832697,5.568265330724366,9163.151006112477,0.23680313584237253,0.08348125602923398
2026-08-31 18:00:00+00:00,9993.353737814712,10015.981196645915,26.807902032744853,1.3878221291832697,5.568265330724366,9163.151006112477,0.23782877338846722,0.08307548731721151
2026-08-31 19:00:00+00:00,9987.591384613619,10010.218843444822,26.807902032744853,1.3878221291832697,5.568265330724366,9163.151006112477,0.23866351390379015,0.08254646658565085
2026-08-31 20:00:00+00:00,9990.981786307728,10013.60924513893,26.807902032744853,1.3878221291832697,5.568265330724366,9163.151006112477,0.23983431085628562,0.08285780095503348
2026-08-31 21:00:00+00:00,9990.424697963319,10013.229115146542,26.972790572572976,1.3998919413746036,5.568265330724366,9217.522743153737,0.23976059458052484,0.07736427411010348
2026-08-31 22:00:00+00:00,9989.755078025755,10012.559495208978,26.972790572572976,1.3998919413746036,5.568265330724366,9217.522743153737,0.23968386111232803,0.07730242922278262
2026-08-31 23:00:00+00:00,9990.564527137474,10013.368944320697,26.972790572572976,1.3998919413746036,5.568265330724366,9217.522743153737,0.23897985294632335,0.07737718743359447
2026-09-01 00:00:00+00:00,9992.395558980224,10015.203422631237,26.972790572572976,1.3998919413746036,5.5648188629355895,9217.519296685949,0.2385366869802895,0.07754659608104582
2026-09-01 01:00:00+00:00,9995.99790062647,10018.853255895106,27.017500022793353,1.4026741087779289,5.5648188629355895,9289.230565089236,0.23704389620499333,0.07070503040951406
2026-09-01 02:00:00+00:00,9995.815078846132,10018.670434114769,27.017500022793353,1.4026741087779289,5.5648188629355895,9289.230565089236,0.23659478482289034,0.07068803376047048
2026-09-01 03:00:00+00:00,9994.197090691381,10017.052445960018,27.017500022793353,1.4026741087779289,5.5648188629355895,9289.230565089236,0.23683029827604848,0.07053758488100581
2026-09-01 04:00:00+00:00,9992.129380113985,10014.984735382623,27.017500022793353,1.4026741087779289,5.5648188629355895,9289.230565089236,0.23721470909649414,0.07034524757291845
2026-09-01 05:00:00+00:00,9990.795454029878,10013.914234910186,27.25737436925073,1.4262253739919046,5.5648188629355895,8889.200113313818,0.2766842098816681,0.11026102433832949
2026-09-01 06:00:00+00:00,9988.81293514628,10011.931716026587,27.25737436925073,1.4262253739919046,5.5648188629355895,8889.200113313818,0.27817546138667454,0.11008443435389634
2026-09-01 07:00:00+00:00,9992.023929746982,10015.14271062729,27.25737436925073,1.4262253739919046,5.5648188629355895,8889.200113313818,0.27692783789333647,0.11037041386079724
2026-09-01 08:00:00+00:00,9990.981906079634,10014.100686959942,27.25737436925073,1.4262253739919046,5.5648188629355895,8889.200113313818,0.27628041880740534,0.1102776286778549
2026-09-01 09:00:00+00:00,9984.479716802132,10007.59849768244,27.25737436925073,1.4262253739919046,5.5648188629355895,8889.200113313818,0.27291288015802356,0.10969821508527389
2026-09-01 10:00:00+00:00,9986.450588055102,10009.56936893541,27.25737436925073,1.4262253739919046,5.5648188629355895,8889.200113313818,0.27304461291657617,0.10987392017477329
2026-09-01 11:00:00+00:00,9983.636157898283,10006.754938778591,27.25737436925073,1.4262253739919046,5.5648188629355895,8889.200113313818,0.273203023895438,0.10962298978800732
2026-09-01 12:00:00+00:00,9980.333042611706,10003.451823492014,27.25737436925073,1.4262253739919046,5.5648188629355895,8889.200113313818,0.2723307632660823,0.10932830844814721
2026-09-01 13:00:00+00:00,9980.735567150667,10003.854348030975,27.25737436925073,1.4262253739919046,5.5648188629355895,8889.200113313818,0.27159764600373804,0.10936422936896456
2026-09-01 14:00:00+00:00,9981.114770007545,10004.233550887853,27.25737436925073,1.4262253739919046,5.5648188629355895,8889.200113313818,0.2700871734060166,0.10939806643390615
2026-09-01 15:00:00+00:00,9983.561689260672,10006.68047014098,27.25737436925073,1.4262253739919046,5.5648188629355895,8889.200113313818,0.2713263331202787,0.10961634835432126
2026-09-01 16:00:00+00:00,9993.498414841142,10016.642722707657,27.25737436925073,1.4262253739919046,5.539291876728733,8889.174586327612,0.27165062481779156,0.11050422811630424
2026-09-01 17:00:00+00:00,9995.273304023134,10018.675862067455,27.492533508270416,1.4493164127801699,5.539291876728733,9280.871325554732,0.2309652471624795,0.07147398142488534
2026-09-01 18:00:00+00:00,9990.06120536751,10013.463763411832,27.492533508270416,1.4493164127801699,5.539291876728733,9280.871325554732,0.22924205288248314,0.07098954303020107
2026-09-01 19:00:00+00:00,9985.897486400043,10009.300044444364,27.492533508270416,1.4493164127801699,5.539291876728733,9280.871325554732,0.22902613938607339,0.0706021829089972
2026-09-01 20:00:00+00:00,9987.873648225745,10011.276206270066,27.492533508270416,1.4493164127801699,5.539291876728733,9280.871325554732,0.22917680893063963,0.07078606994558903
2026-09-01 21:00:00+00:00,9990.646865108307,10014.257619827566,27.692583763744103,1.4574628322433143,5.539291876728733,9502.238879442399,0.2009078917208568,0.048886522790795695
2026-09-01 22:00:00+00:00,9991.16898188064,10014.7797365999,27.692583763744103,1.4574628322433143,5.539291876728733,9502.238879442399,0.20072343465973938,0.048936225913597864
2026-09-01 23:00:00+00:00,9992.896337680444,10016.507092399703,27.692583763744103,1.4574628322433143,5.539291876728733,9502.238879442399,0.20032453089272045,0.049100625249949965
2026-09-02 00:00:00+00:00,9990.109189672923,10013.793237311811,27.692583763744103,1.4574628322433143,5.4659989570999,9502.165586522771,0.2009034626025421,0.04884266967317577
2026-09-02 01:00:00+00:00,9991.512329172047,10015.196376810934,27.692583763744103,1.4574628322433143,5.4659989570999,9502.165586522771,0.2003852108601192,0.04897624368840925
2026-09-02 02:00:00+00:00,9991.527600007677,10015.211647646565,27.692583763744103,1.4574628322433143,5.4659989570999,9502.165586522771,0.19968950993561232,0.048977697212639504
2026-09-02 03:00:00+00:00,9988.86430472697,10012.548352365859,27.692583763744103,1.4574628322433143,5.4659989570999,9502.165586522771,0.20076383741943224,0.04872412952630475
2026-09-02 04:00:00+00:00,9985.900304109491,10009.584351748379,27.692583763744103,1.4574628322433143,5.4659989570999,9502.165586522771,0.20119954715556865,0.048441773185703564
2026-09-02 05:00:00+00:00,9984.640589705597,10008.324637344485,27.692583763744103,1.4574628322433143,5.4659989570999,9502.165586522771,0.20125626753122133,0.048321719630075526
2026-09-02 06:00:00+00:00,9983.760946836695,10007.444994475583,27.692583763744103,1.4574628322433143,5.4659989570999,9502.165586522771,0.20179168462709374,0.04823786976455152
2026-09-02 07:00:00+00:00,9985.894534283958,10009.578581922846,27.692583763744103,1.4574628322433143,5.4659989570999,9502.165586522771,0.20144627691982775,0.04844122337767845
2026-09-02 08:00:00+00:00,9985.529180937385,10009.213228576273,27.692583763744103,1.4574628322433143,5.4659989570999,9502.165586522771,0.20112558176282994,0.04840640747786964
2026-09-02 09:00:00+00:00,9989.479969323433,10013.16401696232,27.692583763744103,1.4574628322433143,5.4659989570999,9502.165586522771,0.19889618807409784,0.04878275789101622
2026-09-02 10:00:00+00:00,9991.67980777184,10015.363855410727,27.692583763744103,1.4574628322433143,5.4659989570999,9502.165586522771,0.19848128259297035,0.048992184564232044
2026-09-02 11:00:00+00:00,9993.527811219801,10017.211858858689,27.692583763744103,1.4574628322433143,5.4659989570999,9502.165586522771,0.1980505304252126,0.04916804495659421
2026-09-02 12:00:00+00:00,9995.204752038262,10018.88879967715,27.692583763744103,1.4574628322433143,5.4659989570999,9502.165586522771,0.19904263088629712,0.049327570344664326
2026-09-02 13:00:00+00:00,9994.15527494647,10017.839322585358,27.692583763744103,1.4574628322433143,5.4659989570999,9502.165586522771,0.19931200264832097,0.049227741103545476
2026-09-02 14:00:00+00:00,10013.86086887069,10037.544916509578,27.692583763744103,1.4574628322433143,5.4659989570999,9502.165586522771,0.20107770715806605,0.05109870099539585
2026-09-02 15:00:00+00:00,10024.635658216737,10048.319705855625,27.692583763744103,1.4574628322433143,5.4659989570999,9502.165586522771,0.20162178313089046,0.05211860954425025
2026-09-02 16:00:00+00:00,10034.726872995441,10058.341607070386,27.692583763744103,1.4574628322433143,5.535312521041875,9502.234900086713,0.20188740834752136,0.053064919419154734
2026-09-02 17:00:00+00:00,10022.447005239977,10046.61314516161,28.20956861988381,1.4918838227895055,5.535312521041875,9513.242683417175,0.281486669466792,0.05080638705862734
2026-09-02 18:00:00+00:00,10016.333359166458,10040.49949908809,28.20956861988381,1.4918838227895055,5.535312521041875,9513.242683417175,0.28208681370808764,0.05022702996290337
2026-09-02 19:00:00+00:00,10014.156084609454,10038.322224531086,28.20956861988381,1.4918838227895055,5.535312521041875,9513.242683417175,0.2819003640909168,0.050020530632843195
2026-09-02 20:00:00+00:00,10008.171094918913,10032.337234840545,28.20956861988381,1.4918838227895055,5.535312521041875,9513.242683417175,0.2816672969768287,0.04945243309769256
2026-09-02 21:00:00+00:00,10006.282836435115,10030.448976356747,28.20956861988381,1.4918838227895055,5.535312521041875,9513.242683417175,0.28184865057940334,0.04927305784548389
2026-09-02 22:00:00+00:00,10011.572153927047,10035.738293848679,28.20956861988381,1.4918838227895055,5.535312521041875,9513.242683417175,0.2823327562489184,0.049775346254124664
2026-09-02 23:00:00+00:00,10012.973465958843,10037.139605880475,28.20956861988381,1.4918838227895055,5.535312521041875,9513.242683417175,0.28194918382081907,0.049908329852326606
2026-09-03 00:00:00+00:00,10011.341583736994,10035.441026468656,28.20956861988381,1.4918838227895055,5.602009711013124,9513.309380607148,0.2826315630212943,0.04974679956369457
2026-09-03 01:00:00+00:00,10013.125825874113,10037.594490563462,28.561389553524194,1.5092848468378819,5.602009711013124,9817.591925744648,0.22872212834792457,0.019527758217539007
2026-09-03 02:00:00+00:00,10012.334627545217,10036.803292234566,28.561389553524194,1.5092848468378819,5.602009711013124,9817.591925744648,0.22917204632191637,0.019450278985363494
2026-09-03 03:00:00+00:00,10009.905976698385,10034.374641387734,28.561389553524194,1.5092848468378819,5.602009711013124,9817.591925744648,0.2303300417887295,0.01921237336308822
2026-09-03 04:00:00+00:00,10012.33776406744,10036.80642875679,28.561389553524194,1.5092848468378819,5.602009711013124,9817.591925744648,0.2305965949611141,0.019450586157980267
2026-09-03 05:00:00+00:00,10014.059560805372,10038.725903787956,28.741394645274283,1.5269580483214165,5.602009711013124,9517.40343440275,0.20092154180375552,0.04959588300697893
2026-09-03 06:00:00+00:00,10011.865590333526,10036.53193331611,28.741394645274283,1.5269580483214165,5.602009711013124,9517.40343440275,0.20084058237064203,0.04938761427322593
2026-09-03 07:00:00+00:00,10012.08436467217,10036.750707654754,28.741394645274283,1.5269580483214165,5.602009711013124,9517.40343440275,0.2007992014756919,0.04940838613135452
2026-09-03 08:00:00+00:00,10013.25076856991,10037.917111552493,28.741394645274283,1.5269580483214165,5.602009711013124,9517.40343440275,0.20104710183432914,0.04951911678109071
2026-09-03 09:00:00+00:00,10011.07554315119,10036.030578806234,29.00534431522905,1.5517010508290323,5.602009711013124,9161.409388348839,0.2397416251803059,0.08487261444986569
2026-09-03 10:00:00+00:00,10008.675690898077,10033.630726553121,29.00534431522905,1.5517010508290323,5.602009711013124,9161.409388348839,0.23897751813604598,0.08465318776586442
2026-09-03 11:00:00+00:00,10007.501222847526,10032.45625850257,29.00534431522905,1.5517010508290323,5.602009711013124,9161.409388348839,0.23917777652025476,0.08454576378836968
2026-09-03 12:00:00+00:00,10001.015005515794,10025.970041170838,29.00534431522905,1.5517010508290323,5.602009711013124,9161.409388348839,0.23920044663647527,0.08395204053827467
2026-09-03 13:00:00+00:00,10001.674232197836,10026.62926785288,29.00534431522905,1.5517010508290323,5.602009711013124,9161.409388348839,0.2422415638579324,0.08401241875524991
2026-09-03 14:00:00+00:00,9990.50287484841,10015.457910503454,29.00534431522905,1.5517010508290323,5.602009711013124,9161.409388348839,0.24919455298743504,0.0829881635474882
2026-09-03 15:00:00+00:00,9961.017202335775,9985.979332758532,29.011978024470856,1.5521621092973261,5.602009711013124,9150.346572569915,0.25284942617758827,0.08138432183168649
2026-09-03 16:00:00+00:00,9967.724858605332,9992.749859624788,29.011978024470856,1.5521621092973261,5.539139114312536,9150.283701973216,0.25579602693886133,0.08200880022550014
2026-09-03 17:00:00+00:00,9960.23519940004,9985.661038659448,29.387027748840893,1.5779506248808304,5.539139114312536,9140.334208902948,0.22627266997985213,0.0823174326793487
2026-09-03 18:00:00+00:00,9964.820131843246,9990.245971102653,29.387027748840893,1.5779506248808304,5.539139114312536,9140.334208902948,0.2274684932926672,0.0827396693599714
2026-09-03 19:00:00+00:00,9960.92627338498,9986.352112644387,29.387027748840893,1.5779506248808304,5.539139114312536,9140.334208902948,0.2274151954301505,0.08238110010658409
2026-09-03 20:00:00+00:00,9950.100686636117,9975.526525895524,29.387027748840893,1.5779506248808304,5.539139114312536,9140.334208902948,0.22867263966778245,0.0813827420682042
2026-09-03 21:00:00+00:00,9948.4416262878,9974.678941199501,30.16093196666934,1.615522059345173,5.539139114312536,9307.526671555746,0.16894348643097498,0.06442365335275207
2026-09-03 22:00:00+00:00,9950.761485126322,9976.998800038024,30.16093196666934,1.615522059345173,5.539139114312536,9307.526671555746,0.16882115603120298,0.06464176782169247
2026-09-03 23:00:00+00:00,9952.732523207336,9978.969838119037,30.16093196666934,1.615522059345173,5.539139114312536,9307.526671555746,0.16907044365491367,0.06482700606563356
2026-09-04 00:00:00+00:00,9953.086523107318,9979.634540982444,30.16093196666934,1.615522059345173,5.228436150889052,9307.215968592322,0.16909511240764466,0.06489148396485139
2026-09-04 01:00:00+00:00,9955.513908666382,9982.130782963244,30.226760457277194,1.6185499904739593,5.228436150889052,9261.975003483361,0.1644585928609692,0.06966379752423307
2026-09-04 02:00:00+00:00,9955.49204325305,9982.108917549913,30.226760457277194,1.6185499904739593,5.228436150889052,9261.975003483361,0.16433721479463648,0.06966175421130433
2026-09-04 03:00:00+00:00,9959.956250517385,9986.573124814247,30.226760457277194,1.6185499904739593,5.228436150889052,9261.975003483361,0.1641650370571594,0.07007874627940919
2026-09-04 04:00:00+00:00,9958.512833556731,9985.129707853594,30.226760457277194,1.6185499904739593,5.228436150889052,9261.975003483361,0.16428372468969377,0.06994396068118514
2026-09-04 05:00:00+00:00,9958.644738285146,9985.261612582008,30.226760457277194,1.6185499904739593,5.228436150889052,9261.975003483361,0.164424839250354,0.06995627950493079
2026-09-04 06:00:00+00:00,9959.177822213655,9985.794696510517,30.226760457277194,1.6185499904739593,5.228436150889052,9261.975003483361,0.16428136315385233,0.0700060618633802
2026-09-04 07:00:00+00:00,9956.592444762851,9983.209319059713,30.226760457277194,1.6185499904739593,5.228436150889052,9261.975003483361,0.1642309059978572,0.06976457509264193
2026-09-04 08:00:00+00:00,9958.63847410505,9985.255348401912,30.226760457277194,1.6185499904739593,5.228436150889052,9261.975003483361,0.16444456058165083,0.06995569448907978
2026-09-04 09:00:00+00:00,9961.783877294829,9988.400751591691,30.226760457277194,1.6185499904739593,5.228436150889052,9261.975003483361,0.16461851326130364,0.07024935317122187
2026-09-04 10:00:00+00:00,9963.901244853652,9990.518119150514,30.226760457277194,1.6185499904739593,5.228436150889052,9261.975003483361,0.16460483071524376,0.07044692878031437
2026-09-04 11:00:00+00:00,9965.503319680538,9992.1201939774,30.226760457277194,1.6185499904739593,5.228436150889052,9261.975003483361,0.16477146664677883,0.07059636564545634
2026-09-04 12:00:00+00:00,9967.467596012571,9994.084470309434,30.226760457277194,1.6185499904739593,5.228436150889052,9261.975003483361,0.16435535903864365,0.07077952205346899
2026-09-04 13:00:00+00:00,9966.522646027104,9993.139520323966,30.226760457277194,1.6185499904739593,5.228436150889052,9261.975003483361,0.1636693079611435,0.07069142042481516
2026-09-04 14:00:00+00:00,9980.633333753762,10007.250208050624,30.226760457277194,1.6185499904739593,5.228436150889052,9261.975003483361,0.16417613180090285,0.07200528325591837
2026-09-04 15:00:00+00:00,9974.993609062189,10001.61048335905,30.226760457277194,1.6185499904739593,5.228436150889052,9261.975003483361,0.16286285387850694,0.07148060776009482
2026-09-04 16:00:00+00:00,9971.393437398732,9997.989877321894,30.226760457277194,1.6185499904739593,5.248870524589483,9261.995437857062,0.16242840136669534,0.07114331652795897
2026-09-04 17:00:00+00:00,9970.882064586243,9998.559602209787,31.246222223851646,1.680185924280911,5.248870524589483,9502.93841415075,0.18909280547119076,0.04693101848004958
2026-09-04 18:00:00+00:00,9967.269852810605,9994.947390434148,31.246222223851646,1.680185924280911,5.248870524589483,9502.93841415075,0.18823043396074235,0.04658561928359142
2026-09-04 19:00:00+00:00,9967.266425985636,9994.94396360918,31.246222223851646,1.680185924280911,5.248870524589483,9502.93841415075,0.18858742800221936,0.0465852914921925
2026-09-04 20:00:00+00:00,9966.36020900079,9994.037746624334,31.246222223851646,1.680185924280911,5.248870524589483,9502.93841415075,0.1883895249709651,0.046498599802916554
2026-09-04 21:00:00+00:00,9964.497126263786,9992.559387653853,31.613793479483686,1.6973384351717042,5.248870524589483,9814.268613507411,0.132991378240033,0.015076376745637592
2026-09-04 22:00:00+00:00,9964.708786509293,9992.77104789936,31.613793479483686,1.6973384351717042,5.248870524589483,9814.268613507411,0.13301234816318272,0.015097297495091335
2026-09-04 23:00:00+00:00,9964.466774068338,9992.529035458405,31.613793479483686,1.6973384351717042,5.248870524589483,9814.268613507411,0.13296918796166649,0.015073376625812507
2026-09-05 00:00:00+00:00,9963.136757063578,9991.362215304833,31.613793479483686,1.6973384351717042,5.085673673400223,9814.10541665622,0.13289823068299134,0.014958275093604216
2026-09-05 01:00:00+00:00,9964.675630812026,9992.90108905328,31.613793479483686,1.6973384351717042,5.085673673400223,9814.10541665622,0.1329356162287491,0.01511039794313256
2026-09-05 02:00:00+00:00,9965.089264529752,9993.314722771007,31.613793479483686,1.6973384351717042,5.085673673400223,9814.10541665622,0.1329657095838877,0.015151279016731946
2026-09-05 03:00:00+00:00,9965.09274061481,9993.318198856065,31.613793479483686,1.6973384351717042,5.085673673400223,9814.10541665622,0.13293956801414297,0.015151622557731805
2026-09-05 04:00:00+00:00,9965.560214659006,9993.785672900261,31.613793479483686,1.6973384351717042,5.085673673400223,9814.10541665622,0.1329313951587068,0.015197820768771237
2026-09-05 05:00:00+00:00,9964.561243231325,9993.322637759933,32.117712866276044,1.7293553357322753,5.085673673400223,9882.535159386363,0.20455121750535601,0.008231780792222981
2026-09-05 06:00:00+00:00,9964.82115038596,9993.582544914569,32.117712866276044,1.7293553357322753,5.085673673400223,9882.535159386363,0.20469288337452776,0.008257648557637172
2026-09-05 07:00:00+00:00,9965.012158285137,9993.773552813745,32.117712866276044,1.7293553357322753,5.085673673400223,9882.535159386363,0.20471292778269679,0.008276658130336633
2026-09-05 08:00:00+00:00,9965.663618918235,9994.425013446844,32.117712866276044,1.7293553357322753,5.085673673400223,9882.535159386363,0.2048078664044597,0.008341487602899461
2026-09-05 09:00:00+00:00,9965.986705919217,9995.173532109106,32.52267742354745,1.7498224397428317,5.085673673400223,9877.489361221946,0.20629053465814248,0.00887993806420677
2026-09-05 10:00:00+00:00,9965.493400067116,9994.680226257005,32.52267742354745,1.7498224397428317,5.085673673400223,9877.489361221946,0.20635269513478738,0.008830876235849777
2026-09-05 11:00:00+00:00,9963.642306637936,9992.829132827825,32.52267742354745,1.7498224397428317,5.085673673400223,9877.489361221946,0.20647201722866168,0.008646732064898924
2026-09-05 12:00:00+00:00,9963.877963243174,9993.064789433063,32.52267742354745,1.7498224397428317,5.085673673400223,9877.489361221946,0.20653491023355017,0.008670178653323268
2026-09-05 13:00:00+00:00,9962.860295851893,9992.209916651282,32.67327137218666,1.762023100601873,5.085673673400223,9960.018500483317,0.22492046027725018,0.00028523890571465903
2026-09-05 14:00:00+00:00,9962.439911760488,9991.789532559877,32.67327137218666,1.762023100601873,5.085673673400223,9960.018500483317,0.22493059614874725,0.00024305404083928373
2026-09-05 15:00:00+00:00,9962.614834788303,9991.964455587691,32.67327137218666,1.762023100601873,5.085673673400223,9960.018500483317,0.22518891884965847,0.00026060771675333083
2026-09-05 16:00:00+00:00,9962.81477253782,9992.164393337209,32.67327137218666,1.762023100601873,5.085673673400223,9960.018500483317,0.22534169880158153,0.00028067088652610313
2026-09-05 17:00:00+00:00,9962.526242065243,9991.875862864632,32.67327137218666,1.762023100601873,5.085673673400223,9960.018500483317,0.22574565331846205,0.00025171743802682005
2026-09-05 18:00:00+00:00,9960.204546651908,9989.554167451297,32.67327137218666,1.762023100601873,5.085673673400223,9960.018500483317,0.22589972193745453,1.8678950589924517e-05
2026-09-05 19:00:00+00:00,9958.506817406549,9987.856438205938,32.67327137218666,1.762023100601873,5.085673673400223,9960.018500483317,0.22582873247874655,-0.00015179816658103935
2026-09-05 20:00:00+00:00,9958.285167780816,9987.634788580204,32.67327137218666,1.762023100601873,5.085673673400223,9960.018500483317,0.22570479596603857,-0.00017405935593304463
2026-09-05 21:00:00+00:00,9957.508837346682,9987.056132114625,32.85929585060838,1.7736725907352067,5.085673673400223,9957.227337489467,0.19453869322909279,2.827010870031976e-05
2026-09-05 22:00:00+00:00,9957.39959997746,9986.946894745402,32.85929585060838,1.7736725907352067,5.085673673400223,9957.227337489467,0.19470529171985465,1.7299947266708024e-05
2026-09-05 23:00:00+00:00,9957.17341834417,9986.720713112112,32.85929585060838,1.7736725907352067,5.085673673400223,9957.227337489467,0.19479404117965204,-5.415105575774172e-06
2026-09-06 00:00:00+00:00,9956.814020919262,9986.355221940234,32.85929585060838,1.7736725907352067,5.091767420372105,9957.233431236438,0.19470668959451398,-4.212294377450442e-05
2026-09-06 01:00:00+00:00,9955.802329598006,9985.696916130222,33.18995578696622,1.7963981656230055,5.091767420372105,9819.67868769295,0.18676128595604743,0.013672794758125002
2026-09-06 02:00:00+00:00,9956.270198829357,9986.164785361574,33.18995578696622,1.7963981656230055,5.091767420372105,9819.67868769295,0.18684454174089246,0.01371914466046416
2026-09-06 03:00:00+00:00,9956.242838569024,9986.13742510124,33.18995578696622,1.7963981656230055,5.091767420372105,9819.67868769295,0.18695331152883,0.013716434310646357
2026-09-06 04:00:00+00:00,9955.368827439135,9985.263413971352,33.18995578696622,1.7963981656230055,5.091767420372105,9819.67868769295,0.18703742026625383,0.013629845573595967
2026-09-06 05:00:00+00:00,9955.716076564306,9985.974874390178,33.53465661020718,1.815908636038173,5.091767420372105,9767.119089779102,0.18745287395210977,0.018943588319996346
2026-09-06 06:00:00+00:00,9956.359547681552,9986.618345507424,33.53465661020718,1.815908636038173,5.091767420372105,9767.119089779102,0.18760237190947585,0.01900699316815213
2026-09-06 07:00:00+00:00,9956.048558779643,9986.307356605515,33.53465661020718,1.815908636038173,5.091767420372105,9767.119089779102,0.18756347690249447,0.018976350696274576
2026-09-06 08:00:00+00:00,9957.522912020104,9987.781709845976,33.53465661020718,1.815908636038173,5.091767420372105,9767.119089779102,0.18726935489379248,0.019121605234888105
2026-09-06 09:00:00+00:00,9958.26304937861,9988.811064135387,33.81117603267371,1.8286061444764599,5.091767420372105,9754.454546022062,0.14563029676548964,0.020466270306975367
2026-09-06 10:00:00+00:00,9959.351321025364,9989.899335782142,33.81117603267371,1.8286061444764599,5.091767420372105,9754.454546022062,0.14580199835441116,0.02057330526846068
2026-09-06 11:00:00+00:00,9959.429274521519,9989.977289278297,33.81117603267371,1.8286061444764599,5.091767420372105,9754.454546022062,0.14593959320509742,0.020580971343792744
2026-09-06 12:00:00+00:00,9959.25820409221,9989.806218848988,33.81117603267371,1.8286061444764599,5.091767420372105,9754.454546022062,0.14592377298300496,0.020564147838439926
2026-09-06 13:00:00+00:00,9959.17977653054,9990.009789892454,34.076116828212626,1.8456639540735855,5.091767420372105,9857.7959636667,0.1902516377133939,0.010179936012678236
2026-09-06 14:00:00+00:00,9958.073062470417,9988.903075832332,34.076116828212626,1.8456639540735855,5.091767420372105,9857.7959636667,0.18968663957492876,0.010069930013030023
2026-09-06 15:00:00+00:00,9958.765665502786,9989.5956788647,34.076116828212626,1.8456639540735855,5.091767420372105,9857.7959636667,0.18929493617084459,0.010138776754818668
2026-09-06 16:00:00+00:00,9958.976524837964,9989.806538199879,34.076116828212626,1.8456639540735855,5.091767420372105,9857.7959636667,0.18939828389397348,0.010159734880277747
2026-09-06 17:00:00+00:00,9958.864611561217,9989.873786116412,34.244138511076734,1.8568034644903615,5.091767420372105,9848.61169933276,0.17416100348542166,0.011070831518330394
2026-09-06 18:00:00+00:00,9958.627608784596,9989.63678333979,34.244138511076734,1.8568034644903615,5.091767420372105,9848.61169933276,0.17434283287875882,0.011047296251422312
2026-09-06 19:00:00+00:00,9959.273275599511,9990.282450154706,34.244138511076734,1.8568034644903615,5.091767420372105,9848.61169933276,0.17454990756531222,0.011111410763059968
2026-09-06 20:00:00+00:00,9960.042403718382,9991.051578273577,34.244138511076734,1.8568034644903615,5.091767420372105,9848.61169933276,0.17455806786690833,0.011187774094618576
2026-09-06 21:00:00+00:00,9958.786440610023,9989.909909348316,34.35265380554574,1.8625823531207024,5.091767420372105,9760.0393641204,0.15655032698959293,0.01995695737375915
2026-09-06 22:00:00+00:00,9958.47060764051,9989.594076378802,34.35265380554574,1.8625823531207024,5.091767420372105,9760.0393641204,0.15666709821892896,0.019925875301360575
2026-09-06 23:00:00+00:00,9958.736006577794,9989.859475316087,34.35265380554574,1.8625823531207024,5.091767420372105,9760.0393641204,0.15658502524796136,0.019951994141239836
2026-09-07 00:00:00+00:00,9957.899192637351,9989.01723927656,34.35265380554574,1.8625823531207024,5.0971895194580785,9760.044786219485,0.15671651138592355,0.019869091119556204
2026-09-07 01:00:00+00:00,9955.69178440844,9987.08300477214,34.60576777338789,1.8826421097683765,5.0971895194580785,9790.226799744165,0.19896963402877904,0.016620139338123105
2026-09-07 02:00:00+00:00,9957.97290518712,9989.36412555082,34.60576777338789,1.8826421097683765,5.0971895194580785,9790.226799744165,0.1985253332417906,0.016845406895571655
2026-09-07 03:00:00+00:00,9956.605837197581,9987.99705756128,34.60576777338789,1.8826421097683765,5.0971895194580785,9790.226799744165,0.1988373661288286,0.016710417201796782
2026-09-07 04:00:00+00:00,9955.59452653016,9986.985746893859,34.60576777338789,1.8826421097683765,5.0971895194580785,9790.226799744165,0.19861629974867412,0.01661053253477876
2026-09-07 05:00:00+00:00,9957.411282489884,9988.838482533272,34.64010240711618,1.8842871557308076,5.0971895194580785,9732.968075563282,0.19286454940389774,0.02254031701204167
2026-09-07 06:00:00+00:00,9959.74688175916,9991.174081802548,34.64010240711618,1.8842871557308076,5.0971895194580785,9732.968075563282,0.1928514916428314,0.022769535098448507
2026-09-07 07:00:00+00:00,9963.588932292663,9995.016132336052,34.64010240711618,1.8842871557308076,5.0971895194580785,9732.968075563282,0.1924902633951613,0.023146364055819615
2026-09-07 08:00:00+00:00,9962.034465487624,9993.43836104633,34.64010240711618,1.8842871557308076,5.120494004140999,9732.991380047964,0.19196384150295462,0.022991597372319348
2026-09-07 09:00:00+00:00,9964.955928276964,9996.35982383567,34.64010240711618,1.8842871557308076,5.120494004140999,9732.991380047964,0.19219745105250788,0.023278030520011345
2026-09-07 10:00:00+00:00,9961.503235686094,9992.9071312448,34.64010240711618,1.8842871557308076,5.120494004140999,9732.991380047964,0.1917704672084224,0.022939495197824088
2026-09-07 11:00:00+00:00,9962.399331451616,9993.803227010321,34.64010240711618,1.8842871557308076,5.120494004140999,9732.991380047964,0.19198156008835865,0.02302737962725542
2026-09-07 12:00:00+00:00,9961.730306423302,9993.134201982008,34.64010240711618,1.8842871557308076,5.120494004140999,9732.991380047964,0.19168482054709698,0.02296176661476645
2026-09-07 13:00:00+00:00,9962.13460175702,9994.815060927098,35.88002209308573,1.9209310811336848,5.120494004140999,8845.827167998848,0.33210568485598857,0.11205504426343411
2026-09-07 14:00:00+00:00,9962.816873515154,9995.497332685232,35.88002209308573,1.9209310811336848,5.120494004140999,8845.827167998848,0.33199366426760824,0.11211585234349503
2026-09-07 15:00:00+00:00,9960.769652223078,9993.450111393156,35.88002209308573,1.9209310811336848,5.120494004140999,8845.827167998848,0.3317211527008633,0.11193336691360925
2026-09-07 16:00:00+00:00,9960.719223359492,9993.39968252957,35.88002209308573,1.9209310811336848,5.120494004140999,8845.827167998848,0.33088337531653544,0.11192887083354802
2026-09-07 17:00:00+00:00,9958.708609581587,9991.781078883861,36.24839833686813,1.9445649695474256,5.120494004140999,8804.984348003674,0.34193824128852873,0.11585079017854555
2026-09-07 18:00:00+00:00,9957.413460170688,9990.485929472963,36.24839833686813,1.9445649695474256,5.120494004140999,8804.984348003674,0.3426584502785682,0.11573578989932379
2026-09-07 19:00:00+00:00,9957.264827294888,9990.337296597163,36.24839833686813,1.9445649695474256,5.120494004140999,8804.984348003674,0.34284983053599055,0.11572259041786048
2026-09-07 20:00:00+00:00,9957.994322253964,9991.066791556239,36.24839833686813,1.9445649695474256,5.120494004140999,8804.984348003674,0.3432487585256392,0.11578737012066388
2026-09-07 21:00:00+00:00,9956.54528930083,9989.967702679663,36.58017524681424,1.9627321361607208,5.120494004140999,8527.261125171972,0.3828492678165635,0.1435522184250743
2026-09-07 22:00:00+00:00,9956.898139400428,9990.320552779262,36.58017524681424,1.9627321361607208,5.120494004140999,8527.261125171972,0.38271967371305615,0.14358256901024644
2026-09-07 23:00:00+00:00,9951.41905396793,9984.841467346763,36.58017524681424,1.9627321361607208,5.120494004140999,8527.261125171972,0.3820359140174971,0.1431110398499502
2026-09-08 00:00:00+00:00,9956.518417011652,9989.940830390486,36.58017524681424,1.9627321361607208,5.120494004140999,8527.261125171972,0.38240374026334617,0.143549906902965
2026-09-08 01:00:00+00:00,9955.204163312752,9988.782473124184,36.72577767027284,1.9730261452979552,5.120494004140999,8503.842617769564,0.35894705781907915,0.14578922960633928
2026-09-08 02:00:00+00:00,9959.68046923169,9993.25877904312,36.72577767027284,1.9730261452979552,5.120494004140999,8503.842617769564,0.3593561205920157,0.14617314842174164
2026-09-08 03:00:00+00:00,9955.88304071817,9989.461350529602,36.72577767027284,1.9730261452979552,5.120494004140999,8503.842617769564,0.35859590885438736,0.14584747701534495
2026-09-08 04:00:00+00:00,9960.398199178948,9993.97650899038,36.72577767027284,1.9730261452979552,5.120494004140999,8503.842617769564,0.35901777768772863,0.14623467378336852
2026-09-08 05:00:00+00:00,9960.224520797472,9993.802830608904,36.72577767027284,1.9730261452979552,5.120494004140999,8503.842617769564,0.358719392959053,0.14621978651052547
2026-09-08 06:00:00+00:00,9955.53285022502,9989.111160036451,36.72577767027284,1.9730261452979552,5.120494004140999,8503.842617769564,0.3574580203391468,0.14581743180352655
2026-09-08 07:00:00+00:00,9955.330395241494,9988.908705052925,36.72577767027284,1.9730261452979552,5.120494004140999,8503.842617769564,0.35697029674425995,0.14580006085641525
2026-09-08 08:00:00+00:00,9957.549804981945,9991.182239240201,36.72577767027284,1.9730261452979552,5.066369557315908,8503.78849332274,0.35647738546291324,0.14599588655151507
2026-09-08 09:00:00+00:00,9957.162406147956,9990.850691997657,36.776635378364,1.978020028653332,5.066369557315908,8588.50048243324,0.36424862366951066,0.13745501658882733
2026-09-08 10:00:00+00:00,9953.552330076194,9987.240615925895,36.776635378364,1.978020028653332,5.066369557315908,8588.50048243324,0.3662721811406339,0.13714217822698724
2026-09-08 11:00:00+00:00,9950.039806746396,9983.728092596097,36.776635378364,1.978020028653332,5.066369557315908,8588.50048243324,0.3660363516958913,0.13683757560346593
2026-09-08 12:00:00+00:00,9942.998932114728,9976.687217964429,36.776635378364,1.978020028653332,5.066369557315908,8588.50048243324,0.36725153128231747,0.13622634970890074
2026-09-08 13:00:00+00:00,9936.471380070358,9970.295875688671,36.903170120029976,1.98769505560022,5.066369557315908,8545.069861303107,0.3486889858678085,0.1400297414993811
2026-09-08 14:00:00+00:00,9924.682700906038,9958.507196524351,36.903170120029976,1.98769505560022,5.066369557315908,8545.069861303107,0.34676875763083903,0.13900825660421204
2026-09-08 15:00:00+00:00,9927.08116248777,9960.905658106083,36.903170120029976,1.98769505560022,5.066369557315908,8545.069861303107,0.345531856060104,0.13921627904151485
2026-09-08 16:00:00+00:00,9928.212325016491,9962.19194007395,36.903170120029976,1.98769505560022,4.911250118172394,8544.914741863966,0.345928146186713,0.13932997581719506
2026-09-08 17:00:00+00:00,9927.153165627775,9961.725948680369,37.47451732686299,2.0095158439010783,4.911250118172394,8724.641779537471,0.3223185835028082,0.1211335582343922
2026-09-08 18:00:00+00:00,9926.276811726893,9960.849594779487,37.47451732686299,2.0095158439010783,4.911250118172394,8724.641779537471,0.3224781308930887,0.12105596639918528
2026-09-08 19:00:00+00:00,9927.687398729055,9962.260181781648,37.47451732686299,2.0095158439010783,4.911250118172394,8724.641779537471,0.321617538676204,0.12118085218372192
2026-09-08 20:00:00+00:00,9940.900743445849,9975.473526498443,37.47451732686299,2.0095158439010783,4.911250118172394,8724.641779537471,0.32037549021781586,0.12234896970581577
2026-09-08 21:00:00+00:00,9939.334985688824,9974.059040248927,37.62032184819758,2.014982830077848,4.911250118172394,8967.503510573784,0.2960401188293233,0.09777630762161993
2026-09-08 22:00:00+00:00,9938.417480210526,9973.14153477063,37.62032184819758,2.014982830077848,4.911250118172394,8967.503510573784,0.2960786595249089,0.09769301516765984
2026-09-08 23:00:00+00:00,9938.613870380457,9973.33792494056,37.62032184819758,2.014982830077848,4.911250118172394,8967.503510573784,0.2966145576008804,0.09771084504055685
2026-09-09 00:00:00+00:00,9936.511980614512,9971.442159784658,37.62032184819758,2.014982830077848,4.705125508130056,8967.297385963742,0.29610706787519087,0.09754072621676947
2026-09-09 01:00:00+00:00,9937.117516479391,9972.57216598371,38.11394416407572,2.0458308483734244,4.705125508130056,8859.075820001868,0.36922744803149093,0.10848635881479055
2026-09-09 02:00:00+00:00,9937.611923109382,9973.066572613701,38.11394416407572,2.0458308483734244,4.705125508130056,8859.075820001868,0.3697294428271451,0.10853071255473715
2026-09-09 03:00:00+00:00,9937.528120947081,9972.982770451401,38.11394416407572,2.0458308483734244,4.705125508130056,8859.075820001868,0.36975424988759314,0.1085231948850508
2026-09-09 04:00:00+00:00,9937.67650683069,9973.13115633501,38.11394416407572,2.0458308483734244,4.705125508130056,8859.075820001868,0.36936553722859433,0.10853650610255249
2026-09-09 05:00:00+00:00,9938.016249032025,9973.663268296697,38.29464191529539,2.0575028575056202,4.705125508130056,8875.546762372831,0.34017043574338973,0.10690961455840656
2026-09-09 06:00:00+00:00,9937.930318482391,9973.577337747063,38.29464191529539,2.0575028575056202,4.705125508130056,8875.546762372831,0.34003337874120726,0.1069018922515241
2026-09-09 07:00:00+00:00,9936.998338855448,9972.64535812012,38.29464191529539,2.0575028575056202,4.705125508130056,8875.546762372831,0.3400326814822815,0.10681812960883284
2026-09-09 08:00:00+00:00,9936.953785534673,9972.600804799345,38.29464191529539,2.0575028575056202,4.705125508130056,8875.546762372831,0.34015192276231476,0.10681412493906767
2026-09-09 09:00:00+00:00,9927.18710630638,9962.889235980783,38.34604553189114,2.0612096506407904,4.705125508130056,8873.392063209232,0.33285764464910134,0.10615243087618546
2026-09-09 10:00:00+00:00,9918.425210979907,9954.12734065431,38.34604553189114,2.0612096506407904,4.705125508130056,8873.392063209232,0.3307914964931234,0.10536280967403978
2026-09-09 11:00:00+00:00,9904.259360527514,9939.961490201917,38.34604553189114,2.0612096506407904,4.705125508130056,8873.392063209232,0.33213839234469733,0.10408322922425742
2026-09-09 12:00:00+00:00,9887.182010752294,9922.884140426697,38.34604553189114,2.0612096506407904,4.705125508130056,8873.392063209232,0.33358043071145305,0.10253578283888852
2026-09-09 13:00:00+00:00,9884.369272904645,9920.576992337938,38.840472185000245,2.0723727564219985,4.705125508130056,8425.487119500067,0.2632909997667265,0.1475948655018094
2026-09-09 14:00:00+00:00,9888.224620627707,9924.432340061,38.840472185000245,2.0723727564219985,4.705125508130056,8425.487119500067,0.2621208750391791,0.14792721213838939
2026-09-09 15:00:00+00:00,9883.004520750193,9919.212240183486,38.840472185000245,2.0723727564219985,4.705125508130056,8425.487119500067,0.2614315721823393,0.1474771561815991
2026-09-09 16:00:00+00:00,9886.887785105127,9923.441909297366,38.840472185000245,2.0723727564219985,4.35872074918328,8425.14071474112,0.2603767236581839,0.14784703762554804
2026-09-09 17:00:00+00:00,9886.254626218497,9923.423172052337,39.41588710453158,2.1113794784915227,4.35872074918328,8558.480111426936,0.290241957434921,0.13430510997261624
2026-09-09 18:00:00+00:00,9884.374832273925,9921.543378107765,39.41588710453158,2.1113794784915227,4.35872074918328,8558.480111426936,0.2905437075387775,0.13414047356012335
2026-09-09 19:00:00+00:00,9890.151971601286,9927.320517435126,39.41588710453158,2.1113794784915227,4.35872074918328,8558.480111426936,0.2904380581260745,0.1346462485104508
2026-09-09 20:00:00+00:00,9891.560544058633,9928.729089892473,39.41588710453158,2.1113794784915227,4.35872074918328,8558.480111426936,0.2898984524250229,0.1347694761300745
2026-09-09 21:00:00+00:00,9893.234327114267,9930.402872948107,39.41588710453158,2.1113794784915227,4.35872074918328,8558.480111426936,0.2900466984194064,0.13491585982444448
2026-09-09 22:00:00+00:00,9897.09484361961,9934.26338945345,39.41588710453158,2.1113794784915227,4.35872074918328,8558.480111426936,0.2897777726830811,0.13525329941196262
2026-09-09 23:00:00+00:00,9899.563043610957,9936.731589444797,39.41588710453158,2.1113794784915227,4.35872074918328,8558.480111426936,0.2895386518332273,0.13546890163496025
2026-09-10 00:00:00+00:00,9898.523645234409,9935.984384142923,39.41588710453158,2.1113794784915227,4.0665276745086745,8558.18791835226,0.2897923715815912,0.13540764006028794
2026-09-10 01:00:00+00:00,9894.269774907003,9932.270575802178,39.92331304872642,2.144015520958965,4.0665276745086745,8539.021086466957,0.3156030480552438,0.13697308839072805
2026-09-10 02:00:00+00:00,9894.383014686167,9932.383815581343,39.92331304872642,2.144015520958965,4.0665276745086745,8539.021086466957,0.3152757993714548,0.13698296560861414
2026-09-10 03:00:00+00:00,9894.734252827922,9932.735053723098,39.92331304872642,2.144015520958965,4.0665276745086745,8539.021086466957,0.3157025441313644,0.1370136005394487
2026-09-10 04:00:00+00:00,9895.889640629082,9933.890441524258,39.92331304872642,2.144015520958965,4.0665276745086745,8539.021086466957,0.3158126239736338,0.13711435792405102
2026-09-10 05:00:00+00:00,9895.788841727148,9933.789642622323,39.92331304872642,2.144015520958965,4.0665276745086745,8539.021086466957,0.3159910144062444,0.13710556853630174
2026-09-10 06:00:00+00:00,9895.977007546126,9933.977808441301,39.92331304872642,2.144015520958965,4.0665276745086745,8539.021086466957,0.31621919473311394,0.1371219759347085
2026-09-10 07:00:00+00:00,9894.878811471748,9932.879612366924,39.92331304872642,2.144015520958965,4.0665276745086745,8539.021086466957,0.31599087953635524,0.13702620828795406
2026-09-10 08:00:00+00:00,9896.25327731024,9934.254078205415,39.92331304872642,2.144015520958965,4.0665276745086745,8539.021086466957,0.31539416892534317,0.1371460645570878
2026-09-10 09:00:00+00:00,9901.451491151995,9939.45229204717,39.92331304872642,2.144015520958965,4.0665276745086745,8539.021086466957,0.3156115847974013,0.13759905867362118
2026-09-10 10:00:00+00:00,9899.66824585416,9937.669046749335,39.92331304872642,2.144015520958965,4.0665276745086745,8539.021086466957,0.3154721452702289,0.13744371281906573
2026-09-10 11:00:00+00:00,9900.878502838115,9938.87930373329,39.92331304872642,2.144015520958965,4.0665276745086745,8539.021086466957,0.3155013574032826,0.137549149399296
2026-09-10 12:00:00+00:00,9896.30002210844,9934.300823003616,39.92331304872642,2.144015520958965,4.0665276745086745,8539.021086466957,0.3146342463019612,0.1371501402149599
2026-09-10 13:00:00+00:00,9883.443138641222,9922.914880690503,41.333289165520455,2.204980558269728,4.0665276745086745,8296.72329674677,0.26995329423334896,0.16054322563873152
2026-09-10 14:00:00+00:00,9855.329745342655,9894.801487391936,41.333289165520455,2.204980558269728,4.0665276745086745,8296.72329674677,0.27016214055334187,0.1581485844583168
2026-09-10 15:00:00+00:00,9876.342794785845,9915.814536835127,41.333289165520455,2.204980558269728,4.0665276745086745,8296.72329674677,0.27233460926650643,0.1599397196777157
2026-09-10 16:00:00+00:00,9875.362831360777,9914.882379011853,41.333289165520455,2.204980558269728,4.018722072715514,8296.675491144977,0.2712057489033848,0.15986119874020513
2026-09-10 17:00:00+00:00,9878.143621199946,9918.474310549664,42.10544607203328,2.2439653503987587,4.018722072715514,8183.023876328793,0.32952672772865554,0.17160306732463146
2026-09-10 18:00:00+00:00,9874.914596670445,9915.245286020163,42.10544607203328,2.2439653503987587,4.018722072715514,8183.023876328793,0.32901674256174585,0.17133218761325927
2026-09-10 19:00:00+00:00,9872.522144213202,9912.85283356292,42.10544607203328,2.2439653503987587,4.018722072715514,8183.023876328793,0.32897404036746397,0.1711313728351281
2026-09-10 20:00:00+00:00,9878.720181425773,9919.05087077549,42.10544607203328,2.2439653503987587,4.018722072715514,8183.023876328793,0.32793082460088246,0.1716514157659078
2026-09-10 21:00:00+00:00,9877.67903829057,9918.331442848388,42.41007570167487,2.26105092885804,4.018722072715514,8431.823992834488,0.2763358992511652,0.14637598972909124
2026-09-10 22:00:00+00:00,9875.450852946324,9916.103257504143,42.41007570167487,2.26105092885804,4.018722072715514,8431.823992834488,0.27616281298661677,0.1461833876355258
2026-09-10 23:00:00+00:00,9876.686345972677,9917.338750530496,42.41007570167487,2.26105092885804,4.018722072715514,8431.823992834488,0.2755488950580167,0.14629019314026775
2026-09-11 00:00:00+00:00,9876.484187863596,9917.043359869762,42.41007570167487,2.26105092885804,4.111954624367341,8431.917225386138,0.2749180472696278,0.14626327901709882
2026-09-11 01:00:00+00:00,9879.081286748951,9919.640458755117,42.41007570167487,2.26105092885804,4.111954624367341,8431.917225386138,0.27568248345636887,0.14648771675802771
2026-09-11 02:00:00+00:00,9877.337245853898,9917.896417860064,42.41007570167487,2.26105092885804,4.111954624367341,8431.917225386138,0.2758617545525971,0.1463370121410492
2026-09-11 03:00:00+00:00,9878.000722867942,9918.559894874108,42.41007570167487,2.26105092885804,4.111954624367341,8431.917225386138,0.2754859889707837,0.1463943502387145
2026-09-11 04:00:00+00:00,9874.616224370671,9915.175396376837,42.41007570167487,2.26105092885804,4.111954624367341,8431.917225386138,0.2754085152191851,0.14610177916828135
2026-09-11 05:00:00+00:00,9874.279842716325,9915.0818466944,42.63920066061082,2.274757941832806,4.111954624367341,8221.229424056015,0.3017248783735592,0.1674097194925732
2026-09-11 06:00:00+00:00,9876.584819553194,9917.38682353127,42.63920066061082,2.274757941832806,4.111954624367341,8221.229424056015,0.3025324960161651,0.1676040276817128
2026-09-11 07:00:00+00:00,9880.533492993929,9921.335496972004,42.63920066061082,2.274757941832806,4.111954624367341,8221.229424056015,0.3031719026872256,0.16793668784327193
2026-09-11 08:00:00+00:00,9881.030559647206,9921.832563625281,42.63920066061082,2.274757941832806,4.111954624367341,8221.229424056015,0.3029064124481401,0.16797854490700545
2026-09-11 09:00:00+00:00,9887.43166458248,9928.246384999537,42.651090648414815,2.275584393010553,4.111954624367341,8241.034180408209,0.3034772471423808,0.16651417071955998
2026-09-11 10:00:00+00:00,9889.364575906317,9930.179296323373,42.651090648414815,2.275584393010553,4.111954624367341,8241.034180408209,0.3031045077979372,0.16667707847620175
2026-09-11 11:00:00+00:00,9890.322992490965,9931.137712908021,42.651090648414815,2.275584393010553,4.111954624367341,8241.034180408209,0.30293071947997435,0.1667578311987329
2026-09-11 12:00:00+00:00,9889.53175993668,9930.346480353737,42.651090648414815,2.275584393010553,4.111954624367341,8241.034180408209,0.3031514168143585,0.1666911659262447
2026-09-11 13:00:00+00:00,9884.803995794304,9926.228459051861,43.236247176361644,2.300170705564067,4.111954624367341,8031.992331317553,0.4063484807970576,0.18744040501613057
2026-09-11 14:00:00+00:00,9888.870188112016,9930.294651369573,43.236247176361644,2.300170705564067,4.111954624367341,8031.992331317553,0.40977992071432356,0.18777452039230158
2026-09-11 15:00:00+00:00,9894.745500247038,9936.169963504595,43.236247176361644,2.300170705564067,4.111954624367341,8031.992331317553,0.4087944888662708,0.18825680447091625
2026-09-11 16:00:00+00:00,9907.527437299215,9948.925228736305,43.236247176361644,2.300170705564067,4.1386264448364685,8032.0190031380225,0.406540861242869,0.18930136161928757
2026-09-11 17:00:00+00:00,9901.776963350869,9943.432439353664,43.47254622390646,2.32155622372586,4.1386264448364685,7705.16828272109,0.39170559268960553,0.22183984639928936
2026-09-11 18:00:00+00:00,9899.579426882363,9941.234902885159,43.47254622390646,2.32155622372586,4.1386264448364685,7705.16828272109,0.3912628058265012,0.22166710822101568
2026-09-11 19:00:00+00:00,9900.40220902528,9942.057685028076,43.47254622390646,2.32155622372586,4.1386264448364685,7705.16828272109,0.3901373801997937,0.22173179230061985
2026-09-11 20:00:00+00:00,9894.521204428702,9936.176680431498,43.47254622390646,2.32155622372586,4.1386264448364685,7705.16828272109,0.3897583517135923,0.22126921318109632
2026-09-11 21:00:00+00:00,9895.29884242473,9937.193031570258,43.69849257410444,2.3343230162579043,4.1386264448364685,7738.380091076391,0.3703379470694651,0.21797408907963925
2026-09-11 22:00:00+00:00,9895.794015134827,9937.688204280354,43.69849257410444,2.3343230162579043,4.1386264448364685,7738.380091076391,0.37017856816377803,0.218013220642916
2026-09-11 23:00:00+00:00,9895.72089415014,9937.615083295666,43.69849257410444,2.3343230162579043,4.1386264448364685,7738.380091076391,0.3700343481206333,0.21800744242383197
2026-09-12 00:00:00+00:00,9894.748320551764,9936.749002628228,43.69849257410444,2.3343230162579043,4.032133513897738,7738.273598145452,0.3701105113330766,0.2179413414616352
2026-09-12 01:00:00+00:00,9894.813703563217,9937.038429189412,43.90781551347016,2.349043626621725,4.032133513897738,7899.84218880003,0.3866978667410753,0.20161789544807476
2026-09-12 02:00:00+00:00,9894.070522905724,9936.295248531918,43.90781551347016,2.349043626621725,4.032133513897738,7899.84218880003,0.386670736628646,0.20155792598090583
2026-09-12 03:00:00+00:00,9896.814841888276,9939.03956751447,43.90781551347016,2.349043626621725,4.032133513897738,7899.84218880003,0.3868734851995315,0.20177932850032296
2026-09-12 04:00:00+00:00,9898.478016103905,9940.7027417301,43.90781551347016,2.349043626621725,4.032133513897738,7899.84218880003,0.3867959487638698,0.20191344811316234
2026-09-12 05:00:00+00:00,9898.80297377237,9941.027699398564,43.90781551347016,2.349043626621725,4.032133513897738,7899.84218880003,0.3868015634078705,0.2019396476794959
2026-09-12 06:00:00+00:00,9900.20751783306,9942.432243459254,43.90781551347016,2.349043626621725,4.032133513897738,7899.84218880003,0.386748890472203,0.20205286863227948
2026-09-12 07:00:00+00:00,9899.802147979153,9942.026873605348,43.90781551347016,2.349043626621725,4.032133513897738,7899.84218880003,0.386700122630926,0.2020201948770637
2026-09-12 08:00:00+00:00,9900.631921680131,9942.856647306326,43.90781551347016,2.349043626621725,4.032133513897738,7899.84218880003,0.3868760470608218,0.20208707370474271
2026-09-12 09:00:00+00:00,9901.092877570813,9943.395356647176,43.980316825873416,2.3542957643884734,4.032133513897738,7778.93416681553,0.3747987076735861,0.21433580484460063
2026-09-12 10:00:00+00:00,9901.777172595965,9944.079651672328,43.980316825873416,2.3542957643884734,4.032133513897738,7778.93416681553,0.3747923293908756,0.21439010076449586
2026-09-12 11:00:00+00:00,9901.202814772101,9943.505293848464,43.980316825873416,2.3542957643884734,4.032133513897738,7778.93416681553,0.3748887148415125,0.21434452840318055
2026-09-12 12:00:00+00:00,9900.757769045165,9943.060248121528,43.980316825873416,2.3542957643884734,4.032133513897738,7778.93416681553,0.37501454195167233,0.21430921266082686
2026-09-12 13:00:00+00:00,9901.262676328624,9943.700112859598,44.108615085850225,2.360954959021497,4.032133513897738,7858.314502093957,0.3574775105354844,0.20633208521159954
2026-09-12 14:00:00+00:00,9902.250299791693,9944.687736322667,44.108615085850225,2.360954959021497,4.032133513897738,7858.314502093957,0.3575170709070459,0.20641124348681955
2026-09-12 15:00:00+00:00,9902.288882426117,9944.726318957091,44.108615085850225,2.360954959021497,4.032133513897738,7858.314502093957,0.3575685064323988,0.20641433557444086
2026-09-12 16:00:00+00:00,9901.812390788113,9944.249827319087,44.108615085850225,2.360954959021497,4.032133513897738,7858.314502093957,0.3575635540111347,0.20637614691581818
2026-09-12 17:00:00+00:00,9901.89789241277,9944.499232115943,44.26422565538111,2.36924756168975,4.032133513897738,7929.366898915297,0.3821180956703379,0.1992073655908838
2026-09-12 18:00:00+00:00,9902.038354844919,9944.639694548092,44.26422565538111,2.36924756168975,4.032133513897738,7929.366898915297,0.3819639569162756,0.19921872499760865
2026-09-12 19:00:00+00:00,9901.245144252602,9943.846483955775,44.26422565538111,2.36924756168975,4.032133513897738,7929.366898915297,0.3824026434028572,0.19915457264301012
2026-09-12 20:00:00+00:00,9902.794004517895,9945.395344221068,44.26422565538111,2.36924756168975,4.032133513897738,7929.366898915297,0.38203021356808353,0.19927982998558513
2026-09-12 21:00:00+00:00,9903.26625211808,9945.867591821252,44.26422565538111,2.36924756168975,4.032133513897738,7929.366898915297,0.3815573962651237,0.19931801316364803
2026-09-12 22:00:00+00:00,9902.72747886258,9945.328818565753,44.26422565538111,2.36924756168975,4.032133513897738,7929.366898915297,0.3817574442307161,0.19927445081765918
2026-09-12 23:00:00+00:00,9902.046476020096,9944.647815723269,44.26422565538111,2.36924756168975,4.032133513897738,7929.366898915297,0.38167997893978906,0.19921938175932216
2026-09-13 00:00:00+00:00,9901.571356802226,9944.172696505399,44.26422565538111,2.36924756168975,4.032133513897738,7929.366898915297,0.3817112871932189,0.19918095692276713
2026-09-13 01:00:00+00:00,9899.127782904547,9941.933925060344,44.45820657767652,2.380069092020263,4.032133513897738,7963.231822996916,0.4142341977913266,0.19556227602707135
2026-09-13 02:00:00+00:00,9901.926685809134,9944.732827964932,44.45820657767652,2.380069092020263,4.032133513897738,7963.231822996916,0.4144043464003801,0.19578966036888984
2026-09-13 03:00:00+00:00,9902.121091880712,9944.92723403651,44.45820657767652,2.380069092020263,4.032133513897738,7963.231822996916,0.4141835954973166,0.19580544924597998
2026-09-13 04:00:00+00:00,9900.71270880314,9943.518850958937,44.45820657767652,2.380069092020263,4.032133513897738,7963.231822996916,0.4139943155674903,0.19569105202734827
2026-09-13 05:00:00+00:00,9899.641991574064,9942.448133729862,44.45820657767652,2.380069092020263,4.032133513897738,7963.231822996916,0.41383628764976993,0.19560406025039037
2026-09-13 06:00:00+00:00,9898.745880613358,9941.552022769156,44.45820657767652,2.380069092020263,4.032133513897738,7963.231822996916,0.4136815737584537,0.19553124011468315
2026-09-13 07:00:00+00:00,9899.28868413338,9942.094826289178,44.45820657767652,2.380069092020263,4.032133513897738,7963.231822996916,0.412906989341006,0.195575351210798
2026-09-13 08:00:00+00:00,9894.917789147494,9937.738062754022,44.45820657767652,2.380069092020263,4.018002063167213,7963.217691546185,0.412557799073002,0.19522143981023782
2026-09-13 09:00:00+00:00,9891.892414089587,9934.712687696116,44.45820657767652,2.380069092020263,4.018002063167213,7963.217691546185,0.41162416174407296,0.19497530318832437
2026-09-13 10:00:00+00:00,9889.095262323919,9931.915535930448,44.45820657767652,2.380069092020263,4.018002063167213,7963.217691546185,0.4099025879559599,0.19474760022942242
2026-09-13 11:00:00+00:00,9889.939660052598,9932.759933659127,44.45820657767652,2.380069092020263,4.018002063167213,7963.217691546185,0.409254159609453,0.1948163522461941
2026-09-13 12:00:00+00:00,9890.88065848288,9933.700932089409,44.45820657767652,2.380069092020263,4.018002063167213,7963.217691546185,0.40959390725861267,0.19489295579392532
2026-09-13 13:00:00+00:00,9890.564751195085,9934.026933251096,45.07406198336212,2.4061221358165388,4.018002063167213,8421.603454415472,0.325766020205727,0.1485214781695976
2026-09-13 14:00:00+00:00,9890.193241744497,9933.655423800508,45.07406198336212,2.4061221358165388,4.018002063167213,8421.603454415472,0.3257989776857697,0.148489493727019
2026-09-13 15:00:00+00:00,9889.387491661106,9932.849673717117,45.07406198336212,2.4061221358165388,4.018002063167213,8421.603454415472,0.32626424387608854,0.14842011585482864
2026-09-13 16:00:00+00:00,9889.747496220842,9933.209678276853,45.07406198336212,2.4061221358165388,4.018002063167213,8421.603454415472,0.32578357827414994,0.14845111489109197
2026-09-13 17:00:00+00:00,9890.253635420671,9933.715817476683,45.07406198336212,2.4061221358165388,4.018002063167213,8421.603454415472,0.3264521126544437,0.14849469337625654
2026-09-13 18:00:00+00:00,9890.006121358001,9933.468303414013,45.07406198336212,2.4061221358165388,4.018002063167213,8421.603454415472,0.3265289695589739,0.14847338302161753
2026-09-13 19:00:00+00:00,9891.082447733588,9934.5446297896,45.07406198336212,2.4061221358165388,4.018002063167213,8421.603454415472,0.32638672673894054,0.14856604432155235
2026-09-13 20:00:00+00:00,9889.450742470653,9932.912924526665,45.07406198336212,2.4061221358165388,4.018002063167213,8421.603454415472,0.3262048711784363,0.1484255623774383
2026-09-13 21:00:00+00:00,9890.861533750107,9934.323715806118,45.07406198336212,2.4061221358165388,4.018002063167213,8421.603454415472,0.3264459192379315,0.14854702740718348
2026-09-13 22:00:00+00:00,9891.938179642844,9935.400361698856,45.07406198336212,2.4061221358165388,4.018002063167213,8421.603454415472,0.32664295456881887,0.1486397001806233
2026-09-13 23:00:00+00:00,9884.024117766785,9927.486299822796,45.07406198336212,2.4061221358165388,4.018002063167213,8421.603454415472,0.32617492164434203,0.14795802255506177
2026-09-14 00:00:00+00:00,9884.83016038056,9928.244277442307,45.07406198336212,2.4061221358165388,4.066067057430247,8421.651519409736,0.32589520157691504,0.14802263845011693
2026-09-14 01:00:00+00:00,9873.869556959946,9917.283674021694,45.07406198336212,2.4061221358165388,4.066067057430247,8421.651519409736,0.3255626694380128,0.14707689109854225
2026-09-14 02:00:00+00:00,9878.866153910703,9922.280270972451,45.07406198336212,2.4061221358165388,4.066067057430247,8421.651519409736,0.32651432120243923,0.14750828807657304
2026-09-14 03:00:00+00:00,9875.30823100444,9918.722348066187,45.07406198336212,2.4061221358165388,4.066067057430247,8421.651519409736,0.32714536990061294,0.14720114831766107
2026-09-14 04:00:00+00:00,9875.671819617795,9919.085936679543,45.07406198336212,2.4061221358165388,4.066067057430247,8421.651519409736,0.3273167165415782,0.1472325454679125
2026-09-14 05:00:00+00:00,9874.902520651929,9918.316637713677,45.07406198336212,2.4061221358165388,4.066067057430247,8421.651519409736,0.32754599077974794,0.14716611107835542
2026-09-14 06:00:00+00:00,9877.079754361603,9920.49387142335,45.07406198336212,2.4061221358165388,4.066067057430247,8421.651519409736,0.3271910816254889,0.14735410375816477
2026-09-14 07:00:00+00:00,9875.353317122845,9918.767434184592,45.07406198336212,2.4061221358165388,4.066067057430247,8421.651519409736,0.32727586151802535,0.14720504178747107
2026-09-14 08:00:00+00:00,9873.051238470154,9916.48990391962,45.07406198336212,2.4061221358165388,4.0415186697119125,8421.626971022019,0.32726643993038596,0.14700868377879878
2026-09-14 09:00:00+00:00,9877.769982709979,9921.208648159445,45.07406198336212,2.4061221358165388,4.0415186697119125,8421.626971022019,0.32714694288524415,0.14741616926055057
2026-09-14 10:00:00+00:00,9877.838134518912,9921.276799968378,45.07406198336212,2.4061221358165388,4.0415186697119125,8421.626971022019,0.32798100400472946,0.14742205163375208
2026-09-14 11:00:00+00:00,9895.463282275354,9938.90194772482,45.07406198336212,2.4061221358165388,4.0415186697119125,8421.626971022019,0.3289980386576185,0.1489406073481425
2026-09-14 12:00:00+00:00,9915.791910595524,9959.23057604499,45.07406198336212,2.4061221358165388,4.0415186697119125,8421.626971022019,0.33119727419262734,0.1506853868097933
2026-09-14 13:00:00+00:00,9908.74944080836,9952.847969593207,45.70037468525025,2.439672769308568,4.0415186697119125,8693.037797949659,0.34044198575251056,0.12269072400316171
2026-09-14 14:00:00+00:00,9913.446382884138,9957.544911668985,45.70037468525025,2.439672769308568,4.0415186697119125,8693.037797949659,0.342690642136617,0.12310638881767201
2026-09-14 15:00:00+00:00,9902.922599619396,9947.105124325328,45.78094180952971,2.4431015661132673,4.0415186697119125,8558.67869035962,0.328107605565325,0.13574214033657492
2026-09-14 16:00:00+00:00,9908.647970547561,9952.746306201305,45.78094180952971,2.4431015661132673,4.125707721899271,8558.76287941181,0.3301781001504049,0.13623302544889526
2026-09-14 17:00:00+00:00,9911.670381282842,9957.591238062372,47.514169224996046,2.5323952764335056,4.125707721899271,8515.687356463703,0.22890840527332432,0.14084235765702108
2026-09-14 18:00:00+00:00,9915.262034544816,9961.182891324346,47.514169224996046,2.5323952764335056,4.125707721899271,8515.687356463703,0.22966063704041428,0.14115357447992694
2026-09-14 19:00:00+00:00,9914.221131017479,9960.14198779701,47.514169224996046,2.5323952764335056,4.125707721899271,8515.687356463703,0.22916117174770756,0.14106340337501092
2026-09-14 20:00:00+00:00,9912.030666271881,9957.951523051412,47.514169224996046,2.5323952764335056,4.125707721899271,8515.687356463703,0.22940428943281962,0.14087358653556023
2026-09-14 21:00:00+00:00,9913.171441631286,9959.092298410817,47.514169224996046,2.5323952764335056,4.125707721899271,8515.687356463703,0.22937947215307322,0.14097245199439604
2026-09-14 22:00:00+00:00,9914.171658448953,9960.092515228484,47.514169224996046,2.5323952764335056,4.125707721899271,8515.687356463703,0.22915982108419655,0.14105911720758324
2026-09-14 23:00:00+00:00,9914.496275526315,9960.417132305845,47.514169224996046,2.5323952764335056,4.125707721899271,8515.687356463703,0.22875670272335638,0.1410872403589012
2026-09-15 00:00:00+00:00,9917.453518405164,9963.552344951986,47.514169224996046,2.5323952764335056,3.947737954607333,8515.50938669641,0.2281993988386717,0.14136130097378072
2026-09-15 01:00:00+00:00,9919.315051766029,9965.413995393219,47.514283466749575,2.5323981150482493,3.947737954607333,8515.69967537721,0.22806433914490398,0.14150325592682136
2026-09-15 02:00:00+00:00,9920.726256231306,9966.825199858496,47.514283466749575,2.5323981150482493,3.947737954607333,8515.69967537721,0.2282227677650586,0.1416253754579295
2026-09-15 03:00:00+00:00,9920.556088877041,9966.655032504232,47.514283466749575,2.5323981150482493,3.947737954607333,8515.69967537721,0.2281130228377547,0.1416106517531775
2026-09-15 04:00:00+00:00,9923.609722894913,9969.708666522103,47.514283466749575,2.5323981150482493,3.947737954607333,8515.69967537721,0.2276123861973893,0.14187479020557328
2026-09-15 05:00:00+00:00,9922.449787656871,9968.548731284061,47.514283466749575,2.5323981150482493,3.947737954607333,8515.69967537721,0.227189762924526,0.1417744752943576
2026-09-15 06:00:00+00:00,9921.473611812307,9967.572555439498,47.514283466749575,2.5323981150482493,3.947737954607333,8515.69967537721,0.2273928999353679,0.14169003430714291
2026-09-15 07:00:00+00:00,9921.948153269219,9968.04709689641,47.514283466749575,2.5323981150482493,3.947737954607333,8515.69967537721,0.22696349191049595,0.1417310850821832
2026-09-15 08:00:00+00:00,9919.13772142532,9965.474126159741,47.514283466749575,2.5323981150482493,3.7102768473785277,8515.46221426998,0.2264109137933179,0.14151184776106127
2026-09-15 09:00:00+00:00,9916.338447977072,9962.674852711492,47.514283466749575,2.5323981150482493,3.7102768473785277,8515.46221426998,0.2264212838076981,0.14126950598311513
2026-09-15 10:00:00+00:00,9919.826432432874,9966.162837167294,47.514283466749575,2.5323981150482493,3.7102768473785277,8515.46221426998,0.22686024738685232,0.14157145064265672
2026-09-15 11:00:00+00:00,9920.596209612762,9966.932614347183,47.514283466749575,2.5323981150482493,3.7102768473785277,8515.46221426998,0.22726429004851686,0.14163805941232133
2026-09-15 12:00:00+00:00,9921.22231819469,9967.55872292911,47.514283466749575,2.5323981150482493,3.7102768473785277,8515.46221426998,0.22710582172064103,0.14169222892492417
2026-09-15 13:00:00+00:00,9924.218090476787,9970.554495211207,47.514283466749575,2.5323981150482493,3.7102768473785277,8515.46221426998,0.2273778676424989,0.14195132184354542
2026-09-15 14:00:00+00:00,9935.040715379586,9981.377120114006,47.514283466749575,2.5323981150482493,3.7102768473785277,8515.46221426998,0.22746786354796575,0.1428860275239815
2026-09-15 15:00:00+00:00,9927.710055662163,9974.046460396583,47.514283466749575,2.5323981150482493,3.7102768473785277,8515.46221426998,0.22599615461653047,0.1422531312330904
2026-09-15 16:00:00+00:00,9920.97659211565,9967.457906304813,47.514283466749575,2.5323981150482493,3.5653673926352862,8515.317304815238,0.22718141939792744,0.14168557643987503
2026-09-15 17:00:00+00:00,9916.45115589861,9963.472038755684,48.00651000942283,2.5797402402850897,3.5653673926352862,7753.507762630647,0.30905471943241997,0.21811667896749318
2026-09-15 18:00:00+00:00,9914.621136787391,9961.642019644465,48.00651000942283,2.5797402402850897,3.5653673926352862,7753.507762630647,0.30920874902319123,0.2179723606520989
2026-09-15 19:00:00+00:00,9926.568806193261,9973.589689050335,48.00651000942283,2.5797402402850897,3.5653673926352862,7753.507762630647,0.30819620689347027,0.21891361315168884
2026-09-15 20:00:00+00:00,9930.801244104226,9977.8221269613,48.00651000942283,2.5797402402850897,3.5653673926352862,7753.507762630647,0.3083172360136483,0.21924650669715176
2026-09-15 21:00:00+00:00,9932.07986372077,9979.138022664538,48.041000914389386,2.5825254220151597,3.5653673926352862,7810.9581133366,0.3139196184967495,0.21356269577856085
2026-09-15 22:00:00+00:00,9934.623758707488,9981.681917651256,48.041000914389386,2.5825254220151597,3.5653673926352862,7810.9581133366,0.3129185800058546,0.2137640737032985
2026-09-15 23:00:00+00:00,9934.061927388435,9981.120086332203,48.041000914389386,2.5825254220151597,3.5653673926352862,7810.9581133366,0.3132331338146673,0.213719607303674
2026-09-16 00:00:00+00:00,9933.958224422799,9981.025609974145,48.041000914389386,2.5825254220151597,3.5561407850566225,7810.948886729022,0.3132354353908453,0.21371232792929643
2026-09-16 01:00:00+00:00,9932.330439326623,9979.65842514937,48.294620309161644,2.5895062986417803,3.5561407850566225,7387.996276047154,0.3508864886440106,0.25616688639408225
2026-09-16 02:00:00+00:00,9933.355491327964,9980.683477150711,48.294620309161644,2.5895062986417803,3.5561407850566225,7387.996276047154,0.35020760296161957,0.2562436447082725
2026-09-16 03:00:00+00:00,9935.448514287944,9982.77650011069,48.294620309161644,2.5895062986417803,3.5561407850566225,7387.996276047154,0.3510532082209227,0.2564003260222582
2026-09-16 04:00:00+00:00,9939.141046245579,9986.469032068326,48.294620309161644,2.5895062986417803,3.5561407850566225,7387.996276047154,0.35121353562741,0.2566765838545069
2026-09-16 05:00:00+00:00,9936.414818788817,9984.113032591957,48.64113532656066,2.613219261634755,3.5561407850566225,7415.730383094026,0.4071999361016519,0.2536814818689349
2026-09-16 06:00:00+00:00,9938.545074697964,9986.243288501104,48.64113532656066,2.613219261634755,3.5561407850566225,7415.730383094026,0.40746678141153675,0.2538414498945769
2026-09-16 07:00:00+00:00,9939.480999621772,9987.179213424912,48.64113532656066,2.613219261634755,3.5561407850566225,7415.730383094026,0.4079058784605081,0.25391170993976264
2026-09-16 08:00:00+00:00,9942.512248208019,9990.210462011159,48.64113532656066,2.613219261634755,3.5561407850566225,7415.730383094026,0.40740861200017736,0.25413917549555004
2026-09-16 09:00:00+00:00,9939.17419629579,9986.917059009056,48.68292549890929,2.6160779994137595,3.5561407850566225,7346.038305673953,0.400387237865531,0.2609005375505206
2026-09-16 10:00:00+00:00,9935.392032041276,9983.134894754543,48.68292549890929,2.6160779994137595,3.5561407850566225,7346.038305673953,0.40054668636142915,0.26061918020111874
2026-09-16 11:00:00+00:00,9938.797308811141,9986.540171524408,48.68292549890929,2.6160779994137595,3.5561407850566225,7346.038305673953,0.4008389405547231,0.26087251028236624
2026-09-16 12:00:00+00:00,9939.691233841642,9987.434096554909,48.68292549890929,2.6160779994137595,3.5561407850566225,7346.038305673953,0.40245040624302963,0.2609389836313109
2026-09-16 13:00:00+00:00,9940.001419768323,9987.74428248159,48.68292549890929,2.6160779994137595,3.5561407850566225,7346.038305673953,0.4021598102156132,0.26096204663870454
2026-09-16 14:00:00+00:00,9957.920144265123,10005.66300697839,48.68292549890929,2.6160779994137595,3.5561407850566225,7346.038305673953,0.3995551584706199,0.26229190440891226
2026-09-16 15:00:00+00:00,9960.60573873158,10008.348601444846,48.68292549890929,2.6160779994137595,3.5561407850566225,7346.038305673953,0.3979181343646236,0.2624908064467347
2026-09-16 16:00:00+00:00,9960.235378462432,10007.995550300913,48.68292549890929,2.6160779994137595,3.5388316598425593,7346.020996548739,0.39755033776542803,0.26246512081095535
2026-09-16 17:00:00+00:00,9957.36591842831,10005.962832833577,49.47791221079184,2.6578338543166513,3.5388316598425593,6828.935709460878,0.5312254973169425,0.3141825091691748
2026-09-16 18:00:00+00:00,9950.5191176031,9999.116032008367,49.47791221079184,2.6578338543166513,3.5388316598425593,6828.935709460878,0.5311609803570151,0.31371060858723876
2026-09-16 19:00:00+00:00,9946.222039265522,9994.818953670789,49.47791221079184,2.6578338543166513,3.5388316598425593,6828.935709460878,0.5252225644909878,0.3134141101513997
2026-09-16 20:00:00+00:00,9933.272646855683,9981.86956126095,49.47791221079184,2.6578338543166513,3.5388316598425593,6828.935709460878,0.5285511273842332,0.31251905064515306
2026-09-16 21:00:00+00:00,9934.812935371694,9983.926598528287,49.96884871491905,2.6836461015161737,3.5388316598425593,7331.75299592986,0.4988977483844984,0.262013986209439
2026-09-16 22:00:00+00:00,9937.087831646735,9986.201494803328,49.96884871491905,2.6836461015161737,3.5388316598425593,7331.75299592986,0.4987552335820594,0.2621829332553186
2026-09-16 23:00:00+00:00,9946.231872182285,9995.345535338878,49.96884871491905,2.6836461015161737,3.5388316598425593,7331.75299592986,0.49854082466084704,0.2628612433181478
2026-09-17 00:00:00+00:00,9951.579054330752,10000.688449098117,49.96884871491905,2.6836461015161737,3.543100049069547,7331.757264319087,0.5007962130090607,0.26325689377622596
2026-09-17 01:00:00+00:00,9950.589484220349,9999.698878987714,49.96884871491905,2.6836461015161737,3.543100049069547,7331.757264319087,0.5014911818340331,0.2631836258599763
2026-09-17 02:00:00+00:00,9947.595571647544,9996.704966414909,49.96884871491905,2.6836461015161737,3.543100049069547,7331.757264319087,0.5015787554338107,0.2629618673666301
2026-09-17 03:00:00+00:00,9949.408611416244,9998.518006183609,49.96884871491905,2.6836461015161737,3.543100049069547,7331.757264319087,0.5018602098223651,0.26309617479109126
2026-09-17 04:00:00+00:00,9947.842218020747,9996.951612788112,49.96884871491905,2.6836461015161737,3.543100049069547,7331.757264319087,0.5025006718565517,0.26298014145847237
2026-09-17 05:00:00+00:00,9947.198817764574,9996.407267121003,50.06146566983887,2.690083735661353,3.543100049069547,7486.0262388972005,0.48725172117063786,0.24742368419056818
2026-09-17 06:00:00+00:00,9946.479715438352,9995.688164794781,50.06146566983887,2.690083735661353,3.543100049069547,7486.0262388972005,0.4859634627743157,0.24736927505338183
2026-09-17 07:00:00+00:00,9949.715434906064,9998.923884262493,50.06146566983887,2.690083735661353,3.543100049069547,7486.0262388972005,0.4874793429868529,0.2476140360120885
2026-09-17 08:00:00+00:00,9953.830100191126,10002.917598218326,50.06146566983887,2.690083735661353,3.6640513782984594,7486.147190226429,0.48831703794741416,0.2479129023829043
2026-09-17 09:00:00+00:00,9954.911353638294,10003.998851665494,50.06146566983887,2.690083735661353,3.6640513782984594,7486.147190226429,0.4895619562215228,0.24799459037971114
2026-09-17 10:00:00+00:00,9958.290882748357,10007.378380775557,50.06146566983887,2.690083735661353,3.6640513782984594,7486.147190226429,0.48895736431150394,0.2482497972422803
2026-09-17 11:00:00+00:00,9957.971185713237,10007.058683740437,50.06146566983887,2.690083735661353,3.6640513782984594,7486.147190226429,0.4885078991837549,0.2482256625760425
2026-09-17 12:00:00+00:00,9956.296223748259,10005.383721775459,50.06146566983887,2.690083735661353,3.6640513782984594,7486.147190226429,0.488655219259933,0.24809919050318194
2026-09-17 13:00:00+00:00,9967.765688520278,10016.853186547478,50.06146566983887,2.690083735661353,3.6640513782984594,7486.147190226429,0.49105759223857837,0.2489643693322256
2026-09-17 14:00:00+00:00,9944.33085019246,9993.41834821966,50.06146566983887,2.690083735661353,3.6640513782984594,7486.147190226429,0.49127124531128635,0.2471944766317239
2026-09-17 15:00:00+00:00,9957.07793789122,10006.16543591842,50.06146566983887,2.690083735661353,3.6640513782984594,7486.147190226429,0.4898898429268222,0.24815822102403892
2026-09-17 16:00:00+00:00,9959.258117814983,10008.31896958626,50.06146566983887,2.690083735661353,3.6906976342219155,7486.173836482352,0.49156860450207346,0.2483201310857494
2026-09-17 17:00:00+00:00,9949.822190279703,9999.227053576626,50.38302406097696,2.7125368701667285,3.6906976342219155,7536.944535099073,0.43860559276476524,0.24250460048802155
2026-09-17 18:00:00+00:00,9949.53057779324,9998.935441090163,50.38302406097696,2.7125368701667285,3.6906976342219155,7536.944535099073,0.43883232124549226,0.24248239892632883
2026-09-17 19:00:00+00:00,9951.906944179915,10001.311807476837,50.38302406097696,2.7125368701667285,3.6906976342219155,7536.944535099073,0.43868537321878637,0.2426632827885478
2026-09-17 20:00:00+00:00,9960.293563715539,10009.698427012461,50.38302406097696,2.7125368701667285,3.6906976342219155,7536.944535099073,0.4396550150147462,0.24330096428528072
2026-09-17 21:00:00+00:00,9957.233315272499,10006.65778865957,50.40100654163961,2.714164479654314,3.6906976342219155,7506.955751513988,0.43626935268733746,0.24608015963633711
2026-09-17 22:00:00+00:00,9961.60710938285,10011.031582769921,50.40100654163961,2.714164479654314,3.6906976342219155,7506.955751513988,0.4359428747510387,0.24641117953315214
2026-09-17 23:00:00+00:00,9957.329423671017,10006.753897058088,50.40100654163961,2.714164479654314,3.6906976342219155,7506.955751513988,0.43557275420576663,0.24608743648993767
2026-09-18 00:00:00+00:00,9956.516658308085,10006.015902039704,50.40100654163961,2.714164479654314,3.615927289672608,7506.880981169438,0.4355963576479702,0.24603340316762093
2026-09-18 01:00:00+00:00,9955.53270864578,10005.076693887488,50.44203457025952,2.7178779611194916,3.615927289672608,7438.459905440969,0.4317663767931059,0.2528315537569261
2026-09-18 02:00:00+00:00,9955.014645604428,10004.558630846135,50.44203457025952,2.7178779611194916,3.615927289672608,7438.459905440969,0.43219645703064014,0.25279267080482176
2026-09-18 03:00:00+00:00,9955.876740920625,10005.420726162332,50.44203457025952,2.7178779611194916,3.615927289672608,7438.459905440969,0.43304335893297685,0.25285737268447434
2026-09-18 04:00:00+00:00,9964.335470904462,10013.87945614617,50.44203457025952,2.7178779611194916,3.615927289672608,7438.459905440969,0.4347767688535598,0.25349162248089374
2026-09-18 05:00:00+00:00,9969.580294698088,10019.54124402239,50.834210058649894,2.7426665553244423,3.615927289672608,7334.411793721824,0.3986938898955401,0.2643209065057301
2026-09-18 06:00:00+00:00,9974.52886679952,10024.489816123822,50.834210058649894,2.7426665553244423,3.615927289672608,7334.411793721824,0.39889209651543667,0.2646858922695981
2026-09-18 07:00:00+00:00,9977.07173328597,10027.032682610272,50.834210058649894,2.7426665553244423,3.615927289672608,7334.411793721824,0.3993705269560173,0.2648733025289956
2026-09-18 08:00:00+00:00,9977.142230867998,10027.178675179244,50.834210058649894,2.7426665553244423,3.540432302729416,7334.336298734881,0.39955850118311564,0.2648860636622593
2026-09-18 09:00:00+00:00,9971.309284685864,10021.424791629961,50.90947561046275,2.74646363636363,3.540432302729416,7282.27697420162,0.38759920887328664,0.2696769535184425
2026-09-18 10:00:00+00:00,9967.023199801202,10017.1387067453,50.90947561046275,2.74646363636363,3.540432302729416,7282.27697420162,0.3870474764033881,0.2693628951975481
2026-09-18 11:00:00+00:00,9973.923388783365,10024.038895727463,50.90947561046275,2.74646363636363,3.540432302729416,7282.27697420162,0.38743905651184674,0.2698683667060005
2026-09-18 12:00:00+00:00,9978.770659368263,10028.88616631236,50.90947561046275,2.74646363636363,3.540432302729416,7282.27697420162,0.3871215104387783,0.27022303420062294
2026-09-18 13:00:00+00:00,9973.160426215687,10023.29763793323,50.92976977393965,2.7478742463308854,3.540432302729416,7316.080285832968,0.3871274591798519,0.2664230822356225
2026-09-18 14:00:00+00:00,9945.024964712185,9995.162176429729,50.92976977393965,2.7478742463308854,3.540432302729416,7316.080285832968,0.38856271519550534,0.26434772041372157
2026-09-18 15:00:00+00:00,9939.144794762302,9989.394143413872,51.03651944675536,2.753261507542539,3.540432302729416,7138.057414800625,0.37118098761174245,0.2818237824080986
2026-09-18 16:00:00+00:00,9932.816986381644,9983.40470970425,51.03651944675536,2.753261507542539,3.202057631693831,7137.719040129589,0.3697717451239565,0.2814003268241291
2026-09-18 17:00:00+00:00,9931.54702213735,9982.599995249822,51.47962862746862,2.7754021166968874,3.202057631693831,7875.791232137652,0.3331975745595296,0.20699250433164476
2026-09-18 18:00:00+00:00,9929.854462319023,9980.907435431494,51.47962862746862,2.7754021166968874,3.202057631693831,7875.791232137652,0.33348071218428865,0.20685733491623243
2026-09-18 19:00:00+00:00,9938.56315216581,9989.616125278282,51.47962862746862,2.7754021166968874,3.202057631693831,7875.791232137652,0.33371533856660435,0.20755232808262014
2026-09-18 20:00:00+00:00,9932.55186976938,9983.604842881852,51.47962862746862,2.7754021166968874,3.202057631693831,7875.791232137652,0.33367905442327905,0.20707273061333475
2026-09-18 21:00:00+00:00,9937.542127602885,9988.595100715356,51.47962862746862,2.7754021166968874,3.202057631693831,7875.791232137652,0.33403467467211595,0.2074709087006975
2026-09-18 22:00:00+00:00,9938.826400864655,9989.879373977126,51.47962862746862,2.7754021166968874,3.202057631693831,7875.791232137652,0.3340554032043477,0.20757331756468983
2026-09-18 23:00:00+00:00,9939.710129561961,9990.763102674433,51.47962862746862,2.7754021166968874,3.202057631693831,7875.791232137652,0.3338674459059472,0.20764377134962433
2026-09-19 00:00:00+00:00,9938.942653225116,9990.052551533454,51.47962862746862,2.7754021166968874,3.1451324358280743,7875.734306941787,0.3340047261246131,0.20758831379450954
2026-09-19 01:00:00+00:00,9939.646145543127,9990.78402389027,51.50528636299672,2.7777244199741107,3.1451324358280743,7832.9457566594265,0.3299882596670645,0.21194923421175635
2026-09-19 02:00:00+00:00,9937.154515425605,9988.292393772748,51.50528636299672,2.7777244199741107,3.1451324358280743,7832.9457566594265,0.32996506784663293,0.21175163931483434
2026-09-19 03:00:00+00:00,9937.519582397003,9988.657460744145,51.50528636299672,2.7777244199741107,3.1451324358280743,7832.9457566594265,0.33008982991236957,0.21178059658524329
2026-09-19 04:00:00+00:00,9937.851650325101,9988.989528672244,51.50528636299672,2.7777244199741107,3.1451324358280743,7832.9457566594265,0.33003708172422475,0.21180693450951407
2026-09-19 05:00:00+00:00,9939.200036177206,9990.337914524349,51.50528636299672,2.7777244199741107,3.1451324358280743,7832.9457566594265,0.32988357841349375,0.2119138634750611
2026-09-19 06:00:00+00:00,9938.722475960989,9989.860354308132,51.50528636299672,2.7777244199741107,3.1451324358280743,7832.9457566594265,0.3297887625582988,0.21187599557134754
2026-09-19 07:00:00+00:00,9937.418462241061,9988.556340588204,51.50528636299672,2.7777244199741107,3.1451324358280743,7832.9457566594265,0.32968607549925055,0.21177257590368587
2026-09-19 08:00:00+00:00,9938.806126075007,9989.94400442215,51.50528636299672,2.7777244199741107,3.1451324358280743,7832.9457566594265,0.3298327745335,0.2118826288291045
2026-09-19 09:00:00+00:00,9938.245666520574,9989.599233614268,51.7054515802077,2.793247949313288,3.1451324358280743,7754.719385089588,0.3406669210322573,0.21970942907828606
2026-09-19 10:00:00+00:00,9938.86624797723,9990.219815070925,51.7054515802077,2.793247949313288,3.1451324358280743,7754.719385089588,0.34073213760997173,0.2197581503154006
2026-09-19 11:00:00+00:00,9938.820076798995,9990.17364389269,51.7054515802077,2.793247949313288,3.1451324358280743,7754.719385089588,0.3405554715948554,0.21975452567130502
2026-09-19 12:00:00+00:00,9938.120804933502,9989.474372027196,51.7054515802077,2.793247949313288,3.1451324358280743,7754.719385089588,0.3405231003731462,0.219699625583141
2026-09-19 13:00:00+00:00,9938.510738003788,9989.885926996272,51.72566825511937,2.7946531731929336,3.1451324358280743,7788.393626600802,0.3371097821628549,0.21634198202162944
2026-09-19 14:00:00+00:00,9938.454943532608,9989.830132525092,51.72566825511937,2.7946531731929336,3.1451324358280743,7788.393626600802,0.33713562812488784,0.21633758256668922
2026-09-19 15:00:00+00:00,9939.590453749703,9990.965642742187,51.72566825511937,2.7946531731929336,3.1451324358280743,7788.393626600802,0.3372557779837954,0.21642710906034995
2026-09-19 16:00:00+00:00,9939.166987295628,9990.542176288112,51.72566825511937,2.7946531731929336,3.1451324358280743,7788.393626600802,0.33744590274717784,0.21639372428735457
2026-09-19 17:00:00+00:00,9938.996791384881,9990.371980377366,51.72566825511937,2.7946531731929336,3.1451324358280743,7788.393626600802,0.3375526655869995,0.21638030577172754
2026-09-19 18:00:00+00:00,9939.887389062254,9991.262578054739,51.72566825511937,2.7946531731929336,3.1451324358280743,7788.393626600802,0.33734940672984043,0.21645051681661234
2026-09-19 19:00:00+00:00,9940.538768009334,9991.913957001818,51.72566825511937,2.7946531731929336,3.1451324358280743,7788.393626600802,0.33737075912727693,0.21650186087846365
2026-09-19 20:00:00+00:00,9941.127399254296,9992.50258824678,51.72566825511937,2.7946531731929336,3.1451324358280743,7788.393626600802,0.3373825933768644,0.2165482531503393
2026-09-19 21:00:00+00:00,9941.011151349518,9992.626489489081,51.952187667640786,2.8082829077503417,3.1451324358280743,7735.234457995134,0.3752560500452366,0.22188655256210474
2026-09-19 22:00:00+00:00,9941.6330832013,9993.248421340864,51.952187667640786,2.8082829077503417,3.1451324358280743,7735.234457995134,0.37519215190400684,0.2219352300312099
2026-09-19 23:00:00+00:00,9940.328774402773,9991.944112542336,51.952187667640786,2.8082829077503417,3.1451324358280743,7735.234457995134,0.37524734632321094,0.2218331371579934
2026-09-20 00:00:00+00:00,9940.0690471714,9991.684385310964,51.952187667640786,2.8082829077503417,3.1451324358280743,7735.234457995134,0.375333947558368,0.22181280418808436
2026-09-20 01:00:00+00:00,9939.799804631017,9991.550852951172,52.079635025971186,2.81654573001149,3.1451324358280743,7779.409669160645,0.3800084624981325,0.21734744943895468
2026-09-20 02:00:00+00:00,9939.716725095082,9991.467773415237,52.079635025971186,2.81654573001149,3.1451324358280743,7779.409669160645,0.3797385627446193,0.21734090776251708
2026-09-20 03:00:00+00:00,9941.13103436069,9992.882082680844,52.079635025971186,2.81654573001149,3.1451324358280743,7779.409669160645,0.37810292725030165,0.2174522554554643
2026-09-20 04:00:00+00:00,9935.19297636563,9986.944024685785,52.079635025971186,2.81654573001149,3.1451324358280743,7779.409669160645,0.3776449259190791,0.21698454296089456
2026-09-20 05:00:00+00:00,9934.337343284045,9986.0883916042,52.079635025971186,2.81654573001149,3.1451324358280743,7779.409669160645,0.3771329982162099,0.2169171027376282
2026-09-20 06:00:00+00:00,9936.128897596049,9987.879945916204,52.079635025971186,2.81654573001149,3.1451324358280743,7779.409669160645,0.377251256509176,0.2170582981222397
2026-09-20 07:00:00+00:00,9934.817343352504,9986.56839167266,52.079635025971186,2.81654573001149,3.1451324358280743,7779.409669160645,0.3769569532106628,0.21695493733803423
2026-09-20 08:00:00+00:00,9934.58333009502,9986.466140229175,52.079635025971186,2.81654573001149,3.0133706218271747,7779.277907346644,0.3768945431545583,0.21694975532786248
2026-09-20 09:00:00+00:00,9934.18213343596,9986.064943570114,52.079635025971186,2.81654573001149,3.0133706218271747,7779.277907346644,0.37690665084118374,0.21691813147218728
2026-09-20 10:00:00+00:00,9934.09376530158,9985.976575435736,52.079635025971186,2.81654573001149,3.0133706218271747,7779.277907346644,0.3768716579068884,0.21691116561446314
2026-09-20 11:00:00+00:00,9933.59856280694,9985.481372941094,52.079635025971186,2.81654573001149,3.0133706218271747,7779.277907346644,0.37643926068028166,0.21687212764228606
2026-09-20 12:00:00+00:00,9932.712873897264,9984.59568403142,52.079635025971186,2.81654573001149,3.0133706218271747,7779.277907346644,0.3767746990137495,0.21680229700485484
2026-09-20 13:00:00+00:00,9933.907923947805,9986.386182003862,52.623487817732936,2.8681408601506684,3.0133706218271747,8475.153702199173,0.30732759935390214,0.1468459575945932
2026-09-20 14:00:00+00:00,9934.34848542504,9986.826743481097,52.623487817732936,2.8681408601506684,3.0133706218271747,8475.153702199173,0.3073678368017375,0.14688379266810414
2026-09-20 15:00:00+00:00,9934.515187839059,9986.993445895116,52.623487817732936,2.8681408601506684,3.0133706218271747,8475.153702199173,0.30747343496111035,0.14689810806533415
2026-09-20 16:00:00+00:00,9932.407871665586,9984.839135481736,52.623487817732936,2.8681408601506684,3.060364861734841,8475.20069643908,0.30846671242139184,0.14671237770888504
2026-09-20 17:00:00+00:00,9931.87928818046,9984.31055199661,52.623487817732936,2.8681408601506684,3.060364861734841,8475.20069643908,0.30920455764327875,0.1466669649796204
2026-09-20 18:00:00+00:00,9932.288251273267,9984.719515089417,52.623487817732936,2.8681408601506684,3.060364861734841,8475.20069643908,0.3089444555156572,0.14670210106391093
2026-09-20 19:00:00+00:00,9932.205916905283,9984.637180721433,52.623487817732936,2.8681408601506684,3.060364861734841,8475.20069643908,0.30876010694386413,0.14669502753525088
2026-09-20 20:00:00+00:00,9932.283849660063,9984.715113476213,52.623487817732936,2.8681408601506684,3.060364861734841,8475.20069643908,0.3089322065815503,0.14670172291449882
2026-09-20 21:00:00+00:00,9931.781725864246,9984.282481784672,52.68721217655933,2.8739086056003567,3.060364861734841,8368.929707369598,0.29823529669139226,0.15735867557627495
2026-09-20 22:00:00+00:00,9932.961674442395,9985.46243036282,52.68721217655933,2.8739086056003567,3.060364861734841,8368.929707369598,0.29803296074175223,0.1574587739623587
2026-09-20 23:00:00+00:00,9939.253996946052,9991.754752866478,52.68721217655933,2.8739086056003567,3.060364861734841,8368.929707369598,0.29922894931558947,0.15799216823103154
2026-09-21 00:00:00+00:00,9940.792939774376,9993.388412932014,52.68721217655933,2.8739086056003567,2.9656476245224725,8368.834990132385,0.2993269931516703,0.15813204833513708
2026-09-21 01:00:00+00:00,9942.156498544471,9995.145482106882,53.05689400514908,2.8977371817839304,2.9656476245224725,8332.352889881737,0.2802485309259008,0.16191694517164448
2026-09-21 02:00:00+00:00,9948.10806234929,10001.097045911702,53.05689400514908,2.8977371817839304,2.9656476245224725,8332.352889881737,0.2790989802988791,0.16241833747089257
2026-09-21 03:00:00+00:00,9946.499182079382,9999.488165641793,53.05689400514908,2.8977371817839304,2.9656476245224725,8332.352889881737,0.2796432469143301,0.162282855771592
2026-09-21 04:00:00+00:00,9947.544838347285,10000.533821909696,53.05689400514908,2.8977371817839304,2.9656476245224725,8332.352889881737,0.28003538948882084,0.1623709141012428
2026-09-21 05:00:00+00:00,9949.85921134824,10003.02796693355,53.22474321848291,2.9096599913503804,2.9656476245224725,8549.860204820743,0.3028261659248398,0.1407054086685707
2026-09-21 06:00:00+00:00,9948.231007574632,10001.399763159943,53.22474321848291,2.9096599913503804,2.9656476245224725,8549.860204820743,0.30312486585773596,0.14056476992634784
2026-09-21 07:00:00+00:00,9950.982508704255,10004.151264289567,53.22474321848291,2.9096599913503804,2.9656476245224725,8549.860204820743,0.3037166358672951,0.14080240847151848
2026-09-21 08:00:00+00:00,9950.929690741974,10004.122492742425,53.22474321848291,2.9096599913503804,2.9416012093821,8549.836158405602,0.3039278447618877,0.1408002644858304
2026-09-21 09:00:00+00:00,9944.652162377572,9997.886426518637,53.26276406061696,2.913101289831067,2.9416012093821,8486.430067340048,0.3002373465169285,0.14663379585605243
2026-09-21 10:00:00+00:00,9942.124214475323,9995.358478616388,53.26276406061696,2.913101289831067,2.9416012093821,8486.430067340048,0.3008211427922878,0.1464168135231949
2026-09-21 11:00:00+00:00,9947.603756448338,10000.838020589403,53.26276406061696,2.913101289831067,2.9416012093821,8486.430067340048,0.3004658238390646,0.14688700162198484
2026-09-21 12:00:00+00:00,9944.233027670163,9997.467291811228,53.26276406061696,2.913101289831067,2.9416012093821,8486.430067340048,0.3011170057979806,0.1465978277332932
2026-09-21 13:00:00+00:00,9937.731459592842,9991.4681521693,53.720373514195856,2.957920271645589,2.9416012093821,7771.099719593676,0.3781194944587503,0.21802075743430627
2026-09-21 14:00:00+00:00,9947.055110461546,10000.791803038004,53.720373514195856,2.957920271645589,2.9416012093821,7771.099719593676,0.3800983570223228,0.21875372828480347
2026-09-21 15:00:00+00:00,9957.225139504499,10010.961832080957,53.720373514195856,2.957920271645589,2.9416012093821,7771.099719593676,0.3806011690862508,0.21955167120180336
2026-09-21 16:00:00+00:00,9975.94276279067,10029.975410703326,53.720373514195856,2.957920271645589,2.6456458731842787,7770.803764257479,0.3809608436324291,0.22104567467629757
2026-09-21 17:00:00+00:00,9992.85624082771,10047.294608599599,54.097367870772835,2.986645774301184,2.6456458731842787,7590.587296597194,0.44481519112272816,0.24039862941444012
2026-09-21 18:00:00+00:00,10010.688294844522,10065.12666261641,54.097367870772835,2.986645774301184,2.6456458731842787,7590.587296597194,0.4452956090618459,0.24175170847080255
2026-09-21 19:00:00+00:00,10013.693438201044,10068.131805972933,54.097367870772835,2.986645774301184,2.6456458731842787,7590.587296597194,0.4458404922829798,0.241979261354256
2026-09-21 20:00:00+00:00,10003.529035022068,10057.967402793956,54.097367870772835,2.986645774301184,2.6456458731842787,7590.587296597194,0.4454935654715064,0.24120905032386414
2026-09-21 21:00:00+00:00,10000.426475103886,10055.032170927736,54.249734544697105,3.001607152337739,2.6456458731842787,7844.379386463716,0.420727664241344,0.21559551425208326
2026-09-21 22:00:00+00:00,10001.976741789316,10056.582437613166,54.249734544697105,3.001607152337739,2.6456458731842787,7844.379386463716,0.42043127388513296,0.21571709383315504
2026-09-21 23:00:00+00:00,10001.938446182286,10056.544142006136,54.249734544697105,3.001607152337739,2.6456458731842787,7844.379386463716,0.4203297434340002,0.21571409095624905
2026-09-22 00:00:00+00:00,9999.568062196924,10054.479005137438,54.249734544697105,3.001607152337739,2.340398756519781,7844.074139347053,0.4205845330026581,0.21555870308025138
2026-09-22 01:00:00+00:00,10008.191846439751,10063.379883182704,54.50857227422016,3.019863225252521,2.340398756519781,7495.290066264776,0.3843727240866147,0.251084493456118
2026-09-22 02:00:00+00:00,10014.107578880325,10069.295615623278,54.50857227422016,3.019863225252521,2.340398756519781,7495.290066264776,0.3832682650169386,0.25152690769247527
2026-09-22 03:00:00+00:00,10017.127366825027,10072.31540356798,54.50857227422016,3.019863225252521,2.340398756519781,7495.290066264776,0.3837839038568993,0.2517525442385943
2026-09-22 04:00:00+00:00,10017.345826630319,10072.533863373272,54.50857227422016,3.019863225252521,2.340398756519781,7495.290066264776,0.38353372378885686,0.25176886213320665
2026-09-22 05:00:00+00:00,10019.479345472635,10075.084720951912,54.89929102197255,3.0464832138242013,2.340398756519781,7388.903885268864,0.4209089854159605,0.26254612335644106
2026-09-22 06:00:00+00:00,10020.836918098272,10076.44229357755,54.89929102197255,3.0464832138242013,2.340398756519781,7388.903885268864,0.4209502260405173,0.26264602990155134
2026-09-22 07:00:00+00:00,10018.566898858597,10074.172274337874,54.89929102197255,3.0464832138242013,2.340398756519781,7388.903885268864,0.42065352986141247,0.26247895932993437
2026-09-22 08:00:00+00:00,10019.938483315666,10075.767841338664,54.89929102197255,3.0464832138242013,2.1164162127983412,7388.679902725142,0.4205759035928827,0.26260226896321437
2026-09-22 09:00:00+00:00,10016.280918916265,10072.110276939264,54.89929102197255,3.0464832138242013,2.1164162127983412,7388.679902725142,0.4229198883151813,0.26233299938989973
2026-09-22 10:00:00+00:00,10016.355788694887,10072.185146717886,54.89929102197255,3.0464832138242013,2.1164162127983412,7388.679902725142,0.4232223109269506,0.26233851326802043
2026-09-22 11:00:00+00:00,10011.982604121273,10067.811962144271,54.89929102197255,3.0464832138242013,2.1164162127983412,7388.679902725142,0.4229908120764724,0.2620163063723553
2026-09-22 12:00:00+00:00,10000.810780908527,10056.640138931525,54.89929102197255,3.0464832138242013,2.1164162127983412,7388.679902725142,0.4233837815502112,0.2611919108768584
2026-09-22 13:00:00+00:00,9990.439630661462,10046.307201839061,54.93433253929555,3.0496548511040764,2.1164162127983412,7330.242332336147,0.4172001728756769,0.2662742978958558
2026-09-22 14:00:00+00:00,10004.08812948317,10059.95570066077,54.93433253929555,3.0496548511040764,2.1164162127983412,7330.242332336147,0.41979356054419004,0.2672753141055305
2026-09-22 15:00:00+00:00,10012.940508600916,10068.808079778515,54.93433253929555,3.0496548511040764,2.1164162127983412,7330.242332336147,0.41887856002119733,0.26792311149361014
2026-09-22 16:00:00+00:00,10008.038207061943,10064.205937873669,54.93433253929555,3.0496548511040764,1.8162565786729572,7329.942172702022,0.41886374954549516,0.26759450543166236
2026-09-22 17:00:00+00:00,9999.758895905085,10056.490400631465,55.461255028192426,3.086506276860825,1.8162565786729572,7436.490296461098,0.467767306362232,0.2563330402389649
2026-09-22 18:00:00+00:00,9998.174592097219,10054.906096823599,55.461255028192426,3.086506276860825,1.8162565786729572,7436.490296461098,0.4696024216121627,0.25621519928857145
2026-09-22 19:00:00+00:00,9993.977796057174,10050.709300783554,55.461255028192426,3.086506276860825,1.8162565786729572,7436.490296461098,0.46933788480215954,0.25590285988078293
2026-09-22 20:00:00+00:00,9992.823369739432,10049.554874465812,55.461255028192426,3.086506276860825,1.8162565786729572,7436.490296461098,0.46776628080131016,0.255816897656722
2026-09-22 21:00:00+00:00,9991.065813628202,10048.278113690249,55.93175836660744,3.096798274113693,1.8162565786729572,7852.751016619522,0.3913309804291888,0.21402269156228923
2026-09-22 22:00:00+00:00,9992.02648319096,10049.238783253008,55.93175836660744,3.096798274113693,1.8162565786729572,7852.751016619522,0.3911035068966628,0.21409825826324871
2026-09-22 23:00:00+00:00,9993.6189764795,10050.831276541547,55.93175836660744,3.096798274113693,1.8162565786729572,7852.751016619522,0.39108935535996897,0.2142234925004267
2026-09-23 00:00:00+00:00,9990.86489086798,10048.37966132344,55.93175836660744,3.096798274113693,1.5137861852602883,7852.448546226108,0.3916436381509756,0.2140371597454454
