ts,equity,gross_equity,fees,spread,funding,cash,gross_exposure,net_exposure
2026-08-11 00:00:00+00:00,10000.0,10000.0,0.0,0.0,0.0,10000.0,0.0,0.0
2026-08-11 01:00:00+00:00,9999.242049452854,10000.277024705512,0.9889567298705142,0.04601852278722476,0.0,10098.738972447643,0.16518409016505178,-0.009950446494115289
2026-08-11 02:00:00+00:00,9997.680706139428,9998.715681392086,0.9889567298705142,0.04601852278722476,0.0,10098.738972447643,0.16550841961935348,-0.010108171012718676
2026-08-11 03:00:00+00:00,9999.123461971354,10000.158437224012,0.9889567298705142,0.04601852278722476,0.0,10098.738972447643,0.16547828365859527,-0.009962424292003794
2026-08-11 04:00:00+00:00,9997.69940067239,9998.734375925049,0.9889567298705142,0.04601852278722476,0.0,10098.738972447643,0.1657173536266408,-0.010106282228135071
2026-08-11 05:00:00+00:00,9996.677153402205,9998.183234955195,1.449318391652007,0.05676316133982949,0.0,9712.581335046656,0.23664149512536187,0.028419025041622088
2026-08-11 06:00:00+00:00,9997.078357009463,9998.584438562453,1.449318391652007,0.05676316133982949,0.0,9712.581335046656,0.23651268324196922,0.028458016612756695
2026-08-11 07:00:00+00:00,9997.808189156758,9999.314270709749,1.449318391652007,0.05676316133982949,0.0,9712.581335046656,0.2360684168744078,0.028528938414666572
2026-08-11 08:00:00+00:00,9997.191925515785,9998.698007068775,1.449318391652007,0.05676316133982949,0.0,9712.581335046656,0.23617519742040027,0.028469053369148522
2026-08-11 09:00:00+00:00,9996.392279464724,9998.178197069288,1.7102959864732157,0.07562161809112196,0.0,9798.2500501557,0.24480350643201437,0.019821373928678426
2026-08-11 10:00:00+00:00,9996.053739950965,9997.839657555529,1.7102959864732157,0.07562161809112196,0.0,9798.2500501557,0.24514470329278715,0.01978817790911902
2026-08-11 11:00:00+00:00,9996.926285611817,9998.71220321638,1.7102959864732157,0.07562161809112196,0.0,9798.2500501557,0.2453691290707235,0.019873732163261257
2026-08-11 12:00:00+00:00,9993.799230192188,9995.585147796752,1.7102959864732157,0.07562161809112196,0.0,9798.2500501557,0.24558752451638907,0.01956705108160626
2026-08-11 13:00:00+00:00,9993.724269463033,9995.510187067597,1.7102959864732157,0.07562161809112196,0.0,9798.2500501557,0.2451867078247154,0.01955969706955258
2026-08-11 14:00:00+00:00,9990.737196652188,9992.523114256752,1.7102959864732157,0.07562161809112196,0.0,9798.2500501557,0.2446964706901353,0.019266560886116363
2026-08-11 15:00:00+00:00,9996.0667062167,9997.852623821263,1.7102959864732157,0.07562161809112196,0.0,9798.2500501557,0.24578166639631188,0.019789449377921157
2026-08-11 16:00:00+00:00,9990.955322216361,9993.364933002307,1.7102959864732157,0.07562161809112196,-0.6236931813811952,9797.626356974317,0.244427897520034,0.01935039833599793
2026-08-11 17:00:00+00:00,9985.200285352272,9988.184062346532,2.2569524106886623,0.10313140218915082,-0.6236931813811952,9498.516914720454,0.31082895452392484,0.04874047157028529
2026-08-11 18:00:00+00:00,9985.199725017903,9988.183502012163,2.2569524106886623,0.10313140218915082,-0.6236931813811952,9498.516914720454,0.3105403517029762,0.0487404181889388
2026-08-11 19:00:00+00:00,9980.109823453507,9983.093600447768,2.2569524106886623,0.10313140218915082,-0.6236931813811952,9498.516914720454,0.3096674750803516,0.048255271460169544
2026-08-11 20:00:00+00:00,9973.062450928266,9976.046227922527,2.2569524106886623,0.10313140218915082,-0.6236931813811952,9498.516914720454,0.30984053294694597,0.04758272983276484
2026-08-11 21:00:00+00:00,9974.099129882403,9977.33003840438,2.4890795315467624,0.11813580904843556,-0.6236931813811952,9572.707365939805,0.29445742700775535,0.040243410328661015
2026-08-11 22:00:00+00:00,9975.129396869881,9978.360305391858,2.4890795315467624,0.11813580904843556,-0.6236931813811952,9572.707365939805,0.2943611332187468,0.040342537416742985
2026-08-11 23:00:00+00:00,9976.151767346815,9979.382675868792,2.4890795315467624,0.11813580904843556,-0.6236931813811952,9572.707365939805,0.29437628896871404,0.04044088450293371
2026-08-12 00:00:00+00:00,9975.410594649062,9979.226773569926,2.4890795315467624,0.11813580904843556,-1.2089635802698477,9572.122095540915,0.2943909596123177,0.040428260599566355
2026-08-12 01:00:00+00:00,9975.995078847707,9980.133317397656,2.7887164963183766,0.14055847336291205,-1.2089635802698477,9586.31017883244,0.3216221225189961,0.03906225864540807
2026-08-12 02:00:00+00:00,9974.433712882199,9978.571951432148,2.7887164963183766,0.14055847336291205,-1.2089635802698477,9586.31017883244,0.32158297505775235,0.03891183652345978
2026-08-12 03:00:00+00:00,9976.502986809212,9980.64122535916,2.7887164963183766,0.14055847336291205,-1.2089635802698477,9586.31017883244,0.3215217478939641,0.03911118038982989
2026-08-12 04:00:00+00:00,9976.511738524425,9980.649977074374,2.7887164963183766,0.14055847336291205,-1.2089635802698477,9586.31017883244,0.3214114165102484,0.03911202331223809
2026-08-12 05:00:00+00:00,9978.388153831773,9983.16786101557,3.395593386073363,0.17515021745569131,-1.2089635802698477,9353.753323328834,0.33046560426509103,0.06259877055023896
2026-08-12 06:00:00+00:00,9977.135293682953,9981.915000866751,3.395593386073363,0.17515021745569131,-1.2089635802698477,9353.753323328834,0.33050758349739034,0.06248105813988662
2026-08-12 07:00:00+00:00,9978.440540128602,9983.2202473124,3.395593386073363,0.17515021745569131,-1.2089635802698477,9353.753323328834,0.33065321539567005,0.0626036918582187
2026-08-12 08:00:00+00:00,9977.688185839255,9982.467893023053,3.395593386073363,0.17515021745569131,-1.2089635802698477,9353.753323328834,0.3306147190067786,0.0625330087380297
2026-08-12 09:00:00+00:00,9981.668668152754,9986.487467489505,3.4321825839889804,0.17765317249287627,-1.2089635802698477,9292.73473760489,0.3249426730165797,0.06901991575275973
2026-08-12 10:00:00+00:00,9982.250416917148,9987.0692162539,3.4321825839889804,0.17765317249287627,-1.2089635802698477,9292.73473760489,0.3257157078458615,0.06907417170618359
2026-08-12 11:00:00+00:00,9982.056493671209,9986.87529300796,3.4321825839889804,0.17765317249287627,-1.2089635802698477,9292.73473760489,0.3254937652997446,0.06905608643903803
2026-08-12 12:00:00+00:00,9976.600663780077,9981.419463116828,3.4321825839889804,0.17765317249287627,-1.2089635802698477,9292.73473760489,0.3255006863027672,0.06854698801947172
2026-08-12 13:00:00+00:00,9981.438601914253,9986.296610988915,3.468881645343082,0.1801638490488561,-1.2089635802698477,9353.863140800371,0.33164895795240795,0.06287424950883586
2026-08-12 14:00:00+00:00,9987.884130261913,9992.742139336575,3.468881645343082,0.1801638490488561,-1.2089635802698477,9353.863140800371,0.32972211700166904,0.06347900928691651
2026-08-12 15:00:00+00:00,9990.658628916537,9995.516637991199,3.468881645343082,0.1801638490488561,-1.2089635802698477,9353.863140800371,0.32813553684048696,0.06373908986070773
2026-08-12 16:00:00+00:00,9982.054788411906,9987.521692672995,3.468881645343082,0.1801638490488561,-1.817858766697977,9353.254245613944,0.3274232020969593,0.06299309672472769
2026-08-12 17:00:00+00:00,9980.572804230213,9986.9368947757,4.327762347270377,0.21846943151977363,-1.817858766697977,9603.195318313408,0.2826258328332024,0.037811205160174194
2026-08-12 18:00:00+00:00,9977.919566231074,9984.28365677656,4.327762347270377,0.21846943151977363,-1.817858766697977,9603.195318313408,0.28242036482621424,0.037555348630577204
2026-08-12 19:00:00+00:00,9977.779704646982,9984.143795192469,4.327762347270377,0.21846943151977363,-1.817858766697977,9603.195318313408,0.28268820642546544,0.037541857750088156
2026-08-12 20:00:00+00:00,9978.00438085834,9984.368471403826,4.327762347270377,0.21846943151977363,-1.817858766697977,9603.195318313408,0.28289909308643446,0.03756352956348265
2026-08-12 21:00:00+00:00,9973.859271151978,9980.223361697464,4.327762347270377,0.21846943151977363,-1.817858766697977,9603.195318313408,0.2826479597667623,0.037163543495210866
2026-08-12 22:00:00+00:00,9976.656102380324,9983.020192925811,4.327762347270377,0.21846943151977363,-1.817858766697977,9603.195318313408,0.2828458743230471,0.03743346269877056
2026-08-12 23:00:00+00:00,9976.765944002444,9983.13003454793,4.327762347270377,0.21846943151977363,-1.817858766697977,9603.195318313408,0.2825622788829819,0.037444060308301344
2026-08-13 00:00:00+00:00,9978.064205110115,9984.29204994102,4.327762347270377,0.21846943151977363,-1.6816130521150032,9603.331564027992,0.28239989613153,0.037555645401660974
2026-08-13 01:00:00+00:00,9977.133329399898,9983.702921951386,4.653879852720615,0.234099646654498,-1.6816130521150032,9873.917550623819,0.23227502912721146,0.010345233983385826
2026-08-13 02:00:00+00:00,9978.465063566577,9985.034656118065,4.653879852720615,0.234099646654498,-1.6816130521150032,9873.917550623819,0.23228212291886244,0.010477314123640367
2026-08-13 03:00:00+00:00,9978.094955823337,9984.664548374825,4.653879852720615,0.234099646654498,-1.6816130521150032,9873.917550623819,0.23244700072227817,0.010440610723865571
2026-08-13 04:00:00+00:00,9976.903982931884,9983.473575483373,4.653879852720615,0.234099646654498,-1.6816130521150032,9873.917550623819,0.23259942010779003,0.010322484057604497
2026-08-13 05:00:00+00:00,9976.56713100433,9983.13672355582,4.653879852720615,0.234099646654498,-1.6816130521150032,9873.917550623819,0.23268524679987032,0.010289068276953249
2026-08-13 06:00:00+00:00,9975.265847923605,9981.835440475093,4.653879852720615,0.234099646654498,-1.6816130521150032,9873.917550623819,0.23281146563227884,0.010159959528385115
2026-08-13 07:00:00+00:00,9974.970827593816,9981.540420145304,4.653879852720615,0.234099646654498,-1.6816130521150032,9873.917550623819,0.2328097580747383,0.010130683960543747
2026-08-13 08:00:00+00:00,9974.143333893559,9980.712926445047,4.653879852720615,0.234099646654498,-1.6816130521150032,9873.917550623819,0.2328172375076607,0.010048560554484684
2026-08-13 09:00:00+00:00,9974.895428473967,9981.465021025455,4.653879852720615,0.234099646654498,-1.6816130521150032,9873.917550623819,0.23285562362402099,0.010123201649001832
2026-08-13 10:00:00+00:00,9975.26459070149,9981.834183252979,4.653879852720615,0.234099646654498,-1.6816130521150032,9873.917550623819,0.23306429384824054,0.010159834774923425
2026-08-13 11:00:00+00:00,9977.887029457068,9984.456622008556,4.653879852720615,0.234099646654498,-1.6816130521150032,9873.917550623819,0.23286450136203393,0.010419989575579224
2026-08-13 12:00:00+00:00,9977.27211205811,9983.841704609598,4.653879852720615,0.234099646654498,-1.6816130521150032,9873.917550623819,0.232456852712002,0.010358999962462761
2026-08-13 13:00:00+00:00,9975.409651257598,9981.979243809086,4.653879852720615,0.234099646654498,-1.6816130521150032,9873.917550623819,0.23267109193835886,0.010174228846930946
2026-08-13 14:00:00+00:00,9973.29805387008,9979.867646421568,4.653879852720615,0.234099646654498,-1.6816130521150032,9873.917550623819,0.23543768392664624,0.00996465790047211
2026-08-13 15:00:00+00:00,9971.891420981281,9978.540782971873,4.728465418733499,0.23928351974408119,-1.6816130521150032,9749.533688369665,0.22290052944022112,0.022298451038462497
2026-08-13 16:00:00+00:00,9978.12795860396,9984.749410315007,4.728465418733499,0.23928351974408119,-1.6537027725690956,9749.561598649212,0.22094613153705545,0.022906737707012362
2026-08-13 17:00:00+00:00,9981.013301160985,9988.285163518714,5.3519473327429035,0.26621225241615604,-1.6537027725690956,9901.185033343752,0.32598337276884265,0.007998012366935526
2026-08-13 18:00:00+00:00,9978.917116701256,9986.188979058985,5.3519473327429035,0.26621225241615604,-1.6537027725690956,9901.185033343752,0.3263618589357423,0.0077896311241433
2026-08-13 19:00:00+00:00,9978.878874794464,9986.150737152193,5.3519473327429035,0.26621225241615604,-1.6537027725690956,9901.185033343752,0.3276500652452599,0.0077858286913330115
2026-08-13 20:00:00+00:00,9965.53605598965,9972.80791834738,5.3519473327429035,0.26621225241615604,-1.6537027725690956,9901.185033343752,0.32909190289027485,0.006457356863128389
2026-08-13 21:00:00+00:00,9964.248901294954,9972.23836842214,6.046378305418269,0.2893860491990195,-1.6537027725690956,9638.12104496144,0.21337166938966703,0.032729798258163925
2026-08-13 22:00:00+00:00,9965.986223918238,9973.975691045425,6.046378305418269,0.2893860491990195,-1.6537027725690956,9638.12104496144,0.21325544829364063,0.032898417837456666
2026-08-13 23:00:00+00:00,9966.082158809098,9974.071625936285,6.046378305418269,0.2893860491990195,-1.6537027725690956,9638.12104496144,0.21339325996478586,0.03290772729158893
2026-08-14 00:00:00+00:00,9966.570270401251,9974.147405814814,6.046378305418269,0.2893860491990195,-1.2413710589466849,9638.533376675061,0.21334567911739855,0.032913719045396736
2026-08-14 01:00:00+00:00,9964.962703685389,9972.539839098952,6.046378305418269,0.2893860491990195,-1.2413710589466849,9638.533376675061,0.21324849673159715,0.03275770684917895
2026-08-14 02:00:00+00:00,9964.832428294925,9972.409563708488,6.046378305418269,0.2893860491990195,-1.2413710589466849,9638.533376675061,0.21336490743439157,0.0327450615921393
2026-08-14 03:00:00+00:00,9963.96789612222,9971.545031535783,6.046378305418269,0.2893860491990195,-1.2413710589466849,9638.533376675061,0.213387999040506,0.032661136892443425
2026-08-14 04:00:00+00:00,9964.652411823672,9972.229547237235,6.046378305418269,0.2893860491990195,-1.2413710589466849,9638.533376675061,0.21332790777289845,0.03272758764386503
2026-08-14 05:00:00+00:00,9963.699437451816,9971.27657286538,6.046378305418269,0.2893860491990195,-1.2413710589466849,9638.533376675061,0.21335560021096422,0.03263507322937834
2026-08-14 06:00:00+00:00,9965.241453009901,9972.818588423464,6.046378305418269,0.2893860491990195,-1.2413710589466849,9638.533376675061,0.2133005877741479,0.03278476270498802
2026-08-14 07:00:00+00:00,9967.215913209748,9974.79304862331,6.046378305418269,0.2893860491990195,-1.2413710589466849,9638.533376675061,0.21312646841396815,0.032976363650262325
2026-08-14 08:00:00+00:00,9967.807979730065,9975.385115143628,6.046378305418269,0.2893860491990195,-1.2413710589466849,9638.533376675061,0.21317915143631036,0.03303380279040267
2026-08-14 09:00:00+00:00,9968.043865909336,9975.6210013229,6.046378305418269,0.2893860491990195,-1.2413710589466849,9638.533376675061,0.2134634184757799,0.03305668531026427
2026-08-14 10:00:00+00:00,9969.59087727429,9977.168012687853,6.046378305418269,0.2893860491990195,-1.2413710589466849,9638.533376675061,0.2133535873450457,0.03320672880909036
2026-08-14 11:00:00+00:00,9970.930582580326,9978.507717993889,6.046378305418269,0.2893860491990195,-1.2413710589466849,9638.533376675061,0.21341338590855144,0.033336628226655035
2026-08-14 12:00:00+00:00,9970.0190211849,9977.596156598463,6.046378305418269,0.2893860491990195,-1.2413710589466849,9638.533376675061,0.2134659532887549,0.033248245946720684
2026-08-14 13:00:00+00:00,9972.848890450587,9980.42602586415,6.046378305418269,0.2893860491990195,-1.2413710589466849,9638.533376675061,0.21329344256868216,0.03352256887153352
2026-08-14 14:00:00+00:00,9976.58861101632,9984.165746429882,6.046378305418269,0.2893860491990195,-1.2413710589466849,9638.533376675061,0.21292074312408987,0.03388485258056768
2026-08-14 15:00:00+00:00,9982.26168698286,9989.838822396423,6.046378305418269,0.2893860491990195,-1.2413710589466849,9638.533376675061,0.21171875440234822,0.034433910979916556
2026-08-14 16:00:00+00:00,9978.05190421105,9985.278878851646,6.046378305418269,0.2893860491990195,-0.8912102859789945,9638.883537448028,0.2119213479817887,0.033991441417525914
2026-08-14 17:00:00+00:00,9969.657644594648,9977.514715139296,6.646827117685574,0.31903314098227714,-0.8912102859789945,9310.740738120208,0.2952219182130556,0.06609223004078692
2026-08-14 18:00:00+00:00,9976.835423479904,9984.692494024552,6.646827117685574,0.31903314098227714,-0.8912102859789945,9310.740738120208,0.29462957910451626,0.0667641248037509
2026-08-14 19:00:00+00:00,9978.117360003856,9985.974430548504,6.646827117685574,0.31903314098227714,-0.8912102859789945,9310.740738120208,0.2940428814607219,0.06688402208604505
2026-08-14 20:00:00+00:00,9975.44044834439,9983.297518889038,6.646827117685574,0.31903314098227714,-0.8912102859789945,9310.740738120208,0.2942329153499656,0.06663362020616354
2026-08-14 21:00:00+00:00,9971.426173994789,9979.36553684869,6.723324198803728,0.3248283691194742,-0.8912102859789945,9358.574083533516,0.28681379271185176,0.061460826141357276
2026-08-14 22:00:00+00:00,9971.418315205268,9979.35767805917,6.723324198803728,0.3248283691194742,-0.8912102859789945,9358.574083533516,0.28686035913283847,0.0614600864490094
2026-08-14 23:00:00+00:00,9970.69413170751,9978.633494561413,6.723324198803728,0.3248283691194742,-0.8912102859789945,9358.574083533516,0.2868250487567916,0.061391919167132915
2026-08-15 00:00:00+00:00,9970.139763515048,9977.663759773399,6.723324198803728,0.3248283691194742,-0.47584369042863583,9358.989450129067,0.28687572038359044,0.061298068821706714
2026-08-15 01:00:00+00:00,9968.252252209923,9975.776248468273,6.723324198803728,0.3248283691194742,-0.47584369042863583,9358.989450129067,0.28716331859344,0.061120323469521336
2026-08-15 02:00:00+00:00,9967.68319367184,9975.207189930192,6.723324198803728,0.3248283691194742,-0.47584369042863583,9358.989450129067,0.28728343208812895,0.06106672249868581
2026-08-15 03:00:00+00:00,9966.785799812928,9974.309796071278,6.723324198803728,0.3248283691194742,-0.47584369042863583,9358.989450129067,0.2874143437892241,0.06098218240982645
2026-08-15 04:00:00+00:00,9967.155350814857,9974.679347073208,6.723324198803728,0.3248283691194742,-0.47584369042863583,9358.989450129067,0.28735474127812094,0.06101699825879304
2026-08-15 05:00:00+00:00,9966.69807982753,9974.588401489747,7.074278465296689,0.3401995064898889,-0.47584369042863583,9682.709806537685,0.2408074635583924,0.02849371687747157
2026-08-15 06:00:00+00:00,9966.577815612864,9974.46813727508,7.074278465296689,0.3401995064898889,-0.47584369042863583,9682.709806537685,0.24068063049475594,0.02848199395287853
2026-08-15 07:00:00+00:00,9966.508406699946,9974.398728362163,7.074278465296689,0.3401995064898889,-0.47584369042863583,9682.709806537685,0.24067562887019095,0.0284752280920647
2026-08-15 08:00:00+00:00,9966.114928950445,9974.005250612661,7.074278465296689,0.3401995064898889,-0.47584369042863583,9682.709806537685,0.24060449315263133,0.028436870779956554
2026-08-15 09:00:00+00:00,9968.081802863455,9976.003433917422,7.104018117771079,0.34176924576836853,-0.47584369042863583,9633.113979427893,0.23561507726606834,0.033604040382106286
2026-08-15 10:00:00+00:00,9967.76049955729,9975.682130611256,7.104018117771079,0.34176924576836853,-0.47584369042863583,9633.113979427893,0.23582277954044684,0.03357288933098458
2026-08-15 11:00:00+00:00,9968.343066411737,9976.264697465704,7.104018117771079,0.34176924576836853,-0.47584369042863583,9633.113979427893,0.2356956306274705,0.033629368968389056
2026-08-15 12:00:00+00:00,9968.812561433222,9976.734192487189,7.104018117771079,0.34176924576836853,-0.47584369042863583,9633.113979427893,0.2355905679695823,0.03367488153043023
2026-08-15 13:00:00+00:00,9969.72093045782,9977.679161226302,7.137886894934638,0.3445001831210991,-0.47584369042863583,9689.528072589996,0.22993018688751599,0.02810438324425162
2026-08-15 14:00:00+00:00,9970.170373810119,9978.128604578602,7.137886894934638,0.3445001831210991,-0.47584369042863583,9689.528072589996,0.22998629044916646,0.028148195135894605
2026-08-15 15:00:00+00:00,9969.453474691654,9977.411705460137,7.137886894934638,0.3445001831210991,-0.47584369042863583,9689.528072589996,0.22990298711383417,0.028078309689921668
2026-08-15 16:00:00+00:00,9968.287514511903,9976.245745280386,7.137886894934638,0.3445001831210991,-0.47584369042863583,9689.528072589996,0.23014686169434145,0.027964626974903022
2026-08-15 17:00:00+00:00,9967.760476253436,9975.718707021919,7.137886894934638,0.3445001831210991,-0.47584369042863583,9689.528072589996,0.23021615776328597,0.027913231294660723
2026-08-15 18:00:00+00:00,9967.659234118915,9975.617464887398,7.137886894934638,0.3445001831210991,-0.47584369042863583,9689.528072589996,0.23022731611044034,0.027903357748917355
2026-08-15 19:00:00+00:00,9967.615961494692,9975.574192263175,7.137886894934638,0.3445001831210991,-0.47584369042863583,9689.528072589996,0.2302535384614997,0.027899137564986604
2026-08-15 20:00:00+00:00,9967.285066464385,9975.243297232868,7.137886894934638,0.3445001831210991,-0.47584369042863583,9689.528072589996,0.23033091964788305,0.02786686565320793
2026-08-15 21:00:00+00:00,9967.230307440203,9975.188538208686,7.137886894934638,0.3445001831210991,-0.47584369042863583,9689.528072589996,0.23024255613778769,0.027861524845363608
2026-08-15 22:00:00+00:00,9967.689227648967,9975.64745841745,7.137886894934638,0.3445001831210991,-0.47584369042863583,9689.528072589996,0.23029319409964863,0.02790628286116623
2026-08-15 23:00:00+00:00,9967.350924608561,9975.309155377045,7.137886894934638,0.3445001831210991,-0.47584369042863583,9689.528072589996,0.2303391301097432,0.02787328891296924
2026-08-16 00:00:00+00:00,9967.044635703935,9975.002866472418,7.137886894934638,0.3445001831210991,-0.47584369042863583,9689.528072589996,0.23036584257618828,0.027843415300842552
2026-08-16 01:00:00+00:00,9967.550261140464,9975.508491908948,7.137886894934638,0.3445001831210991,-0.47584369042863583,9689.528072589996,0.23030395888759,0.027892730035620376
2026-08-16 02:00:00+00:00,9967.479899915015,9975.438130683498,7.137886894934638,0.3445001831210991,-0.47584369042863583,9689.528072589996,0.23027006827890262,0.027885867853858465
2026-08-16 03:00:00+00:00,9966.905879433545,9974.864110202028,7.137886894934638,0.3445001831210991,-0.47584369042863583,9689.528072589996,0.2304272342316132,0.02782988122882865
2026-08-16 04:00:00+00:00,9967.756176128714,9975.714406897197,7.137886894934638,0.3445001831210991,-0.47584369042863583,9689.528072589996,0.23040213947312535,0.02791281193304394
2026-08-16 05:00:00+00:00,9967.330393079517,9975.288623848,7.137886894934638,0.3445001831210991,-0.47584369042863583,9689.528072589996,0.23040861659575848,0.027871286446208735
2026-08-16 06:00:00+00:00,9967.35466405928,9975.312894827763,7.137886894934638,0.3445001831210991,-0.47584369042863583,9689.528072589996,0.23048257950112538,0.027873653625578705
2026-08-16 07:00:00+00:00,9967.704133833957,9975.66236460244,7.137886894934638,0.3445001831210991,-0.47584369042863583,9689.528072589996,0.23051703470873913,0.027907736576944682
2026-08-16 08:00:00+00:00,9968.01102937598,9975.969260144464,7.137886894934638,0.3445001831210991,-0.47584369042863583,9689.528072589996,0.23053269803714105,0.027937665394358893
2026-08-16 09:00:00+00:00,9967.94256208165,9975.925013605014,7.160893309063808,0.3457145238719409,-0.47584369042863583,9651.16104262725,0.22665394185765708,0.0317800305811799
2026-08-16 10:00:00+00:00,9968.032280769838,9976.014732293203,7.160893309063808,0.3457145238719409,-0.47584369042863583,9651.16104262725,0.22660392428899928,0.0317887451823256
2026-08-16 11:00:00+00:00,9967.251660477243,9975.234112000608,7.160893309063808,0.3457145238719409,-0.47584369042863583,9651.16104262725,0.22653738101258572,0.031712916320090136
2026-08-16 12:00:00+00:00,9967.54061014629,9975.523061669655,7.160893309063808,0.3457145238719409,-0.47584369042863583,9651.16104262725,0.22661291311295662,0.031740986055977326
2026-08-16 13:00:00+00:00,9967.481644199765,9975.46409572313,7.160893309063808,0.3457145238719409,-0.47584369042863583,9651.16104262725,0.22661481644413184,0.03173525799835189
2026-08-16 14:00:00+00:00,9968.076115193493,9976.058566716858,7.160893309063808,0.3457145238719409,-0.47584369042863583,9651.16104262725,0.22664785719026478,0.03179300287276067
2026-08-16 15:00:00+00:00,9968.013160335044,9975.995611858409,7.160893309063808,0.3457145238719409,-0.47584369042863583,9651.16104262725,0.22665330759669486,0.03178688797970502
2026-08-16 16:00:00+00:00,9967.786854203547,9975.769305726912,7.160893309063808,0.3457145238719409,-0.47584369042863583,9651.16104262725,0.22673583862640484,0.03176490591216576
2026-08-16 17:00:00+00:00,9967.131729237988,9975.114180761353,7.160893309063808,0.3457145238719409,-0.47584369042863583,9651.16104262725,0.22681514900695465,0.0317012652380081
2026-08-16 18:00:00+00:00,9967.189685749312,9975.172137272677,7.160893309063808,0.3457145238719409,-0.47584369042863583,9651.16104262725,0.2267810005246387,0.03170689563317014
2026-08-16 19:00:00+00:00,9967.490250048366,9975.47270157173,7.160893309063808,0.3457145238719409,-0.47584369042863583,9651.16104262725,0.22679323484267894,0.031736093990117745
2026-08-16 20:00:00+00:00,9967.619115745018,9975.601567268382,7.160893309063808,0.3457145238719409,-0.47584369042863583,9651.16104262725,0.22685695315546592,0.031748612125225145
2026-08-16 21:00:00+00:00,9967.323943599926,9975.30639512329,7.160893309063808,0.3457145238719409,-0.47584369042863583,9651.16104262725,0.22681197637144723,0.03171993834671011
2026-08-16 22:00:00+00:00,9967.520870025235,9975.5033215486,7.160893309063808,0.3457145238719409,-0.47584369042863583,9651.16104262725,0.22680957189680617,0.031739068472819196
2026-08-16 23:00:00+00:00,9967.89350310542,9975.875954628786,7.160893309063808,0.3457145238719409,-0.47584369042863583,9651.16104262725,0.2268755006174988,0.031775265293464104
2026-08-17 00:00:00+00:00,9969.24938259961,9977.231834122975,7.160893309063808,0.3457145238719409,-0.47584369042863583,9651.16104262725,0.22676595316688838,0.03190694983792399
2026-08-17 01:00:00+00:00,9969.715127302245,9977.69757882561,7.160893309063808,0.3457145238719409,-0.47584369042863583,9651.16104262725,0.22661381464986213,0.03195217522340521
2026-08-17 02:00:00+00:00,9968.796809621539,9976.779261144904,7.160893309063808,0.3457145238719409,-0.47584369042863583,9651.16104262725,0.2265479428405312,0.031862999423131935
2026-08-17 03:00:00+00:00,9968.558689159032,9976.541140682397,7.160893309063808,0.3457145238719409,-0.47584369042863583,9651.16104262725,0.22675387865402363,0.031839873388813784
2026-08-17 04:00:00+00:00,9968.182975730651,9976.165427254016,7.160893309063808,0.3457145238719409,-0.47584369042863583,9651.16104262725,0.22698452991303064,0.03180338220869837
2026-08-17 05:00:00+00:00,9967.864111514038,9975.846563037403,7.160893309063808,0.3457145238719409,-0.47584369042863583,9651.16104262725,0.22692606991329178,0.031772410352279935
2026-08-17 06:00:00+00:00,9968.124838444615,9976.10728996798,7.160893309063808,0.3457145238719409,-0.47584369042863583,9651.16104262725,0.22687184802014373,0.03179773537696016
2026-08-17 07:00:00+00:00,9968.892646607157,9976.875098130522,7.160893309063808,0.3457145238719409,-0.47584369042863583,9651.16104262725,0.22728829441434362,0.03187230670881446
2026-08-17 08:00:00+00:00,9969.752102200546,9977.73455372391,7.160893309063808,0.3457145238719409,-0.47584369042863583,9651.16104262725,0.2270218017131609,0.03195576543001278
2026-08-17 09:00:00+00:00,9968.936583850242,9976.919035373607,7.160893309063808,0.3457145238719409,-0.47584369042863583,9651.16104262725,0.22686452807381846,0.03187657364956973
2026-08-17 10:00:00+00:00,9970.202509239618,9978.184960762983,7.160893309063808,0.3457145238719409,-0.47584369042863583,9651.16104262725,0.22655555321324908,0.0319994971332533
2026-08-17 11:00:00+00:00,9969.018892660788,9977.001344184153,7.160893309063808,0.3457145238719409,-0.47584369042863583,9651.16104262725,0.22696564648329107,0.03188456692238251
2026-08-17 12:00:00+00:00,9971.49383524482,9979.476286768186,7.160893309063808,0.3457145238719409,-0.47584369042863583,9651.16104262725,0.22687618306663043,0.032124854902415616
2026-08-17 13:00:00+00:00,9970.8838964056,9978.866347928964,7.160893309063808,0.3457145238719409,-0.47584369042863583,9651.16104262725,0.22628155654861257,0.03206564805088208
2026-08-17 14:00:00+00:00,9966.895116047328,9974.877567570693,7.160893309063808,0.3457145238719409,-0.47584369042863583,9651.16104262725,0.22592995456532963,0.03167827791342228
2026-08-17 15:00:00+00:00,9961.465939149382,9969.448390672747,7.160893309063808,0.3457145238719409,-0.47584369042863583,9651.16104262725,0.22575387260383475,0.031150525275864257
2026-08-17 16:00:00+00:00,9961.515471190656,9969.170981611005,7.160893309063808,0.3457145238719409,-0.14890258741294915,9651.487983730265,0.22670859313737565,0.031122522306672225
2026-08-17 17:00:00+00:00,9961.368684719411,9969.766338448408,7.870976443614985,0.3777746979688957,-0.14890258741294915,9533.174307410254,0.27450376707957236,0.04298549635714231
2026-08-17 18:00:00+00:00,9957.410939884629,9965.85858740358,7.92035705359241,0.3783878779467601,-0.14890258741294915,9615.425943429318,0.2657162026916014,0.03434477079634042
2026-08-17 19:00:00+00:00,9954.24219368341,9962.689841202362,7.92035705359241,0.3783878779467601,-0.14890258741294915,9615.425943429318,0.26617348826230036,0.03403737257559329
2026-08-17 20:00:00+00:00,9950.302424432553,9958.750071951505,7.92035705359241,0.3783878779467601,-0.14890258741294915,9615.425943429318,0.2659579132636979,0.03365490481786368
2026-08-17 21:00:00+00:00,9950.526270114158,9959.052536591193,7.9932419305460085,0.3841219590756325,-0.14890258741294915,9736.827853475028,0.2536091761718303,0.021476091900883787
2026-08-17 22:00:00+00:00,9950.761862792024,9959.288129269058,7.9932419305460085,0.3841219590756325,-0.14890258741294915,9736.827853475028,0.2537547466351803,0.021499259279527064
2026-08-17 23:00:00+00:00,9951.459625600262,9959.985892077297,7.9932419305460085,0.3841219590756325,-0.14890258741294915,9736.827853475028,0.25375000106974877,0.021567868453497233
2026-08-18 00:00:00+00:00,9951.927324133922,9959.92533881636,7.9932419305460085,0.3841219590756325,0.37934920718374016,9737.356105269626,0.2538836132232214,0.021560770278531857
2026-08-18 01:00:00+00:00,9951.73012551187,9959.728140194307,7.9932419305460085,0.3841219590756325,0.37934920718374016,9737.356105269626,0.2538041456412801,0.021541382004791516
2026-08-18 02:00:00+00:00,9949.546833129678,9957.544847812116,7.9932419305460085,0.3841219590756325,0.37934920718374016,9737.356105269626,0.2528084700544814,0.021326672603168763
2026-08-18 03:00:00+00:00,9944.31276174998,9952.310776432418,7.9932419305460085,0.3841219590756325,0.37934920718374016,9737.356105269626,0.2517465576783248,0.020811559475119874
2026-08-18 04:00:00+00:00,9942.17096688569,9950.168981568127,7.9932419305460085,0.3841219590756325,0.37934920718374016,9737.356105269626,0.25199094412502165,0.02060061754100178
2026-08-18 05:00:00+00:00,9943.461470445325,9951.688154299067,8.208599253729782,0.39743380719532817,0.37934920718374016,9628.575175318303,0.22404624716321145,0.031667673884285714
2026-08-18 06:00:00+00:00,9939.24306960047,9947.469753454212,8.208599253729782,0.39743380719532817,0.37934920718374016,9628.575175318303,0.22350698664779095,0.031256695515612914
2026-08-18 07:00:00+00:00,9940.842446416631,9949.069130270373,8.208599253729782,0.39743380719532817,0.37934920718374016,9628.575175318303,0.22396524219286318,0.031412556106941505
2026-08-18 08:00:00+00:00,9939.652055070956,9947.878738924697,8.208599253729782,0.39743380719532817,0.37934920718374016,9628.575175318303,0.2233607724346794,0.03129655626063375
2026-08-18 09:00:00+00:00,9931.339222537621,9939.659905955843,8.296101905299981,0.4039307201064043,0.37934920718374016,9587.707897760816,0.2374305839865086,0.03460070359866342
2026-08-18 10:00:00+00:00,9930.176625171127,9938.497308589349,8.296101905299981,0.4039307201064043,0.37934920718374016,9587.707897760816,0.23717807714155578,0.0344876773432425
2026-08-18 11:00:00+00:00,9933.861415875712,9942.182099293934,8.296101905299981,0.4039307201064043,0.37934920718374016,9587.707897760816,0.23723762925273534,0.034845817112134574
2026-08-18 12:00:00+00:00,9933.13832384465,9941.459007262873,8.296101905299981,0.4039307201064043,0.37934920718374016,9587.707897760816,0.23756083449406348,0.034775557816870854
2026-08-18 13:00:00+00:00,9931.454418787678,9940.057711675101,8.571169235705131,0.41147285890141383,0.37934920718374016,9912.735574734952,0.26933938610288977,0.001884803903174
2026-08-18 14:00:00+00:00,9932.072365469585,9940.675658357008,8.571169235705131,0.41147285890141383,0.37934920718374016,9912.735574734952,0.2688663243895408,0.0019469039313345753
2026-08-18 15:00:00+00:00,9918.960977556595,9927.564270444018,8.571169235705131,0.41147285890141383,0.37934920718374016,9912.735574734952,0.2691157765083982,0.0006276265060150511
2026-08-18 16:00:00+00:00,9926.227096506032,9934.790539805166,8.571169235705131,0.41147285890141383,0.4191987954725571,9912.775424323241,0.2696344794105861,0.0013551646614580037
2026-08-18 17:00:00+00:00,9924.680388009054,9933.507947461814,8.819411128884248,0.42734711934899683,0.4191987954725571,9942.218362176522,0.3118570525895186,-0.0017671071996089556
2026-08-18 18:00:00+00:00,9927.047505582346,9935.875065035107,8.819411128884248,0.42734711934899683,0.4191987954725571,9942.218362176522,0.3099063242003616,-0.0015282345113835178
2026-08-18 19:00:00+00:00,9931.178611537578,9940.006170990338,8.819411128884248,0.42734711934899683,0.4191987954725571,9942.218362176522,0.3094647179270091,-0.0011116254244101821
2026-08-18 20:00:00+00:00,9929.597576808557,9938.425136261318,8.819411128884248,0.42734711934899683,0.4191987954725571,9942.218362176522,0.30898718345665444,-0.0012710268739835016
2026-08-18 21:00:00+00:00,9928.574014018324,9937.682389456444,9.08334796786697,0.4442262657252222,0.4191987954725571,9893.364075254183,0.28568853050708215,0.0035463238441318474
2026-08-18 22:00:00+00:00,9927.849606986181,9936.957982424301,9.08334796786697,0.4442262657252222,0.4191987954725571,9893.364075254183,0.28565006308566004,0.003473615445154488
2026-08-18 23:00:00+00:00,9925.684650778498,9934.793026216617,9.08334796786697,0.4442262657252222,0.4191987954725571,9893.364075254183,0.2852842423889335,0.0032562565365986743
2026-08-19 00:00:00+00:00,9923.794429627542,9932.761741812132,9.08334796786697,0.4442262657252222,0.5602620490028815,9893.505138507715,0.2856914983950312,0.003052188488447279
2026-08-19 01:00:00+00:00,9923.647514952228,9932.971851190321,9.423361558110347,0.4612367289854776,0.5602620490028815,10123.712548242898,0.2284976298686566,-0.020160433246870814
2026-08-19 02:00:00+00:00,9926.886603499916,9936.210939738008,9.423361558110347,0.4612367289854776,0.5602620490028815,10123.712548242898,0.2285155418863668,-0.019827560503570985
2026-08-19 03:00:00+00:00,9925.60870921313,9934.933045451222,9.423361558110347,0.4612367289854776,0.5602620490028815,10123.712548242898,0.22827804604730031,-0.01995886044206894
2026-08-19 04:00:00+00:00,9925.451770434598,9934.77610667269,9.423361558110347,0.4612367289854776,0.5602620490028815,10123.712548242898,0.2283371968765456,-0.019974987778276096
2026-08-19 05:00:00+00:00,9924.059668675269,9933.464937034985,9.500140924894877,0.4653894838248843,0.5602620490028815,10062.020864772274,0.21536985193604974,-0.01390168950036365
2026-08-19 06:00:00+00:00,9922.67106307538,9932.076331435097,9.500140924894877,0.4653894838248843,0.5602620490028815,10062.020864772274,0.21525472396987183,-0.014043577662817709
2026-08-19 07:00:00+00:00,9925.373930407675,9934.779198767392,9.500140924894877,0.4653894838248843,0.5602620490028815,10062.020864772274,0.21548623737446101,-0.01376743438813548
2026-08-19 08:00:00+00:00,9929.687813861421,9939.093082221138,9.500140924894877,0.4653894838248843,0.5602620490028815,10062.020864772274,0.21551906955927208,-0.013327010213364614
2026-08-19 09:00:00+00:00,9931.723154660405,9941.421254606908,9.776278412198979,0.4820835833077363,0.5602620490028815,10141.016122377,0.22848942171955633,-0.021073177781680715
2026-08-19 10:00:00+00:00,9930.060099273085,9939.758199219588,9.776278412198979,0.4820835833077363,0.5602620490028815,10141.016122377,0.2284786655799366,-0.021244183921843147
2026-08-19 11:00:00+00:00,9930.441985179465,9940.140085125968,9.776278412198979,0.4820835833077363,0.5602620490028815,10141.016122377,0.2283328033830818,-0.02120491087021127
2026-08-19 12:00:00+00:00,9929.014597150346,9938.71269709685,9.776278412198979,0.4820835833077363,0.5602620490028815,10141.016122377,0.22820872574106135,-0.021351718556995403
2026-08-19 13:00:00+00:00,9929.850800655786,9939.847732640344,10.058044204287597,0.4991498292726784,0.5602620490028815,10086.502858094384,0.277760669716419,-0.015775872224409723
2026-08-19 14:00:00+00:00,9921.11692049591,9931.113852480468,10.058044204287597,0.4991498292726784,0.5602620490028815,10086.502858094384,0.2793754580722332,-0.016670092583709457
2026-08-19 15:00:00+00:00,9915.318018009792,9925.31494999435,10.058044204287597,0.4991498292726784,0.5602620490028815,10086.502858094384,0.2845529714872975,-0.01726468478102856
2026-08-19 16:00:00+00:00,9918.76765429762,9929.428534390328,10.59768483785143,0.5246001804854898,0.4614049256303188,9186.463304397726,0.1938467829331065,0.07383017481840091
2026-08-19 17:00:00+00:00,9916.154329500345,9927.568754680464,11.31269353118148,0.5631365745687991,0.4614049256303188,9580.939490175051,0.20149938617122617,0.03380492358091249
2026-08-19 18:00:00+00:00,9920.312532587117,9931.726957767236,11.31269353118148,0.5631365745687991,0.4614049256303188,9580.939490175051,0.20111386179545984,0.03420991438498161
2026-08-19 19:00:00+00:00,9922.660444929159,9934.074870109278,11.31269353118148,0.5631365745687991,0.4614049256303188,9580.939490175051,0.2012160595619791,0.034438440844636466
2026-08-19 20:00:00+00:00,9911.62500439473,9923.039429574848,11.31269353118148,0.5631365745687991,0.4614049256303188,9580.939490175051,0.20064077948723477,0.033363400458860624
2026-08-19 21:00:00+00:00,9911.47170163665,9923.209995764948,11.622819030136808,0.576880023790216,0.4614049256303188,9869.737614587151,0.14870835626603426,0.00421068518438155
2026-08-19 22:00:00+00:00,9914.19698072285,9925.935274851148,11.622819030136808,0.576880023790216,0.4614049256303188,9869.737614587151,0.14866596198800852,0.004484414241732939
2026-08-19 23:00:00+00:00,9914.294275081147,9926.032569209445,11.622819030136808,0.576880023790216,0.4614049256303188,9869.737614587151,0.14891403813893328,0.0044941837772544055
2026-08-20 00:00:00+00:00,9914.227733836455,9925.946243374327,11.622819030136808,0.576880023790216,0.48118951605650806,9869.757399177579,0.14901486797656652,0.0044855066731119865
2026-08-20 01:00:00+00:00,9913.44296456441,9925.573350785993,12.012125495748919,0.5994502418915272,0.48118951605650806,9740.48021678683,0.19473813891853503,0.01744729337686577
2026-08-20 02:00:00+00:00,9914.272587912821,9926.402974134404,12.012125495748919,0.5994502418915272,0.48118951605650806,9740.48021678683,0.1946882657269324,0.017529513091850482
2026-08-20 03:00:00+00:00,9914.47832174693,9926.608707968513,12.012125495748919,0.5994502418915272,0.48118951605650806,9740.48021678683,0.19451665944927587,0.017549900187733083
2026-08-20 04:00:00+00:00,9915.331838476128,9927.46222469771,12.012125495748919,0.5994502418915272,0.48118951605650806,9740.48021678683,0.19449325813307605,0.017634469984231165
2026-08-20 05:00:00+00:00,9914.210502345999,9926.417349887539,12.084555854700302,0.6034812028948753,0.48118951605650806,9861.125051346848,0.18251832588922207,0.005354480922771293
2026-08-20 06:00:00+00:00,9916.931057518332,9929.137905059872,12.084555854700302,0.6034812028948753,0.48118951605650806,9861.125051346848,0.18240855761659414,0.005627346388495392
2026-08-20 07:00:00+00:00,9916.925400498383,9929.132248039923,12.084555854700302,0.6034812028948753,0.48118951605650806,9861.125051346848,0.1829309469668109,0.005626779157654239
2026-08-20 08:00:00+00:00,9916.130703627834,9928.337551169374,12.084555854700302,0.6034812028948753,0.48118951605650806,9861.125051346848,0.18248507131753502,0.005547088267086112
2026-08-20 09:00:00+00:00,9909.283843040808,9921.490690582348,12.084555854700302,0.6034812028948753,0.48118951605650806,9861.125051346848,0.18304612110275512,0.004859966921603807
2026-08-20 10:00:00+00:00,9909.996877777652,9922.203725319192,12.084555854700302,0.6034812028948753,0.48118951605650806,9861.125051346848,0.18382182719984066,0.004931568297503288
2026-08-20 11:00:00+00:00,9907.991496690684,9920.198344232223,12.084555854700302,0.6034812028948753,0.48118951605650806,9861.125051346848,0.18418324029455638,0.004730166084568091
2026-08-20 12:00:00+00:00,9907.943977737863,9920.150825279403,12.084555854700302,0.6034812028948753,0.48118951605650806,9861.125051346848,0.1828153410839622,0.004725392724889534
2026-08-20 13:00:00+00:00,9909.189126502224,9921.57192128322,12.24791644864414,0.6160678484071695,0.48118951605650806,9799.192420397814,0.20223392497649365,0.01110047499348079
2026-08-20 14:00:00+00:00,9903.293173772709,9915.675968553704,12.24791644864414,0.6160678484071695,0.48118951605650806,9799.192420397814,0.20202553502773737,0.010511730951335287
2026-08-20 15:00:00+00:00,9909.424747101999,9921.807541882994,12.24791644864414,0.6160678484071695,0.48118951605650806,9799.192420397814,0.2019761414477114,0.011123988477375692
2026-08-20 16:00:00+00:00,9912.779815767179,9925.089511251063,12.24791644864414,0.6160678484071695,0.5542888131675954,9799.265519694927,0.2021057788188762,0.01145130812768557
2026-08-20 17:00:00+00:00,9914.294338920297,9927.306389730558,12.911389277195788,0.6549503462312282,0.5542888131675954,9561.437396495834,0.3021532297834565,0.03559072692034788
2026-08-20 18:00:00+00:00,9907.580543688244,9920.592594498505,12.911389277195788,0.6549503462312282,0.5542888131675954,9561.437396495834,0.30014229289174477,0.0349372024447406
2026-08-20 19:00:00+00:00,9907.666523903492,9920.678574713753,12.911389277195788,0.6549503462312282,0.5542888131675954,9561.437396495834,0.2981748556142263,0.03494557740436013
2026-08-20 20:00:00+00:00,9908.615733264904,9921.627784075165,12.911389277195788,0.6549503462312282,0.5542888131675954,9561.437396495834,0.3001469191179394,0.03503802610929121
2026-08-20 21:00:00+00:00,9908.115636533015,9921.324517723164,13.095079875897534,0.6680901274202842,0.5542888131675954,9559.313965400233,0.2694845716520669,0.03520363345848388
2026-08-20 22:00:00+00:00,9908.299014317245,9921.507895507393,13.095079875897534,0.6680901274202842,0.5542888131675954,9559.313965400233,0.2694406013785105,0.03522148942141691
2026-08-20 23:00:00+00:00,9908.43205562907,9921.640936819218,13.095079875897534,0.6680901274202842,0.5542888131675954,9559.313965400233,0.2693528871734873,0.03523444357984971
2026-08-21 00:00:00+00:00,9907.95962044386,9921.029405566374,13.095079875897534,0.6680901274202842,0.6933848808029314,9559.453061467868,0.2699964830917404,0.03517440243265548
2026-08-21 01:00:00+00:00,9903.059250158432,9916.145181367123,13.110176615479467,0.6691394740145192,0.6933848808029314,9584.599197364842,0.2683418888496859,0.03215774486944495
2026-08-21 02:00:00+00:00,9899.267009088,9912.35294029669,13.110176615479467,0.6691394740145192,0.6933848808029314,9584.599197364842,0.27031572183261837,0.0317869809385159
2026-08-21 03:00:00+00:00,9901.239976083956,9914.325907292647,13.110176615479467,0.6691394740145192,0.6933848808029314,9584.599197364842,0.2699645674926565,0.031979911554911124
2026-08-21 04:00:00+00:00,9898.182232882375,9911.268164091065,13.110176615479467,0.6691394740145192,0.6933848808029314,9584.599197364842,0.26981076040181756,0.031680871107402954
2026-08-21 05:00:00+00:00,9897.327925359274,9910.937375636504,13.604413873458924,0.6984212845726775,0.6933848808029314,9609.408245228138,0.22638086195180382,0.029090647728607345
2026-08-21 06:00:00+00:00,9898.063780916686,9911.725337445154,13.654393095843206,0.7005483134265085,0.6933848808029314,9526.05956203195,0.21837693300028607,0.03758353422635601
2026-08-21 07:00:00+00:00,9898.820880755557,9912.482437284025,13.654393095843206,0.7005483134265085,0.6933848808029314,9526.05956203195,0.21857215342380612,0.03765714353396355
2026-08-21 08:00:00+00:00,9901.545473096092,9915.20702962456,13.654393095843206,0.7005483134265085,0.6933848808029314,9526.05956203195,0.21916010755720813,0.037921949869784574
2026-08-21 09:00:00+00:00,9891.855931258619,9905.934178543659,14.056584765303754,0.7150474005386663,0.6933848808029314,9401.42516967057,0.2625685728436124,0.049579246300814964
2026-08-21 10:00:00+00:00,9892.45003131477,9906.52827859981,14.056584765303754,0.7150474005386663,0.6933848808029314,9401.42516967057,0.2612659336303129,0.04963632468092822
2026-08-21 11:00:00+00:00,9891.38914235425,9905.46738963929,14.056584765303754,0.7150474005386663,0.6933848808029314,9401.42516967057,0.2613940940307432,0.04953439457615588
2026-08-21 12:00:00+00:00,9897.581180517584,9911.659427802624,14.056584765303754,0.7150474005386663,0.6933848808029314,9401.42516967057,0.26061100779467544,0.050129016554433165
2026-08-21 13:00:00+00:00,9893.576115142072,9908.64401099773,15.000503962639847,0.7607767738207479,0.6933848808029314,8389.39735936177,0.28370751674907563,0.15203590069703538
2026-08-21 14:00:00+00:00,9870.830221379798,9885.898117235456,15.000503962639847,0.7607767738207479,0.6933848808029314,8389.39735936177,0.28664825808144717,0.15008189066096045
2026-08-21 15:00:00+00:00,9860.754341069693,9876.039548262868,15.20369317008823,0.7748989038908402,0.6933848808029314,8050.545491073684,0.25247821730217485,0.18357711665694304
2026-08-21 16:00:00+00:00,9865.214289304606,9880.584482907914,15.20369317008823,0.7748989038908402,0.6083984706692257,8050.460504663551,0.2527998656275377,0.18395482666894775
2026-08-21 17:00:00+00:00,9861.252966119571,9876.89450283432,15.457535951606923,0.7923992338113893,0.6083984706692257,8473.27796441319,0.2733571589289345,0.1407503698034179
2026-08-21 18:00:00+00:00,9863.361937508831,9879.00347422358,15.457535951606923,0.7923992338113893,0.6083984706692257,8473.27796441319,0.2727804289678176,0.140934093456448
2026-08-21 19:00:00+00:00,9862.7000479753,9878.34158469005,15.457535951606923,0.7923992338113893,0.6083984706692257,8473.27796441319,0.27300757645670815,0.14087644121827908
2026-08-21 20:00:00+00:00,9860.668015601985,9876.309552316734,15.457535951606923,0.7923992338113893,0.6083984706692257,8473.27796441319,0.27243958603207136,0.14069939774806386
2026-08-21 21:00:00+00:00,9858.8983464082,9874.723283155921,15.631846395542427,0.8014888228482586,0.6083984706692257,8480.242554014205,0.25193139822692595,0.13983872679813839
2026-08-21 22:00:00+00:00,9854.271377773803,9870.096314521525,15.631846395542427,0.8014888228482586,0.6083984706692257,8480.242554014205,0.25295311547546045,0.13943484719313748
2026-08-21 23:00:00+00:00,9856.458941134462,9872.283877882184,15.631846395542427,0.8014888228482586,0.6083984706692257,8480.242554014205,0.2528395630049042,0.1396258428447181
2026-08-22 00:00:00+00:00,9857.137335086345,9872.91910591179,15.631846395542427,0.8014888228482586,0.6515643929477337,8480.285719936483,0.25271251021607083,0.13968067688871277
2026-08-22 01:00:00+00:00,9860.650914746675,9876.643393944254,15.832160475920515,0.8118831146051481,0.6515643929477337,8466.379035035761,0.28622505695543543,0.14139754989457842
2026-08-22 02:00:00+00:00,9860.200794606779,9876.193273804358,15.832160475920515,0.8118831146051481,0.6515643929477337,8466.379035035761,0.2861369712776727,0.1413583545208729
2026-08-22 03:00:00+00:00,9857.446294064273,9873.438773261852,15.832160475920515,0.8118831146051481,0.6515643929477337,8466.379035035761,0.28708168787225874,0.14111842129600577
2026-08-22 04:00:00+00:00,9855.952488308294,9871.944967505873,15.832160475920515,0.8118831146051481,0.6515643929477337,8466.379035035761,0.28714895484974123,0.14098824592761838
2026-08-22 05:00:00+00:00,9850.060037951354,9866.21979203161,15.993390006858089,0.8179284663463339,0.6515643929477337,8734.93369040078,0.25975596342662505,0.11321010666474086
2026-08-22 06:00:00+00:00,9858.767553239395,9874.927307319651,15.993390006858089,0.8179284663463339,0.6515643929477337,8734.93369040078,0.25808049824172863,0.11399334214643757
2026-08-22 07:00:00+00:00,9857.982112423084,9874.14186650334,15.993390006858089,0.8179284663463339,0.6515643929477337,8734.93369040078,0.25834501551832484,0.11392274901848658
2026-08-22 08:00:00+00:00,9858.728515332628,9874.888269412884,15.993390006858089,0.8179284663463339,0.6515643929477337,8734.93369040078,0.258309719569678,0.11398983379896153
2026-08-22 09:00:00+00:00,9857.634753063929,9873.794507144185,15.993390006858089,0.8179284663463339,0.6515643929477337,8734.93369040078,0.25811542569629714,0.1138915257855535
2026-08-22 10:00:00+00:00,9856.821163695316,9872.980917775572,15.993390006858089,0.8179284663463339,0.6515643929477337,8734.93369040078,0.2578875781146631,0.11381838573136319
2026-08-22 11:00:00+00:00,9858.188428662388,9874.348182742644,15.993390006858089,0.8179284663463339,0.6515643929477337,8734.93369040078,0.2577760594414501,0.11394129320918422
2026-08-22 12:00:00+00:00,9859.751459206687,9875.911213286943,15.993390006858089,0.8179284663463339,0.6515643929477337,8734.93369040078,0.2578945264392408,0.11408175687386048
2026-08-22 13:00:00+00:00,9859.487388815089,9875.647142895345,15.993390006858089,0.8179284663463339,0.6515643929477337,8734.93369040078,0.2583283345804839,0.11405802898942176
2026-08-22 14:00:00+00:00,9858.012589641072,9874.172343721328,15.993390006858089,0.8179284663463339,0.6515643929477337,8734.93369040078,0.25849720178674,0.11392548843165796
2026-08-22 15:00:00+00:00,9857.74042823597,9873.900182316225,15.993390006858089,0.8179284663463339,0.6515643929477337,8734.93369040078,0.2582321443165128,0.1139010248858941
2026-08-22 16:00:00+00:00,9855.865809231693,9872.025563311949,15.993390006858089,0.8179284663463339,0.6515643929477337,8734.93369040078,0.25801487701150533,0.11373248586450618
2026-08-22 17:00:00+00:00,9855.867153558542,9872.026907638798,15.993390006858089,0.8179284663463339,0.6515643929477337,8734.93369040078,0.25834174612938593,0.11373260675018732
2026-08-22 18:00:00+00:00,9857.575497053205,9873.735251133461,15.993390006858089,0.8179284663463339,0.6515643929477337,8734.93369040078,0.2583900109879258,0.11388619919654934
2026-08-22 19:00:00+00:00,9858.483298847052,9874.643052927308,15.993390006858089,0.8179284663463339,0.6515643929477337,8734.93369040078,0.2584401267135951,0.11396779549017151
2026-08-22 20:00:00+00:00,9860.918402624502,9877.078156704758,15.993390006858089,0.8179284663463339,0.6515643929477337,8734.93369040078,0.2586750709623596,0.11418659664844592
2026-08-22 21:00:00+00:00,9860.280600450358,9876.563759481289,16.108699470316918,0.8260239535607719,0.6515643929477337,8720.100166602471,0.23918195553052032,0.1156336700799174
2026-08-22 22:00:00+00:00,9862.419746649033,9878.702905679964,16.108699470316918,0.8260239535607719,0.6515643929477337,8720.100166602471,0.23891004018654632,0.11582548800305223
2026-08-22 23:00:00+00:00,9862.590441017906,9878.873600048837,16.108699470316918,0.8260239535607719,0.6515643929477337,8720.100166602471,0.23902016842048415,0.11584079063689882
2026-08-23 00:00:00+00:00,9863.493260201363,9879.776419232294,16.108699470316918,0.8260239535607719,0.6515643929477337,8720.100166602471,0.23921113653902729,0.11592171895249516
2026-08-23 01:00:00+00:00,9860.018960003043,9876.302119033973,16.108699470316918,0.8260239535607719,0.6515643929477337,8720.100166602471,0.23939597224843148,0.11561020298486512
2026-08-23 02:00:00+00:00,9861.130752910944,9877.413911941874,16.108699470316918,0.8260239535607719,0.6515643929477337,8720.100166602471,0.23927631270338529,0.11570991348752234
2026-08-23 03:00:00+00:00,9863.270700812276,9879.553859843207,16.108699470316918,0.8260239535607719,0.6515643929477337,8720.100166602471,0.2393330210034476,0.11590177020241976
2026-08-23 04:00:00+00:00,9863.788983081038,9880.072142111969,16.108699470316918,0.8260239535607719,0.6515643929477337,8720.100166602471,0.23926503447569902,0.11594822420068912
2026-08-23 05:00:00+00:00,9868.245723136824,9884.528882167755,16.108699470316918,0.8260239535607719,0.6515643929477337,8720.100166602471,0.23874451155151846,0.11634748350889167
2026-08-23 06:00:00+00:00,9870.14287864013,9886.42603767106,16.108699470316918,0.8260239535607719,0.6515643929477337,8720.100166602471,0.2383627957493421,0.11651733173249747
2026-08-23 07:00:00+00:00,9868.923917861004,9885.207076891935,16.108699470316918,0.8260239535607719,0.6515643929477337,8720.100166602471,0.23837117222518298,0.11640820831330613
2026-08-23 08:00:00+00:00,9870.15938247714,9886.442541508071,16.108699470316918,0.8260239535607719,0.6515643929477337,8720.100166602471,0.23836524370948464,0.11651880899881033
2026-08-23 09:00:00+00:00,9870.841086282238,9887.207917982454,16.184938629845234,0.833457463317245,0.6515643929477337,8615.487770876678,0.22758040424943446,0.12717794810314165
2026-08-23 10:00:00+00:00,9870.007451863166,9886.374283563382,16.184938629845234,0.833457463317245,0.6515643929477337,8615.487770876678,0.22779411796725024,0.12710422835087845
2026-08-23 11:00:00+00:00,9868.978628552724,9885.34546025294,16.184938629845234,0.833457463317245,0.6515643929477337,8615.487770876678,0.22802986184509494,0.1270132305332461
2026-08-23 12:00:00+00:00,9868.943792925722,9885.310624625938,16.184938629845234,0.833457463317245,0.6515643929477337,8615.487770876678,0.2284739674804247,0.1270101490442725
2026-08-23 13:00:00+00:00,9870.87416811057,9887.454099077924,16.38452570584631,0.8469696544553246,0.6515643929477337,8518.607585398353,0.21885332708996844,0.13699562568439258
2026-08-23 14:00:00+00:00,9869.399276594237,9885.979207561591,16.38452570584631,0.8469696544553246,0.6515643929477337,8518.607585398353,0.21897412856052093,0.13686665756844513
2026-08-23 15:00:00+00:00,9871.32085480964,9887.900785776996,16.38452570584631,0.8469696544553246,0.6515643929477337,8518.607585398353,0.2188418549456509,0.1370346774567864
2026-08-23 16:00:00+00:00,9871.718143199274,9888.298074166629,16.38452570584631,0.8469696544553246,0.6515643929477337,8518.607585398353,0.21889060999877483,0.13706940759173641
2026-08-23 17:00:00+00:00,9870.96505206226,9887.544983029615,16.38452570584631,0.8469696544553246,0.6515643929477337,8518.607585398353,0.2191065174118373,0.1370035715384657
2026-08-23 18:00:00+00:00,9873.027639241687,9889.607570209042,16.38452570584631,0.8469696544553246,0.6515643929477337,8518.607585398353,0.2190732940782862,0.13718386125650128
2026-08-23 19:00:00+00:00,9873.213755115868,9889.793686083223,16.38452570584631,0.8469696544553246,0.6515643929477337,8518.607585398353,0.21917922989244318,0.13720012584713032
2026-08-23 20:00:00+00:00,9874.743143461861,9891.323074429216,16.38452570584631,0.8469696544553246,0.6515643929477337,8518.607585398353,0.2195072001678156,0.13733375525432429
2026-08-23 21:00:00+00:00,9874.777779109834,9891.409854872378,16.4326358027969,0.8510043526925632,0.6515643929477337,8542.780342804754,0.22238207934421153,0.13488885178995424
2026-08-23 22:00:00+00:00,9871.648797306156,9888.2808730687,16.4326358027969,0.8510043526925632,0.6515643929477337,8542.780342804754,0.2225120559395398,0.13461464055164038
2026-08-23 23:00:00+00:00,9867.548261297246,9884.18033705979,16.4326358027969,0.8510043526925632,0.6515643929477337,8542.780342804754,0.22217029347563116,0.13425502297146413
2026-08-24 00:00:00+00:00,9873.74723890671,9890.379314669253,16.4326358027969,0.8510043526925632,0.6515643929477337,8542.780342804754,0.2228748740626127,0.13479855863206497
2026-08-24 01:00:00+00:00,9861.844838869822,9878.476914632365,16.4326358027969,0.8510043526925632,0.6515643929477337,8542.780342804754,0.2218076944223615,0.13375433477375964
2026-08-24 02:00:00+00:00,9864.861554999785,9881.493630762328,16.4326358027969,0.8510043526925632,0.6515643929477337,8542.780342804754,0.22071928589403353,0.13401923633940538
2026-08-24 03:00:00+00:00,9862.67022923141,9879.302304993953,16.4326358027969,0.8510043526925632,0.6515643929477337,8542.780342804754,0.22130364331360597,0.13382682942340596
2026-08-24 04:00:00+00:00,9863.572451821907,9880.20452758445,16.4326358027969,0.8510043526925632,0.6515643929477337,8542.780342804754,0.22008009388024913,0.13390605842543263
2026-08-24 05:00:00+00:00,9862.87567136382,9879.835659809489,16.73370592530775,0.8778469133090898,0.6515643929477337,8228.702153084914,0.2646419573818919,0.16568935599823234
2026-08-24 06:00:00+00:00,9860.360718510885,9877.320706956554,16.73370592530775,0.8778469133090898,0.6515643929477337,8228.702153084914,0.26465023995995113,0.16547655932737348
2026-08-24 07:00:00+00:00,9853.676838706364,9870.636827152033,16.73370592530775,0.8778469133090898,0.6515643929477337,8228.702153084914,0.26477151280259276,0.16491049099949828
2026-08-24 08:00:00+00:00,9853.551550270935,9870.511538716604,16.73370592530775,0.8778469133090898,0.6515643929477337,8228.702153084914,0.26452191913826045,0.1648998727916883
2026-08-24 09:00:00+00:00,9857.485230846829,9875.163948293795,17.414161655806993,0.9161201841072072,0.6515643929477337,8643.230749459635,0.26729962818439096,0.12318095872844434
2026-08-24 10:00:00+00:00,9856.573643117612,9874.252360564578,17.414161655806993,0.9161201841072072,0.6515643929477337,8643.230749459635,0.2678384370905423,0.12309986589560945
2026-08-24 11:00:00+00:00,9854.121254102345,9871.799971549312,17.414161655806993,0.9161201841072072,0.6515643929477337,8643.230749459635,0.26759923944065667,0.1228816323057327
2026-08-24 12:00:00+00:00,9854.518933283936,9872.197650730903,17.414161655806993,0.9161201841072072,0.6515643929477337,8643.230749459635,0.2684599296116398,0.12291702842369495
2026-08-24 13:00:00+00:00,9851.306745053002,9868.985462499968,17.414161655806993,0.9161201841072072,0.6515643929477337,8643.230749459635,0.2691743068890688,0.12263104041502125
2026-08-24 14:00:00+00:00,9852.362048665138,9870.040766112104,17.414161655806993,0.9161201841072072,0.6515643929477337,8643.230749459635,0.2666784493904786,0.12272501692823234
2026-08-24 15:00:00+00:00,9843.374939331012,9861.497196751918,17.841671995703464,0.9321498181490551,0.6515643929477337,9355.320472280526,0.1962472552221771,0.0495820254799373
2026-08-24 16:00:00+00:00,9850.134604507091,9868.3400421032,17.841671995703464,0.9321498181490551,0.5683842177435188,9355.237292105321,0.19551829013709301,0.05024269538157604
2026-08-24 17:00:00+00:00,9851.134189046563,9869.833928247617,18.303436863131445,0.9646865556670601,0.5683842177435188,9287.641237977397,0.21190957102187252,0.057200819748827604
2026-08-24 18:00:00+00:00,9849.478161445471,9868.177900646526,18.303436863131445,0.9646865556670601,0.5683842177435188,9287.641237977397,0.21066765659046738,0.05704230358795173
2026-08-24 19:00:00+00:00,9857.879123140992,9876.578862342047,18.303436863131445,0.9646865556670601,0.5683842177435188,9287.641237977397,0.20978665886376288,0.057845899512501006
2026-08-24 20:00:00+00:00,9855.918930048272,9874.618669249327,18.303436863131445,0.9646865556670601,0.5683842177435188,9287.641237977397,0.20962021669118575,0.05765851932267179
2026-08-24 21:00:00+00:00,9856.639754845413,9875.704745767347,18.64317799389344,0.9901971457837005,0.5683842177435188,9211.683346943973,0.15266155862471634,0.065433699916281
2026-08-24 22:00:00+00:00,9855.766208014606,9874.83119893654,18.64317799389344,0.9901971457837005,0.5683842177435188,9211.683346943973,0.15285256039035108,0.06535086643460257
2026-08-24 23:00:00+00:00,9856.455121563067,9875.520112485001,18.64317799389344,0.9901971457837005,0.5683842177435188,9211.683346943973,0.1528459914702266,0.06541619341506673
2026-08-25 00:00:00+00:00,9855.960496126609,9875.087529494725,18.64317799389344,0.9901971457837005,0.5063417715612643,9211.621304497789,0.15285868167922187,0.06537558585812576
2026-08-25 01:00:00+00:00,9853.373550156233,9872.816645550327,18.937854397476663,1.0115827681779177,0.5063417715612643,9216.520894988986,0.1862930538286577,0.06463295559896326
2026-08-25 02:00:00+00:00,9854.04057751859,9873.483672912684,18.937854397476663,1.0115827681779177,0.5063417715612643,9216.520894988986,0.18639979728031655,0.06469627129241466
2026-08-25 03:00:00+00:00,9854.591251558892,9874.034346952985,18.937854397476663,1.0115827681779177,0.5063417715612643,9216.520894988986,0.18670941361370694,0.0647485360155319
2026-08-25 04:00:00+00:00,9854.318467335826,9873.76156272992,18.937854397476663,1.0115827681779177,0.5063417715612643,9216.520894988986,0.1869190822525826,0.06472264667119837
2026-08-25 05:00:00+00:00,9854.321848791564,9874.348366989823,19.48715614029191,1.0457038295273295,0.5063417715612643,9322.312200130555,0.1730280435130655,0.05398744396868355
2026-08-25 06:00:00+00:00,9851.373846720782,9871.400364919042,19.48715614029191,1.0457038295273295,0.5063417715612643,9322.312200130555,0.1730525835074637,0.05370435178097879
2026-08-25 07:00:00+00:00,9851.814951109849,9871.841469308109,19.48715614029191,1.0457038295273295,0.5063417715612643,9322.312200130555,0.17316235552271378,0.05374672114803005
2026-08-25 08:00:00+00:00,9851.596828879234,9871.623347077493,19.48715614029191,1.0457038295273295,0.5063417715612643,9322.312200130555,0.17273334003526739,0.053725770343861466
2026-08-25 09:00:00+00:00,9854.149935790932,9874.176453989192,19.48715614029191,1.0457038295273295,0.5063417715612643,9322.312200130555,0.17319275335037104,0.0539709400735529
2026-08-25 10:00:00+00:00,9855.432080033688,9875.458598231948,19.48715614029191,1.0457038295273295,0.5063417715612643,9322.312200130555,0.17299186352074047,0.054094013897492195
2026-08-25 11:00:00+00:00,9855.36773706149,9875.39425525975,19.48715614029191,1.0457038295273295,0.5063417715612643,9322.312200130555,0.17290714662028975,0.05408783833873184
2026-08-25 12:00:00+00:00,9856.378740835913,9876.405259034173,19.48715614029191,1.0457038295273295,0.5063417715612643,9322.312200130555,0.17270852317966906,0.054184863908756924
2026-08-25 13:00:00+00:00,9855.0751513102,9875.10166950846,19.48715614029191,1.0457038295273295,0.5063417715612643,9322.312200130555,0.1726267887308884,0.054059755303724616
2026-08-25 14:00:00+00:00,9852.924838231555,9872.951356429814,19.48715614029191,1.0457038295273295,0.5063417715612643,9322.312200130555,0.1726164823698648,0.053853312271509815
2026-08-25 15:00:00+00:00,9850.944950301231,9870.97146849949,19.48715614029191,1.0457038295273295,0.5063417715612643,9322.312200130555,0.17322613137330098,0.053663151386762226
2026-08-25 16:00:00+00:00,9849.385667102617,9869.45640693406,19.48715614029191,1.0457038295273295,0.4621201383785908,9322.267978497373,0.1737483631627362,0.05351782399645902
2026-08-25 17:00:00+00:00,9842.167457617272,9862.879036500124,20.092482503986947,1.0812165172429293,0.4621201383785908,9798.790778331873,0.17893243651267107,0.0044072283338186125
2026-08-25 18:00:00+00:00,9849.610572773192,9870.322151656044,20.092482503986947,1.0812165172429293,0.4621201383785908,9798.790778331873,0.17819219958646632,0.005159573981716344
2026-08-25 19:00:00+00:00,9851.432603906624,9872.144182789476,20.092482503986947,1.0812165172429293,0.4621201383785908,9798.790778331873,0.17831790556821114,0.0053435705943798845
2026-08-25 20:00:00+00:00,9857.107209768366,9877.818788651219,20.092482503986947,1.0812165172429293,0.4621201383785908,9798.790778331873,0.17755705679969278,0.005916181106227759
2026-08-25 21:00:00+00:00,9852.305532685834,9873.313820471827,20.374699015668536,1.095708908702726,0.4621201383785908,9803.657041328437,0.178249863807034,0.004937777375661157
2026-08-25 22:00:00+00:00,9852.316327010098,9873.32461479609,20.374699015668536,1.095708908702726,0.4621201383785908,9803.657041328437,0.17845713184342374,0.0049388675786079745
2026-08-25 23:00:00+00:00,9853.925147403379,9874.933435189372,20.374699015668536,1.095708908702726,0.4621201383785908,9803.657041328437,0.17853397165684898,0.00510132818374293
2026-08-26 00:00:00+00:00,9851.608191600113,9872.397006766618,20.374699015668536,1.095708908702726,0.6815927578655636,9803.876513947924,0.17819629802797687,0.004845064554321866
2026-08-26 01:00:00+00:00,9854.109807348352,9875.005263645231,20.474378263903713,1.1026707908415587,0.6815927578655636,9752.18917333663,0.1827858427725077,0.010342957000105431
2026-08-26 02:00:00+00:00,9854.304755350458,9875.200211647338,20.474378263903713,1.1026707908415587,0.6815927578655636,9752.18917333663,0.1829304445630444,0.010362535414625082
2026-08-26 03:00:00+00:00,9855.202033668207,9876.097489965086,20.474378263903713,1.1026707908415587,0.6815927578655636,9752.18917333663,0.1836791432134385,0.010452638107230537
2026-08-26 04:00:00+00:00,9854.462122593977,9875.357578890857,20.474378263903713,1.1026707908415587,0.6815927578655636,9752.18917333663,0.18380423034778146,0.010378339069654376
2026-08-26 05:00:00+00:00,9853.722495458156,9875.071471668982,20.91296861674597,1.1176003519473106,0.6815927578655636,9305.709880318771,0.2116257168655759,0.055614780646804154
2026-08-26 06:00:00+00:00,9854.785111766592,9876.134087977418,20.91296861674597,1.1176003519473106,0.6815927578655636,9305.709880318771,0.21166784568760566,0.05571661129294714
2026-08-26 07:00:00+00:00,9853.908679964314,9875.25765617514,20.91296861674597,1.1176003519473106,0.6815927578655636,9305.709880318771,0.21185154133555112,0.05563262431690491
2026-08-26 08:00:00+00:00,9854.239964065342,9875.588940276168,20.91296861674597,1.1176003519473106,0.6815927578655636,9305.709880318771,0.21171279739386442,0.05566437246777537
2026-08-26 09:00:00+00:00,9855.09129538106,9876.705283144149,21.163642808410106,1.1319377125456567,0.6815927578655636,9224.300025210758,0.22980401406884526,0.064006638930473
2026-08-26 10:00:00+00:00,9853.404274547576,9875.018262310665,21.163642808410106,1.1319377125456567,0.6815927578655636,9224.300025210758,0.22971373242354218,0.06384638565595682
2026-08-26 11:00:00+00:00,9854.558297646809,9876.172285409897,21.163642808410106,1.1319377125456567,0.6815927578655636,9224.300025210758,0.22986913105145818,0.06395601440467928
2026-08-26 12:00:00+00:00,9856.54882818106,9878.162815944148,21.163642808410106,1.1319377125456567,0.6815927578655636,9224.300025210758,0.22963249470659017,0.0641450485349016
2026-08-26 13:00:00+00:00,9860.3303145602,9881.950983289677,21.170186663189376,1.132074824152739,0.6815927578655636,9213.38705672386,0.2292637740237318,0.06561070848519505
2026-08-26 14:00:00+00:00,9855.265068478986,9876.885737208462,21.170186663189376,1.132074824152739,0.6815927578655636,9213.38705672386,0.2300315450603672,0.06513046653692806
2026-08-26 15:00:00+00:00,9863.039415453059,9884.660084182535,21.170186663189376,1.132074824152739,0.6815927578655636,9213.38705672386,0.22764365937630215,0.06586735907304067
2026-08-26 16:00:00+00:00,9857.541061965992,9879.210523929432,21.170186663189376,1.132074824152739,0.6327995239020753,9213.338263489895,0.22767031525090067,0.0653512670580361
2026-08-26 17:00:00+00:00,9855.226947650403,9876.896409613842,21.170186663189376,1.132074824152739,0.6327995239020753,9213.338263489895,0.22770074392339243,0.06513180138520717
2026-08-26 18:00:00+00:00,9854.681803554808,9876.351265518248,21.170186663189376,1.132074824152739,0.6327995239020753,9213.338263489895,0.22849949685558613,0.06508008607985344
2026-08-26 19:00:00+00:00,9859.567253359926,9881.236715323366,21.170186663189376,1.132074824152739,0.6327995239020753,9213.338263489895,0.22875254953435875,0.06554334214311583
2026-08-26 20:00:00+00:00,9859.026180607474,9880.695642570914,21.170186663189376,1.132074824152739,0.6327995239020753,9213.338263489895,0.22860459886947224,0.06549205827119477
2026-08-26 21:00:00+00:00,9857.270585535376,9878.940047498816,21.170186663189376,1.132074824152739,0.6327995239020753,9213.338263489895,0.2287723482205724,0.06532562096757212
2026-08-26 22:00:00+00:00,9854.873033625343,9876.542495588783,21.170186663189376,1.132074824152739,0.6327995239020753,9213.338263489895,0.22899524934911505,0.06509822784590905
2026-08-26 23:00:00+00:00,9857.566882782781,9879.236344746221,21.170186663189376,1.132074824152739,0.6327995239020753,9213.338263489895,0.22921929188478204,0.0653537152680237
2026-08-27 00:00:00+00:00,9858.083846598165,9879.957464439822,21.170186663189376,1.132074824152739,0.4286436456852032,9213.134107611679,0.2294521651923817,0.06542343816735198
2026-08-27 01:00:00+00:00,9857.40557121867,9879.279189060326,21.170186663189376,1.132074824152739,0.4286436456852032,9213.134107611679,0.2283730905854353,0.06535913115801105
2026-08-27 02:00:00+00:00,9855.126145067821,9876.999762909478,21.170186663189376,1.132074824152739,0.4286436456852032,9213.134107611679,0.22878964330417267,0.06514295484461546
2026-08-27 03:00:00+00:00,9855.871869438557,9877.745487280214,21.170186663189376,1.132074824152739,0.4286436456852032,9213.134107611679,0.22877885283969915,0.06521368888935165
2026-08-27 04:00:00+00:00,9855.641100443247,9877.514718284903,21.170186663189376,1.132074824152739,0.4286436456852032,9213.134107611679,0.2288351614909824,0.06519180094764943
2026-08-27 05:00:00+00:00,9854.463206918459,9877.119631962869,21.930491644497344,1.1545770455978024,0.4286436456852032,8919.119430925628,0.3507973767343261,0.09491575100063906
2026-08-27 06:00:00+00:00,9854.83975493117,9877.49617997558,21.930491644497344,1.1545770455978024,0.4286436456852032,8919.119430925628,0.35028978223557977,0.094950333772533
2026-08-27 07:00:00+00:00,9851.716244156823,9874.372669201233,21.930491644497344,1.1545770455978024,0.4286436456852032,8919.119430925628,0.35042176975600514,0.09466338555826047
2026-08-27 08:00:00+00:00,9858.225243400215,9880.881668444625,21.930491644497344,1.1545770455978024,0.4286436456852032,8919.119430925628,0.3512228354042493,0.09526114379495329
2026-08-27 09:00:00+00:00,9873.099189879642,9895.755614924052,21.930491644497344,1.1545770455978024,0.4286436456852032,8919.119430925628,0.3523768169497064,0.09662414411190007
2026-08-27 10:00:00+00:00,9868.09019130348,9890.74661634789,21.930491644497344,1.1545770455978024,0.4286436456852032,8919.119430925628,0.352204889297294,0.09616559455589072
2026-08-27 11:00:00+00:00,9865.135402132888,9887.791827177298,21.930491644497344,1.1545770455978024,0.4286436456852032,8919.119430925628,0.3517594004824669,0.09589487955763157
2026-08-27 12:00:00+00:00,9860.748062564626,9883.404487609036,21.930491644497344,1.1545770455978024,0.4286436456852032,8919.119430925628,0.3510949584557276,0.09549261634761762
2026-08-27 13:00:00+00:00,9860.0975731455,9882.75399818991,21.930491644497344,1.1545770455978024,0.4286436456852032,8919.119430925628,0.3506842997113374,0.0954329442725471
2026-08-27 14:00:00+00:00,9857.295880878948,9879.952305923358,21.930491644497344,1.1545770455978024,0.4286436456852032,8919.119430925628,0.3541878136134232,0.09517584348595876
2026-08-27 15:00:00+00:00,9873.447108628547,9896.103533672956,21.930491644497344,1.1545770455978024,0.4286436456852032,8919.119430925628,0.3552466196114673,0.09665597710741952
2026-08-27 16:00:00+00:00,9878.52815052409,9901.295146243267,21.930491644497344,1.1545770455978024,0.31807297091899767,8919.008860250862,0.35503681134507487,0.09713180705187566
2026-08-27 17:00:00+00:00,9887.982866271721,9910.823152375806,21.998968714363208,1.1593903606400033,0.31807297091899767,8910.709706689688,0.36749949249736796,0.09883443092478944
2026-08-27 18:00:00+00:00,9882.91939809011,9905.759684194194,21.998968714363208,1.1593903606400033,0.31807297091899767,8910.709706689688,0.366774575873101,0.09837272290091761
2026-08-27 19:00:00+00:00,9871.916819251648,9894.757105355733,21.998968714363208,1.1593903606400033,0.31807297091899767,8910.709706689688,0.36648530974490784,0.09736782938521824
2026-08-27 20:00:00+00:00,9878.134196682478,9900.974482786563,21.998968714363208,1.1593903606400033,0.31807297091899767,8910.709706689688,0.36696334420786325,0.09793595336229544
2026-08-27 21:00:00+00:00,9875.497167073072,9898.381797907994,22.04150316062972,1.1612006452104184,0.31807297091899767,8981.557916020942,0.35958287497327773,0.09052093640740497
2026-08-27 22:00:00+00:00,9873.957563981356,9896.842194816278,22.04150316062972,1.1612006452104184,0.31807297091899767,8981.557916020942,0.3595672948909234,0.09037912530794626
2026-08-27 23:00:00+00:00,9875.891893773452,9898.776524608375,22.04150316062972,1.1612006452104184,0.31807297091899767,8981.557916020942,0.35968150535534854,0.09055728711615094
2026-08-28 00:00:00+00:00,9875.598212214203,9898.578741243351,22.04150316062972,1.1612006452104184,0.22217477669295407,8981.462017826716,0.35961636018290827,0.09053995263614645
2026-08-28 01:00:00+00:00,9877.597679633489,9900.578208662637,22.04150316062972,1.1612006452104184,0.22217477669295407,8981.462017826716,0.36008883850526735,0.0907240495990747
2026-08-28 02:00:00+00:00,9879.99309322299,9902.973622252139,22.04150316062972,1.1612006452104184,0.22217477669295407,8981.462017826716,0.3602365419316867,0.09094450440583887
2026-08-28 03:00:00+00:00,9876.69157494225,9899.672103971398,22.04150316062972,1.1612006452104184,0.22217477669295407,8981.462017826716,0.35993563797249417,0.0906406310577505
2026-08-28 04:00:00+00:00,9876.069622191599,9899.050151220747,22.04150316062972,1.1612006452104184,0.22217477669295407,8981.462017826716,0.3599854040083425,0.09058336348244178
2026-08-28 05:00:00+00:00,9876.745689846051,9899.7262188752,22.04150316062972,1.1612006452104184,0.22217477669295407,8981.462017826716,0.35989951409678894,0.09064561345745152
2026-08-28 06:00:00+00:00,9875.719689062109,9898.700218091257,22.04150316062972,1.1612006452104184,0.22217477669295407,8981.462017826716,0.35957673770063364,0.09055113950083367
2026-08-28 07:00:00+00:00,9878.668465502164,9901.648994531311,22.04150316062972,1.1612006452104184,0.22217477669295407,8981.462017826716,0.36038818004188794,0.0908226094244008
2026-08-28 08:00:00+00:00,9872.90572176666,9895.886250795807,22.04150316062972,1.1612006452104184,0.22217477669295407,8981.462017826716,0.35996845429261143,0.09029192915056307
2026-08-28 09:00:00+00:00,9865.436878921877,9888.417407951025,22.04150316062972,1.1612006452104184,0.22217477669295407,8981.462017826716,0.3603571286428773,0.08960321493555234
2026-08-28 10:00:00+00:00,9866.404248202984,9889.384777232131,22.04150316062972,1.1612006452104184,0.22217477669295407,8981.462017826716,0.35973235735269443,0.0896924764194055
2026-08-28 11:00:00+00:00,9869.859829383147,9892.840358412295,22.04150316062972,1.1612006452104184,0.22217477669295407,8981.462017826716,0.36012893331253343,0.09001118829586813
2026-08-28 12:00:00+00:00,9874.282927753657,9897.263456782804,22.04150316062972,1.1612006452104184,0.22217477669295407,8981.462017826716,0.3599073111985858,0.09041880979706265
2026-08-28 13:00:00+00:00,9876.477226164974,9899.457755194122,22.04150316062972,1.1612006452104184,0.22217477669295407,8981.462017826716,0.3602022824055848,0.0906208952689289
2026-08-28 14:00:00+00:00,9868.634868942601,9891.61539797175,22.04150316062972,1.1612006452104184,0.22217477669295407,8981.462017826716,0.36037225146762036,0.08989823444657882
2026-08-28 15:00:00+00:00,9886.464794142079,9909.445323171227,22.04150316062972,1.1612006452104184,0.22217477669295407,8981.462017826716,0.3619262128485064,0.09153957407015641
2026-08-28 16:00:00+00:00,9880.974885548601,9903.937148149727,22.04150316062972,1.1612006452104184,0.240441204714543,8981.480284254736,0.3570678350177369,0.09103298123036613
2026-08-28 17:00:00+00:00,9876.792010177107,9900.704337515852,22.94168105733203,1.2110874861273329,0.240441204714543,9102.023397034754,0.3271337928635632,0.07844334601194668
2026-08-28 18:00:00+00:00,9875.88416579597,9899.796493134714,22.94168105733203,1.2110874861273329,0.240441204714543,9102.023397034754,0.32729928531916336,0.0783586315685431
2026-08-28 19:00:00+00:00,9879.8272045296,9903.739531868345,22.94168105733203,1.2110874861273329,0.240441204714543,9102.023397034754,0.32661428570114104,0.07872645861035357
2026-08-28 20:00:00+00:00,9872.13285894748,9896.045186286225,22.94168105733203,1.2110874861273329,0.240441204714543,9102.023397034754,0.328059588383778,0.07800841752395454
2026-08-28 21:00:00+00:00,9873.698673039842,9898.114310701669,23.42461500445017,1.2314638620894145,0.240441204714543,8581.904321645445,0.38046881637434316,0.1308318588779345
2026-08-28 22:00:00+00:00,9872.068962242878,9896.484599904705,23.42461500445017,1.2314638620894145,0.240441204714543,8581.904321645445,0.3803632045505348,0.13068837399048266
2026-08-28 23:00:00+00:00,9873.209832373162,9897.62547003499,23.42461500445017,1.2314638620894145,0.240441204714543,8581.904321645445,0.3804207536573455,0.13078882477445888
2026-08-29 00:00:00+00:00,9872.192769033985,9896.567300679075,23.42461500445017,1.2314638620894145,0.2815472214514813,8581.945427662182,0.3806178283394837,0.13069511217598073
2026-08-29 01:00:00+00:00,9869.963487799287,9894.338019444376,23.42461500445017,1.2314638620894145,0.2815472214514813,8581.945427662182,0.38076946254964533,0.1304987664573716
2026-08-29 02:00:00+00:00,9870.187816764013,9894.562348409103,23.42461500445017,1.2314638620894145,0.2815472214514813,8581.945427662182,0.38082452091155106,0.13051852842291586
2026-08-29 03:00:00+00:00,9871.96347038105,9896.33800202614,23.42461500445017,1.2314638620894145,0.2815472214514813,8581.945427662182,0.38090157258143187,0.13067492060615118
2026-08-29 04:00:00+00:00,9873.168307759592,9897.542839404681,23.42461500445017,1.2314638620894145,0.2815472214514813,8581.945427662182,0.380833782702327,0.13078100563550626
2026-08-29 05:00:00+00:00,9874.25985198414,9898.634383629229,23.42461500445017,1.2314638620894145,0.2815472214514813,8581.945427662182,0.38097238128959404,0.1308770929359611
2026-08-29 06:00:00+00:00,9874.438291736886,9898.812823381975,23.42461500445017,1.2314638620894145,0.2815472214514813,8581.945427662182,0.38121832245579956,0.13089279874849052
2026-08-29 07:00:00+00:00,9874.00586417023,9898.38039581532,23.42461500445017,1.2314638620894145,0.2815472214514813,8581.945427662182,0.3812907077256134,0.1308547365964755
2026-08-29 08:00:00+00:00,9875.967314347292,9900.341845992381,23.42461500445017,1.2314638620894145,0.2815472214514813,8581.945427662182,0.3813760599052905,0.1310273561563151
2026-08-29 09:00:00+00:00,9873.69392120171,9898.0684528468,23.42461500445017,1.2314638620894145,0.2815472214514813,8581.945427662182,0.3813135199384812,0.13082727739471098
2026-08-29 10:00:00+00:00,9875.038782041207,9899.413313686297,23.42461500445017,1.2314638620894145,0.2815472214514813,8581.945427662182,0.3814195689157426,0.13094564820653165
2026-08-29 11:00:00+00:00,9874.60486061161,9898.979392256699,23.42461500445017,1.2314638620894145,0.2815472214514813,8581.945427662182,0.3812940895602991,0.1309074592043335
2026-08-29 12:00:00+00:00,9874.881581981412,9899.256113626501,23.42461500445017,1.2314638620894145,0.2815472214514813,8581.945427662182,0.3812586642487022,0.13093181357014314
2026-08-29 13:00:00+00:00,9873.626164803178,9898.000696448267,23.42461500445017,1.2314638620894145,0.2815472214514813,8581.945427662182,0.38130157816314436,0.13082131281671266
2026-08-29 14:00:00+00:00,9871.708413981502,9896.082945626591,23.42461500445017,1.2314638620894145,0.2815472214514813,8581.945427662182,0.3812227789390191,0.13065245975991366
2026-08-29 15:00:00+00:00,9873.08582974502,9897.460361390109,23.42461500445017,1.2314638620894145,0.2815472214514813,8581.945427662182,0.38135807810271266,0.1307737443336074
2026-08-29 16:00:00+00:00,9870.121107083058,9894.495638728147,23.42461500445017,1.2314638620894145,0.2815472214514813,8581.945427662182,0.3813347252185959,0.13051265181502653
2026-08-29 17:00:00+00:00,9872.735811160677,9897.494633931647,23.787057336682732,1.2533126557377234,0.2815472214514813,8567.602087021876,0.41232391655560285,0.13219575091469643
2026-08-29 18:00:00+00:00,9873.099690259403,9897.858513030373,23.787057336682732,1.2533126557377234,0.2815472214514813,8567.602087021876,0.4123008397931998,0.13222773436851898
2026-08-29 19:00:00+00:00,9873.557892321602,9898.316715092571,23.787057336682732,1.2533126557377234,0.2815472214514813,8567.602087021876,0.4124075912918001,0.13226800506384148
2026-08-29 20:00:00+00:00,9872.2756865224,9897.03450929337,23.787057336682732,1.2533126557377234,0.2815472214514813,8567.602087021876,0.4124224497489201,0.13215530450407292
2026-08-29 21:00:00+00:00,9872.234018021429,9896.992840792398,23.787057336682732,1.2533126557377234,0.2815472214514813,8567.602087021876,0.4124085351284847,0.13215164152490622
2026-08-29 22:00:00+00:00,9872.02537085097,9896.78419362194,23.787057336682732,1.2533126557377234,0.2815472214514813,8567.602087021876,0.41243501747492956,0.13213329938156873
2026-08-29 23:00:00+00:00,9872.505270678033,9897.264093449003,23.787057336682732,1.2533126557377234,0.2815472214514813,8567.602087021876,0.41244907912350837,0.13217548614856683
2026-08-30 00:00:00+00:00,9872.192253686362,9896.951076457332,23.787057336682732,1.2533126557377234,0.2815472214514813,8567.602087021876,0.41271186013044037,0.1321479700901632
2026-08-30 01:00:00+00:00,9871.572330080853,9896.331152851822,23.787057336682732,1.2533126557377234,0.2815472214514813,8567.602087021876,0.41284941348250526,0.1320934699617701
2026-08-30 02:00:00+00:00,9872.697046646706,9897.455869417676,23.787057336682732,1.2533126557377234,0.2815472214514813,8567.602087021876,0.41279393493168304,0.13219234353677548
2026-08-30 03:00:00+00:00,9872.965727884943,9897.724550655912,23.787057336682732,1.2533126557377234,0.2815472214514813,8567.602087021876,0.4128981456951672,0.13221595990921264
2026-08-30 04:00:00+00:00,9872.654510375432,9897.413333146402,23.787057336682732,1.2533126557377234,0.2815472214514813,8567.602087021876,0.4129161040356197,0.13218860459282183
2026-08-30 05:00:00+00:00,9873.305963006878,9898.064785777848,23.787057336682732,1.2533126557377234,0.2815472214514813,8567.602087021876,0.41295778790970994,0.13224586383498996
2026-08-30 06:00:00+00:00,9873.858402465681,9898.61722523665,23.787057336682732,1.2533126557377234,0.2815472214514813,8567.602087021876,0.4131259062269114,0.13229441442239118
2026-08-30 07:00:00+00:00,9873.25703914354,9898.01586191451,23.787057336682732,1.2533126557377234,0.2815472214514813,8567.602087021876,0.41324336609052364,0.1322415639484783
2026-08-30 08:00:00+00:00,9872.677671105985,9897.436493876954,23.787057336682732,1.2533126557377234,0.2815472214514813,8567.602087021876,0.4130634187514578,0.13219064042814113
2026-08-30 09:00:00+00:00,9872.970078293087,9897.728901064056,23.787057336682732,1.2533126557377234,0.2815472214514813,8567.602087021876,0.41304778319847074,0.13221634228804346
2026-08-30 10:00:00+00:00,9872.40815020473,9897.1669729757,23.787057336682732,1.2533126557377234,0.2815472214514813,8567.602087021876,0.41309776657270664,0.13216694886705982
2026-08-30 11:00:00+00:00,9872.941654369957,9897.700477140927,23.787057336682732,1.2533126557377234,0.2815472214514813,8567.602087021876,0.4133912882603849,0.13221384396314262
2026-08-30 12:00:00+00:00,9873.081566415638,9897.840389186607,23.787057336682732,1.2533126557377234,0.2815472214514813,8567.602087021876,0.4134528700307341,0.13222614141409422
2026-08-30 13:00:00+00:00,9875.41145412114,9900.17027689211,23.787057336682732,1.2533126557377234,0.2815472214514813,8567.602087021876,0.41397072006157826,0.13243087370840606
2026-08-30 14:00:00+00:00,9877.432462668068,9902.191285439038,23.787057336682732,1.2533126557377234,0.2815472214514813,8567.602087021876,0.4140207406452753,0.13260838589347174
2026-08-30 15:00:00+00:00,9878.502251498467,9903.261074269436,23.787057336682732,1.2533126557377234,0.2815472214514813,8567.602087021876,0.41426958072219966,0.13270231975477248
2026-08-30 16:00:00+00:00,9878.450594895505,9903.209417666474,23.787057336682732,1.2533126557377234,0.2815472214514813,8567.602087021876,0.41442552745039013,0.13269778446338382
2026-08-30 17:00:00+00:00,9881.841062522515,9906.599885293484,23.787057336682732,1.2533126557377234,0.2815472214514813,8567.602087021876,0.41485044833172985,0.1329953565520265
2026-08-30 18:00:00+00:00,9879.307462870476,9904.066285641446,23.787057336682732,1.2533126557377234,0.2815472214514813,8567.602087021876,0.41459471347165033,0.13277300871325226
2026-08-30 19:00:00+00:00,9877.436868869256,9902.195691640225,23.787057336682732,1.2533126557377234,0.2815472214514813,8567.602087021876,0.4149424228992419,0.13260877282603442
2026-08-30 20:00:00+00:00,9876.841728300993,9901.600551071962,23.787057336682732,1.2533126557377234,0.2815472214514813,8567.602087021876,0.41457451097791836,0.13255650716034423
2026-08-30 21:00:00+00:00,9877.061452346084,9901.820275117054,23.787057336682732,1.2533126557377234,0.2815472214514813,8567.602087021876,0.41407801561154395,0.13257580421484313
2026-08-30 22:00:00+00:00,9876.363380205195,9901.122202976165,23.787057336682732,1.2533126557377234,0.2815472214514813,8567.602087021876,0.41362247842769206,0.13251449372614393
2026-08-30 23:00:00+00:00,9873.829960851619,9898.588783622588,23.787057336682732,1.2533126557377234,0.2815472214514813,8567.602087021876,0.4123412763886344,0.13229191499233406
2026-08-31 00:00:00+00:00,9864.195078578612,9888.90270187961,23.787057336682732,1.2533126557377234,0.332746691422941,8567.653286491848,0.4101228495464983,0.1314391880694223
2026-08-31 01:00:00+00:00,9869.784957413016,9894.492580714013,23.787057336682732,1.2533126557377234,0.332746691422941,8567.653286491848,0.410420810175557,0.13193110858440332
2026-08-31 02:00:00+00:00,9869.099109869148,9893.806733170146,23.787057336682732,1.2533126557377234,0.332746691422941,8567.653286491848,0.4096257443203835,0.131870782620457
2026-08-31 03:00:00+00:00,9867.776037551874,9892.483660852871,23.787057336682732,1.2533126557377234,0.332746691422941,8567.653286491848,0.4095834641732319,0.1317543837752703
2026-08-31 04:00:00+00:00,9871.243353024194,9895.950976325192,23.787057336682732,1.2533126557377234,0.332746691422941,8567.653286491848,0.4100496780151811,0.13205935867572066
2026-08-31 05:00:00+00:00,9869.711279093459,9895.76799458168,25.077325990608703,1.3121361890346932,0.332746691422941,9652.211960664374,0.2957928115856706,0.022037049745295394
2026-08-31 06:00:00+00:00,9872.813434877757,9898.870150365978,25.077325990608703,1.3121361890346932,0.332746691422941,9652.211960664374,0.2965994617650023,0.022344337373383583
2026-08-31 07:00:00+00:00,9872.702298494036,9898.759013982257,25.077325990608703,1.3121361890346932,0.332746691422941,9652.211960664374,0.2969595909216,0.022333331965585013
2026-08-31 08:00:00+00:00,9873.48136709475,9899.53808258297,25.077325990608703,1.3121361890346932,0.332746691422941,9652.211960664374,0.2966418310829409,0.02241047490784748
2026-08-31 09:00:00+00:00,9873.52766097325,9899.822684885516,25.302613799386737,1.3251568043022834,0.332746691422941,9622.26766964726,0.27494565987971326,0.0254478439675756
2026-08-31 10:00:00+00:00,9877.846415804399,9904.141439716665,25.302613799386737,1.3251568043022834,0.332746691422941,9622.26766964726,0.2749465162074927,0.0258739339931643
2026-08-31 11:00:00+00:00,9878.109380903656,9904.404404815921,25.302613799386737,1.3251568043022834,0.332746691422941,9622.26766964726,0.2749263926729045,0.02589986619818025
2026-08-31 12:00:00+00:00,9871.539000316112,9897.834024228378,25.302613799386737,1.3251568043022834,0.332746691422941,9622.26766964726,0.2749601940877493,0.02525151657313706
2026-08-31 13:00:00+00:00,9869.35533490929,9895.650358821556,25.302613799386737,1.3251568043022834,0.332746691422941,9622.26766964726,0.27436752934003045,0.02503584650438587
2026-08-31 14:00:00+00:00,9828.785895434863,9855.080919347129,25.302613799386737,1.3251568043022834,0.332746691422941,9622.26766964726,0.27653730368186064,0.021011570298171113
2026-08-31 15:00:00+00:00,9822.690585929664,9848.98560984193,25.302613799386737,1.3251568043022834,0.332746691422941,9622.26766964726,0.2776024879476991,0.020404075088091934
2026-08-31 16:00:00+00:00,9822.775399563794,9849.246789032428,25.302613799386737,1.3251568043022834,0.15638113505499984,9622.091304090893,0.2782561371926704,0.020430488055525782
2026-08-31 17:00:00+00:00,9825.95551757683,9852.426907045463,25.302613799386737,1.3251568043022834,0.15638113505499984,9622.091304090893,0.27881681030895744,0.020747520495208872
2026-08-31 18:00:00+00:00,9822.622292767353,9849.093682235987,25.302613799386737,1.3251568043022834,0.15638113505499984,9622.091304090893,0.2796242177964917,0.020415219347700804
2026-08-31 19:00:00+00:00,9826.231222983122,9852.702612451756,25.302613799386737,1.3251568043022834,0.15638113505499984,9622.091304090893,0.2787512585710148,0.020774996461996067
2026-08-31 20:00:00+00:00,9827.640274859697,9854.111664328331,25.302613799386737,1.3251568043022834,0.15638113505499984,9622.091304090893,0.2798445050082936,0.020915394237070766
2026-08-31 21:00:00+00:00,9828.668355249389,9855.139744718022,25.302613799386737,1.3251568043022834,0.15638113505499984,9622.091304090893,0.27977359538753765,0.021017806654160285
2026-08-31 22:00:00+00:00,9829.701557736314,9856.172947204948,25.302613799386737,1.3251568043022834,0.15638113505499984,9622.091304090893,0.2797904380366233,0.021120707727085068
2026-08-31 23:00:00+00:00,9829.849905591054,9856.321295059688,25.302613799386737,1.3251568043022834,0.15638113505499984,9622.091304090893,0.2795809705997821,0.0211354805511315
2026-09-01 00:00:00+00:00,9827.976007871399,9854.45381642236,25.302613799386737,1.3251568043022834,0.14996205272802113,9622.084885008566,0.2795983004031342,0.020949493842672265
2026-09-01 01:00:00+00:00,9827.899705435288,9854.432388505214,25.35293381161682,1.3297113110390086,0.14996205272802113,9538.167877946202,0.28801991771355434,0.029480543775680917
2026-09-01 02:00:00+00:00,9828.441835349742,9854.974518419669,25.35293381161682,1.3297113110390086,0.14996205272802113,9538.167877946202,0.2877685023844756,0.029534076943867036
2026-09-01 03:00:00+00:00,9828.09095587604,9854.623638945966,25.35293381161682,1.3297113110390086,0.14996205272802113,9538.167877946202,0.287842477688145,0.029499429668637455
2026-09-01 04:00:00+00:00,9829.855042022515,9856.387725092442,25.35293381161682,1.3297113110390086,0.14996205272802113,9538.167877946202,0.2879052226458983,0.02967359771119249
2026-09-01 05:00:00+00:00,9826.087171248775,9854.723945768248,27.381575773555323,1.4051607986463375,0.14996205272802113,7701.666688642232,0.37716987354119874,0.2162020797884449
2026-09-01 06:00:00+00:00,9824.634661805025,9853.271436324498,27.381575773555323,1.4051607986463375,0.14996205272802113,7701.666688642232,0.37808178429363437,0.21608620027533437
2026-09-01 07:00:00+00:00,9825.593374846418,9854.23014936589,27.381575773555323,1.4051607986463375,0.14996205272802113,7701.666688642232,0.37768654297252563,0.2161626891299463
2026-09-01 08:00:00+00:00,9822.243770232719,9850.880544752192,27.381575773555323,1.4051607986463375,0.14996205272802113,7701.666688642232,0.3770143617956928,0.2158953830912958
2026-09-01 09:00:00+00:00,9813.77712381571,9842.413898335182,27.381575773555323,1.4051607986463375,0.14996205272802113,7701.666688642232,0.37468305969045573,0.21521891199749044
2026-09-01 10:00:00+00:00,9811.104198946265,9839.740973465738,27.381575773555323,1.4051607986463375,0.14996205272802113,7701.666688642232,0.3745691412679992,0.21500510722642113
2026-09-01 11:00:00+00:00,9811.450415416024,9840.087189935497,27.381575773555323,1.4051607986463375,0.14996205272802113,7701.666688642232,0.374701311278774,0.21503280732671698
2026-09-01 12:00:00+00:00,9806.179225242766,9834.815999762239,27.381575773555323,1.4051607986463375,0.14996205272802113,7701.666688642232,0.37382572209364756,0.21461085793569448
2026-09-01 13:00:00+00:00,9802.801068174635,9831.437842694108,27.381575773555323,1.4051607986463375,0.14996205272802113,7701.666688642232,0.37304647067336594,0.2143402038784464
2026-09-01 14:00:00+00:00,9823.062552399086,9851.699326918559,27.381575773555323,1.4051607986463375,0.14996205272802113,7701.666688642232,0.3728441686886673,0.21596074059802728
2026-09-01 15:00:00+00:00,9840.626939562535,9869.58688268487,27.675848757418784,1.4340564176431434,0.14996205272802113,8191.827388764135,0.32436136002221816,0.1675502547677818
2026-09-01 16:00:00+00:00,9853.640461069586,9882.618629805856,27.675848757418784,1.4340564176431434,0.13173643879166355,8191.809163150198,0.3254204431590279,0.16865150544969246
2026-09-01 17:00:00+00:00,9845.872092689193,9876.360166928978,29.0980443907016,1.5217662878763496,0.13173643879166355,8468.196375145088,0.4250457214646434,0.13992419407591775
2026-09-01 18:00:00+00:00,9844.24136623148,9874.729440471265,29.0980443907016,1.5217662878763496,0.13173643879166355,8468.196375145088,0.4232912917102284,0.13978172008323708
2026-09-01 19:00:00+00:00,9834.25802579631,9864.746100036096,29.0980443907016,1.5217662878763496,0.13173643879166355,8468.196375145088,0.4221254595639195,0.1389084613265075
2026-09-01 20:00:00+00:00,9832.198448549065,9862.68652278885,29.0980443907016,1.5217662878763496,0.13173643879166355,8468.196375145088,0.422827490068737,0.13872808614895918
2026-09-01 21:00:00+00:00,9837.546511069871,9868.06089959612,29.123167122804492,1.5229578422352412,0.13173643879166355,8426.300032241496,0.4185301486318632,0.14345512646271572
2026-09-01 22:00:00+00:00,9837.721410702703,9868.23579922895,29.123167122804492,1.5229578422352412,0.13173643879166355,8426.300032241496,0.4181605710207723,0.14347035451986753
2026-09-01 23:00:00+00:00,9840.444219164827,9870.958607691075,29.123167122804492,1.5229578422352412,0.13173643879166355,8426.300032241496,0.4177677718097352,0.14370735257756004
2026-09-02 00:00:00+00:00,9837.474179223349,9867.907314487968,29.123167122804492,1.5229578422352412,0.2129897004209628,8426.381285503125,0.4184943523689331,0.14344056899284569
2026-09-02 01:00:00+00:00,9837.474326534135,9867.907461798754,29.123167122804492,1.5229578422352412,0.2129897004209628,8426.381285503125,0.4178068239516758,0.14344058181935368
2026-09-02 02:00:00+00:00,9834.951556147169,9865.384691411788,29.123167122804492,1.5229578422352412,0.2129897004209628,8426.381285503125,0.4167279551038945,0.14322086515653878
2026-09-02 03:00:00+00:00,9833.288838436962,9863.72197370158,29.123167122804492,1.5229578422352412,0.2129897004209628,8426.381285503125,0.41813032997431654,0.14307599177138283
2026-09-02 04:00:00+00:00,9829.750207011093,9860.183342275712,29.123167122804492,1.5229578422352412,0.2129897004209628,8426.381285503125,0.4184788597600171,0.14276750598474142
2026-09-02 05:00:00+00:00,9829.967483439887,9860.400618704505,29.123167122804492,1.5229578422352412,0.2129897004209628,8426.381285503125,0.41863510537031445,0.14278645380071928
2026-09-02 06:00:00+00:00,9829.716382171317,9860.149517435935,29.123167122804492,1.5229578422352412,0.2129897004209628,8426.381285503125,0.41934030389644333,0.14276455617920947
2026-09-02 07:00:00+00:00,9830.42311176454,9860.856247029158,29.123167122804492,1.5229578422352412,0.2129897004209628,8426.381285503125,0.41918102351512154,0.1428261846207952
2026-09-02 08:00:00+00:00,9831.951768411487,9862.384903676106,29.123167122804492,1.5229578422352412,0.2129897004209628,8426.381285503125,0.418933220543845,0.142959456679216
2026-09-02 09:00:00+00:00,9831.742254346926,9863.202440103374,30.090154135975585,1.5830213208937003,0.2129897004209628,7745.810196930759,0.4154245040339509,0.2121630127655055
2026-09-02 10:00:00+00:00,9833.236399134901,9864.69658489135,30.090154135975585,1.5830213208937003,0.2129897004209628,7745.810196930759,0.4148566100670323,0.21228272335523093
2026-09-02 11:00:00+00:00,9833.360861845991,9864.82104760244,30.090154135975585,1.5830213208937003,0.2129897004209628,7745.810196930759,0.4142407091205385,0.2122926936420131
2026-09-02 12:00:00+00:00,9841.0290960792,9872.48928183565,30.090154135975585,1.5830213208937003,0.2129897004209628,7745.810196930759,0.4160505087026741,0.21290648352855748
2026-09-02 13:00:00+00:00,9839.39262205025,9870.8528078067,30.090154135975585,1.5830213208937003,0.2129897004209628,7745.810196930759,0.4161111201467706,0.21277557523497292
2026-09-02 14:00:00+00:00,9867.493164521662,9898.95335027811,30.090154135975585,1.5830213208937003,0.2129897004209628,7745.810196930759,0.41911220243330694,0.21501742460986584
2026-09-02 15:00:00+00:00,9889.779941151599,9921.240126908047,30.090154135975585,1.5830213208937003,0.2129897004209628,7745.810196930759,0.4204594800665091,0.21678639534735586
2026-09-02 16:00:00+00:00,9899.603162628882,9931.067162366995,30.090154135975585,1.5830213208937003,0.20917571875645208,7745.806382949095,0.4198681829606879,0.2175639512309337
2026-09-02 17:00:00+00:00,9899.941552697766,9931.40555243588,30.090154135975585,1.5830213208937003,0.20917571875645208,7745.806382949095,0.41918638815072196,0.21759069569068948
2026-09-02 18:00:00+00:00,9888.157087526222,9919.621087264335,30.090154135975585,1.5830213208937003,0.20917571875645208,7745.806382949095,0.4201886248022574,0.21665823930726927
2026-09-02 19:00:00+00:00,9886.045728045463,9917.509727783576,30.090154135975585,1.5830213208937003,0.20917571875645208,7745.806382949095,0.4199439886436608,0.2164909412693469
2026-09-02 20:00:00+00:00,9897.11376208963,9928.577761827743,30.090154135975585,1.5830213208937003,0.20917571875645208,7745.806382949095,0.4200665685280908,0.21736714671109514
2026-09-02 21:00:00+00:00,9904.833257242068,9936.29725698018,30.090154135975585,1.5830213208937003,0.20917571875645208,7745.806382949095,0.42083060221137414,0.21797710453271563
2026-09-02 22:00:00+00:00,9913.523244620126,9944.987244358239,30.090154135975585,1.5830213208937003,0.20917571875645208,7745.806382949095,0.4214341444140551,0.2186626094660552
2026-09-02 23:00:00+00:00,9918.332036872585,9949.796036610698,30.090154135975585,1.5830213208937003,0.20917571875645208,7745.806382949095,0.4210256853282914,0.21904143215279204
2026-09-03 00:00:00+00:00,9916.925074651208,9948.489262834702,30.090154135975585,1.5830213208937003,0.10898727337637502,7745.706194503715,0.4216347017496826,0.21894073654921284
2026-09-03 01:00:00+00:00,9914.701923864799,9946.266112048294,30.090154135975585,1.5830213208937003,0.10898727337637502,7745.706194503715,0.42078771308460894,0.21876560142875173
2026-09-03 02:00:00+00:00,9915.00616402732,9946.570352210814,30.090154135975585,1.5830213208937003,0.10898727337637502,7745.706194503715,0.4215729528657659,0.21878957346431638
2026-09-03 03:00:00+00:00,9914.341233021427,9945.905421204921,30.090154135975585,1.5830213208937003,0.10898727337637502,7745.706194503715,0.4229401673866824,0.218737179561129
2026-09-03 04:00:00+00:00,9922.149750666922,9953.713938850417,30.090154135975585,1.5830213208937003,0.10898727337637502,7745.706194503715,0.42343797244935316,0.2193520165342109
2026-09-03 05:00:00+00:00,9921.70945777612,9954.456355682943,31.199937046261272,1.6559481339380475,0.10898727337637502,8063.5987580561805,0.3327359778702876,0.18727727390400944
2026-09-03 06:00:00+00:00,9919.502835269643,9952.249733176466,31.199937046261272,1.6559481339380475,0.10898727337637502,8063.5987580561805,0.33233852885961873,0.1870964813493108
2026-09-03 07:00:00+00:00,9920.151248202143,9952.898146108966,31.199937046261272,1.6559481339380475,0.10898727337637502,8063.5987580561805,0.332216382629535,0.1871496153329749
2026-09-03 08:00:00+00:00,9923.0695492545,9955.816447161324,31.199937046261272,1.6559481339380475,0.10898727337637502,8063.5987580561805,0.3327131415477953,0.18738866859378392
2026-09-03 09:00:00+00:00,9920.474346939805,9953.319864931582,31.294091450860627,1.6604138142927842,0.10898727337637502,7906.580595985993,0.3490922896735575,0.203003775880439
2026-09-03 10:00:00+00:00,9919.241119427557,9952.086637419334,31.294091450860627,1.6604138142927842,0.10898727337637502,7906.580595985993,0.3481119797194239,0.2029046878898449
2026-09-03 11:00:00+00:00,9916.1882987202,9949.033816711977,31.294091450860627,1.6604138142927842,0.10898727337637502,7906.580595985993,0.3481036305471312,0.20265929228003576
2026-09-03 12:00:00+00:00,9910.90421657504,9943.749734566816,31.294091450860627,1.6604138142927842,0.10898727337637502,7906.580595985993,0.3478954495300541,0.20223418335907314
2026-09-03 13:00:00+00:00,9914.56789331528,9947.413411307056,31.294091450860627,1.6604138142927842,0.10898727337637502,7906.580595985993,0.3507909708825972,0.20252897745378656
2026-09-03 14:00:00+00:00,9905.822265884912,9938.667783876688,31.294091450860627,1.6604138142927842,0.10898727337637502,7906.580595985993,0.35964051596581126,0.20182490824453755
2026-09-03 15:00:00+00:00,9893.669761723848,9926.91088013328,31.66283817261844,1.6872675101903636,0.10898727337637502,7291.633979667881,0.2980672131869166,0.26300006415441485
2026-09-03 16:00:00+00:00,9913.828502204567,9947.356177636348,31.766923994240187,1.6922408734040812,-0.06851056413591916,7117.876026639171,0.28202550356238787,0.28202550356238787
2026-09-03 17:00:00+00:00,9908.998016427235,9943.749397266167,32.91956818867465,1.7633020861239186,-0.06851056413591916,8438.05595070125,0.28606438731923045,0.14844508630311992
2026-09-03 18:00:00+00:00,9911.791922876404,9946.543303715336,32.91956818867465,1.7633020861239186,-0.06851056413591916,8438.05595070125,0.28656113718051945,0.14868512007135398
2026-09-03 19:00:00+00:00,9913.971206661288,9948.72258750022,32.91956818867465,1.7633020861239186,-0.06851056413591916,8438.05595070125,0.2861775206796279,0.14887225564750062
2026-09-03 20:00:00+00:00,9919.31631162812,9954.067692467052,32.91956818867465,1.7633020861239186,-0.06851056413591916,8438.05595070125,0.2849273066294924,0.1493308928147026
2026-09-03 21:00:00+00:00,9917.053834413295,9951.805215252227,32.91956818867465,1.7633020861239186,-0.06851056413591916,8438.05595070125,0.2851603724911071,0.14913682111715024
2026-09-03 22:00:00+00:00,9922.511062557864,9957.262443396796,32.91956818867465,1.7633020861239186,-0.06851056413591916,8438.05595070125,0.28465715794602114,0.14960478275082373
2026-09-03 23:00:00+00:00,9923.88178851791,9958.633169356843,32.91956818867465,1.7633020861239186,-0.06851056413591916,8438.05595070125,0.2848963391166342,0.1497222427151223
2026-09-04 00:00:00+00:00,9925.980198453324,9961.048883629575,32.91956818867465,1.7633020861239186,-0.38581490145345787,8437.73864636393,0.28482758106178413,0.14993396343076462
2026-09-04 01:00:00+00:00,9930.547420427696,9965.616105603947,32.91956818867465,1.7633020861239186,-0.38581490145345787,8437.73864636393,0.2844407080548728,0.15032492277243184
2026-09-04 02:00:00+00:00,9931.692565914296,9966.761251090547,32.91956818867465,1.7633020861239186,-0.38581490145345787,8437.73864636393,0.2842570701521543,0.15042289213397878
2026-09-04 03:00:00+00:00,9942.001930995148,9977.070616171399,32.91956818867465,1.7633020861239186,-0.38581490145345787,8437.73864636393,0.28345435478381914,0.15130386164395437
2026-09-04 04:00:00+00:00,9939.363011695339,9974.43169687159,32.91956818867465,1.7633020861239186,-0.38581490145345787,8437.73864636393,0.2838319242333057,0.151078531246368
2026-09-04 05:00:00+00:00,9937.740788402774,9972.913200687623,33.01954673889119,1.7670506445021108,-0.38581490145345787,8271.00775078616,0.3008052710809734,0.1677174996918487
2026-09-04 06:00:00+00:00,9937.11721444469,9972.289626729538,33.01954673889119,1.7670506445021108,-0.38581490145345787,8271.00775078616,0.300567288464711,0.1676652723021781
2026-09-04 07:00:00+00:00,9932.546269792303,9967.718682077151,33.01954673889119,1.7670506445021108,-0.38581490145345787,8271.00775078616,0.30065178373015333,0.16728223296168818
2026-09-04 08:00:00+00:00,9934.957912634707,9970.130324919555,33.01954673889119,1.7670506445021108,-0.38581490145345787,8271.00775078616,0.3008862620221943,0.16748436948408518
2026-09-04 09:00:00+00:00,9938.013334774752,9973.1857470596,33.01954673889119,1.7670506445021108,-0.38581490145345787,8271.00775078616,0.3008639829385898,0.16774032473426687
2026-09-04 10:00:00+00:00,9940.08751624621,9975.259928531059,33.01954673889119,1.7670506445021108,-0.38581490145345787,8271.00775078616,0.300499594149506,0.16791399097161705
2026-09-04 11:00:00+00:00,9941.636917776827,9976.809330061675,33.01954673889119,1.7670506445021108,-0.38581490145345787,8271.00775078616,0.3006337616529094,0.16804367135993298
2026-09-04 12:00:00+00:00,9948.568381236959,9983.740793521807,33.01954673889119,1.7670506445021108,-0.38581490145345787,8271.00775078616,0.29988233188201185,0.1686233200763523
2026-09-04 13:00:00+00:00,9940.790407698798,9975.962819983646,33.01954673889119,1.7670506445021108,-0.38581490145345787,8271.00775078616,0.2990470794533736,0.16797282594545487
2026-09-04 14:00:00+00:00,9953.5216301457,9988.694042430549,33.01954673889119,1.7670506445021108,-0.38581490145345787,8271.00775078616,0.298203152363861,0.16903704456358426
2026-09-04 15:00:00+00:00,9942.540476209444,9977.712888494292,33.01954673889119,1.7670506445021108,-0.38581490145345787,8271.00775078616,0.2955778512034342,0.16811927790718417
2026-09-04 16:00:00+00:00,9950.621854022424,9985.641447245465,33.01954673889119,1.7670506445021108,-0.23299583964847984,8271.160569847965,0.2951940894676143,0.16877953044668825
2026-09-04 17:00:00+00:00,9951.346639043035,9987.106377732858,33.72184766054647,1.8048951896283338,-0.23299583964847984,7939.4783533871,0.41351929360039397,0.20217045578159107
2026-09-04 18:00:00+00:00,9947.428888260141,9983.188626949965,33.72184766054647,1.8048951896283338,-0.23299583964847984,7939.4783533871,0.41229660275621594,0.2018562341514002
2026-09-04 19:00:00+00:00,9954.68589315184,9990.445631841663,33.72184766054647,1.8048951896283338,-0.23299583964847984,7939.4783533871,0.41365646407708273,0.20243808407365915
2026-09-04 20:00:00+00:00,9951.085911431419,9986.845650121242,33.72184766054647,1.8048951896283338,-0.23299583964847984,7939.4783533871,0.4133328532800777,0.20214955191306938
2026-09-04 21:00:00+00:00,9951.309964125123,9987.196216641834,33.84378924938393,1.8094674276799778,-0.23299583964847984,8142.592393194022,0.39259693543051233,0.18175673126971226
2026-09-04 22:00:00+00:00,9949.583519289561,9985.469771806273,33.84378924938393,1.8094674276799778,-0.23299583964847984,8142.592393194022,0.3925075880257842,0.1816147502649001
2026-09-04 23:00:00+00:00,9950.748273904166,9986.634526420878,33.84378924938393,1.8094674276799778,-0.23299583964847984,8142.592393194022,0.39240878408238045,0.18171054386452853
2026-09-05 00:00:00+00:00,9949.747669653743,9985.742009317015,33.84378924938393,1.8094674276799778,-0.3410829862076165,8142.484306047463,0.3923972490958519,0.18163911524292703
2026-09-05 01:00:00+00:00,9948.208996084539,9984.20333574781,33.84378924938393,1.8094674276799778,-0.3410829862076165,8142.484306047463,0.39235829406728856,0.18151254067418365
2026-09-05 02:00:00+00:00,9949.758776258412,9985.753115921683,33.84378924938393,1.8094674276799778,-0.3410829862076165,8142.484306047463,0.3923047838003945,0.18164002875359858
2026-09-05 03:00:00+00:00,9949.216443950038,9985.21078361331,33.84378924938393,1.8094674276799778,-0.3410829862076165,8142.484306047463,0.392277187912516,0.18159541990879294
2026-09-05 04:00:00+00:00,9948.135925745304,9984.130265408576,33.84378924938393,1.8094674276799778,-0.3410829862076165,8142.484306047463,0.3922367663313237,0.18150652877841159
2026-09-05 05:00:00+00:00,9947.266268061403,9983.567239490929,34.14298672528324,1.8169017180346758,-0.3410829862076165,8640.847568403733,0.3422595465369715,0.1313344455101507
2026-09-05 06:00:00+00:00,9948.516468344447,9984.817439773973,34.14298672528324,1.8169017180346758,-0.3410829862076165,8640.847568403733,0.3424459486404535,0.13144360810997638
2026-09-05 07:00:00+00:00,9947.867250979547,9984.168222409073,34.14298672528324,1.8169017180346758,-0.3410829862076165,8640.847568403733,0.3426096600276082,0.13138692441308106
2026-09-05 08:00:00+00:00,9949.204180070936,9985.505151500462,34.14298672528324,1.8169017180346758,-0.3410829862076165,8640.847568403733,0.34266552996055955,0.1315036447124029
2026-09-05 09:00:00+00:00,9948.5947416963,9984.895713125827,34.14298672528324,1.8169017180346758,-0.3410829862076165,8640.847568403733,0.3427612361438333,0.13145044172033374
2026-09-05 10:00:00+00:00,9948.525582166261,9984.826553595787,34.14298672528324,1.8169017180346758,-0.3410829862076165,8640.847568403733,0.3428460120404718,0.13144440379252503
2026-09-05 11:00:00+00:00,9948.881228915843,9985.182200345369,34.14298672528324,1.8169017180346758,-0.3410829862076165,8640.847568403733,0.34295124148356027,0.13147545240668732
2026-09-05 12:00:00+00:00,9948.988940036083,9985.289911465608,34.14298672528324,1.8169017180346758,-0.3410829862076165,8640.847568403733,0.3430209248770156,0.13148485534728174
2026-09-05 13:00:00+00:00,9950.381267928567,9986.682239358093,34.14298672528324,1.8169017180346758,-0.3410829862076165,8640.847568403733,0.3431607028764868,0.1316063841438558
2026-09-05 14:00:00+00:00,9951.15734456509,9987.458315994616,34.14298672528324,1.8169017180346758,-0.3410829862076165,8640.847568403733,0.34312617757966113,0.13167410892934917
2026-09-05 15:00:00+00:00,9950.550963608332,9986.851935037857,34.14298672528324,1.8169017180346758,-0.3410829862076165,8640.847568403733,0.3433883998703527,0.13162119363988115
2026-09-05 16:00:00+00:00,9951.747126786715,9988.04809821624,34.14298672528324,1.8169017180346758,-0.3410829862076165,8640.847568403733,0.34359224693682755,0.13172556955898596
2026-09-05 17:00:00+00:00,9953.517474269003,9989.81844569853,34.14298672528324,1.8169017180346758,-0.3410829862076165,8640.847568403733,0.34409665752627183,0.13188000214584183
2026-09-05 18:00:00+00:00,9951.26363291334,9987.564604342866,34.14298672528324,1.8169017180346758,-0.3410829862076165,8640.847568403733,0.3443283688189447,0.13168338342232913
2026-09-05 19:00:00+00:00,9950.862418727385,9987.163390156911,34.14298672528324,1.8169017180346758,-0.3410829862076165,8640.847568403733,0.3442873126120635,0.13164837329659218
2026-09-05 20:00:00+00:00,9950.114758171765,9986.41572960129,34.14298672528324,1.8169017180346758,-0.3410829862076165,8640.847568403733,0.3441727147360474,0.13158312457580112
2026-09-05 21:00:00+00:00,9949.401586700535,9985.70255813006,34.14298672528324,1.8169017180346758,-0.3410829862076165,8640.847568403733,0.3441422329148661,0.13152087659683562
2026-09-05 22:00:00+00:00,9949.88667903313,9986.187650462656,34.14298672528324,1.8169017180346758,-0.3410829862076165,8640.847568403733,0.3444213701974059,0.1315632180402483
2026-09-05 23:00:00+00:00,9949.544753496135,9985.84572492566,34.14298672528324,1.8169017180346758,-0.3410829862076165,8640.847568403733,0.34455333762575496,0.13153337338701293
2026-09-06 00:00:00+00:00,9949.047476561238,9985.337603603817,34.14298672528324,1.8169017180346758,-0.33023859926045024,8640.85841279068,0.344409319140854,0.13148887537751677
2026-09-06 01:00:00+00:00,9947.09265315058,9983.382780193158,34.14298672528324,1.8169017180346758,-0.33023859926045024,8640.85841279068,0.3446899776355983,0.1313181937584718
2026-09-06 02:00:00+00:00,9948.10947308597,9984.399600128549,34.14298672528324,1.8169017180346758,-0.33023859926045024,8640.85841279068,0.3447973560441927,0.1314069837924463
2026-09-06 03:00:00+00:00,9945.956655886135,9982.246782928714,34.14298672528324,1.8169017180346758,-0.33023859926045024,8640.85841279068,0.344943785951872,0.13121897553445325
2026-09-06 04:00:00+00:00,9946.702666711486,9982.992793754065,34.14298672528324,1.8169017180346758,-0.33023859926045024,8640.85841279068,0.3450686148378457,0.1312841348209854
2026-09-06 05:00:00+00:00,9946.421206806926,9982.711333849506,34.14298672528324,1.8169017180346758,-0.33023859926045024,8640.85841279068,0.3449165091575093,0.1312595522420439
2026-09-06 06:00:00+00:00,9947.33863478883,9983.628761831409,34.14298672528324,1.8169017180346758,-0.33023859926045024,8640.85841279068,0.345103428471765,0.13133967485825782
2026-09-06 07:00:00+00:00,9945.660036560022,9981.950163602602,34.14298672528324,1.8169017180346758,-0.33023859926045024,8640.85841279068,0.3451514998956977,0.13119306501257044
2026-09-06 08:00:00+00:00,9948.150596552037,9984.440723594616,34.14298672528324,1.8169017180346758,-0.33023859926045024,8640.85841279068,0.3446691106544211,0.13141057436489303
2026-09-06 09:00:00+00:00,9947.348073833118,9983.638200875697,34.14298672528324,1.8169017180346758,-0.33023859926045024,8640.85841279068,0.34467468699111775,0.13134049913053808
2026-09-06 10:00:00+00:00,9946.987352010303,9983.277479052882,34.14298672528324,1.8169017180346758,-0.33023859926045024,8640.85841279068,0.34505693330538795,0.13130899768919996
2026-09-06 11:00:00+00:00,9945.979480512238,9982.269607554817,34.14298672528324,1.8169017180346758,-0.33023859926045024,8640.85841279068,0.345449882098492,0.13122096926489354
2026-09-06 12:00:00+00:00,9945.455019724988,9981.745146767567,34.14298672528324,1.8169017180346758,-0.33023859926045024,8640.85841279068,0.34535449618054254,0.13117515531937754
2026-09-06 13:00:00+00:00,9945.664090296254,9981.954217338833,34.14298672528324,1.8169017180346758,-0.33023859926045024,8640.85841279068,0.34531767931751406,0.13119341912810434
2026-09-06 14:00:00+00:00,9945.298829579035,9981.588956621614,34.14298672528324,1.8169017180346758,-0.33023859926045024,8640.85841279068,0.34460840528486586,0.1311615104926484
2026-09-06 15:00:00+00:00,9944.648897949926,9980.939024992505,34.14298672528324,1.8169017180346758,-0.33023859926045024,8640.85841279068,0.343934024828144,0.13110472763176406
2026-09-06 16:00:00+00:00,9944.867404606975,9981.157531649555,34.14298672528324,1.8169017180346758,-0.33023859926045024,8640.85841279068,0.3441520921203738,0.13112381882660515
2026-09-06 17:00:00+00:00,9944.349558011352,9980.639685053931,34.14298672528324,1.8169017180346758,-0.33023859926045024,8640.85841279068,0.34425467324695663,0.13107857257195416
2026-09-06 18:00:00+00:00,9944.915926231195,9981.206053273774,34.14298672528324,1.8169017180346758,-0.33023859926045024,8640.85841279068,0.34453923131054176,0.13112805810664216
2026-09-06 19:00:00+00:00,9945.043569218065,9981.333696260645,34.14298672528324,1.8169017180346758,-0.33023859926045024,8640.85841279068,0.34485274411417977,0.13113920993409264
2026-09-06 20:00:00+00:00,9945.089417645138,9981.379544687717,34.14298672528324,1.8169017180346758,-0.33023859926045024,8640.85841279068,0.34484019616886374,0.1311432155190498
2026-09-06 21:00:00+00:00,9943.751064845865,9980.041191888444,34.14298672528324,1.8169017180346758,-0.33023859926045024,8640.85841279068,0.3450018313434118,0.13102627404474157
2026-09-06 22:00:00+00:00,9943.710070828458,9980.000197871037,34.14298672528324,1.8169017180346758,-0.33023859926045024,8640.85841279068,0.34516584291690583,0.131022691606819
2026-09-06 23:00:00+00:00,9943.263592269586,9979.553719312165,34.14298672528324,1.8169017180346758,-0.33023859926045024,8640.85841279068,0.34509333965155403,0.1309836722513788
2026-09-07 00:00:00+00:00,9943.815113326626,9980.12733301505,34.14298672528324,1.8169017180346758,-0.35233124510701347,8640.836320144834,0.3452424310735341,0.13103409288408321
2026-09-07 01:00:00+00:00,9942.846715237421,9979.158934925847,34.14298672528324,1.8169017180346758,-0.35233124510701347,8640.836320144834,0.3450547655509741,0.13094945867939958
2026-09-07 02:00:00+00:00,9944.370317870822,9980.682537559247,34.14298672528324,1.8169017180346758,-0.35233124510701347,8640.836320144834,0.3447392473352265,0.1310826081550317
2026-09-07 03:00:00+00:00,9944.68386375906,9980.996083447486,34.14298672528324,1.8169017180346758,-0.35233124510701347,8640.836320144834,0.3449991670359536,0.1311100042471714
2026-09-07 04:00:00+00:00,9943.604438359791,9979.916658048216,34.14298672528324,1.8169017180346758,-0.35233124510701347,8640.836320144834,0.3446433856270053,0.1310156821191743
2026-09-07 05:00:00+00:00,9943.313492152742,9979.625711841167,34.14298672528324,1.8169017180346758,-0.35233124510701347,8640.836320144834,0.3446299265864548,0.13099025521379998
2026-09-07 06:00:00+00:00,9942.783204021542,9979.095423709967,34.14298672528324,1.8169017180346758,-0.35233124510701347,8640.836320144834,0.34470735758747395,0.13094390747151274
2026-09-07 07:00:00+00:00,9946.705127780562,9983.017347468987,34.14298672528324,1.8169017180346758,-0.35233124510701347,8640.836320144834,0.3446545899645843,0.1312865708654129
2026-09-07 08:00:00+00:00,9948.247619053556,9984.50907494355,34.14298672528324,1.8169017180346758,-0.3015674466757003,8640.887083943264,0.3437071789904309,0.13141616344634885
2026-09-07 09:00:00+00:00,9948.995940453868,9985.659697684201,34.52007989851993,1.8421098851369857,-0.3015674466757003,8576.029037957162,0.3614607010499747,0.13800054907189685
2026-09-07 10:00:00+00:00,9945.518123861948,9982.181881092281,34.52007989851993,1.8421098851369857,-0.3015674466757003,8576.029037957162,0.3609309076229217,0.1376991192262792
2026-09-07 11:00:00+00:00,9945.524575090281,9982.188332320615,34.52007989851993,1.8421098851369857,-0.3015674466757003,8576.029037957162,0.3610282571822592,0.13769967856327855
2026-09-07 12:00:00+00:00,9943.852627859542,9980.516385089875,34.52007989851993,1.8421098851369857,-0.3015674466757003,8576.029037957162,0.3609507511860895,0.1375546924408522
2026-09-07 13:00:00+00:00,9942.842316070477,9979.50607330081,34.52007989851993,1.8421098851369857,-0.3015674466757003,8576.029037957162,0.36131071433475914,0.13746705767466053
2026-09-07 14:00:00+00:00,9945.286130154773,9981.949887385106,34.52007989851993,1.8421098851369857,-0.3015674466757003,8576.029037957162,0.36107328424086615,0.13767900433210578
2026-09-07 15:00:00+00:00,9944.63933544933,9981.303092679664,34.52007989851993,1.8421098851369857,-0.3015674466757003,8576.029037957162,0.3606721218411862,0.1376229193766262
2026-09-07 16:00:00+00:00,9940.664396572774,9977.328153803108,34.52007989851993,1.8421098851369857,-0.3015674466757003,8576.029037957162,0.35989666206450915,0.13727808365465957
2026-09-07 17:00:00+00:00,9941.464456774582,9978.128214004915,34.52007989851993,1.8421098851369857,-0.3015674466757003,8576.029037957162,0.3604404081856799,0.1373475130102134
2026-09-07 18:00:00+00:00,9943.689679381598,9980.353436611931,34.52007989851993,1.8421098851369857,-0.3015674466757003,8576.029037957162,0.360946749121901,0.13754055944246768
2026-09-07 19:00:00+00:00,9945.057703505443,9981.721460735776,34.52007989851993,1.8421098851369857,-0.3015674466757003,8576.029037957162,0.36088943043148,0.13765919780090613
2026-09-07 20:00:00+00:00,9947.147470713438,9983.811227943772,34.52007989851993,1.8421098851369857,-0.3015674466757003,8576.029037957162,0.36129989986123073,0.13784036446560652
2026-09-07 21:00:00+00:00,9946.664361380255,9983.328118610589,34.52007989851993,1.8421098851369857,-0.3015674466757003,8576.029037957162,0.36121976695458774,0.1377984893855308
2026-09-07 22:00:00+00:00,9946.78845666093,9983.452213891263,34.52007989851993,1.8421098851369857,-0.3015674466757003,8576.029037957162,0.36105995039867544,0.13780924613771497
2026-09-07 23:00:00+00:00,9942.541839944774,9979.205597175107,34.52007989851993,1.8421098851369857,-0.3015674466757003,8576.029037957162,0.36040349250662485,0.1374409908437662
2026-09-08 00:00:00+00:00,9945.988906943592,9982.652664173926,34.52007989851993,1.8421098851369857,-0.3015674466757003,8576.029037957162,0.3607424636562359,0.13773993534519427
2026-09-08 01:00:00+00:00,9941.857977520527,9978.622746429006,34.614909492670115,1.848291969134006,-0.3015674466757003,8499.401430027501,0.36837707767217726,0.14508923289334405
2026-09-08 02:00:00+00:00,9943.786842756108,9980.551611664587,34.614909492670115,1.848291969134006,-0.3015674466757003,8499.401430027501,0.36914174074686074,0.1452550658586188
2026-09-08 03:00:00+00:00,9944.509406225732,9981.274175134211,34.614909492670115,1.848291969134006,-0.3015674466757003,8499.401430027501,0.3679701989611857,0.14531717123154667
2026-09-08 04:00:00+00:00,9946.075685081913,9982.840453990391,34.614909492670115,1.848291969134006,-0.3015674466757003,8499.401430027501,0.36854305804430737,0.14545176417913985
2026-09-08 05:00:00+00:00,9945.829241022597,9983.545546784942,35.50878456821794,1.9059537474526909,-0.3015674466757003,9319.656758793446,0.23713023322141955,0.06295829810212689
2026-09-08 06:00:00+00:00,9942.806093664436,9980.522399426782,35.50878456821794,1.9059537474526909,-0.3015674466757003,9319.656758793446,0.23623631897887262,0.06267338707008085
2026-09-08 07:00:00+00:00,9940.624322161959,9978.340627924304,35.50878456821794,1.9059537474526909,-0.3015674466757003,9319.656758793446,0.23579922487207794,0.062467662316149246
2026-09-08 08:00:00+00:00,9938.820118993432,9976.512415483874,35.50878456821794,1.9059537474526909,-0.27755817477171235,9319.680768065351,0.23555466498975142,0.06229505550109352
2026-09-08 09:00:00+00:00,9938.386625655132,9976.078922145574,35.50878456821794,1.9059537474526909,-0.27755817477171235,9319.680768065351,0.23470093732716416,0.06225415461224281
2026-09-08 10:00:00+00:00,9944.713913956994,9982.406210447436,35.50878456821794,1.9059537474526909,-0.27755817477171235,9319.680768065351,0.2360728115060464,0.06285079201870594
2026-09-08 11:00:00+00:00,9942.908929202136,9980.601225692579,35.50878456821794,1.9059537474526909,-0.27755817477171235,9319.680768065351,0.2359965374056463,0.06268066675199808
2026-09-08 12:00:00+00:00,9948.399506468028,9986.09180295847,35.50878456821794,1.9059537474526909,-0.27755817477171235,9319.680768065351,0.23677767034776556,0.06319797852849705
2026-09-08 13:00:00+00:00,9953.779557394118,9991.507993002033,35.54257497657072,1.9083024565716606,-0.27755817477171235,9375.964324911625,0.23145929235652157,0.05804983214172805
2026-09-08 14:00:00+00:00,9937.302962472831,9975.031398080746,35.54257497657072,1.9083024565716606,-0.27755817477171235,9375.964324911625,0.2313300730126876,0.056488026950676846
2026-09-08 15:00:00+00:00,9916.291313993177,9954.019749601091,35.54257497657072,1.9083024565716606,-0.27755817477171235,9375.964324911625,0.23145988391333192,0.05448881764083321
2026-09-08 16:00:00+00:00,9908.418491130707,9946.093325239259,35.54257497657072,1.9083024565716606,-0.22395667540929584,9376.017926410987,0.2321940569598534,0.05373214355008186
2026-09-08 17:00:00+00:00,9908.497144989053,9946.583700084897,35.9285885934173,1.9340098270186439,-0.22395667540929584,9351.048014943182,0.29587972814207036,0.05625970537093864
2026-09-08 18:00:00+00:00,9917.050802540365,9955.13735763621,35.9285885934173,1.9340098270186439,-0.22395667540929584,9351.048014943182,0.29506264074775096,0.057073700525179814
2026-09-08 19:00:00+00:00,9908.72636004401,9946.812915139853,35.9285885934173,1.9340098270186439,-0.22395667540929584,9351.048014943182,0.2947561045283462,0.05628153658068635
2026-09-08 20:00:00+00:00,9895.973175237195,9934.05973033304,35.9285885934173,1.9340098270186439,-0.22395667540929584,9351.048014943182,0.29406574339952224,0.05506534331131624
2026-09-08 21:00:00+00:00,9897.954447090984,9936.371698374203,36.23880791930204,1.9544866885071521,-0.22395667540929584,9298.604492175715,0.24165290158594344,0.0605529110200561
2026-09-08 22:00:00+00:00,9898.769395143963,9937.186646427182,36.23880791930204,1.9544866885071521,-0.22395667540929584,9298.604492175715,0.24156520306043489,0.0606302540255834
2026-09-08 23:00:00+00:00,9901.712131763228,9940.129383046447,36.23880791930204,1.9544866885071521,-0.22395667540929584,9298.604492175715,0.2418250259951162,0.06090942975940836
2026-09-09 00:00:00+00:00,9899.47913840321,9937.91299686305,36.23880791930204,1.9544866885071521,-0.24056385202842798,9298.587884999097,0.24138299882458455,0.060699279730088714
2026-09-09 01:00:00+00:00,9902.368887102326,9940.802745562165,36.23880791930204,1.9544866885071521,-0.24056385202842798,9298.587884999097,0.24200659655546744,0.06097339020460498
2026-09-09 02:00:00+00:00,9900.408941153344,9938.842799613183,36.23880791930204,1.9544866885071521,-0.24056385202842798,9298.587884999097,0.24237169318285143,0.060787494711722324
2026-09-09 03:00:00+00:00,9901.33825104047,9939.772109500309,36.23880791930204,1.9544866885071521,-0.24056385202842798,9298.587884999097,0.24242398958061478,0.06087564637820882
2026-09-09 04:00:00+00:00,9901.686115217994,9940.119973677833,36.23880791930204,1.9544866885071521,-0.24056385202842798,9298.587884999097,0.24208137961349427,0.060908639518676415
2026-09-09 05:00:00+00:00,9900.58665826491,9939.886535406284,37.03643896734671,2.022874321996972,-0.24056385202842798,8703.553107679976,0.32466531039542673,0.12090531520025259
2026-09-09 06:00:00+00:00,9901.219513603408,9940.519390744781,37.03643896734671,2.022874321996972,-0.24056385202842798,8703.553107679976,0.3245140019497871,0.12096150421450037
2026-09-09 07:00:00+00:00,9901.399175918783,9940.699053060156,37.03643896734671,2.022874321996972,-0.24056385202842798,8703.553107679976,0.3244245063021613,0.1209774544947234
2026-09-09 08:00:00+00:00,9898.972719290534,9938.272596431907,37.03643896734671,2.022874321996972,-0.24056385202842798,8703.553107679976,0.32474734767553726,0.1207619866737278
2026-09-09 09:00:00+00:00,9901.343145172159,9940.87609909751,37.255005946023694,2.037384127297819,-0.24056385202842798,8721.004282867672,0.34827147339586184,0.11920997434373459
2026-09-09 10:00:00+00:00,9898.927277282046,9938.460231207397,37.255005946023694,2.037384127297819,-0.24056385202842798,8721.004282867672,0.3455840425436748,0.11899501445148478
2026-09-09 11:00:00+00:00,9905.264789536528,9944.797743461879,37.255005946023694,2.037384127297819,-0.24056385202842798,8721.004282867672,0.3461124611228548,0.11955869245614253
2026-09-09 12:00:00+00:00,9910.702266906384,9950.235220831735,37.255005946023694,2.037384127297819,-0.24056385202842798,8721.004282867672,0.3470368289238535,0.12004174396514039
2026-09-09 13:00:00+00:00,9909.263942399082,9949.025428137813,37.468757458227024,2.0521644284748137,-0.24056385202842798,8722.796314056204,0.3833007175648815,0.11973317445570317
2026-09-09 14:00:00+00:00,9901.42139159247,9941.1828773312,37.468757458227024,2.0521644284748137,-0.24056385202842798,8722.796314056204,0.3825802102091124,0.11903594755971741
2026-09-09 15:00:00+00:00,9907.440770315347,9947.202256054077,37.468757458227024,2.0521644284748137,-0.24056385202842798,8722.796314056204,0.3821715811344979,0.11957118732504282
2026-09-09 16:00:00+00:00,9903.45811798075,9943.321425589036,37.468757458227024,2.0521644284748137,-0.34238572158399655,8722.69449218665,0.38055718177839987,0.11922740639961922
2026-09-09 17:00:00+00:00,9907.823467109409,9947.768487127698,37.54515972981099,2.0574745668946086,-0.34238572158399655,8595.280970608452,0.3930871718669371,0.13247536160269202
2026-09-09 18:00:00+00:00,9909.340231613907,9949.285251632196,37.54515972981099,2.0574745668946086,-0.34238572158399655,8595.280970608452,0.39376892280905745,0.13260814850348898
2026-09-09 19:00:00+00:00,9910.93304063277,9950.878060651059,37.54515972981099,2.0574745668946086,-0.34238572158399655,8595.280970608452,0.3922267666213433,0.1327475490582387
2026-09-09 20:00:00+00:00,9911.771052908682,9951.71607292697,37.54515972981099,2.0574745668946086,-0.34238572158399655,8595.280970608452,0.3911453950819983,0.13282087280596502
2026-09-09 21:00:00+00:00,9906.962040001115,9946.907060019405,37.54515972981099,2.0574745668946086,-0.34238572158399655,8595.280970608452,0.39125575002332774,0.1323999288678527
2026-09-09 22:00:00+00:00,9903.782505786674,9943.727525804963,37.54515972981099,2.0574745668946086,-0.34238572158399655,8595.280970608452,0.3905119288655941,0.13212139244916568
2026-09-09 23:00:00+00:00,9903.058603616973,9943.003623635263,37.54515972981099,2.0574745668946086,-0.34238572158399655,8595.280970608452,0.38991431057102593,0.13205795152326705
2026-09-10 00:00:00+00:00,9903.745184281423,9943.567412999719,37.54515972981099,2.0574745668946086,-0.2195944215904213,8595.403761908445,0.3907596084210199,0.13210572344384355
2026-09-10 01:00:00+00:00,9899.423695059277,9939.28106605276,37.577384955791224,2.0603916160998557,-0.2195944215904213,8649.080246649524,0.38504996837707334,0.12630467054701264
2026-09-10 02:00:00+00:00,9898.288878645042,9938.146249638525,37.577384955791224,2.0603916160998557,-0.2195944215904213,8649.080246649524,0.3846281749559353,0.12620450335518182
2026-09-10 03:00:00+00:00,9900.944273908503,9940.801644901985,37.577384955791224,2.0603916160998557,-0.2195944215904213,8649.080246649524,0.3852455530529608,0.12643885195455126
2026-09-10 04:00:00+00:00,9901.294385089164,9941.151756082647,37.577384955791224,2.0603916160998557,-0.2195944215904213,8649.080246649524,0.38518884631786865,0.12646974120125246
2026-09-10 05:00:00+00:00,9902.859982759759,9943.17331457952,38.02229132872563,2.0714460694460595,-0.2195944215904213,7907.12471871925,0.46030349432742146,0.20153120083642043
2026-09-10 06:00:00+00:00,9904.928097948026,9945.241429767788,38.02229132872563,2.0714460694460595,-0.2195944215904213,7907.12471871925,0.4607193132718945,0.2016979183970709
2026-09-10 07:00:00+00:00,9904.113867484535,9944.427199304297,38.02229132872563,2.0714460694460595,-0.2195944215904213,7907.12471871925,0.4605008959792065,0.2016322889139483
2026-09-10 08:00:00+00:00,9909.182762493283,9949.496094313045,38.02229132872563,2.0714460694460595,-0.2195944215904213,7907.12471871925,0.4597238199697699,0.20204068203807032
2026-09-10 09:00:00+00:00,9916.902878384106,9958.21802682536,38.977364945455896,2.118189074205501,-0.2195944215904213,8484.349072160609,0.32061709142001743,0.14445576646172845
2026-09-10 10:00:00+00:00,9915.522139903414,9956.837288344668,38.977364945455896,2.118189074205501,-0.2195944215904213,8484.349072160609,0.3207026071154626,0.1443366317526821
2026-09-10 11:00:00+00:00,9919.406901899565,9960.722050340819,38.977364945455896,2.118189074205501,-0.2195944215904213,8484.349072160609,0.3207486228011944,0.14467173732576122
2026-09-10 12:00:00+00:00,9915.835087441059,9957.150235882313,38.977364945455896,2.118189074205501,-0.2195944215904213,8484.349072160609,0.3194441677476269,0.14436363681496725
2026-09-10 13:00:00+00:00,9905.09862963615,9946.967254082701,39.50023103008056,2.148798994879425,-0.2195944215904213,8141.273044734096,0.36021359410976367,0.17807249083059815
2026-09-10 14:00:00+00:00,9898.86687656484,9940.735501011392,39.50023103008056,2.148798994879425,-0.2195944215904213,8141.273044734096,0.3629584281098101,0.17755505289113185
2026-09-10 15:00:00+00:00,9924.908344351734,9966.776968798285,39.50023103008056,2.148798994879425,-0.2195944215904213,8141.273044734096,0.36553509438697496,0.17971302481928764
2026-09-10 16:00:00+00:00,9910.427995356778,9952.335253445328,39.50023103008056,2.148798994879425,-0.25822806358874395,8141.234411092098,0.36391580284233654,0.17851838337290588
2026-09-10 17:00:00+00:00,9920.145706793468,9962.504035785927,39.932129547041804,2.167971381828575,-0.25822806358874395,8584.596884795139,0.3158324408117561,0.1346299602317056
2026-09-10 18:00:00+00:00,9917.790234457181,9960.14856344964,39.932129547041804,2.167971381828575,-0.25822806358874395,8584.596884795139,0.3155046416706615,0.13442443509544652
2026-09-10 19:00:00+00:00,9914.492678032151,9956.85100702461,39.932129547041804,2.167971381828575,-0.25822806358874395,8584.596884795139,0.315623378678693,0.13413654499777913
2026-09-10 20:00:00+00:00,9919.423687928029,9961.782016920488,39.932129547041804,2.167971381828575,-0.25822806358874395,8584.596884795139,0.3146259021235454,0.13456697134102436
2026-09-10 21:00:00+00:00,9916.1052758052,9958.539049563527,40.0027279128617,2.172817781875901,-0.25822806358874395,8466.86234339616,0.3025609409085941,0.14615041814301025
2026-09-10 22:00:00+00:00,9912.941588943315,9955.375362701643,40.0027279128617,2.172817781875901,-0.25822806358874395,8466.86234339616,0.3023936191821181,0.14587791449917148
2026-09-10 23:00:00+00:00,9911.575948492165,9954.009722250494,40.0027279128617,2.172817781875901,-0.25822806358874395,8466.86234339616,0.3019933591193117,0.1457602315316756
2026-09-11 00:00:00+00:00,9908.825004886452,9951.302935176525,40.0027279128617,2.172817781875901,-0.30238459533591594,8466.818186864415,0.3016789325970154,0.14552752897653592
2026-09-11 01:00:00+00:00,9913.979369361019,9956.457299651094,40.0027279128617,2.172817781875901,-0.30238459533591594,8466.818186864415,0.30227197317320176,0.14597177667819547
2026-09-11 02:00:00+00:00,9911.7756640209,9954.253594310976,40.0027279128617,2.172817781875901,-0.30238459533591594,8466.818186864415,0.3022140950045147,0.14578189883792342
2026-09-11 03:00:00+00:00,9913.317178638108,9955.795108928181,40.0027279128617,2.172817781875901,-0.30238459533591594,8466.818186864415,0.30188235695463095,0.1459147292180571
2026-09-11 04:00:00+00:00,9911.690316178725,9954.168246468798,40.0027279128617,2.172817781875901,-0.30238459533591594,8466.818186864415,0.30167402054410336,0.14577454331435924
2026-09-11 05:00:00+00:00,9913.119616922284,9955.597547212357,40.0027279128617,2.172817781875901,-0.30238459533591594,8466.818186864415,0.30222130782382345,0.14589770788087203
2026-09-11 06:00:00+00:00,9915.803143266778,9958.281073556853,40.0027279128617,2.172817781875901,-0.30238459533591594,8466.818186864415,0.3028495095261792,0.14612885466431236
2026-09-11 07:00:00+00:00,9917.67682443433,9960.154754724404,40.0027279128617,2.172817781875901,-0.30238459533591594,8466.818186864415,0.3032542253617196,0.14629017089923838
2026-09-11 08:00:00+00:00,9917.965792838882,9960.443723128956,40.0027279128617,2.172817781875901,-0.30238459533591594,8466.818186864415,0.30320960820619586,0.14631504446428376
2026-09-11 09:00:00+00:00,9923.571709971258,9966.049640261332,40.0027279128617,2.172817781875901,-0.30238459533591594,8466.818186864415,0.30387133482359124,0.14679729896475577
2026-09-11 10:00:00+00:00,9922.604889525366,9965.082819815441,40.0027279128617,2.172817781875901,-0.30238459533591594,8466.818186864415,0.3037024388238835,0.14671416617603392
2026-09-11 11:00:00+00:00,9925.138197825616,9967.61612811569,40.0027279128617,2.172817781875901,-0.30238459533591594,8466.818186864415,0.3037437310230528,0.14693196023010413
2026-09-11 12:00:00+00:00,9933.26506341038,9975.742993700453,40.0027279128617,2.172817781875901,-0.30238459533591594,8466.818186864415,0.3032210511880837,0.14762989482156136
2026-09-11 13:00:00+00:00,9940.60286200378,9983.080792293855,40.0027279128617,2.172817781875901,-0.30238459533591594,8466.818186864415,0.3055388073692759,0.14825908404133603
2026-09-11 14:00:00+00:00,9941.905736205159,9984.383666495232,40.0027279128617,2.172817781875901,-0.30238459533591594,8466.818186864415,0.307405551005073,0.14837070361358984
2026-09-11 15:00:00+00:00,9945.047294959882,9987.525225249956,40.0027279128617,2.172817781875901,-0.30238459533591594,8466.818186864415,0.30637162678960506,0.14863972631328054
2026-09-11 16:00:00+00:00,9948.56904169128,9991.039096292789,40.01443830550076,2.1733161558370133,-0.2823001401707952,8447.309239861848,0.3043241681465278,0.15090208406235417
2026-09-11 17:00:00+00:00,9945.242336321224,9987.737021213232,40.03783364832081,2.1745511035165404,-0.2823001401707952,8486.278082552453,0.30786054668001345,0.14669971876305699
2026-09-11 18:00:00+00:00,9947.688510899714,9990.183195791722,40.03783364832081,2.1745511035165404,-0.2823001401707952,8486.278082552453,0.30806985119189256,0.14690954855954608
2026-09-11 19:00:00+00:00,9945.394078814534,9987.888763706542,40.03783364832081,2.1745511035165404,-0.2823001401707952,8486.278082552453,0.30755472767039677,0.14671273804727938
2026-09-11 20:00:00+00:00,9943.947870467862,9986.44255535987,40.03783364832081,2.1745511035165404,-0.2823001401707952,8486.278082552453,0.3074447876084505,0.1465886393315158
2026-09-11 21:00:00+00:00,9943.520150078186,9986.014834970194,40.03783364832081,2.1745511035165404,-0.2823001401707952,8486.278082552453,0.3073477363786728,0.14655192985295792
2026-09-11 22:00:00+00:00,9944.466433306721,9986.96111819873,40.03783364832081,2.1745511035165404,-0.2823001401707952,8486.278082552453,0.30721386215826496,0.14663314120809928
2026-09-11 23:00:00+00:00,9943.11596040097,9985.610645292978,40.03783364832081,2.1745511035165404,-0.2823001401707952,8486.278082552453,0.3071311149508442,0.14651723701608796
2026-09-12 00:00:00+00:00,9943.262752036882,9985.731394534241,40.03783364832081,2.1745511035165404,-0.256257745520392,8486.304124947104,0.30721120113490274,0.1465272178180467
2026-09-12 01:00:00+00:00,9942.685379660295,9985.154022157654,40.03783364832081,2.1745511035165404,-0.256257745520392,8486.304124947104,0.3072750442234622,0.14647765659894083
2026-09-12 02:00:00+00:00,9941.998991066259,9984.467633563618,40.03783364832081,2.1745511035165404,-0.256257745520392,8486.304124947104,0.30732868817160147,0.1464187300187037
2026-09-12 03:00:00+00:00,9943.747622369921,9986.21626486728,40.03783364832081,2.1745511035165404,-0.256257745520392,8486.304124947104,0.3073484830985469,0.14656883428377485
2026-09-12 04:00:00+00:00,9943.98935963318,9986.45800213054,40.03783364832081,2.1745511035165404,-0.256257745520392,8486.304124947104,0.30736664071136577,0.14658958109945597
2026-09-12 05:00:00+00:00,9943.791437467868,9986.354871124007,40.1266727363331,2.1805031742857186,-0.256257745520392,8503.246281922053,0.2994013825221718,0.14486880226770338
2026-09-12 06:00:00+00:00,9943.828085771911,9986.39151942805,40.1266727363331,2.1805031742857186,-0.256257745520392,8503.246281922053,0.2993907561574657,0.14487195388173596
2026-09-12 07:00:00+00:00,9943.099998938378,9985.663432594518,40.1266727363331,2.1805031742857186,-0.256257745520392,8503.246281922053,0.2993212708128351,0.14480933684364614
2026-09-12 08:00:00+00:00,9943.073983637816,9985.637417293956,40.1266727363331,2.1805031742857186,-0.256257745520392,8503.246281922053,0.2993705756094289,0.14480709930199887
2026-09-12 09:00:00+00:00,9943.491242985941,9986.07793547461,40.14841995939599,2.1820147837515416,-0.256257745520392,8539.469906470475,0.29580140410798855,0.14120003751256405
2026-09-12 10:00:00+00:00,9943.290118477702,9985.87681096637,40.14841995939599,2.1820147837515416,-0.256257745520392,8539.469906470475,0.2958021209029273,0.14118266642934377
2026-09-12 11:00:00+00:00,9943.137232483732,9985.7239249724,40.14841995939599,2.1820147837515416,-0.256257745520392,8539.469906470475,0.295918995463501,0.14116946122673898
2026-09-12 12:00:00+00:00,9942.89703122191,9985.483723710578,40.14841995939599,2.1820147837515416,-0.256257745520392,8539.469906470475,0.2961006836779613,0.14114871353333971
2026-09-12 13:00:00+00:00,9943.321279540665,9985.944216828566,40.18199604301798,2.184683499360804,-0.256257745520392,8542.243925869892,0.29045155104779813,0.14090637466915842
2026-09-12 14:00:00+00:00,9944.438628405238,9987.061565693139,40.18199604301798,2.184683499360804,-0.256257745520392,8542.243925869892,0.2904728262681382,0.1410029017153493
2026-09-12 15:00:00+00:00,9944.978807327892,9987.601744615793,40.18199604301798,2.184683499360804,-0.256257745520392,8542.243925869892,0.2905362741072595,0.14104955964555735
2026-09-12 16:00:00+00:00,9943.973992372607,9986.596929660507,40.18199604301798,2.184683499360804,-0.256257745520392,8542.243925869892,0.29052896523529,0.1409627647435414
2026-09-12 17:00:00+00:00,9944.636613911816,9987.282338750922,40.20364110910229,2.1858259844805303,-0.256257745520392,8506.147170663293,0.2869686031277196,0.14464977445592958
2026-09-12 18:00:00+00:00,9944.54497848019,9987.190703319295,40.20364110910229,2.1858259844805303,-0.256257745520392,8506.147170663293,0.28696699517986696,0.14464189270897387
2026-09-12 19:00:00+00:00,9940.255453204567,9982.901178043672,40.20364110910229,2.1858259844805303,-0.256257745520392,8506.147170663293,0.28773240809788764,0.14427277943636163
2026-09-12 20:00:00+00:00,9941.845887353267,9984.491612192372,40.20364110910229,2.1858259844805303,-0.256257745520392,8506.147170663293,0.28743842915409934,0.1444096733098916
2026-09-12 21:00:00+00:00,9943.18932330876,9985.835048147865,40.20364110910229,2.1858259844805303,-0.256257745520392,8506.147170663293,0.28716612949320736,0.14452527312104602
2026-09-12 22:00:00+00:00,9943.58900323775,9986.234728076855,40.20364110910229,2.1858259844805303,-0.256257745520392,8506.147170663293,0.2872839832393194,0.14455965870134116
2026-09-12 23:00:00+00:00,9942.94996425087,9985.595689089976,40.20364110910229,2.1858259844805303,-0.256257745520392,8506.147170663293,0.28728400561452955,0.1445046790694405
2026-09-13 00:00:00+00:00,9942.509074307269,9985.154799146374,40.20364110910229,2.1858259844805303,-0.256257745520392,8506.147170663293,0.2872662437105388,0.14446674304333507
2026-09-13 01:00:00+00:00,9941.255730276776,9983.901455115882,40.20364110910229,2.1858259844805303,-0.256257745520392,8506.147170663293,0.28737266301408776,0.14435888166952202
2026-09-13 02:00:00+00:00,9942.649322241254,9985.295047080359,40.20364110910229,2.1858259844805303,-0.256257745520392,8506.147170663293,0.2875005182655962,0.14447881093066112
2026-09-13 03:00:00+00:00,9943.079859384816,9985.725584223921,40.20364110910229,2.1858259844805303,-0.256257745520392,8506.147170663293,0.2873571706329574,0.1445158551517886
2026-09-13 04:00:00+00:00,9943.443655989331,9986.089380828436,40.20364110910229,2.1858259844805303,-0.256257745520392,8506.147170663293,0.2872074071911959,0.1445471543915571
2026-09-13 05:00:00+00:00,9942.405346667538,9985.93421765355,41.02355407997668,2.2490591605150096,-0.256257745520392,9448.416588067115,0.1815032343568802,0.04968503509726614
2026-09-13 06:00:00+00:00,9943.007544447848,9986.53641543386,41.02355407997668,2.2490591605150096,-0.256257745520392,9448.416588067115,0.1814701804548834,0.04974259087803985
2026-09-13 07:00:00+00:00,9942.093832050528,9985.62270303654,41.02355407997668,2.2490591605150096,-0.256257745520392,9448.416588067115,0.1812871716629399,0.0496552589749189
2026-09-13 08:00:00+00:00,9940.863974516316,9984.39106198929,41.02355407997668,2.2490591605150096,-0.2544742324820597,9448.418371580154,0.1812252286147629,0.049537505411859716
2026-09-13 09:00:00+00:00,9940.134693361546,9983.912381976972,41.25835845638403,2.2648559265599117,-0.2544742324820597,9307.423455034772,0.14156314310598841,0.06365217955741842
2026-09-13 10:00:00+00:00,9937.635010250857,9981.412698866283,41.25835845638403,2.2648559265599117,-0.2544742324820597,9307.423455034772,0.14128107759124786,0.06341665341562752
2026-09-13 11:00:00+00:00,9935.860239636055,9979.63792825148,41.25835845638403,2.2648559265599117,-0.2544742324820597,9307.423455034772,0.14101033030334328,0.06324935832876628
2026-09-13 12:00:00+00:00,9936.80185561037,9980.579544225797,41.25835845638403,2.2648559265599117,-0.2544742324820597,9307.423455034772,0.14100424989353263,0.06333812525609007
2026-09-13 13:00:00+00:00,9936.84404539333,9980.621734008757,41.25835845638403,2.2648559265599117,-0.2544742324820597,9307.423455034772,0.14094815573378458,0.06334210212852788
2026-09-13 14:00:00+00:00,9936.412894705054,9980.19058332048,41.25835845638403,2.2648559265599117,-0.2544742324820597,9307.423455034772,0.14087460756880826,0.06330145962487728
2026-09-13 15:00:00+00:00,9938.082782955147,9981.860471570573,41.25835845638403,2.2648559265599117,-0.2544742324820597,9307.423455034772,0.1410552327032847,0.06345885234544651
2026-09-13 16:00:00+00:00,9937.900357220162,9981.678045835588,41.25835845638403,2.2648559265599117,-0.2544742324820597,9307.423455034772,0.1408879947159194,0.06344166066500456
2026-09-13 17:00:00+00:00,9937.490472788937,9981.504881773257,41.48497913135953,2.274955620477917,-0.2544742324820597,9117.079742306387,0.16253214298093707,0.08255713378835605
2026-09-13 18:00:00+00:00,9937.423460738713,9981.437869723033,41.48497913135953,2.274955620477917,-0.2544742324820597,9117.079742306387,0.16245953684700562,0.08255094710146786
2026-09-13 19:00:00+00:00,9938.3768204809,9982.39122946522,41.48497913135953,2.274955620477917,-0.2544742324820597,9117.079742306387,0.16237376221061708,0.08263895533544206
2026-09-13 20:00:00+00:00,9937.744158455998,9981.758567440318,41.48497913135953,2.274955620477917,-0.2544742324820597,9117.079742306387,0.16229620179691642,0.08258055380217351
2026-09-13 21:00:00+00:00,9938.095169960992,9982.109578945312,41.48497913135953,2.274955620477917,-0.2544742324820597,9117.079742306387,0.1624284859819201,0.08261295687087168
2026-09-13 22:00:00+00:00,9939.115740558926,9983.130149543245,41.48497913135953,2.274955620477917,-0.2544742324820597,9117.079742306387,0.162564484831043,0.0827071562209529
2026-09-13 23:00:00+00:00,9935.577770877697,9979.592179862017,41.48497913135953,2.274955620477917,-0.2544742324820597,9117.079742306387,0.16256871277421012,0.08238051650810081
2026-09-14 00:00:00+00:00,9935.421504624263,9979.436521704147,41.48497913135953,2.274955620477917,-0.2550823280476574,9117.07913421082,0.16213055677329014,0.08236614521412705
2026-09-14 01:00:00+00:00,9934.542363014622,9978.557380094506,41.48497913135953,2.274955620477917,-0.2550823280476574,9117.07913421082,0.16166421969583003,0.08228494065787477
2026-09-14 02:00:00+00:00,9938.043199539066,9982.05821661895,41.48497913135953,2.274955620477917,-0.2550823280476574,9117.07913421082,0.16208967132339042,0.08260822063706896
2026-09-14 03:00:00+00:00,9935.53922289251,9979.554239972394,41.48497913135953,2.274955620477917,-0.2550823280476574,9117.07913421082,0.1619893498551423,0.08237701752471308
2026-09-14 04:00:00+00:00,9934.522214593497,9978.537231673381,41.48497913135953,2.274955620477917,-0.2550823280476574,9117.07913421082,0.16183216168310752,0.08228307941995226
2026-09-14 05:00:00+00:00,9936.283217311702,9980.689259694498,41.841045264751386,2.3099147899975994,-0.2550823280476574,8523.279512424337,0.2215678050547462,0.14220646432717715
2026-09-14 06:00:00+00:00,9935.867726578354,9980.27376896115,41.841045264751386,2.3099147899975994,-0.2550823280476574,8523.279512424337,0.22144871386267106,0.1421705937545199
2026-09-14 07:00:00+00:00,9933.306751059954,9977.71279344275,41.841045264751386,2.3099147899975994,-0.2550823280476574,8523.279512424337,0.22132951848197716,0.14194943073565677
2026-09-14 08:00:00+00:00,9930.667228767383,9975.070705677394,41.841045264751386,2.3099147899975994,-0.25251685526195655,8523.282077897124,0.22101183669653054,0.1417211067946486
2026-09-14 09:00:00+00:00,9934.25062472314,9978.838439481728,42.018721102177196,2.316576801149667,-0.25251685526195655,8819.230797769378,0.19138882787287925,0.11223995337694002
2026-09-14 10:00:00+00:00,9934.785101495334,9979.372916253922,42.018721102177196,2.316576801149667,-0.25251685526195655,8819.230797769378,0.19137537604202998,0.11228771355688905
2026-09-14 11:00:00+00:00,9945.240562625304,9989.828377383892,42.018721102177196,2.316576801149667,-0.25251685526195655,8819.230797769378,0.19251216395462073,0.1132209681370127
2026-09-14 12:00:00+00:00,9959.334610472222,10003.92242523081,42.018721102177196,2.316576801149667,-0.25251685526195655,8819.230797769378,0.1936278145220826,0.11447590198486025
2026-09-14 13:00:00+00:00,9950.398224112088,9994.986038870677,42.018721102177196,2.316576801149667,-0.25251685526195655,8819.230797769378,0.19284746120957386,0.11368061869138395
2026-09-14 14:00:00+00:00,9952.575431409146,9997.163246167735,42.018721102177196,2.316576801149667,-0.25251685526195655,8819.230797769378,0.19328548638605342,0.11387450830697217
2026-09-14 15:00:00+00:00,9945.459683815312,9990.04919956061,42.02035265292273,2.316646237114188,-0.25251685526195655,8816.50991497607,0.19211090825935948,0.11351408629974465
2026-09-14 16:00:00+00:00,9950.974731839478,9995.597443253822,42.02035265292273,2.316646237114188,-0.28571252430792404,8816.476719307024,0.19352371419239892,0.11400873211972647
2026-09-14 17:00:00+00:00,9956.674355419389,10001.612725731535,42.31237628404012,2.3402815037969704,-0.28571252430792404,8731.680053957747,0.24069485353624745,0.12303247628008254
2026-09-14 18:00:00+00:00,9960.215158445953,10005.1535287581,42.31237628404012,2.3402815037969704,-0.28571252430792404,8731.680053957747,0.24080927255593024,0.12334423352757053
2026-09-14 19:00:00+00:00,9957.0419095289,10001.980279841046,42.31237628404012,2.3402815037969704,-0.28571252430792404,8731.680053957747,0.2400941630953322,0.12306484864731557
2026-09-14 20:00:00+00:00,9959.331110635074,10004.26948094722,42.31237628404012,2.3402815037969704,-0.28571252430792404,8731.680053957747,0.23969857765583882,0.12326641649320996
2026-09-14 21:00:00+00:00,9959.033881994153,10004.668560829636,42.99053658703932,2.35842972413501,-0.28571252430792404,9465.882656550117,0.12640536300571134,0.049517978479383364
2026-09-14 22:00:00+00:00,9957.975799625314,10003.610478460796,42.99053658703932,2.35842972413501,-0.28571252430792404,9465.882656550117,0.12638088800039593,0.04941698523646868
2026-09-14 23:00:00+00:00,9957.773431558662,10003.408110394144,42.99053658703932,2.35842972413501,-0.28571252430792404,9465.882656550117,0.12638866783332883,0.049397666897061744
2026-09-15 00:00:00+00:00,9956.90509002502,10002.565031142196,42.99053658703932,2.35842972413501,-0.31097480600158545,9465.857394268422,0.1263171184502127,0.049317302044843046
2026-09-15 01:00:00+00:00,9956.916918639832,10002.577232006184,42.99089981129288,2.3584387490575764,-0.31097480600158545,9465.251657288247,0.12633020165587933,0.049379267233932954
2026-09-15 02:00:00+00:00,9956.670308302513,10002.330621668865,42.99089981129288,2.3584387490575764,-0.31097480600158545,9465.251657288247,0.1262743876107405,0.04935572192286908
2026-09-15 03:00:00+00:00,9956.27100502737,10001.931318393723,42.99089981129288,2.3584387490575764,-0.31097480600158545,9465.251657288247,0.12621585019222106,0.04931759566319427
2026-09-15 04:00:00+00:00,9955.720099967855,10001.380413334207,42.99089981129288,2.3584387490575764,-0.31097480600158545,9465.251657288247,0.12609700687305275,0.0492649891474141
2026-09-15 05:00:00+00:00,9955.165242170624,10001.083465322812,43.231758411803696,2.375489934381857,-0.31097480600158545,9488.13925000116,0.16249643581416745,0.046912932212427365
2026-09-15 06:00:00+00:00,9955.97423334661,10001.892456498797,43.231758411803696,2.375489934381857,-0.31097480600158545,9488.13925000116,0.16252507135730712,0.04699037707213807
2026-09-15 07:00:00+00:00,9955.778788252823,10001.697011405011,43.231758411803696,2.375489934381857,-0.31097480600158545,9488.13925000116,0.1622396653563913,0.046971668233875045
2026-09-15 08:00:00+00:00,9953.765138522342,9999.635619214343,43.231758411803696,2.375489934381857,-0.26323234581399657,9488.18699246135,0.16182553725466103,0.04677407388879866
2026-09-15 09:00:00+00:00,9954.681604818717,10000.643770406876,43.31736933258648,2.381563909757385,-0.26323234581399657,9477.136725308883,0.147291363031944,0.04797188885264519
2026-09-15 10:00:00+00:00,9954.61455405917,10000.576719647328,43.31736933258648,2.381563909757385,-0.26323234581399657,9477.136725308883,0.14758278386973483,0.047965476328321266
2026-09-15 11:00:00+00:00,9955.438747416394,10001.400913004552,43.31736933258648,2.381563909757385,-0.26323234581399657,9477.136725308883,0.14786483047633542,0.048044293600986575
2026-09-15 12:00:00+00:00,9956.54283938646,10002.505004974619,43.31736933258648,2.381563909757385,-0.26323234581399657,9477.136725308883,0.14793075064087782,0.048149857014738645
2026-09-15 13:00:00+00:00,9956.090204695425,10002.0855159318,43.348360987548006,2.3837179030129825,-0.26323234581399657,9425.452975384711,0.1426814047230344,0.05329775227030979
2026-09-15 14:00:00+00:00,9951.337028091626,9997.332339328,43.348360987548006,2.3837179030129825,-0.26323234581399657,9425.452975384711,0.14222412921637365,0.05284556750740096
2026-09-15 15:00:00+00:00,9940.075323003975,9986.07063424035,43.348360987548006,2.3837179030129825,-0.26323234581399657,9425.452975384711,0.140860223324325,0.05177247967410181
2026-09-15 16:00:00+00:00,9940.346943006973,9986.407314511236,43.348360987548006,2.3837179030129825,-0.3282926137029929,9425.387915116822,0.14195381565449364,0.05180493506340071
2026-09-15 17:00:00+00:00,9939.538220383669,9986.783861122653,44.468361558582636,2.4489865666991055,-0.3282926137029929,9460.445225083733,0.3086302191338901,0.04820072971975991
2026-09-15 18:00:00+00:00,9950.22000290577,9997.465643644753,44.468361558582636,2.4489865666991055,-0.3282926137029929,9460.445225083733,0.3069539013519574,0.049222507409786724
2026-09-15 19:00:00+00:00,9922.213725972011,9969.459366710995,44.468361558582636,2.4489865666991055,-0.3282926137029929,9460.445225083733,0.3051406962910766,0.04653885852907705
2026-09-15 20:00:00+00:00,9922.041013147422,9969.286653886405,44.468361558582636,2.4489865666991055,-0.3282926137029929,9460.445225083733,0.30428224955361055,0.046522261644760504
2026-09-15 21:00:00+00:00,9927.436706172128,9974.879687902978,44.65544678073948,2.459242336405866,-0.3282926137029929,9460.64999413723,0.27194088970092495,0.04701986281561347
2026-09-15 22:00:00+00:00,9923.425145368425,9970.868127099275,44.65544678073948,2.459242336405866,-0.3282926137029929,9460.64999413723,0.27067741540906204,0.046634619040502034
2026-09-15 23:00:00+00:00,9924.204288767305,9971.647270498155,44.65544678073948,2.459242336405866,-0.3282926137029929,9460.64999413723,0.2711357452482669,0.04670946719171718
2026-09-16 00:00:00+00:00,9923.878584590897,9971.486625460164,44.65544678073948,2.459242336405866,-0.4933517521196249,9460.484934998813,0.27111221152939124,0.046694812481040286
2026-09-16 01:00:00+00:00,9925.681513774956,9973.289554644223,44.65544678073948,2.459242336405866,-0.4933517521196249,9460.484934998813,0.27145978659296127,0.04686797356237343
2026-09-16 02:00:00+00:00,9925.437588703153,9973.04562957242,44.65544678073948,2.459242336405866,-0.4933517521196249,9460.484934998813,0.27027017487645877,0.04684454962807247
2026-09-16 03:00:00+00:00,9924.768141948962,9972.376182818229,44.65544678073948,2.459242336405866,-0.4933517521196249,9460.484934998813,0.27177196874359905,0.046780257262410675
2026-09-16 04:00:00+00:00,9922.309927463704,9969.917968332971,44.65544678073948,2.459242336405866,-0.4933517521196249,9460.484934998813,0.27208020780197295,0.04654410070246021
2026-09-16 05:00:00+00:00,9919.814304649002,9969.190585602904,46.30908630039307,2.573842901389618,-0.4933517521196249,9647.66094361591,0.07804321528657569,0.027435328190119988
2026-09-16 06:00:00+00:00,9920.090638595693,9969.466919549595,46.30908630039307,2.573842901389618,-0.4933517521196249,9647.66094361591,0.07810563855430308,0.02746241994199652
2026-09-16 07:00:00+00:00,9920.201688673875,9969.577969627777,46.30908630039307,2.573842901389618,-0.4933517521196249,9647.66094361591,0.07821699585295702,0.02747330685515499
2026-09-16 08:00:00+00:00,9920.369325348402,9969.745606302304,46.30908630039307,2.573842901389618,-0.4933517521196249,9647.66094361591,0.07811316664978764,0.02748974083411086
2026-09-16 09:00:00+00:00,9920.122851331282,9970.155243344967,46.92035985442781,2.6186804071366483,-0.4933517521196249,10014.578478829608,0.14723537084470986,-0.009521618725281204
2026-09-16 10:00:00+00:00,9920.955298031398,9970.987690045084,46.92035985442781,2.6186804071366483,-0.4933517521196249,10014.578478829608,0.14740683935498178,-0.009436911868435338
2026-09-16 11:00:00+00:00,9920.367491896153,9970.399883909839,46.92035985442781,2.6186804071366483,-0.4933517521196249,10014.578478829608,0.14758891716503356,-0.009496723484327988
2026-09-16 12:00:00+00:00,9921.833625631087,9971.866017644772,46.92035985442781,2.6186804071366483,-0.4933517521196249,10014.578478829608,0.14840679409777424,-0.009347551742747763
2026-09-16 13:00:00+00:00,9922.833978615818,9973.071341037108,47.12213062758743,2.62188004158312,-0.4933517521196249,9754.858829322462,0.17998347563690834,0.016928142671272104
2026-09-16 14:00:00+00:00,9932.341650725028,9982.579013146318,47.12213062758743,2.62188004158312,-0.4933517521196249,9754.858829322462,0.17802388750033757,0.017869182076475375
2026-09-16 15:00:00+00:00,9933.192487931301,9983.429850352592,47.12213062758743,2.62188004158312,-0.4933517521196249,9754.858829322462,0.17678597291238554,0.01795330744123922
2026-09-16 16:00:00+00:00,9931.160885213789,9981.4200654025,47.12213062758743,2.62188004158312,-0.515169519541013,9754.83701155504,0.1764153915850296,0.017754608519258953
2026-09-16 17:00:00+00:00,9927.170206586046,9978.4648550594,48.10336548253292,2.6761134712772052,-0.515169519541013,9341.550917566232,0.2389029942084077,0.058991563238363014
2026-09-16 18:00:00+00:00,9927.923347603562,9979.217996076915,48.10336548253292,2.6761134712772052,-0.515169519541013,9341.550917566232,0.23886113657963864,0.05906294896796023
2026-09-16 19:00:00+00:00,9927.019277203737,9978.31392567709,48.10336548253292,2.6761134712772052,-0.515169519541013,9341.550917566232,0.23592819853871055,0.05897725624266348
2026-09-16 20:00:00+00:00,9923.988239430408,9975.28288790376,48.10336548253292,2.6761134712772052,-0.515169519541013,9341.550917566232,0.23734025401975653,0.05868984402359631
2026-09-16 21:00:00+00:00,9922.80622359025,9974.446722103012,48.427528214274055,2.6978007789464655,-0.515169519541013,9381.302190527254,0.18322665992140277,0.054571662578236944
2026-09-16 22:00:00+00:00,9923.58010954071,9975.22060805347,48.427528214274055,2.6978007789464655,-0.515169519541013,9381.302190527254,0.1832109161835221,0.0546453913837103
2026-09-16 23:00:00+00:00,9924.349311624515,9975.989810137276,48.427528214274055,2.6978007789464655,-0.515169519541013,9381.302190527254,0.1833496350512071,0.05471866255868116
2026-09-17 00:00:00+00:00,9925.127476416817,9976.72934187325,48.427528214274055,2.6978007789464655,-0.47653646321219495,9381.340823583583,0.18416851520229024,0.054788883480371406
2026-09-17 01:00:00+00:00,9924.353668784079,9976.382859128431,48.82862236539514,2.7240315157425696,-0.47653646321219495,9398.960430542162,0.2042013476610315,0.052939793942902415
2026-09-17 02:00:00+00:00,9923.702303574602,9975.731493918955,48.82862236539514,2.7240315157425696,-0.47653646321219495,9398.960430542162,0.20423036405216874,0.05287763145045415
2026-09-17 03:00:00+00:00,9923.813045314088,9975.84223565844,48.82862236539514,2.7240315157425696,-0.47653646321219495,9398.960430542162,0.204293044547426,0.05288820057122645
2026-09-17 04:00:00+00:00,9925.560755840728,9977.58994618508,48.82862236539514,2.7240315157425696,-0.47653646321219495,9398.960430542162,0.20455855208631282,0.0530549697142993
2026-09-17 05:00:00+00:00,9924.610332475508,9977.206586007185,49.36642743040191,2.7532896380633134,-0.47653646321219495,9142.0013518383,0.24695602515787887,0.0788553861985229
2026-09-17 06:00:00+00:00,9923.574954244177,9976.171207775855,49.36642743040191,2.7532896380633134,-0.47653646321219495,9142.0013518383,0.24637453152451497,0.07875927838602231
2026-09-17 07:00:00+00:00,9924.351671080947,9976.947924612625,49.36642743040191,2.7532896380633134,-0.47653646321219495,9142.0013518383,0.24713727664150187,0.07883137812642975
2026-09-17 08:00:00+00:00,9927.068690361542,9979.70620504022,49.36642743040191,2.7532896380633134,-0.5177976102140169,9141.960090691298,0.24757883191378252,0.07908765660426302
2026-09-17 09:00:00+00:00,9926.639630130074,9979.306129015686,49.39355586421408,2.7551454111856892,-0.5177976102140169,9096.718905903881,0.2436285912435304,0.08360540476428259
2026-09-17 10:00:00+00:00,9927.058355033227,9979.724853918839,49.39355586421408,2.7551454111856892,-0.5177976102140169,9096.718905903881,0.24344481611139282,0.0836440584343242
2026-09-17 11:00:00+00:00,9925.790588449372,9978.457087334984,49.39355586421408,2.7551454111856892,-0.5177976102140169,9096.718905903881,0.24325465683525815,0.08352701733505036
2026-09-17 12:00:00+00:00,9925.387358494514,9978.053857380126,49.39355586421408,2.7551454111856892,-0.5177976102140169,9096.718905903881,0.2432129934395636,0.083489784595805
2026-09-17 13:00:00+00:00,9924.80017075679,9977.466669642401,49.39355586421408,2.7551454111856892,-0.5177976102140169,9096.718905903881,0.2446802211010391,0.08343556047534666
2026-09-17 14:00:00+00:00,9918.434648834022,9971.101147719633,49.39355586421408,2.7551454111856892,-0.5177976102140169,9096.718905903881,0.2439013200798974,0.08284732137915925
2026-09-17 15:00:00+00:00,9919.86356363678,9972.530062522392,49.39355586421408,2.7551454111856892,-0.5177976102140169,9096.718905903881,0.24379256236923455,0.08297943338155346
2026-09-17 16:00:00+00:00,9921.103064732846,9973.830717835845,49.39355586421408,2.7551454111856892,-0.57895182760027,9096.657751686493,0.2445978553882518,0.08310016614755875
2026-09-17 17:00:00+00:00,9926.455852268724,9979.52937365783,49.71673207724431,2.777837484262339,-0.57895182760027,9197.932994861769,0.2811012828550699,0.07339204125311741
2026-09-17 18:00:00+00:00,9925.148222062147,9978.221743451253,49.71673207724431,2.777837484262339,-0.57895182760027,9197.932994861769,0.28090268747648023,0.07326996140812148
2026-09-17 19:00:00+00:00,9926.439400524707,9979.512921913813,49.71673207724431,2.777837484262339,-0.57895182760027,9197.932994861769,0.28108263785141013,0.07339050552451153
2026-09-17 20:00:00+00:00,9922.964324614019,9976.037846003124,49.71673207724431,2.777837484262339,-0.57895182760027,9197.932994861769,0.28253016754467253,0.0730660018552926
2026-09-17 21:00:00+00:00,9922.884931400124,9975.988809759718,49.745145380614595,2.7797811513784567,-0.57895182760027,9150.54907594126,0.27735639374961346,0.07783380143962688
2026-09-17 22:00:00+00:00,9923.741309030322,9976.845187389916,49.745145380614595,2.7797811513784567,-0.57895182760027,9150.54907594126,0.277089563211974,0.07791338054988169
2026-09-17 23:00:00+00:00,9922.802044847185,9975.90592320678,49.745145380614595,2.7797811513784567,-0.57895182760027,9150.54907594126,0.27676068232410767,0.0778260984564282
2026-09-18 00:00:00+00:00,9924.145890758315,9977.277230408112,49.745145380614595,2.7797811513784567,-0.6064131178026617,9150.521614651057,0.27681451383349415,0.07795373875223667
2026-09-18 01:00:00+00:00,9923.187950021686,9976.319289671483,49.745145380614595,2.7797811513784567,-0.6064131178026617,9150.521614651057,0.27702566134987394,0.07786472847860744
2026-09-18 02:00:00+00:00,9922.48827686194,9975.619616511738,49.745145380614595,2.7797811513784567,-0.6064131178026617,9150.521614651057,0.2773193511558597,0.07779970514160417
2026-09-18 03:00:00+00:00,9922.94035510895,9976.071694758748,49.745145380614595,2.7797811513784567,-0.6064131178026617,9150.521614651057,0.27811012272338625,0.07784171957258654
2026-09-18 04:00:00+00:00,9925.279058901473,9978.41039855127,49.745145380614595,2.7797811513784567,-0.6064131178026617,9150.521614651057,0.2797071525757684,0.07805900868405063
2026-09-18 05:00:00+00:00,9928.489074055105,9982.029420120858,50.12772140859759,2.8062115393534137,-0.6064131178026617,9136.98016516965,0.25597963278417585,0.0797209830198441
2026-09-18 06:00:00+00:00,9929.528357690911,9983.068703756664,50.12772140859759,2.8062115393534137,-0.6064131178026617,9136.98016516965,0.25621231505859465,0.07981730490828334
2026-09-18 07:00:00+00:00,9929.113058577557,9982.65340464331,50.12772140859759,2.8062115393534137,-0.6064131178026617,9136.98016516965,0.2566433540545651,0.0797788169733447
2026-09-18 08:00:00+00:00,9929.792352246877,9983.475442918649,50.12772140859759,2.8062115393534137,-0.7491577238218192,9136.837420563632,0.25668819691539546,0.0798561443738366
2026-09-18 09:00:00+00:00,9927.44888562869,9981.412643442174,50.391193133486226,2.8234069561776556,-0.7491577238218192,9108.071397442429,0.2163943470855317,0.0825365607646109
2026-09-18 10:00:00+00:00,9925.54904394214,9979.512801755624,50.391193133486226,2.8234069561776556,-0.7491577238218192,9108.071397442429,0.21607560739251022,0.08236094979538103
2026-09-18 11:00:00+00:00,9928.648629772206,9982.61238758569,50.391193133486226,2.8234069561776556,-0.7491577238218192,9108.071397442429,0.21637776371761527,0.08264742392727856
2026-09-18 12:00:00+00:00,9931.017591692302,9984.981349505786,50.391193133486226,2.8234069561776556,-0.7491577238218192,9108.071397442429,0.21620657363543322,0.08286625077960805
2026-09-18 13:00:00+00:00,9929.666686263343,9983.714291612856,50.46999663209932,2.828450993592581,-0.7491577238218192,9101.387546630052,0.2025893431044677,0.08341459646164441
2026-09-18 14:00:00+00:00,9913.486683451712,9967.534288801226,50.46999663209932,2.828450993592581,-0.7491577238218192,9101.387546630052,0.20294089906996104,0.08191861882230318
2026-09-18 15:00:00+00:00,9903.999180627723,9958.108986514524,50.529658081764374,2.830990081214298,-0.7491577238218192,9001.892135738623,0.19315882631551676,0.0910851291924203
2026-09-18 16:00:00+00:00,9900.887615282683,9955.127677136928,50.5863619400783,2.8349311333628906,-0.8187687808037352,8907.259390300116,0.18305694646347487,0.10035748950920687
2026-09-18 17:00:00+00:00,9898.261790845376,9952.891075877524,50.950513977345736,2.8600022739971576,-0.8187687808037352,9113.509935634562,0.24470774608008167,0.07928178419534314
2026-09-18 18:00:00+00:00,9897.538264110652,9952.1675491428,50.950513977345736,2.8600022739971576,-0.8187687808037352,9113.509935634562,0.2451657580579675,0.07921447814140262
2026-09-18 19:00:00+00:00,9897.510004785137,9952.139289817285,50.950513977345736,2.8600022739971576,-0.8187687808037352,9113.509935634562,0.245542274794855,0.0792118491187719
2026-09-18 20:00:00+00:00,9894.090751631873,9948.72003666402,50.950513977345736,2.8600022739971576,-0.8187687808037352,9113.509935634562,0.24584103015575326,0.07889363819192452
2026-09-18 21:00:00+00:00,9895.194962715126,9949.93413213145,51.05270959464958,2.867691040870025,-0.8187687808037352,9048.27688673692,0.22885466620885248,0.08558882156131074
2026-09-18 22:00:00+00:00,9895.66737153843,9950.406540954753,51.05270959464958,2.867691040870025,-0.8187687808037352,9048.27688673692,0.22889873921347637,0.08563247459577555
2026-09-18 23:00:00+00:00,9895.926916048098,9950.666085464421,51.05270959464958,2.867691040870025,-0.8187687808037352,9048.27688673692,0.22874629805633928,0.08565645608564008
2026-09-19 00:00:00+00:00,9897.266732792095,9952.012315269169,51.05270959464958,2.867691040870025,-0.8251818415528943,9048.270473676172,0.22879444443788993,0.08578088092776046
2026-09-19 01:00:00+00:00,9894.64564356776,9949.391226044832,51.05270959464958,2.867691040870025,-0.8251818415528943,9048.270473676172,0.2293932376815366,0.08553870450548104
2026-09-19 02:00:00+00:00,9894.387457938994,9949.133040416067,51.05270959464958,2.867691040870025,-0.8251818415528943,9048.270473676172,0.22933069053304675,0.08551484241542621
2026-09-19 03:00:00+00:00,9893.871421407826,9948.6170038849,51.05270959464958,2.867691040870025,-0.8251818415528943,9048.270473676172,0.22955280318653984,0.08546714543934628
2026-09-19 04:00:00+00:00,9894.401490026143,9949.147072503216,51.05270959464958,2.867691040870025,-0.8251818415528943,9048.270473676172,0.22949296662854715,0.08551613932413173
2026-09-19 05:00:00+00:00,9893.666967660125,9949.131462716958,51.70807483587069,2.931238379406943,-0.8251818415528943,8148.191491074596,0.24253349011441494,0.176423512363115
2026-09-19 06:00:00+00:00,9893.266212109098,9948.73070716593,51.70807483587069,2.931238379406943,-0.8251818415528943,8148.191491074596,0.24246091476825868,0.17639015099973518
2026-09-19 07:00:00+00:00,9891.772651601694,9947.237146658526,51.70807483587069,2.931238379406943,-0.8251818415528943,8148.191491074596,0.2424172978619369,0.1762657940025313
2026-09-19 08:00:00+00:00,9892.841726653856,9948.306221710689,51.70807483587069,2.931238379406943,-0.8251818415528943,8148.191491074596,0.2425652228881783,0.17635481126507088
2026-09-19 09:00:00+00:00,9889.800998611056,9945.286375805452,51.72722361318833,2.9329717396536683,-0.8251818415528943,8180.086971160013,0.23972910669005637,0.17287648433888192
2026-09-19 10:00:00+00:00,9890.31883682461,9945.804214019006,51.72722361318833,2.9329717396536683,-0.8251818415528943,8180.086971160013,0.23978306323641238,0.17291979094717283
2026-09-19 11:00:00+00:00,9891.624468575661,9947.109845770057,51.72722361318833,2.9329717396536683,-0.8251818415528943,8180.086971160013,0.23944208184253374,0.1730289602939304
2026-09-19 12:00:00+00:00,9890.640591354455,9946.125968548851,51.72722361318833,2.9329717396536683,-0.8251818415528943,8180.086971160013,0.23948023147360192,0.17294669686912512
2026-09-19 13:00:00+00:00,9890.634176368852,9946.215613411907,51.816184862278156,2.940070339222559,-0.8251818415528943,8175.534985621837,0.25450454935355726,0.17340639236711503
2026-09-19 14:00:00+00:00,9891.409989676744,9946.991426719798,51.816184862278156,2.940070339222559,-0.8251818415528943,8175.534985621837,0.2544414548375692,0.173471224612638
2026-09-19 15:00:00+00:00,9891.105867434902,9946.687304477957,51.816184862278156,2.940070339222559,-0.8251818415528943,8175.534985621837,0.25467177694846876,0.17344581129814254
2026-09-19 16:00:00+00:00,9888.377471552198,9943.794679895938,51.816184862278156,2.940070339222559,-0.6609531422403526,8175.69921432115,0.2552275782503408,0.1732011406480224
2026-09-19 17:00:00+00:00,9887.90692372184,9943.600047429742,52.07604349121322,2.9561270744490216,-0.6609531422403526,8207.846646687856,0.27906451649685793,0.16991060797744678
2026-09-19 18:00:00+00:00,9889.546392584401,9945.239516292304,52.07604349121322,2.9561270744490216,-0.6609531422403526,8207.846646687856,0.2785922201044311,0.17004821850651866
2026-09-19 19:00:00+00:00,9890.155452257517,9945.84857596542,52.07604349121322,2.9561270744490216,-0.6609531422403526,8207.846646687856,0.2785745436884811,0.17009932894286897
2026-09-19 20:00:00+00:00,9889.54813009829,9945.241253806193,52.07604349121322,2.9561270744490216,-0.6609531422403526,8207.846646687856,0.2785763319776785,0.17004836432235645
2026-09-19 21:00:00+00:00,9889.522393280211,9945.433073068085,52.280317516325546,2.969409129307152,-0.6609531422403526,8244.754403790243,0.27644433294936804,0.16631419840937556
2026-09-19 22:00:00+00:00,9889.928920249615,9945.839600037489,52.280317516325546,2.969409129307152,-0.6609531422403526,8244.754403790243,0.2764289188812887,0.16634846718573276
2026-09-19 23:00:00+00:00,9889.882947097562,9945.793626885436,52.280317516325546,2.969409129307152,-0.6609531422403526,8244.754403790243,0.27646012794656305,0.16634459195395473
2026-09-20 00:00:00+00:00,9888.864643048679,9944.775322836553,52.280317516325546,2.969409129307152,-0.6609531422403526,8244.754403790243,0.2766143406104073,0.16625874643902164
2026-09-20 01:00:00+00:00,9888.882476041374,9944.940860363835,52.41814791647922,2.979283263741891,-0.6609531422403526,8266.380722384942,0.2847203391742008,0.16407331744384693
2026-09-20 02:00:00+00:00,9888.363440598998,9944.42182492146,52.41814791647922,2.979283263741891,-0.6609531422403526,8266.380722384942,0.284451430922164,0.16402944005421816
2026-09-20 03:00:00+00:00,9888.06255960677,9944.12094392923,52.41814791647922,2.979283263741891,-0.6609531422403526,8266.380722384942,0.28308714974041715,0.16400400254813105
2026-09-20 04:00:00+00:00,9886.310801037464,9942.369185359925,52.41814791647922,2.979283263741891,-0.6609531422403526,8266.380722384942,0.2825743958112138,0.16385587215025926
2026-09-20 05:00:00+00:00,9885.344745792432,9941.799360715748,52.78693072284923,3.006731058226291,-0.6609531422403526,8286.892164426847,0.2990234879418714,0.16169922470796427
2026-09-20 06:00:00+00:00,9886.548771740589,9943.003386663904,52.78693072284923,3.006731058226291,-0.6609531422403526,8286.892164426847,0.2991394292336851,0.16180131654093008
2026-09-20 07:00:00+00:00,9885.508314588493,9941.962929511808,52.78693072284923,3.006731058226291,-0.6609531422403526,8286.892164426847,0.29887510576241894,0.1617130955018769
2026-09-20 08:00:00+00:00,9885.27893164035,9941.92245058437,52.78693072284923,3.006731058226291,-0.8498571629436653,8286.703260406142,0.29882853732128245,0.16171275310376515
2026-09-20 09:00:00+00:00,9885.925991684278,9942.569510628298,52.78693072284923,3.006731058226291,-0.8498571629436653,8286.703260406142,0.29877857065581226,0.1617676212246937
2026-09-20 10:00:00+00:00,9886.598217285567,9943.241736229587,52.78693072284923,3.006731058226291,-0.8498571629436653,8286.703260406142,0.29866166143057904,0.1618246156784439
2026-09-20 11:00:00+00:00,9886.590437731697,9943.233956675716,52.78693072284923,3.006731058226291,-0.8498571629436653,8286.703260406142,0.2982301633146059,0.16182395613554101
2026-09-20 12:00:00+00:00,9886.204705002601,9942.848223946621,52.78693072284923,3.006731058226291,-0.8498571629436653,8286.703260406142,0.2984308057048294,0.16179125279361076
2026-09-20 13:00:00+00:00,9887.69520451128,9944.3387234553,52.78693072284923,3.006731058226291,-0.8498571629436653,8286.703260406142,0.2985231506980403,0.16191760678208214
2026-09-20 14:00:00+00:00,9888.04647474424,9944.68999368826,52.78693072284923,3.006731058226291,-0.8498571629436653,8286.703260406142,0.29851880451356216,0.1619473794372025
2026-09-20 15:00:00+00:00,9888.124695494305,9944.768214438325,52.78693072284923,3.006731058226291,-0.8498571629436653,8286.703260406142,0.2985789345995166,0.16195400891514636
2026-09-20 16:00:00+00:00,9885.054158187544,9941.614374420236,52.78693072284923,3.006731058226291,-0.7665544516162075,8286.786563117472,0.2997010366268283,0.1616852643893981
2026-09-20 17:00:00+00:00,9883.371601795321,9939.931818028013,52.78693072284923,3.006731058226291,-0.7665544516162075,8286.786563117472,0.30053196570553115,0.1615425487379053
2026-09-20 18:00:00+00:00,9884.386609763233,9940.946825995925,52.78693072284923,3.006731058226291,-0.7665544516162075,8286.786563117472,0.30026505033273193,0.16162864826308423
2026-09-20 19:00:00+00:00,9883.879972749884,9940.440188982577,52.78693072284923,3.006731058226291,-0.7665544516162075,8286.786563117472,0.2999770715841974,0.16158567425298995
2026-09-20 20:00:00+00:00,9883.727215351551,9940.287431584244,52.78693072284923,3.006731058226291,-0.7665544516162075,8286.786563117472,0.30017945941356783,0.16157271618683366
2026-09-20 21:00:00+00:00,9883.714924575788,9940.27514080848,52.78693072284923,3.006731058226291,-0.7665544516162075,8286.786563117472,0.3001672020446763,0.1615716735705889
2026-09-20 22:00:00+00:00,9886.213674116905,9942.773890349597,52.78693072284923,3.006731058226291,-0.7665544516162075,8286.786563117472,0.2999234361958858,0.16178358709633123
2026-09-20 23:00:00+00:00,9892.931745455733,9949.491961688425,52.78693072284923,3.006731058226291,-0.7665544516162075,8286.786563117472,0.30123401810072054,0.16235280133980862
2026-09-21 00:00:00+00:00,9894.415055140424,9951.02593516629,52.78693072284923,3.006731058226291,-0.8172182447911197,8286.735899324298,0.301305239461422,0.16248349668542483
2026-09-21 01:00:00+00:00,9894.65595015891,9952.393343196627,53.8692997416796,3.050875051244666,-0.8172182447911197,9319.972233671162,0.12106553420492132,0.05808021212486113
2026-09-21 02:00:00+00:00,9895.881919405108,9953.619312442825,53.8692997416796,3.050875051244666,-0.8172182447911197,9319.972233671162,0.1203319944791774,0.058196903562948696
2026-09-21 03:00:00+00:00,9896.067058026805,9953.804451064521,53.8692997416796,3.050875051244666,-0.8172182447911197,9319.972233671162,0.1207305299864018,0.05821452310070667
2026-09-21 04:00:00+00:00,9895.692519951566,9953.429912989282,53.8692997416796,3.050875051244666,-0.8172182447911197,9319.972233671162,0.12089118563874869,0.05817887784201505
2026-09-21 05:00:00+00:00,9896.353464758105,9954.377973167413,54.13862229269599,3.068667871820747,-0.8172182447911197,9422.851335537187,0.13401125173533152,0.04784612139280454
2026-09-21 06:00:00+00:00,9896.246149605533,9954.27065801484,54.13862229269599,3.068667871820747,-0.8172182447911197,9422.851335537187,0.13420108929508187,0.04783579621119429
2026-09-21 07:00:00+00:00,9895.568012669199,9953.592521078506,54.13862229269599,3.068667871820747,-0.8172182447911197,9422.851335537187,0.1344522436047646,0.047770545008310475
2026-09-21 08:00:00+00:00,9895.348766177587,9953.372004603014,54.13862229269599,3.068667871820747,-0.8159482609096934,9422.852605521068,0.13458663818310856,0.04774931857596746
2026-09-21 09:00:00+00:00,9892.733467941847,9951.06595586651,54.42975171100498,3.086787952749186,-0.8159482609096934,9471.568125715168,0.09270544629544952,0.0425732021985124
2026-09-21 10:00:00+00:00,9892.516045957476,9950.84853388214,54.42975171100498,3.086787952749186,-0.8159482609096934,9471.568125715168,0.09287344272768763,0.042552159459405214
2026-09-21 11:00:00+00:00,9893.497377818429,9951.829865743091,54.42975171100498,3.086787952749186,-0.8159482609096934,9471.568125715168,0.0927207358901831,0.04264712830967543
2026-09-21 12:00:00+00:00,9891.278082982868,9949.610570907531,54.42975171100498,3.086787952749186,-0.8159482609096934,9471.568125715168,0.0927584536827585,0.04243232813257738
2026-09-21 13:00:00+00:00,9889.864970934179,9948.623749903645,54.83411499713104,3.1087157114252957,-0.8159482609096934,9298.864233591983,0.1389940308347754,0.05975822107572934
2026-09-21 14:00:00+00:00,9884.030048031826,9942.788827001292,54.83411499713104,3.1087157114252957,-0.8159482609096934,9298.864233591983,0.1397576106104165,0.05920316020855942
2026-09-21 15:00:00+00:00,9887.888697311464,9946.711679094487,54.89509891461195,3.1119346075004186,-0.8159482609096934,9197.163387206323,0.12982090216939896,0.0698556922766486
2026-09-21 16:00:00+00:00,9889.404114865643,9948.399033983444,54.89509891461195,3.1119346075004186,-0.9878855956860711,9196.991449871546,0.1298171178628729,0.07001561033927924
2026-09-21 17:00:00+00:00,9897.372604377797,9958.109032061398,56.54824292094601,3.200299166968139,-0.9878855956860711,8901.780340232212,0.28493566290442696,0.10059157151517314
2026-09-21 18:00:00+00:00,9918.853483993391,9979.589911676992,56.54824292094601,3.200299166968139,-0.9878855956860711,8901.780340232212,0.28608000678867523,0.10253938576696264
2026-09-21 19:00:00+00:00,9915.156470118414,9975.892897802016,56.54824292094601,3.200299166968139,-0.9878855956860711,8901.780340232212,0.2865307387861312,0.10220475420032372
2026-09-21 20:00:00+00:00,9909.317931484185,9970.054359167787,56.54824292094601,3.200299166968139,-0.9878855956860711,8901.780340232212,0.28591976434243427,0.10167577609461856
2026-09-21 21:00:00+00:00,9908.624102156511,9969.752621167572,56.91739065356612,3.2232427618094555,-0.9878855956860711,8813.470137303177,0.23315183888668758,0.11052533162651561
2026-09-21 22:00:00+00:00,9908.590408060763,9969.718927071825,56.91739065356612,3.2232427618094555,-0.9878855956860711,8813.470137303177,0.2331201226297672,0.11052230697382473
2026-09-21 23:00:00+00:00,9911.373893495698,9972.50241250676,56.91739065356612,3.2232427618094555,-0.9878855956860711,8813.470137303177,0.23328925408228027,0.11077210566266872
2026-09-22 00:00:00+00:00,9908.562169969877,9969.70890382477,56.91739065356612,3.2232427618094555,-1.0061004395199908,8813.451922459342,0.23330872383071943,0.11052161037345172
2026-09-22 01:00:00+00:00,9908.17869635571,9969.393966713886,56.98192867941582,3.2272412392414376,-1.0061004395199908,8860.660859001628,0.234837585027135,0.10572254189757048
2026-09-22 02:00:00+00:00,9909.278262527432,9970.493532885608,56.98192867941582,3.2272412392414376,-1.0061004395199908,8860.660859001628,0.23466781781922327,0.10582177387138453
2026-09-22 03:00:00+00:00,9913.275515078094,9974.49078543627,56.98192867941582,3.2272412392414376,-1.0061004395199908,8860.660859001628,0.23498279552139542,0.10618232636381778
2026-09-22 04:00:00+00:00,9914.01356797393,9975.228838332107,56.98192867941582,3.2272412392414376,-1.0061004395199908,8860.660859001628,0.23495724620831668,0.10624886699520336
2026-09-22 05:00:00+00:00,9914.914997579632,9976.527908707005,57.346344391719086,3.2604662961357076,-1.0061004395199908,8566.641705934095,0.289727869624651,0.13598435205694342
2026-09-22 06:00:00+00:00,9913.007330936693,9974.620242064066,57.346344391719086,3.2604662961357076,-1.0061004395199908,8566.641705934095,0.2898242304110344,0.1358180802308938
2026-09-22 07:00:00+00:00,9913.734746299267,9975.34765742664,57.346344391719086,3.2604662961357076,-1.0061004395199908,8566.641705934095,0.2896047994693693,0.135881489149993
2026-09-22 08:00:00+00:00,9914.525285905784,9976.183072407954,57.346344391719086,3.2604662961357076,-1.0509758143164163,8566.596830559298,0.28962055592133,0.13595491629464743
2026-09-22 09:00:00+00:00,9913.745888236805,9975.403674738975,57.346344391719086,3.2604662961357076,-1.0509758143164163,8566.596830559298,0.2905010529652824,0.13588698690330278
2026-09-22 10:00:00+00:00,9909.127657208059,9970.785443710229,57.346344391719086,3.2604662961357076,-1.0509758143164163,8566.596830559298,0.2908386093154589,0.13548425987550813
2026-09-22 11:00:00+00:00,9902.92797506891,9964.58576157108,57.346344391719086,3.2604662961357076,-1.0509758143164163,8566.596830559298,0.2908935697674932,0.1349430338051422
2026-09-22 12:00:00+00:00,9892.832383200765,9954.490169702935,57.346344391719086,3.2604662961357076,-1.0509758143164163,8566.596830559298,0.290982406505366,0.13406024698180238
2026-09-22 13:00:00+00:00,9884.6849088867,9946.509721760603,57.502529432258015,3.271307627329069,-1.0509758143164163,8568.022543556386,0.3025936061966834,0.1332022596032965
2026-09-22 14:00:00+00:00,9903.999253694765,9965.824066568668,57.502529432258015,3.271307627329069,-1.0509758143164163,8568.022543556386,0.30364728280938535,0.1348926505259965
2026-09-22 15:00:00+00:00,9911.090793101059,9972.915605974962,57.502529432258015,3.271307627329069,-1.0509758143164163,8568.022543556386,0.3033671034329067,0.13551164827180884
2026-09-22 16:00:00+00:00,9906.933769125035,9968.971977603405,57.502529432258015,3.271307627329069,-1.264371418782775,8567.809147951919,0.3036505699022777,0.1351704424780247
2026-09-22 17:00:00+00:00,9890.199931574976,9952.801058507584,58.03238234452369,3.3043731693009053,-1.264371418782775,8472.86471425018,0.33824994141829845,0.1433070339457831
2026-09-22 18:00:00+00:00,9893.172074271688,9955.773201204296,58.03238234452369,3.3043731693009053,-1.264371418782775,8472.86471425018,0.33924653642880503,0.14356440475903354
2026-09-22 19:00:00+00:00,9889.308609813785,9951.909736746393,58.03238234452369,3.3043731693009053,-1.264371418782775,8472.86471425018,0.33895304804610454,0.14322982034942044
2026-09-22 20:00:00+00:00,9889.576310105942,9952.17743703855,58.03238234452369,3.3043731693009053,-1.264371418782775,8472.86471425018,0.3378405040578236,0.14325301220518974
2026-09-22 21:00:00+00:00,9888.166665250512,9950.835340233745,58.09635217159602,3.3079513928531403,-1.264371418782775,8579.417122876986,0.32681320310024053,0.13235512574568528
2026-09-22 22:00:00+00:00,9889.992020411573,9952.660695394807,58.09635217159602,3.3079513928531403,-1.264371418782775,8579.417122876986,0.32670503310870735,0.13251526339250239
2026-09-22 23:00:00+00:00,9892.400157382453,9955.068832365687,58.09635217159602,3.3079513928531403,-1.264371418782775,8579.417122876986,0.3268903496800295,0.13272643783274582
2026-09-23 00:00:00+00:00,9891.736778586503,9954.376918603963,58.09635217159602,3.3079513928531403,-1.2358364530093384,8579.44565784276,0.32746816850677307,0.13266539032706298
