ts,equity,gross_equity,fees,spread,funding,cash,gross_exposure,net_exposure
2026-06-22 00:00:00+00:00,10000.0,10000.0,0.0,0.0,0.0,10000.0,0.0,0.0
2026-06-22 01:00:00+00:00,10000.0,10000.0,0.0,0.0,0.0,10000.0,0.0,0.0
2026-06-22 02:00:00+00:00,10000.0,10000.0,0.0,0.0,0.0,10000.0,0.0,0.0
2026-06-22 03:00:00+00:00,10000.0,10000.0,0.0,0.0,0.0,10000.0,0.0,0.0
2026-06-22 04:00:00+00:00,10000.0,10000.0,0.0,0.0,0.0,10000.0,0.0,0.0
2026-06-22 05:00:00+00:00,10000.514565834163,10001.336309825283,0.7800250313758468,0.04171895974472057,0.0,8699.17825600888,0.1301269350950379,0.1301269350950379
2026-06-22 06:00:00+00:00,10003.891287281842,10004.713031272962,0.7800250313758468,0.04171895974472057,0.0,8699.17825600888,0.13042055274347814,0.13042055274347814
2026-06-22 07:00:00+00:00,10006.094019014457,10006.915763005578,0.7800250313758468,0.04171895974472057,0.0,8699.17825600888,0.1306119811109173,0.1306119811109173
2026-06-22 08:00:00+00:00,10006.686713623763,10007.508457614884,0.7800250313758468,0.04171895974472057,0.0,8699.17825600888,0.13066347483775587,0.13066347483775587
2026-06-22 09:00:00+00:00,10002.15062353405,10003.410782881949,1.1963356252994806,0.06382372259993777,0.0,8004.910955542232,0.19968102292846046,0.19968102292846046
2026-06-22 10:00:00+00:00,10000.146537587965,10001.406696935865,1.1963356252994806,0.06382372259993777,0.0,8004.910955542232,0.19952063447732077,0.19952063447732077
2026-06-22 11:00:00+00:00,9997.924230086222,9999.184389434122,1.1963356252994806,0.06382372259993777,0.0,8004.910955542232,0.19934270641364946,0.19934270641364946
2026-06-22 12:00:00+00:00,9998.478629693329,9999.738789041228,1.1963356252994806,0.06382372259993777,0.0,8004.910955542232,0.19938710157669687,0.19938710157669687
2026-06-22 13:00:00+00:00,9997.95259848378,9999.21275783168,1.1963356252994806,0.06382372259993777,0.0,8004.910955542232,0.19934497821521968,0.19934497821521968
2026-06-22 14:00:00+00:00,9979.8218023793,9981.081961727199,1.1963356252994806,0.06382372259993777,0.0,8004.910955542232,0.19789039182705923,0.19789039182705923
2026-06-22 15:00:00+00:00,9936.907426488926,9938.167585836825,1.1963356252994806,0.06382372259993777,0.0,8004.910955542232,0.19442633286454383,0.19442633286454383
2026-06-22 16:00:00+00:00,9935.814462922706,9937.259582564227,1.1963356252994806,0.06382372259993777,-0.18496029362228902,8004.725995248609,0.19435633333133412,0.19435633333133412
2026-06-22 17:00:00+00:00,9934.71439245396,9936.317632574863,1.3525167661134678,0.06576306116855102,-0.18496029362228902,7744.26791275115,0.22048409175875164,0.22048409175875164
2026-06-22 18:00:00+00:00,9940.732892781256,9942.336132902159,1.3525167661134678,0.06576306116855102,-0.18496029362228902,7744.26791275115,0.2209560405375272,0.2209560405375272
2026-06-22 19:00:00+00:00,9943.582564786493,9945.185804907396,1.3525167661134678,0.06576306116855102,-0.18496029362228902,7744.26791275115,0.2211793020982037,0.2211793020982037
2026-06-22 20:00:00+00:00,9939.892893961282,9941.496134082185,1.3525167661134678,0.06576306116855102,-0.18496029362228902,7744.26791275115,0.22089020521981928,0.22089020521981928
2026-06-22 21:00:00+00:00,9934.616753638662,9936.403354753505,1.5314321708512504,0.07020865036929892,-0.18496029362228902,8042.28133857605,0.2504784784479393,0.19047895474876006
2026-06-22 22:00:00+00:00,9940.88478813482,9942.671389249663,1.5314321708512504,0.07020865036929892,-0.18496029362228902,8042.28133857605,0.25090663338091435,0.1909893827383345
2026-06-22 23:00:00+00:00,9937.562381846281,9939.348982961124,1.5314321708512504,0.07020865036929892,-0.18496029362228902,8042.28133857605,0.2505389872815587,0.1907189077607692
2026-06-23 00:00:00+00:00,9935.193023149948,9937.29025183331,1.5314321708512504,0.07020865036929892,-0.4955878621410752,8041.9707110075315,0.2503409895082902,0.19055717465488875
2026-06-23 01:00:00+00:00,9938.054265119641,9940.48515658123,1.8588149047786207,0.07648869466964993,-0.4955878621410752,7993.308622969889,0.1956867602318671,0.1956867602318671
2026-06-23 02:00:00+00:00,9934.707130657203,9937.138022118792,1.8588149047786207,0.07648869466964993,-0.4955878621410752,7993.308622969889,0.1954157764446233,0.1954157764446233
2026-06-23 03:00:00+00:00,9935.570818973973,9938.001710435561,1.8588149047786207,0.07648869466964993,-0.4955878621410752,7993.308622969889,0.19548571807217585,0.19548571807217585
2026-06-23 04:00:00+00:00,9935.616434046533,9938.047325508122,1.8588149047786207,0.07648869466964993,-0.4955878621410752,7993.308622969889,0.19548941165048478,0.19548941165048478
2026-06-23 05:00:00+00:00,9927.520909772682,9930.750748122118,2.6206685757688946,0.11358191152701404,-0.4955878621410752,8666.147021542001,0.22681585059576775,0.12705829579154854
2026-06-23 06:00:00+00:00,9924.556171420141,9927.786009769578,2.6206685757688946,0.11358191152701404,-0.4955878621410752,8666.147021542001,0.22636785579801721,0.12679752405472752
2026-06-23 07:00:00+00:00,9919.177175298375,9922.407013647811,2.6206685757688946,0.11358191152701404,-0.4955878621410752,8666.147021542001,0.22525058196380596,0.1263240016396503
2026-06-23 08:00:00+00:00,9918.342787656087,9921.572626005523,2.6206685757688946,0.11358191152701404,-0.4955878621410752,8666.147021542001,0.22505511001028866,0.12625050302481092
2026-06-23 09:00:00+00:00,9919.950929904866,9923.407080284795,2.8364083343238233,0.12415418346461873,-0.4955878621410752,8814.124024167806,0.2611782298208419,0.1114750378858643
2026-06-23 10:00:00+00:00,9917.311665605575,9920.767815985504,2.8364083343238233,0.12415418346461873,-0.4955878621410752,8814.124024167806,0.26175094269943866,0.11123857741244085
2026-06-23 11:00:00+00:00,9919.365945402213,9922.822095782141,2.8364083343238233,0.12415418346461873,-0.4955878621410752,8814.124024167806,0.2619917381204067,0.11142263803128497
2026-06-23 12:00:00+00:00,9918.525725421418,9921.981875801346,2.8364083343238233,0.12415418346461873,-0.4955878621410752,8814.124024167806,0.26256658938770727,0.11134736470189352
2026-06-23 13:00:00+00:00,9913.065072516316,9916.673695258105,2.9851840021887472,0.12785087746010615,-0.4955878621410752,9061.934694941481,0.28698326034867494,0.08585945631836611
2026-06-23 14:00:00+00:00,9929.77033418742,9933.37895692921,2.9851840021887472,0.12785087746010615,-0.4955878621410752,9061.934694941481,0.2911651994453933,0.08739735261127335
2026-06-23 15:00:00+00:00,9925.583109437237,9929.191732179026,2.9851840021887472,0.12785087746010615,-0.4955878621410752,9061.934694941481,0.29021741252228084,0.08701236037957309
2026-06-23 16:00:00+00:00,9923.33567563743,9926.94429837922,2.9851840021887472,0.12785087746010615,-0.4955878621410752,9061.934694941481,0.28965415356295976,0.08680558723925419
2026-06-23 17:00:00+00:00,9917.608368246441,9921.648030283679,3.392673758599117,0.15140041649818514,-0.4955878621410752,8840.46398939633,0.26189985514370273,0.10860928752730764
2026-06-23 18:00:00+00:00,9914.574584376918,9918.614246414156,3.392673758599117,0.15140041649818514,-0.4955878621410752,8840.46398939633,0.2610715578219974,0.10833652879803218
2026-06-23 19:00:00+00:00,9907.127727104451,9911.167389141689,3.392673758599117,0.15140041649818514,-0.4955878621410752,8840.46398939633,0.2605161299729739,0.10766629512506279
2026-06-23 20:00:00+00:00,9905.144078546633,9909.18374058387,3.392673758599117,0.15140041649818514,-0.4955878621410752,8840.46398939633,0.26041645511432615,0.10748759237700277
2026-06-23 21:00:00+00:00,9906.524427527931,9910.743918370456,3.5634860577344805,0.16041692264961818,-0.4955878621410752,9124.9803423228,0.23177300281759675,0.07889185464817522
2026-06-23 22:00:00+00:00,9899.69305862561,9903.912549468134,3.5634860577344805,0.16041692264961818,-0.4955878621410752,9124.9803423228,0.2326829937692024,0.07825623599792328
2026-06-23 23:00:00+00:00,9899.783337667806,9904.00282851033,3.5634860577344805,0.16041692264961818,-0.4955878621410752,9124.9803423228,0.23185764006668935,0.07826464165098937
2026-06-24 00:00:00+00:00,9903.01759622422,9907.16179888392,3.5634860577344805,0.16041692264961818,-0.42029967931697737,9125.055630505625,0.23214493297284822,0.07855807163416648
2026-06-24 01:00:00+00:00,9905.718792018366,9910.091989770495,3.7821118741064774,0.17078619870595466,-0.42029967931697737,8760.460644069259,0.19554818863568207,0.1156158550424337
2026-06-24 02:00:00+00:00,9903.37989427707,9907.7530920292,3.7821118741064774,0.17078619870595466,-0.42029967931697737,8760.460644069259,0.1953008724196529,0.11540698856440688
2026-06-24 03:00:00+00:00,9900.887094768654,9905.260292520783,3.7821118741064774,0.17078619870595466,-0.42029967931697737,8760.460644069259,0.19483449614825418,0.115184269831939
2026-06-24 04:00:00+00:00,9903.393670950447,9907.766868702576,3.7821118741064774,0.17078619870595466,-0.42029967931697737,8760.460644069259,0.19526530229880457,0.11540821912732258
2026-06-24 05:00:00+00:00,9905.906789826,9910.995307432066,4.4650408634363155,0.2031770633108312,-0.42029967931697737,7621.562732863532,0.23060423497106147,0.23060423497106147
2026-06-24 06:00:00+00:00,9908.024637952487,9913.113155558553,4.4650408634363155,0.2031770633108312,-0.42029967931697737,7621.562732863532,0.23076869392620497,0.23076869392620497
2026-06-24 07:00:00+00:00,9906.842143241385,9911.93066084745,4.4650408634363155,0.2031770633108312,-0.42029967931697737,7621.562732863532,0.23067687738790812,0.23067687738790812
2026-06-24 08:00:00+00:00,9904.252863376296,9909.341380982361,4.4650408634363155,0.2031770633108312,-0.42029967931697737,7621.562732863532,0.23047575238649637,0.23047575238649637
2026-06-24 09:00:00+00:00,9905.635555560959,9910.724073167024,4.4650408634363155,0.2031770633108312,-0.42029967931697737,7621.562732863532,0.2305831675197421,0.2305831675197421
2026-06-24 10:00:00+00:00,9904.105838311292,9909.194355917358,4.4650408634363155,0.2031770633108312,-0.42029967931697737,7621.562732863532,0.23046432890674234,0.23046432890674234
2026-06-24 11:00:00+00:00,9900.846737332573,9905.935254938639,4.4650408634363155,0.2031770633108312,-0.42029967931697737,7621.562732863532,0.23021101779857583,0.23021101779857583
2026-06-24 12:00:00+00:00,9908.050299709434,9913.1388173155,4.4650408634363155,0.2031770633108312,-0.42029967931697737,7621.562732863532,0.2307706862280419,0.2307706862280419
2026-06-24 13:00:00+00:00,9902.145725673057,9907.234243279123,4.4650408634363155,0.2031770633108312,-0.42029967931697737,7621.562732863532,0.2303120006501936,0.2303120006501936
2026-06-24 14:00:00+00:00,9900.109808055418,9905.198325661484,4.4650408634363155,0.2031770633108312,-0.42029967931697737,7621.562732863532,0.23015371742017474,0.23015371742017474
2026-06-24 15:00:00+00:00,9918.503235566966,9923.770889899697,4.635195784348866,0.21215886906410902,-0.42029967931697737,7904.98411279687,0.2030063483318507,0.2030063483318507
2026-06-24 16:00:00+00:00,9909.648444042274,9915.069228166605,4.635195784348866,0.21215886906410902,-0.5734294709185278,7904.8309830052685,0.20230964522685066,0.20230964522685066
2026-06-24 17:00:00+00:00,9896.449296702514,9902.02281824683,4.774277890169471,0.22581418322785737,-0.5734294709185278,7672.88839119844,0.2246826956659053,0.2246826956659053
2026-06-24 18:00:00+00:00,9887.156401660492,9892.729923204808,4.774277890169471,0.22581418322785737,-0.5734294709185278,7672.88839119844,0.22395397832385636,0.22395397832385636
2026-06-24 19:00:00+00:00,9872.385528203491,9877.959049747808,4.774277890169471,0.22581418322785737,-0.5734294709185278,7672.88839119844,0.22279287318364077,0.22279287318364077
2026-06-24 20:00:00+00:00,9868.889973186378,9874.463494730695,4.774277890169471,0.22581418322785737,-0.5734294709185278,7672.88839119844,0.22251758687698822,0.22251758687698822
2026-06-24 21:00:00+00:00,9871.249964839159,9876.823486383475,4.774277890169471,0.22581418322785737,-0.5734294709185278,7672.88839119844,0.22270346526236895,0.22270346526236895
2026-06-24 22:00:00+00:00,9873.092877954354,9878.66639949867,4.774277890169471,0.22581418322785737,-0.5734294709185278,7672.88839119844,0.22284855555939867,0.22284855555939867
2026-06-24 23:00:00+00:00,9863.4278555406,9869.001377084916,4.774277890169471,0.22581418322785737,-0.5734294709185278,7672.88839119844,0.22208703672036945,0.22208703672036945
2026-06-25 00:00:00+00:00,9860.019118601685,9865.829635566832,4.774277890169471,0.22581418322785737,-0.8104248917487149,7672.65139577761,0.2218421380844423,0.2218421380844423
2026-06-25 01:00:00+00:00,9863.363135767337,9869.173652732483,4.774277890169471,0.22581418322785737,-0.8104248917487149,7672.65139577761,0.22210596019177153,0.22210596019177153
2026-06-25 02:00:00+00:00,9862.965697374608,9868.776214339754,4.774277890169471,0.22581418322785737,-0.8104248917487149,7672.65139577761,0.22207461414775387,0.22207461414775387
2026-06-25 03:00:00+00:00,9861.535311097936,9867.345828063082,4.774277890169471,0.22581418322785737,-0.8104248917487149,7672.65139577761,0.22196177839134323,0.22196177839134323
2026-06-25 04:00:00+00:00,9863.158709198418,9868.969226163565,4.774277890169471,0.22581418322785737,-0.8104248917487149,7672.65139577761,0.22208983734368307,0.22208983734368307
2026-06-25 05:00:00+00:00,9859.48986914842,9865.52169040817,4.981412724738659,0.23998364326240282,-0.8104248917487149,7327.219536661061,0.2568358369545214,0.2568358369545214
2026-06-25 06:00:00+00:00,9859.453939439529,9865.48576069928,4.981412724738659,0.23998364326240282,-0.8104248917487149,7327.219536661061,0.2568331287242075,0.2568331287242075
2026-06-25 07:00:00+00:00,9857.837800458463,9863.869621718213,4.981412724738659,0.23998364326240282,-0.8104248917487149,7327.219536661061,0.2567112905509267,0.2567112905509267
2026-06-25 08:00:00+00:00,9859.659509436002,9865.691330695752,4.981412724738659,0.23998364326240282,-0.8104248917487149,7327.219536661061,0.25684862345918913,0.25684862345918913
2026-06-25 09:00:00+00:00,9859.6363750436,9865.88301714782,5.188470232438878,0.2477469800339028,-0.8104248917487149,6981.916632986329,0.291868749778771,0.291868749778771
2026-06-25 10:00:00+00:00,9862.953150917756,9869.199793021977,5.188470232438878,0.2477469800339028,-0.8104248917487149,6981.916632986329,0.2921068846061936,0.2921068846061936
2026-06-25 11:00:00+00:00,9858.455869188221,9864.702511292442,5.188470232438878,0.2477469800339028,-0.8104248917487149,6981.916632986329,0.29178395423894676,0.29178395423894676
2026-06-25 12:00:00+00:00,9852.396694936017,9858.643337040237,5.188470232438878,0.2477469800339028,-0.8104248917487149,6981.916632986329,0.29134840494446096,0.29134840494446096
2026-06-25 13:00:00+00:00,9851.951276515789,9858.28046334263,5.268031899656691,0.2507300354351499,-0.8104248917487149,6849.234292622756,0.3047839864018254,0.3047839864018254
2026-06-25 14:00:00+00:00,9796.954723032533,9803.283909859374,5.268031899656691,0.2507300354351499,-0.8104248917487149,6849.234292622756,0.30088129564176913,0.30088129564176913
2026-06-25 15:00:00+00:00,9818.27294843624,9825.062936021704,5.687630873712602,0.29193182000466356,-0.8104248917487149,7548.146317075219,0.23121445525942375,0.23121445525942375
2026-06-25 16:00:00+00:00,9816.032979255579,9822.940310205691,5.687630873712602,0.29193182000466356,-0.9277682563969338,7548.02897371057,0.23105097653380213,0.23105097653380213
2026-06-25 17:00:00+00:00,9805.156721165227,9812.37857807431,5.9849923535240395,0.3090962991617313,-0.9277682563969338,7052.129145878363,0.2807734392806013,0.2807734392806013
2026-06-25 18:00:00+00:00,9806.364524610635,9813.586381519717,5.9849923535240395,0.3090962991617313,-0.9277682563969338,7052.129145878363,0.2808620230076172,0.2808620230076172
2026-06-25 19:00:00+00:00,9810.273779002382,9817.495635911464,5.9849923535240395,0.3090962991617313,-0.9277682563969338,7052.129145878363,0.28114858925012576,0.28114858925012576
2026-06-25 20:00:00+00:00,9812.358519333906,9819.580376242988,5.9849923535240395,0.3090962991617313,-0.9277682563969338,7052.129145878363,0.28130131690733584,0.28130131690733584
2026-06-25 21:00:00+00:00,9811.1306843596,9818.927179674747,6.537616834866982,0.33111022388409955,-0.9277682563969338,7972.617323635257,0.18739056892343786,0.18739056892343786
2026-06-25 22:00:00+00:00,9809.995267887318,9817.791763202466,6.537616834866982,0.33111022388409955,-0.9277682563969338,7972.617323635257,0.18729651687668541,0.18729651687668541
2026-06-25 23:00:00+00:00,9806.58490119268,9814.381396507828,6.537616834866982,0.33111022388409955,-0.9277682563969338,7972.617323635257,0.18701388873249603,0.18701388873249603
2026-06-26 00:00:00+00:00,9808.663385969818,9816.822328963714,6.537616834866982,0.33111022388409955,-1.290215935145706,7972.254875956509,0.18722311468452293,0.18722311468452293
2026-06-26 01:00:00+00:00,9804.681648054491,9812.966632723532,6.655588434000862,0.33918029989336,-1.290215935145706,7775.517572467575,0.2069586905954826,0.2069586905954826
2026-06-26 02:00:00+00:00,9793.64916570299,9801.93415037203,6.655588434000862,0.33918029989336,-1.290215935145706,7775.517572467575,0.20606533469698304,0.20606533469698304
2026-06-26 03:00:00+00:00,9777.907335552829,9786.19232022187,6.655588434000862,0.33918029989336,-1.290215935145706,7775.517572467575,0.20478714865751407,0.20478714865751407
2026-06-26 04:00:00+00:00,9786.599859779926,9794.884844448967,6.655588434000862,0.33918029989336,-1.290215935145706,7775.517572467575,0.20549346209374647,0.20549346209374647
2026-06-26 05:00:00+00:00,9776.988120705617,9785.784969014872,7.1514138668994205,0.35521850721165993,-1.290215935145706,8112.060180494409,0.17029047388175092,0.17029047388175092
2026-06-26 06:00:00+00:00,9781.294028488988,9790.090876798244,7.1514138668994205,0.35521850721165993,-1.290215935145706,8112.060180494409,0.17065572746640378,0.17065572746640378
2026-06-26 07:00:00+00:00,9792.23039858775,9801.027246897005,7.1514138668994205,0.35521850721165993,-1.290215935145706,8112.060180494409,0.17158197363653302,0.17158197363653302
2026-06-26 08:00:00+00:00,9795.984065474668,9804.780913783923,7.1514138668994205,0.35521850721165993,-1.290215935145706,8112.060180494409,0.1718994103833981,0.1718994103833981
2026-06-26 09:00:00+00:00,9791.883142017381,9800.679990326636,7.1514138668994205,0.35521850721165993,-1.290215935145706,8112.060180494409,0.171552594854281,0.171552594854281
2026-06-26 10:00:00+00:00,9794.061573033787,9802.858421343042,7.1514138668994205,0.35521850721165993,-1.290215935145706,8112.060180494409,0.1717368611578337,0.1717368611578337
2026-06-26 11:00:00+00:00,9795.096668260816,9803.893516570071,7.1514138668994205,0.35521850721165993,-1.290215935145706,8112.060180494409,0.1718243877286043,0.1718243877286043
2026-06-26 12:00:00+00:00,9793.959174390788,9802.756022700043,7.1514138668994205,0.35521850721165993,-1.290215935145706,8112.060180494409,0.17172820142993878,0.17172820142993878
2026-06-26 13:00:00+00:00,9795.741847610601,9804.538695919857,7.1514138668994205,0.35521850721165993,-1.290215935145706,8112.060180494409,0.17187893406224047,0.17187893406224047
2026-06-26 14:00:00+00:00,9790.801594031722,9799.598442340977,7.1514138668994205,0.35521850721165993,-1.290215935145706,8112.060180494409,0.1714610798119574,0.1714610798119574
2026-06-26 15:00:00+00:00,9801.642334132597,9810.439182441853,7.1514138668994205,0.35521850721165993,-1.290215935145706,8112.060180494409,0.17237745431237564,0.17237745431237564
2026-06-26 16:00:00+00:00,9814.141641529008,9823.327706642807,7.1514138668994205,0.35521850721165993,-1.6794327396892528,8111.670963689866,0.17347117455846123,0.17347117455846123
2026-06-26 17:00:00+00:00,9805.401434100386,9815.053685698216,7.58744992594684,0.3853689321955654,-1.6794327396892528,7384.508162551784,0.2468938459907849,0.2468938459907849
2026-06-26 18:00:00+00:00,9804.168957736423,9813.821209334254,7.58744992594684,0.3853689321955654,-1.6794327396892528,7384.508162551784,0.24679917345521632,0.24679917345521632
2026-06-26 19:00:00+00:00,9795.360704015588,9805.012955613418,7.58744992594684,0.3853689321955654,-1.6794327396892528,7384.508162551784,0.24612187486628034,0.24612187486628034
2026-06-26 20:00:00+00:00,9791.83686184773,9801.489113445561,7.58744992594684,0.3853689321955654,-1.6794327396892528,7384.508162551784,0.24585057260049986,0.24585057260049986
2026-06-26 21:00:00+00:00,9788.627664488959,9798.279916086789,7.58744992594684,0.3853689321955654,-1.6794327396892528,7384.508162551784,0.2456033250359297,0.2456033250359297
2026-06-26 22:00:00+00:00,9788.806947722991,9798.459199320821,7.58744992594684,0.3853689321955654,-1.6794327396892528,7384.508162551784,0.24561714190619321,0.24561714190619321
2026-06-26 23:00:00+00:00,9793.566273506942,9803.218525104772,7.58744992594684,0.3853689321955654,-1.6794327396892528,7384.508162551784,0.2459837452136326,0.2459837452136326
2026-06-27 00:00:00+00:00,9791.946886671296,9801.988414150366,7.58744992594684,0.3853689321955654,-2.068708620929999,7384.118886670543,0.24589880111362372,0.24589880111362372
2026-06-27 01:00:00+00:00,9797.082607233177,9807.124134712247,7.58744992594684,0.3853689321955654,-2.068708620929999,7384.118886670543,0.24629410787872155,0.24629410787872155
2026-06-27 02:00:00+00:00,9798.161602126967,9808.203129606038,7.58744992594684,0.3853689321955654,-2.068708620929999,7384.118886670543,0.2463771076129616,0.2463771076129616
2026-06-27 03:00:00+00:00,9801.254889920656,9811.296417399726,7.58744992594684,0.3853689321955654,-2.068708620929999,7384.118886670543,0.24661495190129468,0.24661495190129468
2026-06-27 04:00:00+00:00,9802.050463332256,9812.091990811326,7.58744992594684,0.3853689321955654,-2.068708620929999,7384.118886670543,0.24667609962902842,0.24667609962902842
2026-06-27 05:00:00+00:00,9800.701769794325,9810.743297273395,7.58744992594684,0.3853689321955654,-2.068708620929999,7384.118886670543,0.24657243326918363,0.24657243326918363
2026-06-27 06:00:00+00:00,9798.950480928754,9808.992008407824,7.58744992594684,0.3853689321955654,-2.068708620929999,7384.118886670543,0.2464377791231914,0.2464377791231914
2026-06-27 07:00:00+00:00,9802.270633916029,9812.312161395099,7.58744992594684,0.3853689321955654,-2.068708620929999,7384.118886670543,0.24669302017418676,0.24669302017418676
2026-06-27 08:00:00+00:00,9802.785526244268,9812.827053723338,7.58744992594684,0.3853689321955654,-2.068708620929999,7384.118886670543,0.24673258770156806,0.24673258770156806
2026-06-27 09:00:00+00:00,9802.25485697548,9812.538694252713,7.818786939942762,0.39634171636065313,-2.068708620929999,7769.449239649751,0.20738142876168372,0.20738142876168372
2026-06-27 10:00:00+00:00,9802.043292875143,9812.327130152376,7.818786939942762,0.39634171636065313,-2.068708620929999,7769.449239649751,0.2073643211413719,0.2073643211413719
2026-06-27 11:00:00+00:00,9802.82075518047,9813.104592457703,7.818786939942762,0.39634171636065313,-2.068708620929999,7769.449239649751,0.20742718512486819,0.20742718512486819
2026-06-27 12:00:00+00:00,9802.783517012576,9813.06735428981,7.818786939942762,0.39634171636065313,-2.068708620929999,7769.449239649751,0.20742417435149985,0.20742417435149985
2026-06-27 13:00:00+00:00,9804.18997643266,9814.566713563278,7.907480134507641,0.40054837518083897,-2.068708620929999,7621.538555513722,0.22262435001418812,0.22262435001418812
2026-06-27 14:00:00+00:00,9805.007195960374,9815.38393309099,7.907480134507641,0.40054837518083897,-2.068708620929999,7621.538555513722,0.22268914206878235,0.22268914206878235
2026-06-27 15:00:00+00:00,9803.534050839346,9813.910787969962,7.907480134507641,0.40054837518083897,-2.068708620929999,7621.538555513722,0.22257233809870924,0.22257233809870924
2026-06-27 16:00:00+00:00,9803.68308527244,9814.059822403056,7.907480134507641,0.40054837518083897,-2.068708620929999,7621.538555513722,0.22258415646226254,0.22258415646226254
2026-06-27 17:00:00+00:00,9803.46493099043,9813.841668121047,7.907480134507641,0.40054837518083897,-2.068708620929999,7621.538555513722,0.22256685680378852,0.22256685680378852
2026-06-27 18:00:00+00:00,9799.77549511884,9810.152232249457,7.907480134507641,0.40054837518083897,-2.068708620929999,7621.538555513722,0.22227416747353781,0.22227416747353781
2026-06-27 19:00:00+00:00,9801.055585461329,9811.432322591945,7.907480134507641,0.40054837518083897,-2.068708620929999,7621.538555513722,0.22237574421888337,0.22237574421888337
2026-06-27 20:00:00+00:00,9799.114006551528,9809.490743682145,7.907480134507641,0.40054837518083897,-2.068708620929999,7621.538555513722,0.22222166714071437,0.22222166714071437
2026-06-27 21:00:00+00:00,9801.11014342868,9811.486880559296,7.907480134507641,0.40054837518083897,-2.068708620929999,7621.538555513722,0.22238007287126432,0.22238007287126432
2026-06-27 22:00:00+00:00,9801.336354890289,9811.713092020906,7.907480134507641,0.40054837518083897,-2.068708620929999,7621.538555513722,0.22239802007090362,0.22239802007090362
2026-06-27 23:00:00+00:00,9800.824603031535,9811.201340162152,7.907480134507641,0.40054837518083897,-2.068708620929999,7621.538555513722,0.22235741744054152,0.22235741744054152
2026-06-28 00:00:00+00:00,9798.501749298133,9808.87848642875,7.907480134507641,0.40054837518083897,-2.068708620929999,7621.538555513722,0.22217306783053314,0.22217306783053314
2026-06-28 01:00:00+00:00,9800.083453937114,9810.61362853633,8.053969701068054,0.4074962772184163,-2.068708620929999,7377.2427883464725,0.2472265340370425,0.2472265340370425
2026-06-28 02:00:00+00:00,9797.861792560176,9808.391967159392,8.053969701068054,0.4074962772184163,-2.068708620929999,7377.2427883464725,0.24705584294440192,0.24705584294440192
2026-06-28 03:00:00+00:00,9798.579607238365,9809.109781837582,8.053969701068054,0.4074962772184163,-2.068708620929999,7377.2427883464725,0.24711100138465109,0.24711100138465109
2026-06-28 04:00:00+00:00,9799.85665576184,9810.386830361056,8.053969701068054,0.4074962772184163,-2.068708620929999,7377.2427883464725,0.24720911259359973,0.24720911259359973
2026-06-28 05:00:00+00:00,9800.225812087512,9810.755986686729,8.053969701068054,0.4074962772184163,-2.068708620929999,7377.2427883464725,0.2472374688298053,0.2472374688298053
2026-06-28 06:00:00+00:00,9800.28856187533,9810.818736474546,8.053969701068054,0.4074962772184163,-2.068708620929999,7377.2427883464725,0.24724228865616144,0.24724228865616144
2026-06-28 07:00:00+00:00,9800.208786956173,9810.73896155539,8.053969701068054,0.4074962772184163,-2.068708620929999,7377.2427883464725,0.2472361611147108,0.2472361611147108
2026-06-28 08:00:00+00:00,9803.952966255087,9814.483140854303,8.053969701068054,0.4074962772184163,-2.068708620929999,7377.2427883464725,0.2475236454378431,0.2475236454378431
2026-06-28 09:00:00+00:00,9806.030432693486,9816.560607292702,8.053969701068054,0.4074962772184163,-2.068708620929999,7377.2427883464725,0.24768306207263963,0.24768306207263963
2026-06-28 10:00:00+00:00,9803.103665994791,9813.633840594008,8.053969701068054,0.4074962772184163,-2.068708620929999,7377.2427883464725,0.24745845400607114,0.24745845400607114
2026-06-28 11:00:00+00:00,9801.102708577313,9811.63288317653,8.053969701068054,0.4074962772184163,-2.068708620929999,7377.2427883464725,0.24730481786601732,0.24730481786601732
2026-06-28 12:00:00+00:00,9802.333702448504,9812.863877047721,8.053969701068054,0.4074962772184163,-2.068708620929999,7377.2427883464725,0.2473993426173884,0.2473993426173884
2026-06-28 13:00:00+00:00,9802.303709644097,9812.833884243313,8.053969701068054,0.4074962772184163,-2.068708620929999,7377.2427883464725,0.24739703983173905,0.24739703983173905
2026-06-28 14:00:00+00:00,9802.842421901983,9813.3725965012,8.053969701068054,0.4074962772184163,-2.068708620929999,7377.2427883464725,0.24743839890113095,0.24743839890113095
2026-06-28 15:00:00+00:00,9802.683883417725,9813.214058016942,8.053969701068054,0.4074962772184163,-2.068708620929999,7377.2427883464725,0.24742622774709108,0.24742622774709108
2026-06-28 16:00:00+00:00,9800.847034956747,9811.377209555963,8.053969701068054,0.4074962772184163,-2.068708620929999,7377.2427883464725,0.2472851823894393,0.2472851823894393
2026-06-28 17:00:00+00:00,9802.78865674506,9813.318831344277,8.053969701068054,0.4074962772184163,-2.068708620929999,7377.2427883464725,0.2474342713417196,0.2474342713417196
2026-06-28 18:00:00+00:00,9802.45730573054,9812.987480329757,8.053969701068054,0.4074962772184163,-2.068708620929999,7377.2427883464725,0.24740883247369833,0.24740883247369833
2026-06-28 19:00:00+00:00,9802.050380046865,9812.580554646082,8.053969701068054,0.4074962772184163,-2.068708620929999,7377.2427883464725,0.24737758914567012,0.24737758914567012
2026-06-28 20:00:00+00:00,9799.754087118581,9810.284261717798,8.053969701068054,0.4074962772184163,-2.068708620929999,7377.2427883464725,0.24720123354487147,0.24720123354487147
2026-06-28 21:00:00+00:00,9802.503448838252,9813.18715557456,8.203779449904497,0.4112186654754259,-2.068708620929999,7626.775893325041,0.2219563162480772,0.2219563162480772
2026-06-28 22:00:00+00:00,9800.697640876633,9811.381347612942,8.203779449904497,0.4112186654754259,-2.068708620929999,7626.775893325041,0.2218129593636912,0.2218129593636912
2026-06-28 23:00:00+00:00,9805.323223914162,9816.00693065047,8.203779449904497,0.4112186654754259,-2.068708620929999,7626.775893325041,0.22218006289439501,0.22218006289439501
2026-06-29 00:00:00+00:00,9811.777360984124,9822.461067720433,8.203779449904497,0.4112186654754259,-2.068708620929999,7626.775893325041,0.22269170887912673,0.22269170887912673
2026-06-29 01:00:00+00:00,9801.277096498638,9811.960803234946,8.203779449904497,0.4112186654754259,-2.068708620929999,7626.775893325041,0.22185896610865194,0.22185896610865194
2026-06-29 02:00:00+00:00,9800.523211519276,9811.206918255584,8.203779449904497,0.4112186654754259,-2.068708620929999,7626.775893325041,0.22179910921891094,0.22179910921891094
2026-06-29 03:00:00+00:00,9801.145212614329,9811.828919350637,8.203779449904497,0.4112186654754259,-2.068708620929999,7626.775893325041,0.2218484954687558,0.2218484954687558
2026-06-29 04:00:00+00:00,9810.29726013587,9820.98096687218,8.203779449904497,0.4112186654754259,-2.068708620929999,7626.775893325041,0.22257443468951396,0.22257443468951396
2026-06-29 05:00:00+00:00,9808.149486119832,9819.812963324317,9.145574652903724,0.4491939306520772,-2.068708620929999,7429.590177654148,0.38199522283119297,0.24250846827240374
2026-06-29 06:00:00+00:00,9813.210362035941,9824.873839240427,9.145574652903724,0.4491939306520772,-2.068708620929999,7429.590177654148,0.38276519212101523,0.24289912235074776
2026-06-29 07:00:00+00:00,9813.353185220723,9825.016662425209,9.145574652903724,0.4491939306520772,-2.068708620929999,7429.590177654148,0.3824665507624679,0.24291014116934168
2026-06-29 08:00:00+00:00,9817.59242167853,9829.255898883015,9.145574652903724,0.4491939306520772,-2.068708620929999,7429.590177654148,0.38277635145760874,0.24323705257425032
2026-06-29 09:00:00+00:00,9811.23164335453,9822.895120559015,9.145574652903724,0.4491939306520772,-2.068708620929999,7429.590177654148,0.382342581647584,0.24274643105726143
2026-06-29 10:00:00+00:00,9813.320964759616,9824.984441964101,9.145574652903724,0.4491939306520772,-2.068708620929999,7429.590177654148,0.3829766648751172,0.24290765538655334
2026-06-29 11:00:00+00:00,9814.330018957624,9825.99349616211,9.145574652903724,0.4491939306520772,-2.068708620929999,7429.590177654148,0.38354461765445336,0.24298549536209277
2026-06-29 12:00:00+00:00,9810.281634445859,9821.945111650344,9.145574652903724,0.4491939306520772,-2.068708620929999,7429.590177654148,0.3834322859500733,0.24267310007009676
2026-06-29 13:00:00+00:00,9801.583335622287,9813.33822451018,9.234770123578038,0.4514101433863625,-2.068708620929999,7280.841864392951,0.4002338543974878,0.25717696671190904
2026-06-29 14:00:00+00:00,9824.465280431608,9836.220169319502,9.234770123578038,0.4514101433863625,-2.068708620929999,7280.841864392951,0.4015672319631668,0.25890705941065845
2026-06-29 15:00:00+00:00,9828.073571119148,9839.828460007042,9.234770123578038,0.4514101433863625,-2.068708620929999,7280.841864392951,0.40238554403592586,0.2591791451593842
2026-06-29 16:00:00+00:00,9826.123996341947,9838.252454159276,9.234770123578038,0.4514101433863625,-2.442277550364791,7280.4682954635155,0.40397314676595697,0.25907017882393146
2026-06-29 17:00:00+00:00,9831.510006547633,9844.361493947643,9.935733992126915,0.4734758575201932,-2.442277550364791,6989.499553375192,0.4489980912276419,0.2890716127308731
2026-06-29 18:00:00+00:00,9855.9646566791,9868.81614407911,9.935733992126915,0.4734758575201932,-2.442277550364791,6989.499553375192,0.45050338421030844,0.29083557045442404
2026-06-29 19:00:00+00:00,9860.893991173836,9873.745478573846,9.935733992126915,0.4734758575201932,-2.442277550364791,6989.499553375192,0.4508654249038761,0.29119007266164054
2026-06-29 20:00:00+00:00,9873.594224176777,9886.445711576787,9.935733992126915,0.4734758575201932,-2.442277550364791,6989.499553375192,0.4507612607015613,0.29210180257757645
2026-06-29 21:00:00+00:00,9869.057315668986,9883.169287192932,11.143259768204414,0.5264342053769554,-2.442277550364791,8204.430294381576,0.24672656571652254,0.1686713297980853
2026-06-29 22:00:00+00:00,9870.033258041487,9884.145229565433,11.143259768204414,0.5264342053769554,-2.442277550364791,8204.430294381576,0.24692422864299968,0.1687535310281635
2026-06-29 23:00:00+00:00,9869.098441736309,9883.210413260254,11.143259768204414,0.5264342053769554,-2.442277550364791,8204.430294381576,0.24678507165182462,0.16867479407388114
2026-06-30 00:00:00+00:00,9869.78146331409,9884.066935557361,11.143259768204414,0.5264342053769554,-2.6157782696908947,8204.25679366225,0.24688937753843557,0.1687499035153496
2026-06-30 01:00:00+00:00,9864.27415260239,9878.55962484566,11.143259768204414,0.5264342053769554,-2.6157782696908947,8204.25679366225,0.2463401182137178,0.1682858093012543
2026-06-30 02:00:00+00:00,9866.467736326127,9880.753208569398,11.143259768204414,0.5264342053769554,-2.6157782696908947,8204.25679366225,0.24657275075890805,0.16847072195290191
2026-06-30 03:00:00+00:00,9867.264141370484,9881.549613613755,11.143259768204414,0.5264342053769554,-2.6157782696908947,8204.25679366225,0.2465615708719805,0.16853783621092513
2026-06-30 04:00:00+00:00,9868.692125005477,9882.977597248748,11.143259768204414,0.5264342053769554,-2.6157782696908947,8204.25679366225,0.24675364599340333,0.16865814742825422
2026-06-30 05:00:00+00:00,9869.005256805931,9884.242893612989,12.050476609933616,0.5713819274359874,-2.6157782696908947,8131.321369409641,0.25430354801190436,0.17607487707010153
2026-06-30 06:00:00+00:00,9868.254981035585,9883.492617842643,12.050476609933616,0.5713819274359874,-2.6157782696908947,8131.321369409641,0.2542510061636864,0.17601223468221203
2026-06-30 07:00:00+00:00,9867.470379433566,9882.708016240624,12.050476609933616,0.5713819274359874,-2.6157782696908947,8131.321369409641,0.25412802623887304,0.1759467161555936
2026-06-30 08:00:00+00:00,9866.44743230408,9881.685069111138,12.050476609933616,0.5713819274359874,-2.6157782696908947,8131.321369409641,0.2539593147197054,0.1758612788239668
2026-06-30 09:00:00+00:00,9861.651339430027,9877.11652782912,12.257684212405739,0.591725916996539,-2.6157782696908947,7785.768157686965,0.2886670580216051,0.21050056530015612
2026-06-30 10:00:00+00:00,9864.915552314602,9880.380740713694,12.257684212405739,0.591725916996539,-2.6157782696908947,7785.768157686965,0.2888636584873139,0.21076180364664224
2026-06-30 11:00:00+00:00,9867.60590499482,9883.071093393912,12.257684212405739,0.591725916996539,-2.6157782696908947,7785.768157686965,0.2892458222305692,0.2109769854361596
2026-06-30 12:00:00+00:00,9865.853965775483,9881.319154174575,12.257684212405739,0.591725916996539,-2.6157782696908947,7785.768157686965,0.28880391404888656,0.21083687385849287
2026-06-30 13:00:00+00:00,9849.58525686322,9865.148694448566,12.347149542649161,0.6005097730075576,-2.6157782696908947,7636.5698086176835,0.30252170660597727,0.22468107951078456
2026-06-30 14:00:00+00:00,9848.657829280179,9864.221266865525,12.347149542649161,0.6005097730075576,-2.6157782696908947,7636.5698086176835,0.30189149880348976,0.22460806934381766
2026-06-30 15:00:00+00:00,9845.963843576537,9861.646714156564,12.456668781877761,0.6104235284594821,-2.6157782696908947,7818.992354759456,0.2826567174332551,0.20586826450103907
2026-06-30 16:00:00+00:00,9861.238644825007,9877.177728554101,12.456668781877761,0.6104235284594821,-2.8719914187575464,7818.7361416103895,0.28444631049661295,0.2071243356722215
2026-06-30 17:00:00+00:00,9862.455575930311,9879.216708765014,13.225473477591054,0.6636679383561032,-2.8719914187575464,7522.71881071542,0.4155751405978462,0.23723673553725363
2026-06-30 18:00:00+00:00,9850.477084057142,9867.238216891845,13.225473477591054,0.6636679383561032,-2.8719914187575464,7522.71881071542,0.4137475077931663,0.2363091912684276
2026-06-30 19:00:00+00:00,9853.968867719264,9870.730000553967,13.225473477591054,0.6636679383561032,-2.8719914187575464,7522.71881071542,0.4142237607804133,0.23657980741554963
2026-06-30 20:00:00+00:00,9848.641170287336,9865.402303122039,13.225473477591054,0.6636679383561032,-2.8719914187575464,7522.71881071542,0.4162162083006781,0.23616682944943318
2026-06-30 21:00:00+00:00,9844.970117805226,9861.731250639928,13.225473477591054,0.6636679383561032,-2.8719914187575464,7522.71881071542,0.4160635112919278,0.2358820066797231
2026-06-30 22:00:00+00:00,9849.031097297458,9865.792230132161,13.225473477591054,0.6636679383561032,-2.8719914187575464,7522.71881071542,0.4157315436225752,0.23619706990471084
2026-06-30 23:00:00+00:00,9848.936232573738,9865.697365408441,13.225473477591054,0.6636679383561032,-2.8719914187575464,7522.71881071542,0.4153074822828739,0.23618971297273064
2026-07-01 00:00:00+00:00,9848.41614402901,9865.936919673864,13.225473477591054,0.6636679383561032,-3.631634228908796,7521.959167905268,0.4153075870314518,0.2362265101413538
2026-07-01 01:00:00+00:00,9848.691079988257,9866.631755226132,13.63274501839929,0.676295990566305,-3.631634228908796,7738.155019295233,0.484716648334964,0.21429609717188342
2026-07-01 02:00:00+00:00,9841.139774315718,9859.080449553592,13.63274501839929,0.676295990566305,-3.631634228908796,7738.155019295233,0.4843291083600986,0.2136932106694636
2026-07-01 03:00:00+00:00,9833.245725222143,9851.186400460017,13.63274501839929,0.676295990566305,-3.631634228908796,7738.155019295233,0.48626799332022413,0.21306197002206817
2026-07-01 04:00:00+00:00,9830.774918358497,9848.715593596371,13.63274501839929,0.676295990566305,-3.631634228908796,7738.155019295233,0.48691466814148,0.21286418582887073
2026-07-01 05:00:00+00:00,9827.712383154367,9845.926885739662,13.901385020029618,0.6814833363565653,-3.631634228908796,7786.680052678765,0.4417937768834001,0.2076813251041133
2026-07-01 06:00:00+00:00,9830.895241005803,9849.109743591098,13.901385020029618,0.6814833363565653,-3.631634228908796,7786.680052678765,0.4407199517891925,0.20793784677924138
2026-07-01 07:00:00+00:00,9840.425824035834,9858.64032662113,13.901385020029618,0.6814833363565653,-3.631634228908796,7786.680052678765,0.4391651616281982,0.20870496948827877
2026-07-01 08:00:00+00:00,9835.343575769344,9853.55807835464,13.901385020029618,0.6814833363565653,-3.631634228908796,7786.680052678765,0.4395851962720347,0.20829608109855252
2026-07-01 09:00:00+00:00,9831.61018842078,9850.336920782847,14.396137634090561,0.6989604990677502,-3.631634228908796,7627.216506329918,0.4571412983020458,0.2242149190055457
2026-07-01 10:00:00+00:00,9833.619379350917,9852.346111712985,14.396137634090561,0.6989604990677502,-3.631634228908796,7627.216506329918,0.4572914609755734,0.22437342629450407
2026-07-01 11:00:00+00:00,9842.446992985906,9861.173725347973,14.396137634090561,0.6989604990677502,-3.631634228908796,7627.216506329918,0.45673755146091927,0.22506907969477952
2026-07-01 12:00:00+00:00,9842.452755233397,9861.179487595464,14.396137634090561,0.6989604990677502,-3.631634228908796,7627.216506329918,0.4567678261765903,0.2250695333767896
2026-07-01 13:00:00+00:00,9827.609907633605,9846.336639995672,14.396137634090561,0.6989604990677502,-3.631634228908796,7627.216506329918,0.4593524131709265,0.22389913946365828
2026-07-01 14:00:00+00:00,9791.510366515487,9810.490182837124,14.646117533478353,0.7020645592489868,-3.631634228908796,7210.3333607842105,0.42646724854719187,0.26361377449573614
2026-07-01 15:00:00+00:00,9823.526948652003,9843.010405264304,15.124507127715576,0.7273152556764839,-3.631634228908796,6412.538980794601,0.34722640714346104,0.34722640714346104
2026-07-01 16:00:00+00:00,9844.852694801499,9865.129396235241,15.124507127715576,0.7273152556764839,-4.424879050349624,6411.74573597316,0.34872100835405745,0.34872100835405745
2026-07-01 17:00:00+00:00,9838.354871956037,9858.6641181983,15.155723359794765,0.7286438321183958,-4.424879050349624,6463.741573206395,0.3430058523675423,0.3430058523675423
2026-07-01 18:00:00+00:00,9850.230676368466,9870.53992261073,15.155723359794765,0.7286438321183958,-4.424879050349624,6463.741573206395,0.3437979489441344,0.3437979489441344
2026-07-01 19:00:00+00:00,9848.66716924142,9868.976415483683,15.155723359794765,0.7286438321183958,-4.424879050349624,6463.741573206395,0.3436937747887915,0.3436937747887915
2026-07-01 20:00:00+00:00,9841.778536301888,9862.087782544151,15.155723359794765,0.7286438321183958,-4.424879050349624,6463.741573206395,0.3432344012452055,0.3432344012452055
2026-07-01 21:00:00+00:00,9836.187341629968,9856.49658787223,15.155723359794765,0.7286438321183958,-4.424879050349624,6463.741573206395,0.34286107526137477,0.34286107526137477
2026-07-01 22:00:00+00:00,9842.386494941915,9862.695741184178,15.155723359794765,0.7286438321183958,-4.424879050349624,6463.741573206395,0.3432749692843127,0.3432749692843127
2026-07-01 23:00:00+00:00,9841.459493982187,9861.76874022445,15.155723359794765,0.7286438321183958,-4.424879050349624,6463.741573206395,0.3432131100921753,0.3432131100921753
2026-07-02 00:00:00+00:00,9835.85364334479,9856.762179260773,15.155723359794765,0.7286438321183958,-5.024168724069736,6463.142283532674,0.3428997097871811,0.3428997097871811
2026-07-02 01:00:00+00:00,9837.703179890004,9858.611715805988,15.155723359794765,0.7286438321183958,-5.024168724069736,6463.142283532674,0.3430232478710607,0.3430232478710607
2026-07-02 02:00:00+00:00,9844.124959045836,9865.033494961819,15.155723359794765,0.7286438321183958,-5.024168724069736,6463.142283532674,0.34345182426868254,0.34345182426868254
2026-07-02 03:00:00+00:00,9844.146473006145,9865.055008922129,15.155723359794765,0.7286438321183958,-5.024168724069736,6463.142283532674,0.34345325912658853,0.34345325912658853
2026-07-02 04:00:00+00:00,9848.124723807443,9869.033259723426,15.155723359794765,0.7286438321183958,-5.024168724069736,6463.142283532674,0.3437184779038909,0.3437184779038909
2026-07-02 05:00:00+00:00,9847.006387445406,9868.325418146334,15.550892621583936,0.7439693552733898,-5.024168724069736,7121.36255058617,0.27679923518018007,0.27679923518018007
2026-07-02 06:00:00+00:00,9842.816398544539,9864.135429245467,15.550892621583936,0.7439693552733898,-5.024168724069736,7121.36255058617,0.2764913758180831,0.2764913758180831
2026-07-02 07:00:00+00:00,9838.451396269158,9859.770426970086,15.550892621583936,0.7439693552733898,-5.024168724069736,7121.36255058617,0.27617037847169074,0.27617037847169074
2026-07-02 08:00:00+00:00,9839.832458518498,9861.151489219426,15.550892621583936,0.7439693552733898,-5.024168724069736,7121.36255058617,0.27627197103126544,0.27627197103126544
2026-07-02 09:00:00+00:00,9841.509616054045,9862.828646754973,15.550892621583936,0.7439693552733898,-5.024168724069736,7121.36255058617,0.2763953063695242,0.2763953063695242
2026-07-02 10:00:00+00:00,9851.281190912687,9872.600221613615,15.550892621583936,0.7439693552733898,-5.024168724069736,7121.36255058617,0.27711305640577283,0.27711305640577283
2026-07-02 11:00:00+00:00,9859.101866486206,9880.420897187134,15.550892621583936,0.7439693552733898,-5.024168724069736,7121.36255058617,0.2776864822957519,0.2776864822957519
2026-07-02 12:00:00+00:00,9850.111073521806,9871.430104222734,15.550892621583936,0.7439693552733898,-5.024168724069736,7121.36255058617,0.2770271830000796,0.2770271830000796
2026-07-02 13:00:00+00:00,9856.61273364471,9877.931764345638,15.550892621583936,0.7439693552733898,-5.024168724069736,7121.36255058617,0.2775040733539215,0.2775040733539215
2026-07-02 14:00:00+00:00,9874.77307455431,9896.092105255238,15.550892621583936,0.7439693552733898,-5.024168724069736,7121.36255058617,0.2788327896934901,0.2788327896934901
2026-07-02 15:00:00+00:00,9857.939163996572,9879.2581946975,15.550892621583936,0.7439693552733898,-5.024168724069736,7121.36255058617,0.2776012884523572,0.2776012884523572
2026-07-02 16:00:00+00:00,9842.002568577162,9863.813041811645,15.550892621583936,0.7439693552733898,-5.51561125762647,7120.871108052614,0.27648148245890325,0.27648148245890325
2026-07-02 17:00:00+00:00,9810.816793136697,9834.875718339803,17.706375587067875,0.8369383584113858,-5.51561125762647,7574.23877784915,0.4898746148200293,0.2279706228794507
2026-07-02 18:00:00+00:00,9816.783495875994,9841.139565127545,17.98449291827669,0.8559650756491989,-5.51561125762647,8037.489545865967,0.4400984764365418,0.18125019776156873
2026-07-02 19:00:00+00:00,9807.732419722073,9832.088488973624,17.98449291827669,0.8559650756491989,-5.51561125762647,8037.489545865967,0.4432339468185818,0.18049461364753167
2026-07-02 20:00:00+00:00,9806.037176816575,9830.393246068126,17.98449291827669,0.8559650756491989,-5.51561125762647,8037.489545865967,0.4419033455731189,0.18035293962904883
2026-07-02 21:00:00+00:00,9798.810645944923,9823.431169043388,18.245703206256838,0.8592086345820443,-5.51561125762647,8472.578815544897,0.3981803782122062,0.1353462045874787
2026-07-02 22:00:00+00:00,9798.424066302021,9823.044589400486,18.245703206256838,0.8592086345820443,-5.51561125762647,8472.578815544897,0.3977422001763128,0.13531209118789508
2026-07-02 23:00:00+00:00,9799.583849077602,9824.204372176067,18.245703206256838,0.8592086345820443,-5.51561125762647,8472.578815544897,0.3983662956564612,0.13541442718076346
2026-07-03 00:00:00+00:00,9795.768388166385,9820.255881489733,18.245703206256838,0.8592086345820443,-5.3825814825091625,8472.711845320015,0.3991162960536847,0.13506408996405697
2026-07-03 01:00:00+00:00,9790.468371739818,9814.955865063166,18.245703206256838,0.8592086345820443,-5.3825814825091625,8472.711845320015,0.3994749041899764,0.13459586164677342
2026-07-03 02:00:00+00:00,9787.62418397365,9812.111677296998,18.245703206256838,0.8592086345820443,-5.3825814825091625,8472.711845320015,0.40071185217738103,0.13434438367655013
2026-07-03 03:00:00+00:00,9799.276644549358,9823.764137872706,18.245703206256838,0.8592086345820443,-5.3825814825091625,8472.711845320015,0.39980464406937427,0.13537374720074036
2026-07-03 04:00:00+00:00,9793.833730654656,9818.321223978004,18.245703206256838,0.8592086345820443,-5.3825814825091625,8472.711845320015,0.4008134423628878,0.1348932319730461
2026-07-03 05:00:00+00:00,9793.814102619983,9818.30159594333,18.245703206256838,0.8592086345820443,-5.3825814825091625,8472.711845320015,0.40116107969156545,0.13489149819032764
2026-07-03 06:00:00+00:00,9789.094379794198,9813.581873117546,18.245703206256838,0.8592086345820443,-5.3825814825091625,8472.711845320015,0.40167221404619985,0.1344743939941315
2026-07-03 07:00:00+00:00,9791.977185957083,9816.46467928043,18.245703206256838,0.8592086345820443,-5.3825814825091625,8472.711845320015,0.4020759216086157,0.13472920898233487
2026-07-03 08:00:00+00:00,9780.371848488487,9804.859341811834,18.245703206256838,0.8592086345820443,-5.3825814825091625,8472.711845320015,0.40240665087186184,0.13370248324153094
2026-07-03 09:00:00+00:00,9781.61177920587,9806.099272529218,18.245703206256838,0.8592086345820443,-5.3825814825091625,8472.711845320015,0.4020122895646563,0.13381229631995478
2026-07-03 10:00:00+00:00,9775.384212748922,9799.87170607227,18.245703206256838,0.8592086345820443,-5.3825814825091625,8472.711845320015,0.4030368198488213,0.1332604774480353
2026-07-03 11:00:00+00:00,9774.558312260162,9799.04580558351,18.245703206256838,0.8592086345820443,-5.3825814825091625,8472.711845320015,0.4041571545837483,0.13318724236441964
2026-07-03 12:00:00+00:00,9770.126951410874,9794.614444734221,18.245703206256838,0.8592086345820443,-5.3825814825091625,8472.711845320015,0.4047085249518724,0.13279408881207047
2026-07-03 13:00:00+00:00,9766.035435697268,9791.046455058304,18.742981548327954,0.8854563301984758,-5.3825814825091625,7643.41733019275,0.3202297711075182,0.21734695921190547
2026-07-03 14:00:00+00:00,9767.558333107809,9792.569352468845,18.742981548327954,0.8854563301984758,-5.3825814825091625,7643.41733019275,0.32041201077880077,0.21746898564353978
2026-07-03 15:00:00+00:00,9771.576343437067,9796.587362798104,18.742981548327954,0.8854563301984758,-5.3825814825091625,7643.41733019275,0.3199292256826183,0.21779075744249413
2026-07-03 16:00:00+00:00,9769.505539369513,9794.51655873055,18.742981548327954,0.8854563301984758,-5.3825814825091625,7643.41733019275,0.3194191270355096,0.21762495559360437
2026-07-03 17:00:00+00:00,9769.849195709514,9794.86021507055,18.742981548327954,0.8854563301984758,-5.3825814825091625,7643.41733019275,0.3200072145715397,0.2176524757875075
2026-07-03 18:00:00+00:00,9769.15127481694,9794.162294177977,18.742981548327954,0.8854563301984758,-5.3825814825091625,7643.41733019275,0.32021785664118446,0.21759658386127545
2026-07-03 19:00:00+00:00,9773.078033493688,9798.089052854724,18.742981548327954,0.8854563301984758,-5.3825814825091625,7643.41733019275,0.32018614454768984,0.217910948424058
2026-07-03 20:00:00+00:00,9771.663697922915,9796.674717283951,18.742981548327954,0.8854563301984758,-5.3825814825091625,7643.41733019275,0.32005726051364924,0.2177977500579097
2026-07-03 21:00:00+00:00,9772.35417584602,9797.365195207056,18.742981548327954,0.8854563301984758,-5.3825814825091625,7643.41733019275,0.3201510327217796,0.21785301753750266
2026-07-03 22:00:00+00:00,9771.143201085433,9796.15422044647,18.742981548327954,0.8854563301984758,-5.3825814825091625,7643.41733019275,0.3199753051264239,0.21775608310154784
2026-07-03 23:00:00+00:00,9769.869376199125,9794.880395560162,18.742981548327954,0.8854563301984758,-5.3825814825091625,7643.41733019275,0.31970367493426033,0.21765409179233583
2026-07-04 00:00:00+00:00,9772.095384632998,9797.106403994034,18.742981548327954,0.8854563301984758,-5.3825814825091625,7643.41733019275,0.3197976662720608,0.2178323041942137
2026-07-04 01:00:00+00:00,9771.077372052057,9796.088391413094,18.742981548327954,0.8854563301984758,-5.3825814825091625,7643.41733019275,0.32007744099246876,0.21775081302139668
2026-07-04 02:00:00+00:00,9769.17571319286,9794.186732553897,18.742981548327954,0.8854563301984758,-5.3825814825091625,7643.41733019275,0.3195638805450194,0.21759854110612056
2026-07-04 03:00:00+00:00,9771.506657034985,9796.51767639602,18.742981548327954,0.8854563301984758,-5.3825814825091625,7643.41733019275,0.31984815241400744,0.2177851790450471
2026-07-04 04:00:00+00:00,9771.444697573232,9796.455716934268,18.742981548327954,0.8854563301984758,-5.3825814825091625,7643.41733019275,0.320346916504544,0.21778021912245832
2026-07-04 05:00:00+00:00,9772.832971646763,9797.8439910078,18.742981548327954,0.8854563301984758,-5.3825814825091625,7643.41733019275,0.3205349197496992,0.2178913368960605
2026-07-04 06:00:00+00:00,9774.699706404353,9799.71072576539,18.742981548327954,0.8854563301984758,-5.3825814825091625,7643.41733019275,0.3204208465702803,0.21804070101664547
2026-07-04 07:00:00+00:00,9772.050153880564,9797.0611732416,18.742981548327954,0.8854563301984758,-5.3825814825091625,7643.41733019275,0.32040427023247997,0.21782868386553617
2026-07-04 08:00:00+00:00,9773.11808442696,9798.129103787996,18.742981548327954,0.8854563301984758,-5.3825814825091625,7643.41733019275,0.3204175626125663,0.2179141534806374
2026-07-04 09:00:00+00:00,9771.739260811026,9796.750280172062,18.742981548327954,0.8854563301984758,-5.3825814825091625,7643.41733019275,0.32033691565372857,0.2178037986700877
2026-07-04 10:00:00+00:00,9771.349360754826,9796.360380115862,18.742981548327954,0.8854563301984758,-5.3825814825091625,7643.41733019275,0.31988293823641445,0.2177725871831579
2026-07-04 11:00:00+00:00,9771.663977743528,9796.674997104565,18.742981548327954,0.8854563301984758,-5.3825814825091625,7643.41733019275,0.3199658135197434,0.21779777245699286
2026-07-04 12:00:00+00:00,9771.271581957804,9796.28260131884,18.742981548327954,0.8854563301984758,-5.3825814825091625,7643.41733019275,0.3199385046330047,0.2177663606949618
2026-07-04 13:00:00+00:00,9775.068687428782,9800.079706789818,18.742981548327954,0.8854563301984758,-5.3825814825091625,7643.41733019275,0.31959310908935995,0.21807021775483176
2026-07-04 14:00:00+00:00,9772.49153255637,9797.502551917407,18.742981548327954,0.8854563301984758,-5.3825814825091625,7643.41733019275,0.3195356203870534,0.21786401096084446
2026-07-04 15:00:00+00:00,9770.44617868251,9795.457198043547,18.742981548327954,0.8854563301984758,-5.3825814825091625,7643.41733019275,0.3198505606958121,0.21770027791878982
2026-07-04 16:00:00+00:00,9771.242883812514,9796.25390317355,18.742981548327954,0.8854563301984758,-5.3825814825091625,7643.41733019275,0.320607290272768,0.2177640632743678
2026-07-04 17:00:00+00:00,9772.105016829128,9797.116036190164,18.742981548327954,0.8854563301984758,-5.3825814825091625,7643.41733019275,0.3203623544781121,0.21783307516348183
2026-07-04 18:00:00+00:00,9774.26823244942,9799.279251810456,18.742981548327954,0.8854563301984758,-5.3825814825091625,7643.41733019275,0.3205280104630029,0.218006182312707
2026-07-04 19:00:00+00:00,9776.294146062251,9801.305165423288,18.742981548327954,0.8854563301984758,-5.3825814825091625,7643.41733019275,0.3204554948377457,0.21816823266601412
2026-07-04 20:00:00+00:00,9777.944711791288,9802.955731152324,18.742981548327954,0.8854563301984758,-5.3825814825091625,7643.41733019275,0.32061590918829863,0.2183002097592653
2026-07-04 21:00:00+00:00,9779.077973667156,9804.088993028192,18.742981548327954,0.8854563301984758,-5.3825814825091625,7643.41733019275,0.3205270791605717,0.21839079811258855
2026-07-04 22:00:00+00:00,9772.35287332858,9797.363892689616,18.742981548327954,0.8854563301984758,-5.3825814825091625,7643.41733019275,0.3208978655781973,0.21785291328829073
2026-07-04 23:00:00+00:00,9775.510579583455,9800.521598944491,18.742981548327954,0.8854563301984758,-5.3825814825091625,7643.41733019275,0.3209038928256993,0.21810556410666337
2026-07-05 00:00:00+00:00,9774.651194569557,9799.662213930593,18.742981548327954,0.8854563301984758,-5.3825814825091625,7643.41733019275,0.3212556601600047,0.2180368201333715
2026-07-05 01:00:00+00:00,9774.410657879112,9799.421677240149,18.742981548327954,0.8854563301984758,-5.3825814825091625,7643.41733019275,0.32111703604831,0.2180175769439948
2026-07-05 02:00:00+00:00,9773.092815595348,9798.103834956384,18.742981548327954,0.8854563301984758,-5.3825814825091625,7643.41733019275,0.32154372698770467,0.21791213135765794
2026-07-05 03:00:00+00:00,9771.46923673566,9796.480256096696,18.742981548327954,0.8854563301984758,-5.3825814825091625,7643.41733019275,0.3212480614835184,0.2177821835167364
2026-07-05 04:00:00+00:00,9773.378691475284,9798.38971083632,18.742981548327954,0.8854563301984758,-5.3825814825091625,7643.41733019275,0.3214263965240565,0.21793500779217406
2026-07-05 05:00:00+00:00,9773.731574398771,9798.742593759807,18.742981548327954,0.8854563301984758,-5.3825814825091625,7643.41733019275,0.3219538557209817,0.21796324443635712
2026-07-05 06:00:00+00:00,9775.771384500385,9800.782403861422,18.742981548327954,0.8854563301984758,-5.3825814825091625,7643.41733019275,0.3219124805981329,0.21812642403734098
2026-07-05 07:00:00+00:00,9774.820862765027,9799.831882126064,18.742981548327954,0.8854563301984758,-5.3825814825091625,7643.41733019275,0.32187702108320915,0.21805039319864955
2026-07-05 08:00:00+00:00,9774.240720718628,9799.251740079664,18.742981548327954,0.8854563301984758,-5.3825814825091625,7643.41733019275,0.32233970458433403,0.21800398122067266
2026-07-05 09:00:00+00:00,9773.097927056187,9798.108946417224,18.742981548327954,0.8854563301984758,-5.3825814825091625,7643.41733019275,0.32229094835831035,0.21791254040006638
2026-07-05 10:00:00+00:00,9775.017810181314,9800.02882954235,18.742981548327954,0.8854563301984758,-5.3825814825091625,7643.41733019275,0.32155542196125453,0.21806614794792115
2026-07-05 11:00:00+00:00,9776.793962683734,9801.80498204477,18.742981548327954,0.8854563301984758,-5.3825814825091625,7643.41733019275,0.32184627568105517,0.21820820205823088
2026-07-05 12:00:00+00:00,9775.997711902837,9801.008731263873,18.742981548327954,0.8854563301984758,-5.3825814825091625,7643.41733019275,0.3217605650480685,0.21814452545478277
2026-07-05 13:00:00+00:00,9773.701176257242,9798.712195618278,18.742981548327954,0.8854563301984758,-5.3825814825091625,7643.41733019275,0.3221194004296747,0.21796081214754986
2026-07-05 14:00:00+00:00,9774.044303853432,9799.055323214468,18.742981548327954,0.8854563301984758,-5.3825814825091625,7643.41733019275,0.3223413271827505,0.2179882664150273
2026-07-05 15:00:00+00:00,9772.86913319404,9797.880152555077,18.742981548327954,0.8854563301984758,-5.3825814825091625,7643.41733019275,0.32236653761227596,0.21789423085268794
2026-07-05 16:00:00+00:00,9774.585024335573,9799.596043696609,18.742981548327954,0.8854563301984758,-5.3825814825091625,7643.41733019275,0.32225689575663097,0.21803152653917285
2026-07-05 17:00:00+00:00,9772.090718910233,9797.101738271269,18.742981548327954,0.8854563301984758,-5.3825814825091625,7643.41733019275,0.3221601219923887,0.21783193074520174
2026-07-05 18:00:00+00:00,9771.777333603795,9796.788352964832,18.742981548327954,0.8854563301984758,-5.3825814825091625,7643.41733019275,0.3222450929993702,0.21780684626244073
2026-07-05 19:00:00+00:00,9770.909351452086,9795.920370813123,18.742981548327954,0.8854563301984758,-5.3825814825091625,7643.41733019275,0.3223983240262356,0.21773736146095365
2026-07-05 20:00:00+00:00,9768.68123073681,9793.692250097847,18.742981548327954,0.8854563301984758,-5.3825814825091625,7643.41733019275,0.32241151081396563,0.21755893660005954
2026-07-05 21:00:00+00:00,9768.069706536786,9793.080725897822,18.742981548327954,0.8854563301984758,-5.3825814825091625,7643.41733019275,0.322353840769072,0.2175099523421929
2026-07-05 22:00:00+00:00,9763.668552838377,9788.679572199413,18.742981548327954,0.8854563301984758,-5.3825814825091625,7643.41733019275,0.3234062428613848,0.21715723051959324
2026-07-05 23:00:00+00:00,9766.15192290446,9791.502342984708,19.054212492364563,0.9136261053728294,-5.3825814825091625,7124.3878591876955,0.27050204467135724,0.27050204467135724
2026-07-06 00:00:00+00:00,9768.545883385403,9793.89630346565,19.054212492364563,0.9136261053728294,-5.3825814825091625,7124.3878591876955,0.27068082146135586,0.27068082146135586
2026-07-06 01:00:00+00:00,9760.233860223203,9785.58428030345,19.054212492364563,0.9136261053728294,-5.3825814825091625,7124.3878591876955,0.27005971770590637,0.27005971770590637
2026-07-06 02:00:00+00:00,9756.014619102674,9781.365039182921,19.054212492364563,0.9136261053728294,-5.3825814825091625,7124.3878591876955,0.26974403613153125,0.26974403613153125
2026-07-06 03:00:00+00:00,9755.009932836474,9780.360352916721,19.054212492364563,0.9136261053728294,-5.3825814825091625,7124.3878591876955,0.2696688257378196,0.2696688257378196
2026-07-06 04:00:00+00:00,9753.577900546768,9778.928320627016,19.054212492364563,0.9136261053728294,-5.3825814825091625,7124.3878591876955,0.2695615976175968,0.2695615976175968
2026-07-06 05:00:00+00:00,9758.00922835535,9783.644306187138,19.328583095118557,0.923913254160801,-5.3825814825091625,6666.829150661616,0.3167838854580313,0.3167838854580313
2026-07-06 06:00:00+00:00,9757.213045455692,9782.84812328748,19.328583095118557,0.923913254160801,-5.3825814825091625,6666.829150661616,0.31672813542114736,0.31672813542114736
2026-07-06 07:00:00+00:00,9755.166761105767,9780.801838937556,19.328583095118557,0.923913254160801,-5.3825814825091625,6666.829150661616,0.3165848094732192,0.3165848094732192
2026-07-06 08:00:00+00:00,9762.449395423315,9788.084473255103,19.328583095118557,0.923913254160801,-5.3825814825091625,6666.829150661616,0.3170946264994665,0.3170946264994665
2026-07-06 09:00:00+00:00,9766.68067047032,9792.315748302108,19.328583095118557,0.923913254160801,-5.3825814825091625,6666.829150661616,0.31739048550866844,0.31739048550866844
2026-07-06 10:00:00+00:00,9769.490449107712,9795.1255269395,19.328583095118557,0.923913254160801,-5.3825814825091625,6666.829150661616,0.3175868091185323,0.3175868091185323
2026-07-06 11:00:00+00:00,9764.888645278226,9790.523723110015,19.328583095118557,0.923913254160801,-5.3825814825091625,6666.829150661616,0.3172652149100199,0.3172652149100199
2026-07-06 12:00:00+00:00,9760.822819224522,9786.45789705631,19.328583095118557,0.923913254160801,-5.3825814825091625,6666.829150661616,0.31698082486131207,0.31698082486131207
2026-07-06 13:00:00+00:00,9758.31193605647,9784.846240086732,20.182143628644774,0.9695789191088368,-5.3825814825091625,7612.542572796653,0.2198914502139769,0.2198914502139769
2026-07-06 14:00:00+00:00,9759.050359872,9785.584663902262,20.182143628644774,0.9695789191088368,-5.3825814825091625,7612.542572796653,0.21995047754866812,0.21995047754866812
2026-07-06 15:00:00+00:00,9773.071314817895,9799.605618848156,20.182143628644774,0.9695789191088368,-5.3825814825091625,7612.542572796653,0.22106957704743802,0.22106957704743802
2026-07-06 16:00:00+00:00,9790.423742111072,9817.021207803275,20.182143628644774,0.9695789191088368,-5.4457431444505495,7612.479411134712,0.22245659517355457,0.22245659517355457
2026-07-06 17:00:00+00:00,9783.087718588082,9809.776227194156,20.26989637389606,0.9728690877270919,-5.4457431444505495,7466.137082970651,0.23683224583739287,0.23683224583739287
2026-07-06 18:00:00+00:00,9780.502899142315,9807.191407748389,20.26989637389606,0.9728690877270919,-5.4457431444505495,7466.137082970651,0.23663055366760521,0.23663055366760521
2026-07-06 19:00:00+00:00,9792.409152866094,9819.097661472168,20.26989637389606,0.9728690877270919,-5.4457431444505495,7466.137082970651,0.237558708340386,0.237558708340386
2026-07-06 20:00:00+00:00,9788.629647274065,9815.318155880139,20.26989637389606,0.9728690877270919,-5.4457431444505495,7466.137082970651,0.23726432074689638,0.23726432074689638
2026-07-06 21:00:00+00:00,9787.511748430581,9814.200257036655,20.26989637389606,0.9728690877270919,-5.4457431444505495,7466.137082970651,0.23717720347382065,0.23717720347382065
2026-07-06 22:00:00+00:00,9789.352477334876,9816.04098594095,20.26989637389606,0.9728690877270919,-5.4457431444505495,7466.137082970651,0.2373206399241551,0.2373206399241551
2026-07-06 23:00:00+00:00,9788.22890345245,9814.917412058523,20.26989637389606,0.9728690877270919,-5.4457431444505495,7466.137082970651,0.23723309327827052,0.23723309327827052
2026-07-07 00:00:00+00:00,9786.086326883542,9812.791841397933,20.26989637389606,0.9728690877270919,-5.462749052767155,7466.1200770623345,0.23706783001167517,0.23706783001167517
2026-07-07 01:00:00+00:00,9787.624515228923,9814.330029743314,20.26989637389606,0.9728690877270919,-5.462749052767155,7466.1200770623345,0.23718772972486582,0.23718772972486582
2026-07-07 02:00:00+00:00,9786.040461323868,9812.74597583826,20.26989637389606,0.9728690877270919,-5.462749052767155,7466.1200770623345,0.23706425427426567,0.23706425427426567
2026-07-07 03:00:00+00:00,9783.531984816867,9810.237499331259,20.26989637389606,0.9728690877270919,-5.462749052767155,7466.1200770623345,0.23686863919399867,0.23686863919399867
2026-07-07 04:00:00+00:00,9780.213930001886,9806.919444516278,20.26989637389606,0.9728690877270919,-5.462749052767155,7466.1200770623345,0.2366097377318929,0.2366097377318929
2026-07-07 05:00:00+00:00,9777.72547935775,9804.894913754784,20.71272620781506,0.9939591364516984,-5.462749052767155,7705.617942481011,0.31189586225261434,0.21192122250223433
2026-07-07 06:00:00+00:00,9777.423976545553,9804.593410942587,20.71272620781506,0.9939591364516984,-5.462749052767155,7705.617942481011,0.3126571484854545,0.21189692080802353
2026-07-07 07:00:00+00:00,9773.614526833666,9800.7839612307,20.71272620781506,0.9939591364516984,-5.462749052767155,7705.617942481011,0.3134465455826582,0.2115897428402692
2026-07-07 08:00:00+00:00,9776.826688127749,9803.996122524783,20.71272620781506,0.9939591364516984,-5.462749052767155,7705.617942481011,0.31308265626447723,0.21184877381143094
2026-07-07 09:00:00+00:00,9783.422996867232,9810.592431264266,20.71272620781506,0.9939591364516984,-5.462749052767155,7705.617942481011,0.31362704812781067,0.2123801715464576
2026-07-07 10:00:00+00:00,9784.696352807274,9811.865787204308,20.71272620781506,0.9939591364516984,-5.462749052767155,7705.617942481011,0.31483340449923225,0.21248267042336627
2026-07-07 11:00:00+00:00,9775.465215752783,9802.634650149817,20.71272620781506,0.9939591364516984,-5.462749052767155,7705.617942481011,0.3140847457056842,0.21173900449630714
2026-07-07 12:00:00+00:00,9767.27986553653,9794.449299933563,20.71272620781506,0.9939591364516984,-5.462749052767155,7705.617942481011,0.3138761492371216,0.21107841194660684
2026-07-07 13:00:00+00:00,9765.658756837467,9793.970707456045,21.80037564267808,1.0488259231314716,-5.462749052767155,9517.279351151179,0.12850313119782508,0.0254339632246912
2026-07-07 14:00:00+00:00,9765.619199014727,9793.931149633305,21.80037564267808,1.0488259231314716,-5.462749052767155,9517.279351151179,0.12672920536107488,0.025430015527187814
2026-07-07 15:00:00+00:00,9769.758052979596,9798.070003598174,21.80037564267808,1.0488259231314716,-5.462749052767155,9517.279351151179,0.12691609044431512,0.025842881723300862
2026-07-07 16:00:00+00:00,9767.996919248679,9796.308869867256,21.80037564267808,1.0488259231314716,-5.462749052767155,9517.279351151179,0.1278471032088003,0.025667244796467793
2026-07-07 17:00:00+00:00,9757.335279780167,9785.943911263295,22.093417733519765,1.0524646968402205,-5.462749052767155,9028.582824324194,0.17901582475986044,0.07468765134740679
2026-07-07 18:00:00+00:00,9759.922857491363,9788.531488974491,22.093417733519765,1.0524646968402205,-5.462749052767155,9028.582824324194,0.17830704938410086,0.07493297271359263
2026-07-07 19:00:00+00:00,9785.44668242032,9814.055313903447,22.093417733519765,1.0524646968402205,-5.462749052767155,9028.582824324194,0.17683545898783076,0.0773458670472183
2026-07-07 20:00:00+00:00,9781.75555275779,9810.364184240918,22.093417733519765,1.0524646968402205,-5.462749052767155,9028.582824324194,0.17597631241228706,0.07699770500002455
2026-07-07 21:00:00+00:00,9783.055520597673,9811.6641520808,22.093417733519765,1.0524646968402205,-5.462749052767155,9028.582824324194,0.1758928337819552,0.07712035311309223
2026-07-07 22:00:00+00:00,9785.79252258021,9814.401154063338,22.093417733519765,1.0524646968402205,-5.462749052767155,9028.582824324194,0.1755445678494994,0.07737847461090079
2026-07-07 23:00:00+00:00,9786.791135999696,9815.399767482824,22.093417733519765,1.0524646968402205,-5.462749052767155,9028.582824324194,0.1755677766323594,0.07747261601266955
2026-07-08 00:00:00+00:00,9794.216978743058,9822.780086475153,22.093417733519765,1.0524646968402205,-5.417225301734241,9028.628348075226,0.1750012394293678,0.07816741576477541
2026-07-08 01:00:00+00:00,9778.405430889145,9806.96853862124,22.093417733519765,1.0524646968402205,-5.417225301734241,9028.628348075226,0.17557756775745673,0.07667682508289506
2026-07-08 02:00:00+00:00,9787.436724911382,9815.999832643478,22.093417733519765,1.0524646968402205,-5.417225301734241,9028.628348075226,0.174906865266391,0.07752881557893548
2026-07-08 03:00:00+00:00,9786.51718301136,9815.080290743455,22.093417733519765,1.0524646968402205,-5.417225301734241,9028.628348075226,0.175215151960395,0.07744214011617637
2026-07-08 04:00:00+00:00,9788.564001454104,9817.1271091862,22.093417733519765,1.0524646968402205,-5.417225301734241,9028.628348075226,0.17482932090107745,0.07763504976480601
2026-07-08 05:00:00+00:00,9787.5483808472,9816.595250049859,22.533929063669447,1.095714837254714,-5.417225301734241,8294.002286495604,0.24991257525750016,0.15259654780090243
2026-07-08 06:00:00+00:00,9790.613830819168,9819.660700021826,22.533929063669447,1.095714837254714,-5.417225301734241,8294.002286495604,0.24995460276606857,0.15286187058185124
2026-07-08 07:00:00+00:00,9790.69516259286,9819.742031795518,22.533929063669447,1.095714837254714,-5.417225301734241,8294.002286495604,0.25008261696706025,0.15286890779887047
2026-07-08 08:00:00+00:00,9788.492530166855,9817.539399369514,22.533929063669447,1.095714837254714,-5.417225301734241,8294.002286495604,0.25066503605379564,0.15267828412448878
2026-07-08 09:00:00+00:00,9780.20778609005,9809.254655292709,22.533929063669447,1.095714837254714,-5.417225301734241,8294.002286495604,0.24737864749819433,0.15196052395821374
2026-07-08 10:00:00+00:00,9779.258240089144,9808.305109291803,22.533929063669447,1.095714837254714,-5.417225301734241,8294.002286495604,0.24673658166639909,0.15187818105721704
2026-07-08 11:00:00+00:00,9778.423872588835,9807.470741791494,22.533929063669447,1.095714837254714,-5.417225301734241,8294.002286495604,0.24730231222639454,0.15180581302620816
2026-07-08 12:00:00+00:00,9779.168974857455,9808.215844060114,22.533929063669447,1.095714837254714,-5.417225301734241,8294.002286495604,0.2481318671967141,0.1518704393164962
2026-07-08 13:00:00+00:00,9783.51551823794,9812.5623874406,22.533929063669447,1.095714837254714,-5.417225301734241,8294.002286495604,0.24796825354990357,0.15224723965180614
2026-07-08 14:00:00+00:00,9775.751245186042,9804.798114388701,22.533929063669447,1.095714837254714,-5.417225301734241,8294.002286495604,0.24683226183413315,0.15157392220061933
2026-07-08 15:00:00+00:00,9772.597448935485,9801.644318138144,22.533929063669447,1.095714837254714,-5.417225301734241,8294.002286495604,0.24630451298271303,0.15130011956042883
2026-07-08 16:00:00+00:00,9777.701893068146,9806.748762270805,22.533929063669447,1.095714837254714,-5.417225301734241,8294.002286495604,0.24661668240070533,0.15174318288680932
2026-07-08 17:00:00+00:00,9792.237041692131,9821.58824684294,22.82726671943692,1.1067131296362795,-5.417225301734241,7804.812855894048,0.29868624067826766,0.20295915808985054
2026-07-08 18:00:00+00:00,9799.01446133154,9828.36566648235,22.82726671943692,1.1067131296362795,-5.417225301734241,7804.812855894048,0.29886709906082176,0.203510425799138
2026-07-08 19:00:00+00:00,9806.489444186165,9835.840649336973,22.82726671943692,1.1067131296362795,-5.417225301734241,7804.812855894048,0.2994116689161595,0.20411754886238356
2026-07-08 20:00:00+00:00,9807.325456639699,9836.676661790509,22.82726671943692,1.1067131296362795,-5.417225301734241,7804.812855894048,0.2992586298378858,0.20418539280654965
2026-07-08 21:00:00+00:00,9801.661288161391,9831.389296357132,23.19668767993395,1.1140952140727305,-5.417225301734241,8420.145035761934,0.2359536834311442,0.14094715291458548
2026-07-08 22:00:00+00:00,9801.012702777212,9830.740710972954,23.19668767993395,1.1140952140727305,-5.417225301734241,8420.145035761934,0.23618698485478085,0.14089030479717635
2026-07-08 23:00:00+00:00,9800.7118771292,9830.439885324942,23.19668767993395,1.1140952140727305,-5.417225301734241,8420.145035761934,0.2360114663376911,0.14086393505648687
2026-07-09 00:00:00+00:00,9800.826782374854,9830.581743228031,23.19668767993395,1.1140952140727305,-5.444177959170646,8420.118083104497,0.23644897515999627,0.14087675763776697
2026-07-09 01:00:00+00:00,9800.820939924673,9830.57590077785,23.19668767993395,1.1140952140727305,-5.444177959170646,8420.118083104497,0.23649921070837324,0.14087624549855188
2026-07-09 02:00:00+00:00,9801.559916035589,9831.314876888766,23.19668767993395,1.1140952140727305,-5.444177959170646,8420.118083104497,0.23595866853384126,0.14094101803846748
2026-07-09 03:00:00+00:00,9804.041297767359,9833.796258620536,23.19668767993395,1.1140952140727305,-5.444177959170646,8420.118083104497,0.2357466532310762,0.1411584440161445
2026-07-09 04:00:00+00:00,9804.512695467993,9834.26765632117,23.19668767993395,1.1140952140727305,-5.444177959170646,8420.118083104497,0.23655360702776698,0.14119973683173612
2026-07-09 05:00:00+00:00,9802.917381468233,9832.864632866254,23.38431627415705,1.1187571646929768,-5.444177959170646,8107.216130805105,0.2693419588305314,0.17297924532840986
2026-07-09 06:00:00+00:00,9803.270035362522,9833.217286760544,23.38431627415705,1.1187571646929768,-5.444177959170646,8107.216130805105,0.2696520399445932,0.17300899581867918
2026-07-09 07:00:00+00:00,9798.754189933403,9828.701441331425,23.38431627415705,1.1187571646929768,-5.444177959170646,8107.216130805105,0.269700783104247,0.17262786945569808
2026-07-09 08:00:00+00:00,9798.35817410365,9828.305425501672,23.38431627415705,1.1187571646929768,-5.444177959170646,8107.216130805105,0.2699247842100529,0.17259442992889473
2026-07-09 09:00:00+00:00,9794.013153061453,9824.094478017088,23.513544383358205,1.1236026131069639,-5.444177959170646,8322.467084697828,0.24703466288856446,0.1502495499409906
2026-07-09 10:00:00+00:00,9797.663876591689,9827.745201547325,23.513544383358205,1.1236026131069639,-5.444177959170646,8322.467084697828,0.2473152265319256,0.15056617684327397
2026-07-09 11:00:00+00:00,9794.645507850128,9824.726832805763,23.513544383358205,1.1236026131069639,-5.444177959170646,8322.467084697828,0.24639344690631956,0.15030441091230834
2026-07-09 12:00:00+00:00,9788.71259346321,9818.793918418845,23.513544383358205,1.1236026131069639,-5.444177959170646,8322.467084697828,0.24576412622484295,0.1497894125264771
2026-07-09 13:00:00+00:00,9783.679001746923,9814.026926400313,23.7739721862659,1.129774507954054,-5.444177959170646,8365.703106558145,0.2406928281437321,0.14493279010233184
2026-07-09 14:00:00+00:00,9773.916130967398,9804.264055620788,23.7739721862659,1.129774507954054,-5.444177959170646,8365.703106558145,0.2420285854495684,0.1440786891906624
2026-07-09 15:00:00+00:00,9772.202234620116,9802.550159273505,23.7739721862659,1.129774507954054,-5.444177959170646,8365.703106558145,0.24101104722786793,0.14392857354907654
2026-07-09 16:00:00+00:00,9779.9922197886,9810.370074016997,23.7739721862659,1.129774507954054,-5.474107534176554,8365.673176983139,0.24195393063376375,0.14461351410318735
2026-07-09 17:00:00+00:00,9782.285244853687,9813.34367447496,24.417591745721026,1.1667303413743495,-5.474107534176554,7292.330291665142,0.35071712035506886,0.2545371445285214
2026-07-09 18:00:00+00:00,9788.390563957873,9819.448993579146,24.417591745721026,1.1667303413743495,-5.474107534176554,7292.330291665142,0.3517819141231281,0.2550021125519399
2026-07-09 19:00:00+00:00,9783.915344012414,9814.973773633687,24.417591745721026,1.1667303413743495,-5.474107534176554,7292.330291665142,0.3516479059611285,0.2546613461728365
2026-07-09 20:00:00+00:00,9796.983454864563,9828.041884485836,24.417591745721026,1.1667303413743495,-5.474107534176554,7292.330291665142,0.35094070947379613,0.2556555469077339
2026-07-09 21:00:00+00:00,9791.820892297634,9822.879321918906,24.417591745721026,1.1667303413743495,-5.474107534176554,7292.330291665142,0.3508116012524457,0.25526310459769774
2026-07-09 22:00:00+00:00,9794.214197259174,9825.272626880447,24.417591745721026,1.1667303413743495,-5.474107534176554,7292.330291665142,0.35088907646415285,0.25544508780440617
2026-07-09 23:00:00+00:00,9793.049683378498,9824.108112999771,24.417591745721026,1.1667303413743495,-5.474107534176554,7292.330291665142,0.35088291252034515,0.25535655108109645
2026-07-10 00:00:00+00:00,9792.155130381707,9823.16125818641,24.417591745721026,1.1667303413743495,-5.421805717608442,7292.38259348171,0.35101106703784773,0.2552831836930421
2026-07-10 01:00:00+00:00,9789.779360155386,9820.785487960089,24.417591745721026,1.1667303413743495,-5.421805717608442,7292.38259348171,0.3503460924171228,0.25510245683760097
2026-07-10 02:00:00+00:00,9787.952391940478,9818.958519745182,24.417591745721026,1.1667303413743495,-5.421805717608442,7292.38259348171,0.35169679484251715,0.2549634181418425
2026-07-10 03:00:00+00:00,9788.616054453914,9819.622182258618,24.417591745721026,1.1667303413743495,-5.421805717608442,7292.38259348171,0.3525325105568074,0.2550139311916718
2026-07-10 04:00:00+00:00,9789.308073133208,9820.314200937912,24.417591745721026,1.1667303413743495,-5.421805717608442,7292.38259348171,0.3524564800658478,0.2550665952075121
2026-07-10 05:00:00+00:00,9785.846775964656,9817.992558679014,25.506429142865194,1.217547853887137,-5.421805717608442,6848.3896937426725,0.39793343464005126,0.3001740318923416
2026-07-10 06:00:00+00:00,9783.143275589286,9815.289058303644,25.506429142865194,1.217547853887137,-5.421805717608442,6848.3896937426725,0.3978990919389948,0.29998064008418995
2026-07-10 07:00:00+00:00,9784.231736601048,9816.377519315407,25.506429142865194,1.217547853887137,-5.421805717608442,6848.3896937426725,0.39708255961467204,0.3000585147504141
2026-07-10 08:00:00+00:00,9780.455625803968,9812.601408518327,25.506429142865194,1.217547853887137,-5.421805717608442,6848.3896937426725,0.397083443603216,0.2997882761540852
2026-07-10 09:00:00+00:00,9782.546828541292,9814.69261125565,25.506429142865194,1.217547853887137,-5.421805717608442,6848.3896937426725,0.398705419286626,0.2999379595340145
2026-07-10 10:00:00+00:00,9791.107430325761,9823.25321304012,25.506429142865194,1.217547853887137,-5.421805717608442,6848.3896937426725,0.40025611395105093,0.30055004068984886
2026-07-10 11:00:00+00:00,9795.96924825713,9828.115030971489,25.506429142865194,1.217547853887137,-5.421805717608442,6848.3896937426725,0.4012232204789199,0.3008971833020896
2026-07-10 12:00:00+00:00,9795.793064737036,9827.938847451394,25.506429142865194,1.217547853887137,-5.421805717608442,6848.3896937426725,0.40099944082125655,0.3008846094967488
2026-07-10 13:00:00+00:00,9805.883472995456,9838.029255709815,25.506429142865194,1.217547853887137,-5.421805717608442,6848.3896937426725,0.4010686447292491,0.301604010224827
2026-07-10 14:00:00+00:00,9794.702263650615,9826.848046364974,25.506429142865194,1.217547853887137,-5.421805717608442,6848.3896937426725,0.39976611749287727,0.30080675150709607
2026-07-10 15:00:00+00:00,9795.178984277427,9827.690283985723,25.84819090543847,1.2413030852501539,-5.421805717608442,7417.65086960223,0.3390008539023165,0.2427243155527272
2026-07-10 16:00:00+00:00,9806.89868425262,9839.367681033154,25.84819090543847,1.2413030852501539,-5.379502789846289,7417.693172529992,0.33948250923095097,0.2436249816222822
2026-07-10 17:00:00+00:00,9811.278781304765,9843.858845274286,25.953689588639744,1.2468715910352004,-5.379502789846289,7241.756535178003,0.3222356094569779,0.26189473394874335
2026-07-10 18:00:00+00:00,9806.034282275019,9838.61434624454,25.953689588639744,1.2468715910352004,-5.379502789846289,7241.756535178003,0.3211310661794632,0.26149997779755857
2026-07-10 19:00:00+00:00,9811.326617321527,9843.906681291048,25.953689588639744,1.2468715910352004,-5.379502789846289,7241.756535178003,0.3213641371735401,0.2618983326482115
2026-07-10 20:00:00+00:00,9809.866112584697,9842.446176554218,25.953689588639744,1.2468715910352004,-5.379502789846289,7241.756535178003,0.32185271229995976,0.26178844317886923
2026-07-10 21:00:00+00:00,9809.179418335625,9841.759482305146,25.953689588639744,1.2468715910352004,-5.379502789846289,7241.756535178003,0.32186230156443624,0.26173676447986194
2026-07-10 22:00:00+00:00,9806.798374201288,9839.378438170808,25.953689588639744,1.2468715910352004,-5.379502789846289,7241.756535178003,0.32172936239347294,0.2615575176676552
2026-07-10 23:00:00+00:00,9806.873972299492,9839.454036269013,25.953689588639744,1.2468715910352004,-5.379502789846289,7241.756535178003,0.3217092236066326,0.2615632100878346
2026-07-11 00:00:00+00:00,9807.79074758087,9840.268344064276,25.953689588639744,1.2468715910352004,-5.277035303732987,7241.859002664117,0.32183827369631635,0.26162178730716196
2026-07-11 01:00:00+00:00,9807.81199753836,9840.289594021766,25.953689588639744,1.2468715910352004,-5.277035303732987,7241.859002664117,0.3218777904284993,0.26162338710389904
2026-07-11 02:00:00+00:00,9805.941572320324,9838.41916880373,25.953689588639744,1.2468715910352004,-5.277035303732987,7241.859002664117,0.32181186707070586,0.2614825461426324
2026-07-11 03:00:00+00:00,9807.057774806353,9839.53537128976,25.953689588639744,1.2468715910352004,-5.277035303732987,7241.859002664117,0.3221300413123509,0.2615666014257663
2026-07-11 04:00:00+00:00,9808.688773105936,9841.166369589342,25.953689588639744,1.2468715910352004,-5.277035303732987,7241.859002664117,0.32219203285214654,0.2616893888487633
2026-07-11 05:00:00+00:00,9807.334179385538,9839.811775868944,25.953689588639744,1.2468715910352004,-5.277035303732987,7241.859002664117,0.32199060746298735,0.2615874130315561
2026-07-11 06:00:00+00:00,9806.477247089868,9838.954843573274,25.953689588639744,1.2468715910352004,-5.277035303732987,7241.859002664117,0.3219820968517257,0.26152288735354157
2026-07-11 07:00:00+00:00,9807.785753071406,9840.263349554813,25.953689588639744,1.2468715910352004,-5.277035303732987,7241.859002664117,0.3221549908868878,0.2616214112959944
2026-07-11 08:00:00+00:00,9808.240077889535,9840.717674372941,25.953689588639744,1.2468715910352004,-5.277035303732987,7241.859002664117,0.32233857212927136,0.26165561352956135
2026-07-11 09:00:00+00:00,9808.37896248431,9840.856558967716,25.953689588639744,1.2468715910352004,-5.277035303732987,7241.859002664117,0.3224940076195345,0.26166606833165573
2026-07-11 10:00:00+00:00,9809.501373768595,9841.978970252001,25.953689588639744,1.2468715910352004,-5.277035303732987,7241.859002664117,0.32257786855887954,0.261750549112574
2026-07-11 11:00:00+00:00,9811.014568589926,9843.492165073332,25.953689588639744,1.2468715910352004,-5.277035303732987,7241.859002664117,0.32279011606237235,0.2618644124891007
2026-07-11 12:00:00+00:00,9810.344187792667,9842.821784276073,25.953689588639744,1.2468715910352004,-5.277035303732987,7241.859002664117,0.3227438395512517,0.26181397267637174
2026-07-11 13:00:00+00:00,9811.098127737287,9843.575724220693,25.953689588639744,1.2468715910352004,-5.277035303732987,7241.859002664117,0.3228085619422844,0.2618706990412813
2026-07-11 14:00:00+00:00,9808.979239101582,9841.456835584988,25.953689588639744,1.2468715910352004,-5.277035303732987,7241.859002664117,0.32261155446324624,0.2617112518909348
2026-07-11 15:00:00+00:00,9808.735744658752,9841.213341142158,25.953689588639744,1.2468715910352004,-5.277035303732987,7241.859002664117,0.32271521090271943,0.26169292443140835
2026-07-11 16:00:00+00:00,9807.836614225482,9840.314210708888,25.953689588639744,1.2468715910352004,-5.277035303732987,7241.859002664117,0.32242483718313164,0.2616252403552094
2026-07-11 17:00:00+00:00,9806.968788423745,9839.44638490715,25.953689588639744,1.2468715910352004,-5.277035303732987,7241.859002664117,0.3224346376330746,0.26155990103563004
2026-07-11 18:00:00+00:00,9808.726396820033,9841.20399330344,25.953689588639744,1.2468715910352004,-5.277035303732987,7241.859002664117,0.32260043387460324,0.26169222081554744
2026-07-11 19:00:00+00:00,9809.47679873204,9841.954395215445,25.953689588639744,1.2468715910352004,-5.277035303732987,7241.859002664117,0.3227980769731402,0.26174869962481684
2026-07-11 20:00:00+00:00,9808.032302509531,9840.509898992937,25.953689588639744,1.2468715910352004,-5.277035303732987,7241.859002664117,0.32263492988540093,0.2616399722897345
2026-07-11 21:00:00+00:00,9809.215560448476,9841.693156931882,25.953689588639744,1.2468715910352004,-5.277035303732987,7241.859002664117,0.32283076439442926,0.26172903857227303
2026-07-11 22:00:00+00:00,9809.114317571992,9841.591914055398,25.953689588639744,1.2468715910352004,-5.277035303732987,7241.859002664117,0.32269062689380396,0.26172141865131576
2026-07-11 23:00:00+00:00,9807.27819082413,9839.755787307537,25.953689588639744,1.2468715910352004,-5.277035303732987,7241.859002664117,0.32215161784168356,0.26158319752367865
2026-07-12 00:00:00+00:00,9806.939793562422,9839.417390045828,25.953689588639744,1.2468715910352004,-5.277035303732987,7241.859002664117,0.32179211279410813,0.26155771778899906
2026-07-12 01:00:00+00:00,9804.29769439577,9836.964092567583,26.130221866570153,1.2591410015113262,-5.277035303732987,6947.462007168838,0.35145272662224913,0.291386061120923
2026-07-12 02:00:00+00:00,9803.832218984766,9836.49861715658,26.130221866570153,1.2591410015113262,-5.277035303732987,6947.462007168838,0.3518913760828398,0.29135241689312785
2026-07-12 03:00:00+00:00,9802.976043193494,9835.642441365308,26.130221866570153,1.2591410015113262,-5.277035303732987,6947.462007168838,0.351669817930465,0.2912905247796996
2026-07-12 04:00:00+00:00,9803.636862540592,9836.303260712406,26.130221866570153,1.2591410015113262,-5.277035303732987,6947.462007168838,0.35203705962264437,0.29133829571810377
2026-07-12 05:00:00+00:00,9802.650364461511,9836.115735508245,26.883505318621197,1.3048304243806745,-5.277035303732987,7025.647577000383,0.31323132036923484,0.28329101663452805
2026-07-12 06:00:00+00:00,9803.09536596855,9836.560737015283,26.883505318621197,1.3048304243806745,-5.277035303732987,7025.647577000383,0.3132875805299775,0.28332355090720407
2026-07-12 07:00:00+00:00,9798.45375275021,9831.919123796944,26.883505318621197,1.3048304243806745,-5.277035303732987,7025.647577000383,0.31284306866967615,0.28298405500679746
2026-07-12 08:00:00+00:00,9800.085287714657,9833.55065876139,26.883505318621197,1.3048304243806745,-5.277035303732987,7025.647577000383,0.31295746773117555,0.2831034250479736
2026-07-12 09:00:00+00:00,9802.533410326103,9836.406352864125,27.26949991367235,1.3264073206171239,-5.277035303732987,7668.585907490585,0.2478348214128606,0.21769346897482575
2026-07-12 10:00:00+00:00,9806.775155426596,9840.648097964619,27.26949991367235,1.3264073206171239,-5.277035303732987,7668.585907490585,0.24812254362335787,0.2180318416653858
2026-07-12 11:00:00+00:00,9804.138539886424,9838.011482424447,27.26949991367235,1.3264073206171239,-5.277035303732987,7668.585907490585,0.2479203420961434,0.2178215478807971
2026-07-12 12:00:00+00:00,9806.87380869469,9840.746751232713,27.26949991367235,1.3264073206171239,-5.277035303732987,7668.585907490585,0.24809876304701697,0.2180397079554872
2026-07-12 13:00:00+00:00,9805.290051301417,9839.16299383944,27.26949991367235,1.3264073206171239,-5.277035303732987,7668.585907490585,0.24802747419252158,0.21791340517532531
2026-07-12 14:00:00+00:00,9809.348674957082,9843.221617495105,27.26949991367235,1.3264073206171239,-5.277035303732987,7668.585907490585,0.2483354696317509,0.2182369939537156
2026-07-12 15:00:00+00:00,9809.783729190036,9843.656671728058,27.26949991367235,1.3264073206171239,-5.277035303732987,7668.585907490585,0.248503545145268,0.21827166437197726
2026-07-12 16:00:00+00:00,9810.949378851416,9844.822321389438,27.26949991367235,1.3264073206171239,-5.277035303732987,7668.585907490585,0.24852390274425273,0.21836454237333366
2026-07-12 17:00:00+00:00,9808.600431255354,9842.473373793377,27.26949991367235,1.3264073206171239,-5.277035303732987,7668.585907490585,0.24829693250450452,0.21817735759176804
2026-07-12 18:00:00+00:00,9806.896622464987,9840.76956500301,27.26949991367235,1.3264073206171239,-5.277035303732987,7668.585907490585,0.24814439392401155,0.21804152702865265
2026-07-12 19:00:00+00:00,9808.478080780158,9842.35102331818,27.26949991367235,1.3264073206171239,-5.277035303732987,7668.585907490585,0.24833143045220568,0.21816760517441733
2026-07-12 20:00:00+00:00,9809.42458666599,9843.297529204012,27.26949991367235,1.3264073206171239,-5.277035303732987,7668.585907490585,0.24842902734389455,0.21824304374442716
2026-07-12 21:00:00+00:00,9810.456769408018,9844.32971194604,27.26949991367235,1.3264073206171239,-5.277035303732987,7668.585907490585,0.24840157076675184,0.21832529435290285
2026-07-12 22:00:00+00:00,9806.7834625383,9840.656405076323,27.26949991367235,1.3264073206171239,-5.277035303732987,7668.585907490585,0.2480197438219392,0.21803250405350386
2026-07-12 23:00:00+00:00,9799.871882351365,9833.744824889387,27.26949991367235,1.3264073206171239,-5.277035303732987,7668.585907490585,0.24740470310847681,0.21748100387914485
2026-07-13 00:00:00+00:00,9795.254841563052,9829.127784101074,27.26949991367235,1.3264073206171239,-5.277035303732987,7668.585907490585,0.24696209590369106,0.21711215976215575
2026-07-13 01:00:00+00:00,9787.867657316143,9821.740599854165,27.26949991367235,1.3264073206171239,-5.277035303732987,7668.585907490585,0.24635607057870673,0.21652129187111127
2026-07-13 02:00:00+00:00,9780.450907937044,9814.323850475066,27.26949991367235,1.3264073206171239,-5.277035303732987,7668.585907490585,0.2453068459477161,0.21592716126540087
2026-07-13 03:00:00+00:00,9778.827550435675,9812.700492973698,27.26949991367235,1.3264073206171239,-5.277035303732987,7668.585907490585,0.24509668934795456,0.21579699939090077
2026-07-13 04:00:00+00:00,9767.273520912899,9801.146463450921,27.26949991367235,1.3264073206171239,-5.277035303732987,7668.585907490585,0.24413445261597316,0.21486933983457862
2026-07-13 05:00:00+00:00,9764.840282879106,9799.467126209294,27.988330006534397,1.3614780199214227,-5.277035303732987,8170.852781760934,0.2526043306237708,0.16323743706417224
2026-07-13 06:00:00+00:00,9765.922414683931,9800.54925801412,27.988330006534397,1.3614780199214227,-5.277035303732987,8170.852781760934,0.25278184188422176,0.16333015614835003
2026-07-13 07:00:00+00:00,9766.079578876617,9800.706422206806,27.988330006534397,1.3614780199214227,-5.277035303732987,8170.852781760934,0.2529047375710891,0.16334362056254922
2026-07-13 08:00:00+00:00,9767.000734844962,9801.62757817515,27.988330006534397,1.3614780199214227,-5.277035303732987,8170.852781760934,0.25298978179420106,0.16342252820659436
2026-07-13 09:00:00+00:00,9777.56565064663,9812.466552161168,28.25330156475789,1.37056464604726,-5.277035303732987,8612.207073908532,0.2990926991969912,0.11918698563389614
2026-07-13 10:00:00+00:00,9784.80000627335,9819.700907787888,28.25330156475789,1.37056464604726,-5.277035303732987,8612.207073908532,0.2995240702248873,0.11983821147218456
2026-07-13 11:00:00+00:00,9781.230388623435,9816.131290137973,28.25330156475789,1.37056464604726,-5.277035303732987,8612.207073908532,0.29878693095645065,0.11951700024105315
2026-07-13 12:00:00+00:00,9783.70639505159,9818.607296566128,28.25330156475789,1.37056464604726,-5.277035303732987,8612.207073908532,0.2988744474945226,0.1197398280201437
2026-07-13 13:00:00+00:00,9784.956057455245,9819.856958969784,28.25330156475789,1.37056464604726,-5.277035303732987,8612.207073908532,0.29881740483608715,0.11985224835559527
2026-07-13 14:00:00+00:00,9769.181297536807,9804.082199051345,28.25330156475789,1.37056464604726,-5.277035303732987,8612.207073908532,0.29915643837980344,0.11843103207839879
2026-07-13 15:00:00+00:00,9773.16732226532,9808.06822377986,28.25330156475789,1.37056464604726,-5.277035303732987,8612.207073908532,0.29929541243608637,0.11879058344901941
2026-07-13 16:00:00+00:00,9770.002122294494,9804.903023809033,28.25330156475789,1.37056464604726,-5.277035303732987,8612.207073908532,0.29848242111956935,0.11850509691742551
2026-07-13 17:00:00+00:00,9753.785197029456,9788.962171410514,28.519397528704427,1.3805415486218084,-5.277035303732987,8168.4477047003575,0.34199107873552653,0.16253561671748915
2026-07-13 18:00:00+00:00,9746.75593015564,9781.932904536698,28.519397528704427,1.3805415486218084,-5.277035303732987,8168.4477047003575,0.34112425090797216,0.16193164543826621
2026-07-13 19:00:00+00:00,9746.325530611728,9781.502504992786,28.519397528704427,1.3805415486218084,-5.277035303732987,8168.4477047003575,0.3421152992005435,0.16189463618422098
2026-07-13 20:00:00+00:00,9742.924206419395,9778.101180800453,28.519397528704427,1.3805415486218084,-5.277035303732987,8168.4477047003575,0.34199976636699214,0.16160204763592953
2026-07-13 21:00:00+00:00,9743.740030498357,9779.378220909442,28.950638773200037,1.41051633415409,-5.277035303732987,8886.751870948545,0.268085386013236,0.08795269135541385
2026-07-13 22:00:00+00:00,9743.250767505155,9778.88895791624,28.950638773200037,1.41051633415409,-5.277035303732987,8886.751870948545,0.2680009828550822,0.087906892370371
2026-07-13 23:00:00+00:00,9743.015185010781,9778.653375421867,28.950638773200037,1.41051633415409,-5.277035303732987,8886.751870948545,0.26775121544066016,0.08788483829724097
2026-07-14 00:00:00+00:00,9740.256720922,9775.882236753685,28.950638773200037,1.41051633415409,-5.264360724332324,8886.764545527945,0.2680675982336601,0.08762522383632448
2026-07-14 01:00:00+00:00,9747.633595100328,9783.259110932013,28.950638773200037,1.41051633415409,-5.264360724332324,8886.764545527945,0.269071111341616,0.08831569643786152
2026-07-14 02:00:00+00:00,9743.690831972432,9779.316347804117,28.950638773200037,1.41051633415409,-5.264360724332324,8886.764545527945,0.2682700132288497,0.08794678538368778
2026-07-14 03:00:00+00:00,9742.576713018661,9778.202228850347,28.950638773200037,1.41051633415409,-5.264360724332324,8886.764545527945,0.26790706642389017,0.08784248692105491
2026-07-14 04:00:00+00:00,9743.712319443137,9779.337835274822,28.950638773200037,1.41051633415409,-5.264360724332324,8886.764545527945,0.26807052460958836,0.0879487967029969
2026-07-14 05:00:00+00:00,9748.85997743368,9785.479333612644,29.915639421155422,1.4393560334769802,-5.264360724332324,7277.465131621012,0.25350603573477987,0.25350603573477987
2026-07-14 06:00:00+00:00,9748.351331716869,9784.970687895833,29.915639421155422,1.4393560334769802,-5.264360724332324,7277.465131621012,0.25346708546056135,0.25346708546056135
2026-07-14 07:00:00+00:00,9745.520366908764,9782.139723087728,29.915639421155422,1.4393560334769802,-5.264360724332324,7277.465131621012,0.2532502259877385,0.2532502259877385
2026-07-14 08:00:00+00:00,9745.427276313743,9782.046632492707,29.915639421155422,1.4393560334769802,-5.264360724332324,7277.465131621012,0.253243092859675,0.253243092859675
2026-07-14 09:00:00+00:00,9737.867491098605,9774.486847277569,29.915639421155422,1.4393560334769802,-5.264360724332324,7277.465131621012,0.25266336410170376,0.25266336410170376
2026-07-14 10:00:00+00:00,9737.024234188839,9773.643590367803,29.915639421155422,1.4393560334769802,-5.264360724332324,7277.465131621012,0.2525986423995714,0.2525986423995714
2026-07-14 11:00:00+00:00,9738.749360659023,9775.368716837987,29.915639421155422,1.4393560334769802,-5.264360724332324,7277.465131621012,0.25273103741438263,0.25273103741438263
2026-07-14 12:00:00+00:00,9747.464118888138,9784.083475067102,29.915639421155422,1.4393560334769802,-5.264360724332324,7277.465131621012,0.2533991361384842,0.2533991361384842
2026-07-14 13:00:00+00:00,9748.865464165998,9785.484820344962,29.915639421155422,1.4393560334769802,-5.264360724332324,7277.465131621012,0.25350645586700704,0.25350645586700704
2026-07-14 14:00:00+00:00,9750.431701155343,9787.051057334307,29.915639421155422,1.4393560334769802,-5.264360724332324,7277.465131621012,0.2536263670501179,0.2536263670501179
2026-07-14 15:00:00+00:00,9766.606510828802,9803.225867007766,29.915639421155422,1.4393560334769802,-5.264360724332324,7277.465131621012,0.2548624618436235,0.2548624618436235
2026-07-14 16:00:00+00:00,9767.109797163266,9803.780175673222,29.915639421155422,1.4393560334769802,-5.315383055322886,7277.414109290022,0.25490608169433543,0.25490608169433543
2026-07-14 17:00:00+00:00,9780.692953454922,9818.147288596565,30.64303789184173,1.495914194477461,-5.315383055322886,8489.017495296517,0.3322944851624712,0.13206379796455373
2026-07-14 18:00:00+00:00,9782.175468924726,9819.62980406637,30.64303789184173,1.495914194477461,-5.315383055322886,8489.017495296517,0.33252276891586297,0.13219533607183953
2026-07-14 19:00:00+00:00,9791.624501458555,9829.078836600198,30.64303789184173,1.495914194477461,-5.315383055322886,8489.017495296517,0.3320876599372812,0.13303277775490707
2026-07-14 20:00:00+00:00,9780.627678213801,9818.082013355444,30.64303789184173,1.495914194477461,-5.315383055322886,8489.017495296517,0.3331480299944988,0.1320580054176201
2026-07-14 21:00:00+00:00,9778.261897106979,9815.716232248622,30.64303789184173,1.495914194477461,-5.315383055322886,8489.017495296517,0.33282776236449013,0.1318480130085185
2026-07-14 22:00:00+00:00,9777.488241864427,9814.94257700607,30.64303789184173,1.495914194477461,-5.315383055322886,8489.017495296517,0.33271139553695017,0.1317793194627474
2026-07-14 23:00:00+00:00,9780.16737870131,9817.621713842953,30.64303789184173,1.495914194477461,-5.315383055322886,8489.017495296517,0.33235394138638436,0.13201715608841064
2026-07-15 00:00:00+00:00,9782.040387411518,9819.230189747364,30.64303789184173,1.495914194477461,-5.050850249527423,8489.282028102312,0.33321729316239773,0.13215630973808423
2026-07-15 01:00:00+00:00,9781.836427670689,9819.026230006535,30.64303789184173,1.495914194477461,-5.050850249527423,8489.282028102312,0.33348935517658806,0.13213821444734258
2026-07-15 02:00:00+00:00,9781.042066689817,9818.231869025663,30.64303789184173,1.495914194477461,-5.050850249527423,8489.282028102312,0.3338165425928866,0.13206773161590887
2026-07-15 03:00:00+00:00,9782.259204178674,9819.44900651452,30.64303789184173,1.495914194477461,-5.050850249527423,8489.282028102312,0.33361347844920153,0.13217572230390728
2026-07-15 04:00:00+00:00,9772.556491882384,9809.74629421823,30.64303789184173,1.495914194477461,-5.050850249527423,8489.282028102312,0.33562339579725875,0.13131410034273314
2026-07-15 05:00:00+00:00,9776.9215910337,9814.111393369547,30.64303789184173,1.495914194477461,-5.050850249527423,8489.282028102312,0.3345530557205728,0.13170194226700832
2026-07-15 06:00:00+00:00,9778.5840000955,9815.773802431346,30.64303789184173,1.495914194477461,-5.050850249527423,8489.282028102312,0.33498402967075663,0.13184955735724063
2026-07-15 07:00:00+00:00,9779.886072521744,9817.07587485759,30.64303789184173,1.495914194477461,-5.050850249527423,8489.282028102312,0.33424628253941135,0.1319651409892803
2026-07-15 08:00:00+00:00,9779.105625130234,9816.29542746608,30.64303789184173,1.495914194477461,-5.050850249527423,8489.282028102312,0.3336210605728337,0.13189586517128404
2026-07-15 09:00:00+00:00,9773.574799892165,9810.764602228011,30.64303789184173,1.495914194477461,-5.050850249527423,8489.282028102312,0.3343569857069728,0.1314046086600803
2026-07-15 10:00:00+00:00,9774.004678044044,9811.19448037989,30.64303789184173,1.495914194477461,-5.050850249527423,8489.282028102312,0.3339092716255433,0.13144281103401598
2026-07-15 11:00:00+00:00,9782.077013136244,9819.26681547209,30.64303789184173,1.495914194477461,-5.050850249527423,8489.282028102312,0.3338552518779455,0.13215955908932744
2026-07-15 12:00:00+00:00,9777.509151049946,9814.698953385792,30.64303789184173,1.495914194477461,-5.050850249527423,8489.282028102312,0.33398907334122685,0.13175412091629685
2026-07-15 13:00:00+00:00,9771.649734363988,9808.839536699834,30.64303789184173,1.495914194477461,-5.050850249527423,8489.282028102312,0.3354345171013943,0.13123349087636343
2026-07-15 14:00:00+00:00,9759.624037046007,9796.813839381854,30.64303789184173,1.495914194477461,-5.050850249527423,8489.282028102312,0.33786396007865,0.13016300670206918
2026-07-15 15:00:00+00:00,9752.123563340214,9789.31336567606,30.64303789184173,1.495914194477461,-5.050850249527423,8489.282028102312,0.33977687653132377,0.12949400477093256
2026-07-15 16:00:00+00:00,9782.073148713978,9818.798728401978,30.64303789184173,1.495914194477461,-4.586627601680286,8489.746250750159,0.3369848443535113,0.13211175977903195
2026-07-15 17:00:00+00:00,9764.554704807706,9801.280284495706,30.64303789184173,1.495914194477461,-4.586627601680286,8489.746250750159,0.3367502423616923,0.1305546942586004
2026-07-15 18:00:00+00:00,9768.414463113448,9805.140042801448,30.64303789184173,1.495914194477461,-4.586627601680286,8489.746250750159,0.3389531802588178,0.13089823504025905
2026-07-15 19:00:00+00:00,9775.049709222452,9811.775288910452,30.64303789184173,1.495914194477461,-4.586627601680286,8489.746250750159,0.3387341799870766,0.13148817619409642
2026-07-15 20:00:00+00:00,9782.686603193572,9819.412182881571,30.64303789184173,1.495914194477461,-4.586627601680286,8489.746250750159,0.34109312529136604,0.1321661834716581
2026-07-15 21:00:00+00:00,9782.480460850564,9819.499121992849,30.925527316699103,1.5065062239059244,-4.586627601680286,8960.279469420928,0.29250308168278105,0.08404831420007233
2026-07-15 22:00:00+00:00,9783.145660552234,9820.16432169452,30.925527316699103,1.5065062239059244,-4.586627601680286,8960.279469420928,0.2921064126239299,0.08411059383990183
2026-07-15 23:00:00+00:00,9775.821700360028,9812.840361502313,30.925527316699103,1.5065062239059244,-4.586627601680286,8960.279469420928,0.29329291065915086,0.08342441750027663
2026-07-16 00:00:00+00:00,9772.899304580145,9810.435059019113,31.54105183457829,1.5622178670287865,-4.432484737361492,7933.943891302053,0.18816886943839187,0.18816886943839187
2026-07-16 01:00:00+00:00,9771.237068294326,9808.772822733294,31.54105183457829,1.5622178670287865,-4.432484737361492,7933.943891302053,0.1880307645951928,0.1880307645951928
2026-07-16 02:00:00+00:00,9772.488366784963,9810.02412122393,31.54105183457829,1.5622178670287865,-4.432484737361492,7933.943891302053,0.18813473155228425,0.18813473155228425
2026-07-16 03:00:00+00:00,9775.101492509984,9812.637246948952,31.54105183457829,1.5622178670287865,-4.432484737361492,7933.943891302053,0.1883517631626321,0.1883517631626321
2026-07-16 04:00:00+00:00,9775.432959464635,9812.968713903603,31.54105183457829,1.5622178670287865,-4.432484737361492,7933.943891302053,0.18837928466172338,0.18837928466172338
2026-07-16 05:00:00+00:00,9774.361889031074,9812.489654294905,32.11806289580657,1.577217630663393,-4.432484737361492,8895.051982287956,0.08996085030674907,0.08996085030674907
2026-07-16 06:00:00+00:00,9773.894947168494,9812.022712432325,32.11806289580657,1.577217630663393,-4.432484737361492,8895.051982287956,0.08991737374209645,0.08991737374209645
2026-07-16 07:00:00+00:00,9773.4971505305,9811.624915794331,32.11806289580657,1.577217630663393,-4.432484737361492,8895.051982287956,0.08988033195414225,0.08988033195414225
2026-07-16 08:00:00+00:00,9772.431584312202,9810.559349576033,32.11806289580657,1.577217630663393,-4.432484737361492,8895.051982287956,0.08978109434224263,0.08978109434224263
2026-07-16 09:00:00+00:00,9775.042302980919,9813.262270413461,32.20693300198597,1.5805496931944876,-4.432484737361492,8746.846268549427,0.1051858398728302,0.1051858398728302
2026-07-16 10:00:00+00:00,9772.330726755983,9810.550694188525,32.20693300198597,1.5805496931944876,-4.432484737361492,8746.846268549427,0.10493755142760867,0.10493755142760867
2026-07-16 11:00:00+00:00,9772.40652988117,9810.626497313711,32.20693300198597,1.5805496931944876,-4.432484737361492,8746.846268549427,0.10494449429583977,0.10494449429583977
2026-07-16 12:00:00+00:00,9771.188923808477,9809.408891241019,32.20693300198597,1.5805496931944876,-4.432484737361492,8746.846268549427,0.10483295976021267,0.10483295976021267
2026-07-16 13:00:00+00:00,9769.43789131228,9807.657858744822,32.20693300198597,1.5805496931944876,-4.432484737361492,8746.846268549427,0.10467251382725093,0.10467251382725093
2026-07-16 14:00:00+00:00,9764.432546691773,9802.652514124315,32.20693300198597,1.5805496931944876,-4.432484737361492,8746.846268549427,0.10421356010975863,0.10421356010975863
2026-07-16 15:00:00+00:00,9765.325988692848,9803.54595612539,32.20693300198597,1.5805496931944876,-4.432484737361492,8746.846268549427,0.10429551674185855,0.10429551674185855
2026-07-16 16:00:00+00:00,9766.891908115844,9805.03743577252,32.20693300198597,1.5805496931944876,-4.358044961495243,8746.920708325293,0.10443150281442151,0.10443150281442151
2026-07-16 17:00:00+00:00,9757.115085514564,9796.453459177152,33.35301888164825,1.6273098194457776,-4.358044961495243,6835.631489675178,0.29942084009817904,0.29942084009817904
2026-07-16 18:00:00+00:00,9750.494680171614,9789.833053834202,33.35301888164825,1.6273098194457776,-4.358044961495243,6835.631489675178,0.29894515982086906,0.29894515982086906
2026-07-16 19:00:00+00:00,9736.966854663964,9776.305228326552,33.35301888164825,1.6273098194457776,-4.358044961495243,6835.631489675178,0.29797116579472166,0.29797116579472166
2026-07-16 20:00:00+00:00,9728.120732334788,9767.459105997375,33.35301888164825,1.6273098194457776,-4.358044961495243,6835.631489675178,0.2973327862847565,0.2973327862847565
2026-07-16 21:00:00+00:00,9725.769655522046,9765.108029184634,33.35301888164825,1.6273098194457776,-4.358044961495243,6835.631489675178,0.2971629257336895,0.2971629257336895
2026-07-16 22:00:00+00:00,9728.112581319136,9767.450954981723,33.35301888164825,1.6273098194457776,-4.358044961495243,6835.631489675178,0.29733219753216883,0.29733219753216883
2026-07-16 23:00:00+00:00,9729.165644755349,9768.504018417936,33.35301888164825,1.6273098194457776,-4.358044961495243,6835.631489675178,0.297408252745699,0.297408252745699
2026-07-17 00:00:00+00:00,9730.382710593933,9769.59029085953,33.35301888164825,1.6273098194457776,-4.22725156450619,6835.7622830721675,0.2974826904156867,0.2974826904156867
2026-07-17 01:00:00+00:00,9721.494421704467,9761.020320187063,33.64491450941252,1.6537324086778014,-4.22725156450619,7321.963100384868,0.34769525730747675,0.24682741327941732
2026-07-17 02:00:00+00:00,9718.095928295168,9757.621826777764,33.64491450941252,1.6537324086778014,-4.22725156450619,7321.963100384868,0.34581461724034457,0.24656402299278907
2026-07-17 03:00:00+00:00,9710.217532172735,9749.976262487477,33.86720275867292,1.6642759915633856,-4.22725156450619,7692.221227569601,0.30645844420615037,0.20782194610130345
2026-07-17 04:00:00+00:00,9707.14540711083,9746.90413742557,33.86720275867292,1.6642759915633856,-4.22725156450619,7692.221227569601,0.3066194609209251,0.20757123696377566
2026-07-17 05:00:00+00:00,9691.509056078246,9731.267786392988,33.86720275867292,1.6642759915633856,-4.22725156450619,7692.221227569601,0.30555046745128556,0.20629272664763665
2026-07-17 06:00:00+00:00,9701.683788992063,9741.442519306804,33.86720275867292,1.6642759915633856,-4.22725156450619,7692.221227569601,0.30498762870835944,0.20712513468048524
2026-07-17 07:00:00+00:00,9695.69877346812,9735.457503782862,33.86720275867292,1.6642759915633856,-4.22725156450619,7692.221227569601,0.30505550997683667,0.20663570441987678
2026-07-17 08:00:00+00:00,9695.043287972872,9734.802018287613,33.86720275867292,1.6642759915633856,-4.22725156450619,7692.221227569601,0.30489257278398463,0.2065820647637395
2026-07-17 09:00:00+00:00,9689.28829266875,9729.047022983492,33.86720275867292,1.6642759915633856,-4.22725156450619,7692.221227569601,0.3044797106770213,0.20611081069908915
2026-07-17 10:00:00+00:00,9683.745460551341,9723.504190866082,33.86720275867292,1.6642759915633856,-4.22725156450619,7692.221227569601,0.30554098480786,0.20565640031479654
2026-07-17 11:00:00+00:00,9688.38353853594,9728.142268850681,33.86720275867292,1.6642759915633856,-4.22725156450619,7692.221227569601,0.3056911050493506,0.2060366729936446
2026-07-17 12:00:00+00:00,9694.774336402423,9734.533066717164,33.86720275867292,1.6642759915633856,-4.22725156450619,7692.221227569601,0.30548619392810406,0.20656005383369636
2026-07-17 13:00:00+00:00,9686.602869028207,9726.675378142543,34.15493836584436,1.6903191839868295,-4.22725156450619,7212.374146676699,0.2554279096402899,0.2554279096402899
2026-07-17 14:00:00+00:00,9674.777295567565,9714.8498046819,34.15493836584436,1.6903191839868295,-4.22725156450619,7212.374146676699,0.25451781200369333,0.25451781200369333
2026-07-17 15:00:00+00:00,9667.454696460918,9707.527205575254,34.15493836584436,1.6903191839868295,-4.22725156450619,7212.374146676699,0.2539531476349177,0.2539531476349177
2026-07-17 16:00:00+00:00,9675.912767630927,9716.425975276494,34.590231675429116,1.695724405632689,-4.22725156450619,7937.4277026750415,0.17967142808187392,0.17967142808187392
2026-07-17 17:00:00+00:00,9670.822087880506,9711.748438057492,34.99335785330247,1.7057407591781382,-4.22725156450619,7265.147613374914,0.24875594366691822,0.24875594366691822
2026-07-17 18:00:00+00:00,9667.513457389334,9708.43980756632,34.99335785330247,1.7057407591781382,-4.22725156450619,7265.147613374914,0.24849883629364694,0.24849883629364694
2026-07-17 19:00:00+00:00,9671.557588768439,9712.483938945425,34.99335785330247,1.7057407591781382,-4.22725156450619,7265.147613374914,0.24881307414103424,0.24881307414103424
2026-07-17 20:00:00+00:00,9666.151123615778,9707.077473792764,34.99335785330247,1.7057407591781382,-4.22725156450619,7265.147613374914,0.24839292077431657,0.24839292077431657
2026-07-17 21:00:00+00:00,9668.784559460108,9709.710909637093,34.99335785330247,1.7057407591781382,-4.22725156450619,7265.147613374914,0.24859763202950197,0.24859763202950197
2026-07-17 22:00:00+00:00,9666.972884437751,9707.899234614737,34.99335785330247,1.7057407591781382,-4.22725156450619,7265.147613374914,0.2484568126729087,0.2484568126729087
2026-07-17 23:00:00+00:00,9667.314070916571,9708.240421093557,34.99335785330247,1.7057407591781382,-4.22725156450619,7265.147613374914,0.24848333672828574,0.24848333672828574
2026-07-18 00:00:00+00:00,9665.689275562308,9706.615625739294,34.99335785330247,1.7057407591781382,-4.22725156450619,7265.147613374914,0.24835700732245417,0.24835700732245417
2026-07-18 01:00:00+00:00,9667.02537868246,9707.951728859445,34.99335785330247,1.7057407591781382,-4.22725156450619,7265.147613374914,0.2484608937309838,0.2484608937309838
2026-07-18 02:00:00+00:00,9664.384302498276,9705.310652675262,34.99335785330247,1.7057407591781382,-4.22725156450619,7265.147613374914,0.24825551364955054,0.24825551364955054
2026-07-18 03:00:00+00:00,9664.278085496502,9705.204435673488,34.99335785330247,1.7057407591781382,-4.22725156450619,7265.147613374914,0.2482472514653777,0.2482472514653777
2026-07-18 04:00:00+00:00,9662.543504811541,9703.469854988527,34.99335785330247,1.7057407591781382,-4.22725156450619,7265.147613374914,0.24811229985591524,0.24811229985591524
2026-07-18 05:00:00+00:00,9664.107251176712,9705.033601353698,34.99335785330247,1.7057407591781382,-4.22725156450619,7265.147613374914,0.2482339625845624,0.2482339625845624
2026-07-18 06:00:00+00:00,9662.867171991797,9703.793522168782,34.99335785330247,1.7057407591781382,-4.22725156450619,7265.147613374914,0.24813748506931438,0.24813748506931438
2026-07-18 07:00:00+00:00,9663.381144769402,9704.307494946388,34.99335785330247,1.7057407591781382,-4.22725156450619,7265.147613374914,0.24817747488854924,0.24817747488854924
2026-07-18 08:00:00+00:00,9663.600894926214,9704.5272451032,34.99335785330247,1.7057407591781382,-4.22725156450619,7265.147613374914,0.2481945713228479,0.2481945713228479
2026-07-18 09:00:00+00:00,9663.765459878909,9705.344321225797,35.62067222898291,1.730937553401184,-4.22725156450619,8310.044258466642,0.1400821664218277,0.1400821664218277
2026-07-18 10:00:00+00:00,9663.616636879391,9705.19549822628,35.62067222898291,1.730937553401184,-4.22725156450619,8310.044258466642,0.14006892339324528,0.14006892339324528
2026-07-18 11:00:00+00:00,9663.142777644325,9704.721638991214,35.62067222898291,1.730937553401184,-4.22725156450619,8310.044258466642,0.14002675426757388,0.14002675426757388
2026-07-18 12:00:00+00:00,9662.721039977609,9704.299901324497,35.62067222898291,1.730937553401184,-4.22725156450619,8310.044258466642,0.13998922000485492,0.13998922000485492
2026-07-18 13:00:00+00:00,9662.546816273816,9704.125677620705,35.62067222898291,1.730937553401184,-4.22725156450619,8310.044258466642,0.13997371329981745,0.13997371329981745
2026-07-18 14:00:00+00:00,9662.473029700068,9704.051891046956,35.62067222898291,1.730937553401184,-4.22725156450619,8310.044258466642,0.13996714578932262,0.13996714578932262
2026-07-18 15:00:00+00:00,9665.6569145476,9707.235775894489,35.62067222898291,1.730937553401184,-4.22725156450619,8310.044258466642,0.1402504421650484,0.1402504421650484
2026-07-18 16:00:00+00:00,9661.364595196035,9702.943456542924,35.62067222898291,1.730937553401184,-4.22725156450619,8310.044258466642,0.13986847545338638,0.13986847545338638
2026-07-18 17:00:00+00:00,9663.129738063752,9704.70859941064,35.62067222898291,1.730937553401184,-4.22725156450619,8310.044258466642,0.14002559380603274,0.14002559380603274
2026-07-18 18:00:00+00:00,9662.87368388873,9704.45254523562,35.62067222898291,1.730937553401184,-4.22725156450619,8310.044258466642,0.14000280555024866,0.14000280555024866
2026-07-18 19:00:00+00:00,9663.183515813247,9704.762377160136,35.62067222898291,1.730937553401184,-4.22725156450619,8310.044258466642,0.14003037975344984,0.14003037975344984
2026-07-18 20:00:00+00:00,9662.164614845944,9703.743476192833,35.62067222898291,1.730937553401184,-4.22725156450619,8310.044258466642,0.139939693668825,0.139939693668825
2026-07-18 21:00:00+00:00,9661.258888651606,9702.837749998494,35.62067222898291,1.730937553401184,-4.22725156450619,8310.044258466642,0.1398590645130254,0.1398590645130254
2026-07-18 22:00:00+00:00,9662.952521529458,9704.531382876346,35.62067222898291,1.730937553401184,-4.22725156450619,8310.044258466642,0.14000982205474782,0.14000982205474782
2026-07-18 23:00:00+00:00,9664.054262105712,9705.6331234526,35.62067222898291,1.730937553401184,-4.22725156450619,8310.044258466642,0.14010786435133735,0.14010786435133735
2026-07-19 00:00:00+00:00,9664.79208042021,9706.370941767098,35.62067222898291,1.730937553401184,-4.22725156450619,8310.044258466642,0.14017350923649313,0.14017350923649313
2026-07-19 01:00:00+00:00,9663.191492079233,9704.975835801442,35.82363437480943,1.7334577828944406,-4.22725156450619,7971.571053276614,0.17505815135602074,0.17505815135602074
2026-07-19 02:00:00+00:00,9662.25639913697,9704.040742859179,35.82363437480943,1.7334577828944406,-4.22725156450619,7971.571053276614,0.17497831521127588,0.17497831521127588
2026-07-19 03:00:00+00:00,9663.33297573503,9705.117319457238,35.82363437480943,1.7334577828944406,-4.22725156450619,7971.571053276614,0.17507022956846133,0.17507022956846133
2026-07-19 04:00:00+00:00,9663.405490079138,9705.189833801347,35.82363437480943,1.7334577828944406,-4.22725156450619,7971.571053276614,0.17507641985420497,0.17507641985420497
2026-07-19 05:00:00+00:00,9663.576000850007,9705.360344572216,35.82363437480943,1.7334577828944406,-4.22725156450619,7971.571053276614,0.17509097537232227,0.17509097537232227
2026-07-19 06:00:00+00:00,9664.791320725493,9706.575664447702,35.82363437480943,1.7334577828944406,-4.22725156450619,7971.571053276614,0.17519470532363002,0.17519470532363002
2026-07-19 07:00:00+00:00,9663.32896240242,9705.11330612463,35.82363437480943,1.7334577828944406,-4.22725156450619,7971.571053276614,0.1750698869621442,0.1750698869621442
2026-07-19 08:00:00+00:00,9663.015577573757,9704.799921295966,35.82363437480943,1.7334577828944406,-4.22725156450619,7971.571053276614,0.175043133348838,0.175043133348838
2026-07-19 09:00:00+00:00,9665.158597430844,9707.09475711281,35.96857548356243,1.7403326338987128,-4.22725156450619,8212.9946267562,0.20021175243969663,0.15024729869002376
2026-07-19 10:00:00+00:00,9664.269721783152,9706.20588146512,35.96857548356243,1.7403326338987128,-4.22725156450619,8212.9946267562,0.20004465966424956,0.15016914229492115
2026-07-19 11:00:00+00:00,9665.433952028445,9707.370111710412,35.96857548356243,1.7403326338987128,-4.22725156450619,8212.9946267562,0.20015684322854768,0.15027150694743793
2026-07-19 12:00:00+00:00,9665.236230878265,9707.172390560232,35.96857548356243,1.7403326338987128,-4.22725156450619,8212.9946267562,0.20015918539187624,0.15025412410329686
2026-07-19 13:00:00+00:00,9665.24767838143,9707.183838063398,35.96857548356243,1.7403326338987128,-4.22725156450619,8212.9946267562,0.20015725510907098,0.15025513054088932
2026-07-19 14:00:00+00:00,9665.287402727676,9707.223562409643,35.96857548356243,1.7403326338987128,-4.22725156450619,8212.9946267562,0.20015047086014653,0.15025862299362333
2026-07-19 15:00:00+00:00,9666.119086092653,9708.05524577462,35.96857548356243,1.7403326338987128,-4.22725156450619,8212.9946267562,0.20027108314387157,0.15033173566288535
2026-07-19 16:00:00+00:00,9665.298955956892,9707.23511563886,35.96857548356243,1.7403326338987128,-4.22725156450619,8212.9946267562,0.20030969481619848,0.15025963871563547
2026-07-19 17:00:00+00:00,9663.506213443427,9705.894767209682,36.40444820524811,1.7568539965021353,-4.22725156450619,8939.01329017731,0.12502132317294432,0.07497205540761546
2026-07-19 18:00:00+00:00,9665.62208345618,9708.010637222435,36.40444820524811,1.7568539965021353,-4.22725156450619,8939.01329017731,0.1251265368762679,0.07517455027778741
2026-07-19 19:00:00+00:00,9664.690503128986,9707.079056895242,36.40444820524811,1.7568539965021353,-4.22725156450619,8939.01329017731,0.12504220774987057,0.07508540627521743
2026-07-19 20:00:00+00:00,9664.087710830396,9706.476264596651,36.40444820524811,1.7568539965021353,-4.22725156450619,8939.01329017731,0.1250049004758066,0.07502771522246277
2026-07-19 21:00:00+00:00,9663.985521343127,9706.524413221081,36.549353063903744,1.7622872495450863,-4.22725156450619,9180.376483078047,0.10007767445336327,0.050042400953211184
2026-07-19 22:00:00+00:00,9665.300075070585,9707.838966948539,36.549353063903744,1.7622872495450863,-4.22725156450619,9180.376483078047,0.10017561110158077,0.05017160235338031
2026-07-19 23:00:00+00:00,9663.527869950263,9706.066761828217,36.549353063903744,1.7622872495450863,-4.22725156450619,9180.376483078047,0.10020630381002062,0.04999741226748307
2026-07-20 00:00:00+00:00,9665.386587069106,9707.92547894706,36.549353063903744,1.7622872495450863,-4.22725156450619,9180.376483078047,0.1004268199595515,0.05018010398465925
2026-07-20 01:00:00+00:00,9662.840889503113,9705.379781381067,36.549353063903744,1.7622872495450863,-4.22725156450619,9180.376483078047,0.1000459088610558,0.04992987175740146
2026-07-20 02:00:00+00:00,9665.210943829703,9707.749835707657,36.549353063903744,1.7622872495450863,-4.22725156450619,9180.376483078047,0.10026227463280156,0.05016284316703658
2026-07-20 03:00:00+00:00,9666.227585842325,9708.766477720279,36.549353063903744,1.7622872495450863,-4.22725156450619,9180.376483078047,0.10043459189741699,0.0502627419486669
2026-07-20 04:00:00+00:00,9665.111106530934,9707.649998408888,36.549353063903744,1.7622872495450863,-4.22725156450619,9180.376483078047,0.10029614545303063,0.05015303167341138
2026-07-20 05:00:00+00:00,9662.945922285176,9706.079201605897,37.12926841355147,1.7767593426631754,-4.22725156450619,8213.270984982188,0.20016407569263586,0.15002411779617597
2026-07-20 06:00:00+00:00,9658.822583017032,9701.955862337752,37.12926841355147,1.7767593426631754,-4.22725156450619,8213.270984982188,0.19974199997831554,0.14966126415620654
2026-07-20 07:00:00+00:00,9659.119692249642,9702.252971570362,37.12926841355147,1.7767593426631754,-4.22725156450619,8213.270984982188,0.19974645940630031,0.14968742011009412
2026-07-20 08:00:00+00:00,9663.03927152924,9706.17255084996,37.12926841355147,1.7767593426631754,-4.22725156450619,8213.270984982188,0.2001847546799357,0.15003232894008692
2026-07-20 09:00:00+00:00,9661.49593592457,9704.92840687728,37.41959946508218,1.7856199231232794,-4.22725156450619,8453.809945332656,0.14999240994821178,0.12499989635159353
2026-07-20 10:00:00+00:00,9662.683254238676,9706.115725191386,37.41959946508218,1.7856199231232794,-4.22725156450619,8453.809945332656,0.1501190956690045,0.1251074134480949
2026-07-20 11:00:00+00:00,9663.69904160037,9707.13151255308,37.41959946508218,1.7856199231232794,-4.22725156450619,8453.809945332656,0.1501933658468262,0.12519937666305347
2026-07-20 12:00:00+00:00,9668.793974699227,9712.226445651937,37.41959946508218,1.7856199231232794,-4.22725156450619,8453.809945332656,0.15067988362406037,0.12566034942371052
2026-07-20 13:00:00+00:00,9668.711768199828,9712.706424329552,37.96689878363761,1.8005057815816161,-4.22725156450619,7541.097115088384,0.22005151297498812,0.22005151297498812
2026-07-20 14:00:00+00:00,9650.032252805919,9694.026908935642,37.96689878363761,1.8005057815816161,-4.22725156450619,7541.097115088384,0.2185417708945298,0.2185417708945298
2026-07-20 15:00:00+00:00,9650.163382162358,9694.158038292082,37.96689878363761,1.8005057815816161,-4.22725156450619,7541.097115088384,0.2185523895867331,0.2185523895867331
2026-07-20 16:00:00+00:00,9655.174808700805,9699.16946483053,37.96689878363761,1.8005057815816161,-4.22725156450619,7541.097115088384,0.21895799252721052,0.21895799252721052
2026-07-20 17:00:00+00:00,9649.67874126848,9694.747578018776,39.00203752472961,1.839547661060769,-4.22725156450619,7240.3069259050335,0.24968414803897687,0.24968414803897687
2026-07-20 18:00:00+00:00,9647.344590040499,9692.413426790794,39.00203752472961,1.839547661060769,-4.22725156450619,7240.3069259050335,0.24950261096928034,0.24950261096928034
2026-07-20 19:00:00+00:00,9635.91421307606,9680.983049826355,39.00203752472961,1.839547661060769,-4.22725156450619,7240.3069259050335,0.2486123510647445,0.2486123510647445
2026-07-20 20:00:00+00:00,9630.019372909146,9675.088209659441,39.00203752472961,1.839547661060769,-4.22725156450619,7240.3069259050335,0.24815240286294477,0.24815240286294477
2026-07-20 21:00:00+00:00,9626.987683208154,9672.056519958449,39.00203752472961,1.839547661060769,-4.22725156450619,7240.3069259050335,0.24791563423998997,0.24791563423998997
2026-07-20 22:00:00+00:00,9627.544555238752,9672.613391989047,39.00203752472961,1.839547661060769,-4.22725156450619,7240.3069259050335,0.24795913596003272,0.24795913596003272
2026-07-20 23:00:00+00:00,9620.615982331477,9665.684819081773,39.00203752472961,1.839547661060769,-4.22725156450619,7240.3069259050335,0.2474175313512093,0.2474175313512093
2026-07-21 00:00:00+00:00,9624.161812467903,9669.230649218198,39.00203752472961,1.839547661060769,-4.22725156450619,7240.3069259050335,0.24769480532576194,0.24769480532576194
2026-07-21 01:00:00+00:00,9631.383187083302,9676.452023833597,39.00203752472961,1.839547661060769,-4.22725156450619,7240.3069259050335,0.24825886528790103,0.24825886528790103
2026-07-21 02:00:00+00:00,9631.152813756558,9676.221650506854,39.00203752472961,1.839547661060769,-4.22725156450619,7240.3069259050335,0.24824088394035074,0.24824088394035074
2026-07-21 03:00:00+00:00,9636.242406896687,9681.311243646982,39.00203752472961,1.839547661060769,-4.22725156450619,7240.3069259050335,0.24863794203401052,0.24863794203401052
2026-07-21 04:00:00+00:00,9641.72530991109,9686.794146661385,39.00203752472961,1.839547661060769,-4.22725156450619,7240.3069259050335,0.2490652146600307,0.2490652146600307
2026-07-21 05:00:00+00:00,9641.43991855889,9687.14410854381,39.608250650234524,1.8686877701789046,-4.22725156450619,7183.534083798887,0.25493140604742653,0.25493140604742653
2026-07-21 06:00:00+00:00,9646.859212376668,9692.563402361588,39.608250650234524,1.8686877701789046,-4.22725156450619,7183.534083798887,0.25534996151051936,0.25534996151051936
2026-07-21 07:00:00+00:00,9654.20088647454,9699.90507645946,39.608250650234524,1.8686877701789046,-4.22725156450619,7183.534083798887,0.2559162412020075,0.2559162412020075
2026-07-21 08:00:00+00:00,9651.142093310113,9696.846283295032,39.608250650234524,1.8686877701789046,-4.22725156450619,7183.534083798887,0.2556804143648137,0.2556804143648137
2026-07-21 09:00:00+00:00,9660.374371181419,9706.22624786756,39.754125955915825,1.8704991657195738,-4.22725156450619,7426.513717962039,0.23123955318785322,0.23123955318785322
2026-07-21 10:00:00+00:00,9657.96977985369,9703.821656539832,39.754125955915825,1.8704991657195738,-4.22725156450619,7426.513717962039,0.23104815119078337,0.23104815119078337
2026-07-21 11:00:00+00:00,9656.790351903204,9702.642228589346,39.754125955915825,1.8704991657195738,-4.22725156450619,7426.513717962039,0.23095423558632097,0.23095423558632097
2026-07-21 12:00:00+00:00,9652.5644575937,9698.416334279842,39.754125955915825,1.8704991657195738,-4.22725156450619,7426.513717962039,0.23061754722398375,0.23061754722398375
2026-07-21 13:00:00+00:00,9662.610587762763,9708.462464448905,39.754125955915825,1.8704991657195738,-4.22725156450619,7426.513717962039,0.2314174673077103,0.2314174673077103
2026-07-21 14:00:00+00:00,9678.925613382384,9724.777490068525,39.754125955915825,1.8704991657195738,-4.22725156450619,7426.513717962039,0.23271300817790036,0.23271300817790036
2026-07-21 15:00:00+00:00,9687.790208230292,9733.642084916433,39.754125955915825,1.8704991657195738,-4.22725156450619,7426.513717962039,0.2334150969069477,0.2334150969069477
2026-07-21 16:00:00+00:00,9693.073459201616,9739.020764657693,39.754125955915825,1.8704991657195738,-4.322680334439624,7426.4182891921055,0.2338427723208658,0.2338427723208658
2026-07-21 17:00:00+00:00,9692.24270234355,9738.89119615688,40.42635026202076,1.8994632168661634,-4.322680334439624,7275.034110018714,0.24939620958319206,0.24939620958319206
2026-07-21 18:00:00+00:00,9679.023509306804,9725.672003120133,40.42635026202076,1.8994632168661634,-4.322680334439624,7275.034110018714,0.24837106728551156,0.24837106728551156
2026-07-21 19:00:00+00:00,9674.847964473453,9721.496458286781,40.42635026202076,1.8994632168661634,-4.322680334439624,7275.034110018714,0.24804667352572152,0.24804667352572152
2026-07-21 20:00:00+00:00,9673.816345512607,9720.464839325936,40.42635026202076,1.8994632168661634,-4.322680334439624,7275.034110018714,0.24796648497535467,0.24796648497535467
2026-07-21 21:00:00+00:00,9669.784599969207,9716.433093782536,40.42635026202076,1.8994632168661634,-4.322680334439624,7275.034110018714,0.2476529301343608,0.2476529301343608
2026-07-21 22:00:00+00:00,9675.544416108758,9722.192909922087,40.42635026202076,1.8994632168661634,-4.322680334439624,7275.034110018714,0.24810079958843945,0.24810079958843945
2026-07-21 23:00:00+00:00,9672.947094626277,9719.595588439606,40.42635026202076,1.8994632168661634,-4.322680334439624,7275.034110018714,0.2478989041447051,0.2478989041447051
2026-07-22 00:00:00+00:00,9677.815126803347,9724.56490101746,40.42635026202076,1.8994632168661634,-4.423960735223938,7274.93282961793,0.24828768329439108,0.24828768329439108
2026-07-22 01:00:00+00:00,9676.15054612124,9723.042872028249,40.567153540885776,1.9012116308986584,-4.423960735223938,7509.464157780757,0.2239202850361828,0.2239202850361828
2026-07-22 02:00:00+00:00,9677.823450618434,9724.715776525443,40.567153540885776,1.9012116308986584,-4.423960735223938,7509.464157780757,0.22405443784977452,0.22405443784977452
2026-07-22 03:00:00+00:00,9670.520018264986,9717.412344171995,40.567153540885776,1.9012116308986584,-4.423960735223938,7509.464157780757,0.2234684232494821,0.2234684232494821
2026-07-22 04:00:00+00:00,9671.58090177191,9718.473227678918,40.567153540885776,1.9012116308986584,-4.423960735223938,7509.464157780757,0.22355360162422208,0.22355360162422208
2026-07-22 05:00:00+00:00,9672.182484921905,9719.526360146334,41.002384472497,1.9175300167084768,-4.423960735223938,6783.6440408304425,0.2986439150206733,0.2986439150206733
2026-07-22 06:00:00+00:00,9659.313298781659,9706.657174006088,41.002384472497,1.9175300167084768,-4.423960735223938,6783.6440408304425,0.2977094922797388,0.2977094922797388
2026-07-22 07:00:00+00:00,9658.186845495027,9705.530720719456,41.002384472497,1.9175300167084768,-4.423960735223938,6783.6440408304425,0.29762758275953094,0.29762758275953094
2026-07-22 08:00:00+00:00,9656.326985156898,9703.670860381328,41.002384472497,1.9175300167084768,-4.423960735223938,6783.6440408304425,0.29749230206704513,0.29749230206704513
2026-07-22 09:00:00+00:00,9660.474858957976,9707.997031571993,41.17260782303159,1.9256040557609004,-4.423960735223938,7067.179401704227,0.26844389071092467,0.26844389071092467
2026-07-22 10:00:00+00:00,9659.421251546777,9706.943424160794,41.17260782303159,1.9256040557609004,-4.423960735223938,7067.179401704227,0.26836409577100195,0.26836409577100195
2026-07-22 11:00:00+00:00,9661.608112068097,9709.130284682115,41.17260782303159,1.9256040557609004,-4.423960735223938,7067.179401704227,0.26852969819001743,0.26852969819001743
2026-07-22 12:00:00+00:00,9651.629534259308,9699.151706873325,41.17260782303159,1.9256040557609004,-4.423960735223938,7067.179401704227,0.2677734493829615,0.2677734493829615
2026-07-22 13:00:00+00:00,9646.57596844729,9694.36055428872,41.41796661239271,1.9426584938125344,-4.423960735223938,7475.865358516733,0.22502394808589846,0.22502394808589846
2026-07-22 14:00:00+00:00,9660.406435152143,9708.191020993572,41.41796661239271,1.9426584938125344,-4.423960735223938,7475.865358516733,0.226133454249537,0.226133454249537
2026-07-22 15:00:00+00:00,9649.746077454976,9697.530663296406,41.41796661239271,1.9426584938125344,-4.423960735223938,7475.865358516733,0.2252785411646379,0.2252785411646379
2026-07-22 16:00:00+00:00,9667.924542201927,9715.709128043356,41.41796661239271,1.9426584938125344,-4.423960735223938,7475.865358516733,0.22673523920429145,0.22673523920429145
2026-07-22 17:00:00+00:00,9673.204326671917,9721.265076162796,41.67618357289836,1.9606051827551103,-4.423960735223938,7045.245540713476,0.2716740696474666,0.2716740696474666
2026-07-22 18:00:00+00:00,9664.665742207224,9712.726491698102,41.67618357289836,1.9606051827551103,-4.423960735223938,7045.245540713476,0.2710306048200196,0.2710306048200196
2026-07-22 19:00:00+00:00,9661.643052264639,9709.703801755517,41.67618357289836,1.9606051827551103,-4.423960735223938,7045.245540713476,0.2708025433560075,0.2708025433560075
2026-07-22 20:00:00+00:00,9649.861311998156,9697.922061489035,41.67618357289836,1.9606051827551103,-4.423960735223938,7045.245540713476,0.2699122492098649,0.2699122492098649
2026-07-22 21:00:00+00:00,9644.389004655797,9692.449754146675,41.67618357289836,1.9606051827551103,-4.423960735223938,7045.245540713476,0.26949799128670493,0.26949799128670493
2026-07-22 22:00:00+00:00,9625.450173050554,9673.510922541433,41.67618357289836,1.9606051827551103,-4.423960735223938,7045.245540713476,0.2680606710282668,0.2680606710282668
2026-07-22 23:00:00+00:00,9628.963981542347,9677.024731033225,41.67618357289836,1.9606051827551103,-4.423960735223938,7045.245540713476,0.26832777085692416,0.26832777085692416
2026-07-23 00:00:00+00:00,9630.676652736978,9678.737402227856,41.67618357289836,1.9606051827551103,-4.423960735223938,7045.245540713476,0.2684578877735178,0.2684578877735178
2026-07-23 01:00:00+00:00,9644.199058545175,9692.526335640983,41.925389343208316,1.9779270173750454,-4.423960735223938,7460.339285459757,0.22644283468521142,0.22644283468521142
2026-07-23 02:00:00+00:00,9637.682488784842,9686.00976588065,41.925389343208316,1.9779270173750454,-4.423960735223938,7460.339285459757,0.22591978993485326,0.22591978993485326
2026-07-23 03:00:00+00:00,9633.438595176618,9681.765872272426,41.925389343208316,1.9779270173750454,-4.423960735223938,7460.339285459757,0.22557877836112578,0.22557877836112578
2026-07-23 04:00:00+00:00,9633.138636956435,9681.465914052244,41.925389343208316,1.9779270173750454,-4.423960735223938,7460.339285459757,0.22555466430857557,0.22555466430857557
2026-07-23 05:00:00+00:00,9632.943493715058,9681.57952312528,42.21437164030662,1.997697034690129,-4.423960735223938,7941.687464993165,0.2755776224585428,0.1755700144847046
2026-07-23 06:00:00+00:00,9634.51250169785,9683.148531108072,42.21437164030662,1.997697034690129,-4.423960735223938,7941.687464993165,0.2757011779940214,0.1757042752714645
2026-07-23 07:00:00+00:00,9632.394510448103,9681.030539858324,42.21437164030662,1.997697034690129,-4.423960735223938,7941.687464993165,0.2756786889288912,0.17552302738649816
2026-07-23 08:00:00+00:00,9629.642616442066,9678.278645852288,42.21437164030662,1.997697034690129,-4.423960735223938,7941.687464993165,0.27512827533108175,0.17528741394481384
2026-07-23 09:00:00+00:00,9640.14457958565,9688.780608995872,42.21437164030662,1.997697034690129,-4.423960735223938,7941.687464993165,0.27485812721741254,0.1761858549496452
2026-07-23 10:00:00+00:00,9633.942114892627,9682.578144302848,42.21437164030662,1.997697034690129,-4.423960735223938,7941.687464993165,0.2741205630521863,0.1756554720505835
2026-07-23 11:00:00+00:00,9638.309325252245,9686.945354662466,42.21437164030662,1.997697034690129,-4.423960735223938,7941.687464993165,0.274427149681165,0.17602899045934867
2026-07-23 12:00:00+00:00,9631.283358888042,9679.919388298264,42.21437164030662,1.997697034690129,-4.423960735223938,7941.687464993165,0.272557893458749,0.17542790830005703
2026-07-23 13:00:00+00:00,9619.053346175791,9667.852581542036,42.367127198305376,2.00814743271428,-4.423960735223938,8196.12730609977,0.2973157001102039,0.14792786658592852
2026-07-23 14:00:00+00:00,9656.91108293187,9706.130559278095,42.782213871019685,2.013301739979888,-4.423960735223938,8887.523340617574,0.22038679630626618,0.07967224050288228
2026-07-23 15:00:00+00:00,9651.328317659625,9700.54779400585,42.782213871019685,2.013301739979888,-4.423960735223938,8887.523340617574,0.2184903155837305,0.07913988125805135
2026-07-23 16:00:00+00:00,9646.625958911209,9695.524991942735,42.782213871019685,2.013301739979888,-4.103517420525591,8887.843783932272,0.21852378160136082,0.07865777922880905
2026-07-23 17:00:00+00:00,9671.457873010124,9721.014060088164,43.4041297073145,2.0485399501991552,-4.103517420525591,9395.399809147599,0.3277900680277732,0.02854358334464882
2026-07-23 18:00:00+00:00,9672.69343246682,9722.24961954486,43.4041297073145,2.0485399501991552,-4.103517420525591,9395.399809147599,0.3271374508981819,0.028667674133915313
2026-07-23 19:00:00+00:00,9665.64435549567,9715.20054257371,43.4041297073145,2.0485399501991552,-4.103517420525591,9395.399809147599,0.3265531725732076,0.02795928925260071
2026-07-23 20:00:00+00:00,9670.95460068697,9720.51078776501,43.4041297073145,2.0485399501991552,-4.103517420525591,9395.399809147599,0.32517861550970195,0.02849302917002603
2026-07-23 21:00:00+00:00,9659.172199017068,9708.728386095108,43.4041297073145,2.0485399501991552,-4.103517420525591,9395.399809147599,0.32778499618826024,0.027307970541855707
2026-07-23 22:00:00+00:00,9655.85400898488,9705.41019606292,43.4041297073145,2.0485399501991552,-4.103517420525591,9395.399809147599,0.32726417875681296,0.026973709378261566
2026-07-23 23:00:00+00:00,9652.54717029431,9702.10335737235,43.4041297073145,2.0485399501991552,-4.103517420525591,9395.399809147599,0.32713779981743385,0.026640363067904266
2026-07-24 00:00:00+00:00,9652.450874055532,9701.789188334491,43.4041297073145,2.0485399501991552,-3.885644621444438,9395.61768194668,0.3267805378723992,0.02660808073099699
2026-07-24 01:00:00+00:00,9648.956568038968,9698.294882317927,43.4041297073145,2.0485399501991552,-3.885644621444438,9395.61768194668,0.32709338802689675,0.02625557326389498
2026-07-24 02:00:00+00:00,9651.560220203557,9700.898534482516,43.4041297073145,2.0485399501991552,-3.885644621444438,9395.61768194668,0.3270684085856293,0.026518255330481598
2026-07-24 03:00:00+00:00,9650.13790401298,9699.476218291938,43.4041297073145,2.0485399501991552,-3.885644621444438,9395.61768194668,0.3244102084347571,0.02637477563511894
2026-07-24 04:00:00+00:00,9649.562579120495,9698.900893399454,43.4041297073145,2.0485399501991552,-3.885644621444438,9395.61768194668,0.3253148592740457,0.026316726285945287
2026-07-24 05:00:00+00:00,9650.65258707242,9700.303201405373,43.696133139919766,2.0688365715885824,-3.885644621444438,9881.998066189508,0.2753560193376103,-0.023972003657761698
2026-07-24 06:00:00+00:00,9649.509042645905,9699.159656978858,43.696133139919766,2.0688365715885824,-3.885644621444438,9881.998066189508,0.27552017157067976,-0.024093352575361104
2026-07-24 07:00:00+00:00,9644.597606796857,9694.24822112981,43.696133139919766,2.0688365715885824,-3.885644621444438,9881.998066189508,0.2758048011077536,-0.024614864100224017
2026-07-24 08:00:00+00:00,9643.794755118932,9693.445369451885,43.696133139919766,2.0688365715885824,-3.885644621444438,9881.998066189508,0.2770495382150069,-0.02470016390012223
2026-07-24 09:00:00+00:00,9647.950223876878,9697.600838209832,43.696133139919766,2.0688365715885824,-3.885644621444438,9881.998066189508,0.2768324283707881,-0.024258815280100113
2026-07-24 10:00:00+00:00,9648.576752979649,9698.227367312602,43.696133139919766,2.0688365715885824,-3.885644621444438,9881.998066189508,0.2771997795056701,-0.024192305164362785
2026-07-24 11:00:00+00:00,9649.271388585934,9698.922002918887,43.696133139919766,2.0688365715885824,-3.885644621444438,9881.998066189508,0.2764404547292911,-0.024118575199249162
2026-07-24 12:00:00+00:00,9653.519652040412,9703.170266373365,43.696133139919766,2.0688365715885824,-3.885644621444438,9881.998066189508,0.27660154564553874,-0.023667887193952533
2026-07-24 13:00:00+00:00,9652.700602693045,9702.657628617013,43.98652863170379,2.0848526708197235,-3.885644621444438,9397.715184391005,0.22534921177523407,0.026415966763840178
2026-07-24 14:00:00+00:00,9641.782451079747,9691.739477003715,43.98652863170379,2.0848526708197235,-3.885644621444438,9397.715184391005,0.22002284486198287,0.025313500685903708
2026-07-24 15:00:00+00:00,9659.507381120617,9709.757395342105,44.26047539378238,2.1038942062604558,-3.885644621444438,9854.019174426572,0.17287480092916105,-0.020136823300753993
2026-07-24 16:00:00+00:00,9663.41445036773,9713.611508794133,44.26047539378238,2.1038942062604558,-3.8326888263590537,9854.072130221657,0.17294509802625627,-0.01972984609458309
2026-07-24 17:00:00+00:00,9668.67837622389,9719.203977932737,44.57160289307325,2.121309989415879,-3.8326888263590537,10372.306834873812,0.22587672206597284,-0.07277400605032067
2026-07-24 18:00:00+00:00,9662.12194952467,9712.647551233516,44.57160289307325,2.121309989415879,-3.8326888263590537,10372.306834873812,0.22642444464132927,-0.07350195837510418
2026-07-24 19:00:00+00:00,9653.894384688938,9704.419986397785,44.57160289307325,2.121309989415879,-3.8326888263590537,10372.306834873812,0.22498331734509064,-0.07441685412720848
2026-07-24 20:00:00+00:00,9642.88010699407,9693.405708702916,44.57160289307325,2.121309989415879,-3.8326888263590537,10372.306834873812,0.22684239615684545,-0.0756440731178108
2026-07-24 21:00:00+00:00,9644.547741212897,9695.073342921743,44.57160289307325,2.121309989415879,-3.8326888263590537,10372.306834873812,0.22661566657393473,-0.07545808400647655
2026-07-24 22:00:00+00:00,9644.168321651085,9694.693923359931,44.57160289307325,2.121309989415879,-3.8326888263590537,10372.306834873812,0.2264960536504157,-0.07550039453252409
2026-07-24 23:00:00+00:00,9648.235458302923,9698.76106001177,44.57160289307325,2.121309989415879,-3.8326888263590537,10372.306834873812,0.22596444276663352,-0.07504702592511664
2026-07-25 00:00:00+00:00,9649.74005224363,9700.265653952476,44.57160289307325,2.121309989415879,-3.8326888263590537,10372.306834873812,0.22580246754118027,-0.07487940387183611
2026-07-25 01:00:00+00:00,9650.094032755404,9701.234890710257,45.15524579327393,2.152923335221521,-3.8326888263590537,9890.368297303714,0.12489980981682192,-0.024898644897422204
2026-07-25 02:00:00+00:00,9650.05018712662,9701.191045081474,45.15524579327393,2.152923335221521,-3.8326888263590537,9890.368297303714,0.12489042157971018,-0.024903301590874838
2026-07-25 03:00:00+00:00,9649.936196779672,9701.077054734526,45.15524579327393,2.152923335221521,-3.8326888263590537,9890.368297303714,0.12502453826672,-0.024915408311640214
2026-07-25 04:00:00+00:00,9649.757822412766,9700.89868036762,45.15524579327393,2.152923335221521,-3.8326888263590537,9890.368297303714,0.12509849986400354,-0.024934353723582547
2026-07-25 05:00:00+00:00,9649.462788351379,9700.909300795382,45.44553164906726,2.168291968578089,-3.8326888263590537,9890.329223404937,0.074972821642463,-0.024961641941800825
2026-07-25 06:00:00+00:00,9649.64417904897,9701.090691492973,45.44553164906726,2.168291968578089,-3.8326888263590537,9890.329223404937,0.0749477892923831,-0.02494237506482737
2026-07-25 07:00:00+00:00,9649.905471300131,9701.351983744134,45.44553164906726,2.168291968578089,-3.8326888263590537,9890.329223404937,0.07492833323389131,-0.024914622513127458
2026-07-25 08:00:00+00:00,9650.48536167953,9701.931874123533,45.44553164906726,2.168291968578089,-3.8326888263590537,9890.329223404937,0.07485650416262203,-0.024853036167257144
2026-07-25 09:00:00+00:00,9650.54393257794,9701.990445021944,45.44553164906726,2.168291968578089,-3.8326888263590537,9890.329223404937,0.07486204298948314,-0.024846816148625436
2026-07-25 10:00:00+00:00,9650.702080087493,9702.148592531496,45.44553164906726,2.168291968578089,-3.8326888263590537,9890.329223404937,0.07482512965849801,-0.024830021829383046
2026-07-25 11:00:00+00:00,9650.49536528549,9701.941877729492,45.44553164906726,2.168291968578089,-3.8326888263590537,9890.329223404937,0.07488433970434995,-0.02485197381495793
2026-07-25 12:00:00+00:00,9650.358510553886,9701.805022997889,45.44553164906726,2.168291968578089,-3.8326888263590537,9890.329223404937,0.07487787036980226,-0.024866507559134967
2026-07-25 13:00:00+00:00,9649.507809495964,9701.259358724128,45.73522456541476,2.1836358363904473,-3.8326888263590537,9890.441934818024,0.1249725320258157,-0.02496854037311201
2026-07-25 14:00:00+00:00,9649.47200923676,9701.223558464924,45.73522456541476,2.1836358363904473,-3.8326888263590537,9890.441934818024,0.12502977382600128,-0.024972343082668103
2026-07-25 15:00:00+00:00,9649.57174090609,9701.323290134254,45.73522456541476,2.1836358363904473,-3.8326888263590537,9890.441934818024,0.1251146326530764,-0.02496174963815695
2026-07-25 16:00:00+00:00,9650.062313829309,9701.813863057472,45.73522456541476,2.1836358363904473,-3.8326888263590537,9890.441934818024,0.12505261197624695,-0.024909644432475002
2026-07-25 17:00:00+00:00,9649.466693226876,9701.21824245504,45.73522456541476,2.1836358363904473,-3.8326888263590537,9890.441934818024,0.1251365298139704,-0.024972907752538635
2026-07-25 18:00:00+00:00,9649.436963735952,9701.188512964116,45.73522456541476,2.1836358363904473,-3.8326888263590537,9890.441934818024,0.1252799035439865,-0.024976065648991134
2026-07-25 19:00:00+00:00,9648.53457344357,9700.286122671734,45.73522456541476,2.1836358363904473,-3.8326888263590537,9890.441934818024,0.12538997147968617,-0.025071927714315708
2026-07-25 20:00:00+00:00,9647.982657413515,9699.734206641679,45.73522456541476,2.1836358363904473,-3.8326888263590537,9890.441934818024,0.12549777581546814,-0.02513056729203409
2026-07-25 21:00:00+00:00,9647.518521560762,9699.270070788925,45.73522456541476,2.1836358363904473,-3.8326888263590537,9890.441934818024,0.12555192278277197,-0.025179885658095806
2026-07-25 22:00:00+00:00,9647.518521560762,9699.270070788925,45.73522456541476,2.1836358363904473,-3.8326888263590537,9890.441934818024,0.12555192278277197,-0.025179885658095806
2026-07-25 23:00:00+00:00,9647.232587268647,9698.98413649681,45.73522456541476,2.1836358363904473,-3.8326888263590537,9890.441934818024,0.12563353790956686,-0.02521027096105641
2026-07-26 00:00:00+00:00,9647.460773397159,9699.212322625322,45.73522456541476,2.1836358363904473,-3.8326888263590537,9890.441934818024,0.12558761241093402,-0.02518602222160714
2026-07-26 01:00:00+00:00,9647.195823023836,9698.947372252,45.73522456541476,2.1836358363904473,-3.8326888263590537,9890.441934818024,0.1256812571299597,-0.025214177907911955
2026-07-26 02:00:00+00:00,9646.955234420688,9698.706783648851,45.73522456541476,2.1836358363904473,-3.8326888263590537,9890.441934818024,0.12577688966528253,-0.025239746062940813
2026-07-26 03:00:00+00:00,9646.899423223698,9698.650972451862,45.73522456541476,2.1836358363904473,-3.8326888263590537,9890.441934818024,0.12573032051752406,-0.025245677487631568
2026-07-26 04:00:00+00:00,9645.253910917527,9697.00546014569,45.73522456541476,2.1836358363904473,-3.8326888263590537,9890.441934818024,0.12596098568105754,-0.025420587800489874
2026-07-26 05:00:00+00:00,9644.926886150626,9696.67843537879,45.73522456541476,2.1836358363904473,-3.8326888263590537,9890.441934818024,0.12591711003040193,-0.025455356123014007
2026-07-26 06:00:00+00:00,9645.98588910043,9697.737438328593,45.73522456541476,2.1836358363904473,-3.8326888263590537,9890.441934818024,0.12584176020814827,-0.025342774551828796
2026-07-26 07:00:00+00:00,9644.795932394742,9696.547481622905,45.73522456541476,2.1836358363904473,-3.8326888263590537,9890.441934818024,0.12594205076733095,-0.02546927940675357
2026-07-26 08:00:00+00:00,9645.76585922777,9697.517408455933,45.73522456541476,2.1836358363904473,-3.8326888263590537,9890.441934818024,0.1258481369264526,-0.025366163678561756
2026-07-26 09:00:00+00:00,9644.656057437327,9696.40760666549,45.73522456541476,2.1836358363904473,-3.8326888263590537,9890.441934818024,0.12592941945792996,-0.025484151629353642
2026-07-26 10:00:00+00:00,9644.563047811826,9696.31459703999,45.73522456541476,2.1836358363904473,-3.8326888263590537,9890.441934818024,0.12593062397387084,-0.025494041128382966
2026-07-26 11:00:00+00:00,9641.985330291422,9693.736879519585,45.73522456541476,2.1836358363904473,-3.8326888263590537,9890.441934818024,0.12628957106203587,-0.02576819980694709
2026-07-26 12:00:00+00:00,9641.681141040124,9693.432690268288,45.73522456541476,2.1836358363904473,-3.8326888263590537,9890.441934818024,0.12632027655365904,-0.025800562177797002
2026-07-26 13:00:00+00:00,9641.711930134865,9693.463479363028,45.73522456541476,2.1836358363904473,-3.8326888263590537,9890.441934818024,0.12619597353187578,-0.025797286465877513
2026-07-26 14:00:00+00:00,9642.257471743102,9694.009020971265,45.73522456541476,2.1836358363904473,-3.8326888263590537,9890.441934818024,0.12616122326385587,-0.025739248697956102
2026-07-26 15:00:00+00:00,9641.416781174967,9693.16833040313,45.73522456541476,2.1836358363904473,-3.8326888263590537,9890.441934818024,0.12628356173906585,-0.025828688801139907
2026-07-26 16:00:00+00:00,9641.48450656826,9693.236055796424,45.73522456541476,2.1836358363904473,-3.8326888263590537,9890.441934818024,0.12634807580121293,-0.025821482996748125
2026-07-26 17:00:00+00:00,9641.232537445429,9693.29429699957,46.02980128990621,2.1992694378771738,-3.8326888263590537,9886.326553012572,0.07543955803804439,-0.025421440113100338
2026-07-26 18:00:00+00:00,9641.734018354779,9693.79577790892,46.02980128990621,2.1992694378771738,-3.8326888263590537,9886.326553012572,0.07540523610255992,-0.025368106420708848
2026-07-26 19:00:00+00:00,9641.939119529323,9694.000879083464,46.02980128990621,2.1992694378771738,-3.8326888263590537,9886.326553012572,0.075432790221466,-0.025346295019458582
2026-07-26 20:00:00+00:00,9642.36214550798,9694.42390506212,46.02980128990621,2.1992694378771738,-3.8326888263590537,9886.326553012572,0.07536399738490447,-0.02530131142380358
2026-07-26 21:00:00+00:00,9641.944717889175,9694.159218369163,46.17484952526881,2.2069621283605194,-3.8326888263590537,9887.468541384647,0.10046378865127108,-0.025464139307907443
2026-07-26 22:00:00+00:00,9641.29872232162,9693.513222801608,46.17484952526881,2.2069621283605194,-3.8326888263590537,9887.468541384647,0.10055911016926067,-0.025532848442201363
2026-07-26 23:00:00+00:00,9638.465390509647,9690.679890989635,46.17484952526881,2.2069621283605194,-3.8326888263590537,9887.468541384647,0.1011093635728524,-0.02583431498547238
2026-07-27 00:00:00+00:00,9637.19799276443,9689.412493244417,46.17484952526881,2.2069621283605194,-3.8326888263590537,9887.468541384647,0.10149533106147354,-0.025969223503358434
2026-07-27 01:00:00+00:00,9637.9456925237,9690.315773672453,46.324079236834585,2.2133130855624685,-3.8326888263590537,9638.603125730126,0.07530773030101204,-6.821300175367112e-05
2026-07-27 02:00:00+00:00,9637.990801497797,9690.360882646552,46.324079236834585,2.2133130855624685,-3.8326888263590537,9638.603125730126,0.07525950831804029,-6.353235284605602e-05
2026-07-27 03:00:00+00:00,9637.95183717208,9690.321918320835,46.324079236834585,2.2133130855624685,-3.8326888263590537,9638.603125730126,0.07532504030955745,-6.75754111504126e-05
2026-07-27 04:00:00+00:00,9637.148956510984,9689.519037659738,46.324079236834585,2.2133130855624685,-3.8326888263590537,9638.603125730126,0.07528144843345122,-0.00015089205590827076
2026-07-27 05:00:00+00:00,9637.863092857322,9690.233174006076,46.324079236834585,2.2133130855624685,-3.8326888263590537,9638.603125730126,0.07522336822836863,-7.678391627617687e-05
2026-07-27 06:00:00+00:00,9637.792243057258,9690.162324206012,46.324079236834585,2.2133130855624685,-3.8326888263590537,9638.603125730126,0.07541483029386029,-8.413572864172936e-05
2026-07-27 07:00:00+00:00,9637.016743598651,9689.386824747406,46.324079236834585,2.2133130855624685,-3.8326888263590537,9638.603125730126,0.07556975969175853,-0.0001646134040939537
2026-07-27 08:00:00+00:00,9636.237351627591,9688.607432776345,46.324079236834585,2.2133130855624685,-3.8326888263590537,9638.603125730126,0.07554516086349805,-0.0002455080770851145
2026-07-27 09:00:00+00:00,9635.921453546052,9688.502513198364,46.526445388629824,2.221925437323319,-3.8326888263590537,9301.123839919605,0.11074814105874997,0.03474474291228689
2026-07-27 10:00:00+00:00,9635.544476769606,9688.125536421918,46.526445388629824,2.221925437323319,-3.8326888263590537,9301.123839919605,0.11067512258868613,0.03470697869292792
2026-07-27 11:00:00+00:00,9634.996934514516,9687.577994166828,46.526445388629824,2.221925437323319,-3.8326888263590537,9301.123839919605,0.11045254884646448,0.03465212255531813
2026-07-27 12:00:00+00:00,9634.003263624181,9686.584323276493,46.526445388629824,2.221925437323319,-3.8326888263590537,9301.123839919605,0.11005014874213201,0.03455255459186466
2026-07-27 13:00:00+00:00,9633.631521694979,9686.21258134729,46.526445388629824,2.221925437323319,-3.8326888263590537,9301.123839919605,0.11030018294331945,0.034515299970376175
2026-07-27 14:00:00+00:00,9637.963017944767,9690.544077597078,46.526445388629824,2.221925437323319,-3.8326888263590537,9301.123839919605,0.10890138895261384,0.03494920839579969
2026-07-27 15:00:00+00:00,9628.90781828636,9681.488877938671,46.526445388629824,2.221925437323319,-3.8326888263590537,9301.123839919605,0.10797970275467066,0.034041657117566015
2026-07-27 16:00:00+00:00,9625.060333318479,9677.64139297079,46.526445388629824,2.221925437323319,-3.8326888263590537,9301.123839919605,0.10761834628090991,0.033655528607703725
2026-07-27 17:00:00+00:00,9640.329815624142,9693.720070389709,47.298345188978544,2.2592207502310946,-3.8326888263590537,8950.496914872929,0.1710079149144541,0.07155698134240149
2026-07-27 18:00:00+00:00,9652.685089869869,9706.075344635436,47.298345188978544,2.2592207502310946,-3.8326888263590537,8950.496914872929,0.17234632504169972,0.07274537275994424
2026-07-27 19:00:00+00:00,9653.035069282123,9706.42532404769,47.298345188978544,2.2592207502310946,-3.8326888263590537,8950.496914872929,0.1721441707308591,0.07277899120503672
2026-07-27 20:00:00+00:00,9654.013427551412,9707.403682316979,47.298345188978544,2.2592207502310946,-3.8326888263590537,8950.496914872929,0.1726987918967302,0.07287295775565525
2026-07-27 21:00:00+00:00,9654.106302313976,9707.496557079543,47.298345188978544,2.2592207502310946,-3.8326888263590537,8950.496914872929,0.17271964716542834,0.07288187693483342
2026-07-27 22:00:00+00:00,9653.124174135279,9706.514428900846,47.298345188978544,2.2592207502310946,-3.8326888263590537,8950.496914872929,0.17250327607354296,0.07278755008093435
2026-07-27 23:00:00+00:00,9633.518940241413,9686.90919500698,47.298345188978544,2.2592207502310946,-3.8326888263590537,8950.496914872929,0.17045412944170826,0.07090057429745063
2026-07-28 00:00:00+00:00,9630.87496271277,9684.265217478338,47.298345188978544,2.2592207502310946,-3.8326888263590537,8950.496914872929,0.170307190219097,0.07064550733697786
2026-07-28 01:00:00+00:00,9625.875068423591,9679.265323189158,47.298345188978544,2.2592207502310946,-3.8326888263590537,8950.496914872929,0.16928772039872708,0.07016277987714079
2026-07-28 02:00:00+00:00,9619.45779095021,9672.848045715777,47.298345188978544,2.2592207502310946,-3.8326888263590537,8950.496914872929,0.16859764005231925,0.06954247220738627
2026-07-28 03:00:00+00:00,9619.9920780451,9673.382332810666,47.298345188978544,2.2592207502310946,-3.8326888263590537,8950.496914872929,0.1683202612489524,0.06959414911578815
2026-07-28 04:00:00+00:00,9626.12556697664,9679.515821742207,47.298345188978544,2.2592207502310946,-3.8326888263590537,8950.496914872929,0.16903125847337516,0.07018697682705502
2026-07-28 05:00:00+00:00,9625.102415800538,9678.492670566106,47.298345188978544,2.2592207502310946,-3.8326888263590537,8950.496914872929,0.1686389467287197,0.07008813743323705
2026-07-28 06:00:00+00:00,9625.304615101164,9678.694869866731,47.298345188978544,2.2592207502310946,-3.8326888263590537,8950.496914872929,0.16843974946903104,0.07010767214260702
2026-07-28 07:00:00+00:00,9628.566048516679,9681.956303282246,47.298345188978544,2.2592207502310946,-3.8326888263590537,8950.496914872929,0.16897356708293287,0.07042264966840094
2026-07-28 08:00:00+00:00,9626.536273381736,9679.926528147304,47.298345188978544,2.2592207502310946,-3.8326888263590537,8950.496914872929,0.16885331026865424,0.07022664635650094
2026-07-28 09:00:00+00:00,9621.095315194847,9674.966679206434,47.76040750194104,2.278267683288278,-3.8326888263590537,9720.138707497448,0.24950787368493627,-0.010294398824443576
2026-07-28 10:00:00+00:00,9618.011217355972,9671.88258136756,47.76040750194104,2.278267683288278,-3.8326888263590537,9720.138707497448,0.2488887410036503,-0.010618358393800115
2026-07-28 11:00:00+00:00,9615.331259259923,9669.20262327151,47.76040750194104,2.278267683288278,-3.8326888263590537,9720.138707497448,0.24861553895501695,-0.010900035101400415
2026-07-28 12:00:00+00:00,9617.745117416383,9671.616481427971,47.76040750194104,2.278267683288278,-3.8326888263590537,9720.138707497448,0.24942593636385582,-0.010646319779845679
2026-07-28 13:00:00+00:00,9618.689315430627,9672.560679442215,47.76040750194104,2.278267683288278,-3.8326888263590537,9720.138707497448,0.2503643367895007,-0.01054711185068358
2026-07-28 14:00:00+00:00,9616.559611844317,9670.430975855905,47.76040750194104,2.278267683288278,-3.8326888263590537,9720.138707497448,0.24770431812326482,-0.010770909746720313
2026-07-28 15:00:00+00:00,9624.343272447317,9678.214636458904,47.76040750194104,2.278267683288278,-3.8326888263590537,9720.138707497448,0.2506164740912864,-0.00995345161101794
2026-07-28 16:00:00+00:00,9624.839107155307,9678.710471166894,47.76040750194104,2.278267683288278,-3.8326888263590537,9720.138707497448,0.2541705364507866,-0.009901422691969246
2026-07-28 17:00:00+00:00,9636.154475832453,9690.02583984404,47.76040750194104,2.278267683288278,-3.8326888263590537,9720.138707497448,0.2544343259395129,-0.008715533969035925
2026-07-28 18:00:00+00:00,9627.462575776426,9681.333939788014,47.76040750194104,2.278267683288278,-3.8326888263590537,9720.138707497448,0.25334622618715497,-0.009626226120494553
2026-07-28 19:00:00+00:00,9616.082994034696,9669.954358046283,47.76040750194104,2.278267683288278,-3.8326888263590537,9720.138707497448,0.2522485215142205,-0.010821008255368005
2026-07-28 20:00:00+00:00,9628.637728486283,9682.50909249787,47.76040750194104,2.278267683288278,-3.8326888263590537,9720.138707497448,0.25309785075556473,-0.009503003601481375
2026-07-28 21:00:00+00:00,9630.413174816667,9684.284538828255,47.76040750194104,2.278267683288278,-3.8326888263590537,9720.138707497448,0.25330143365026886,-0.009316893372281417
2026-07-28 22:00:00+00:00,9632.605959721368,9686.477323732955,47.76040750194104,2.278267683288278,-3.8326888263590537,9720.138707497448,0.25313886016564013,-0.009087130537893544
2026-07-28 23:00:00+00:00,9630.705783199768,9684.577147211356,47.76040750194104,2.278267683288278,-3.8326888263590537,9720.138707497448,0.2514671090832549,-0.009286227438667166
2026-07-29 00:00:00+00:00,9627.894198739436,9681.655938905305,47.76040750194104,2.278267683288278,-3.7230649806408764,9720.248331343166,0.2535425779950233,-0.009592350175163116
2026-07-29 01:00:00+00:00,9630.702378497488,9684.464118663358,47.76040750194104,2.278267683288278,-3.7230649806408764,9720.248331343166,0.25329223539808454,-0.00929796699414235
2026-07-29 02:00:00+00:00,9632.847821191255,9686.609561357125,47.76040750194104,2.278267683288278,-3.7230649806408764,9720.248331343166,0.251301878692606,-0.009073174597406083
2026-07-29 03:00:00+00:00,9631.203828697637,9684.965568863507,47.76040750194104,2.278267683288278,-3.7230649806408764,9720.248331343166,0.2515885316789628,-0.00924541773066908
2026-07-29 04:00:00+00:00,9625.376868706704,9679.138608872574,47.76040750194104,2.278267683288278,-3.7230649806408764,9720.248331343166,0.2499822659446629,-0.009856389410050119
2026-07-29 05:00:00+00:00,9625.137704437326,9679.942683541543,48.766774993348875,2.3151391302287783,-3.7230649806408764,9952.693061278196,0.304502954054837,-0.03403123850268271
2026-07-29 06:00:00+00:00,9622.15238148799,9676.957360592207,48.766774993348875,2.3151391302287783,-3.7230649806408764,9952.693061278196,0.30500193382226715,-0.034352052086197786
2026-07-29 07:00:00+00:00,9618.709768835399,9673.514747939616,48.766774993348875,2.3151391302287783,-3.7230649806408764,9952.693061278196,0.3066210576788132,-0.034722254904176686
2026-07-29 08:00:00+00:00,9621.158298072705,9675.963277176923,48.766774993348875,2.3151391302287783,-3.7230649806408764,9952.693061278196,0.30692089043812837,-0.0344589240644656
2026-07-29 09:00:00+00:00,9619.507747524998,9674.312726629216,48.766774993348875,2.3151391302287783,-3.7230649806408764,9952.693061278196,0.3069781225120026,-0.03463642033439013
2026-07-29 10:00:00+00:00,9612.639357342608,9667.444336446826,48.766774993348875,2.3151391302287783,-3.7230649806408764,9952.693061278196,0.30765975486968017,-0.03537568520926962
2026-07-29 11:00:00+00:00,9616.360653290596,9671.165632394814,48.766774993348875,2.3151391302287783,-3.7230649806408764,9952.693061278196,0.3070249701153264,-0.034975020188381924
2026-07-29 12:00:00+00:00,9608.411394195546,9663.216373299763,48.766774993348875,2.3151391302287783,-3.7230649806408764,9952.693061278196,0.3081152936539081,-0.03583127875755114
2026-07-29 13:00:00+00:00,9604.605247881664,9659.410226985881,48.766774993348875,2.3151391302287783,-3.7230649806408764,9952.693061278196,0.30687731835038184,-0.03624176157300217
2026-07-29 14:00:00+00:00,9637.237780356505,9692.042759460723,48.766774993348875,2.3151391302287783,-3.7230649806408764,9952.693061278196,0.3052161168073212,-0.032732956072193384
2026-07-29 15:00:00+00:00,9626.201623991861,9681.006603096079,48.766774993348875,2.3151391302287783,-3.7230649806408764,9952.693061278196,0.30348587953461487,-0.03391695395955594
2026-07-29 16:00:00+00:00,9630.808979572865,9685.313447913704,48.766774993348875,2.3151391302287783,-3.4225542172624612,9952.993572041574,0.3024358778574404,-0.033453533670127815
2026-07-29 17:00:00+00:00,9628.161051226236,9682.85201397734,48.946529453838444,2.3218790800034093,-3.4225542172624612,10252.404585063703,0.33484637830920205,-0.06483517782016789
2026-07-29 18:00:00+00:00,9631.225963363711,9685.916926114816,48.946529453838444,2.3218790800034093,-3.4225542172624612,10252.404585063703,0.3361448067659744,-0.06449631895907107
2026-07-29 19:00:00+00:00,9609.594584835291,9664.285547586396,48.946529453838444,2.3218790800034093,-3.4225542172624612,10252.404585063703,0.340676874994355,-0.06689252023626643
2026-07-29 20:00:00+00:00,9620.852049515637,9675.543012266742,48.946529453838444,2.3218790800034093,-3.4225542172624612,10252.404585063703,0.3310599734710225,-0.06564413757717659
2026-07-29 21:00:00+00:00,9627.673509433469,9682.364472184574,48.946529453838444,2.3218790800034093,-3.4225542172624612,10252.404585063703,0.32937629807225316,-0.06488910067609834
2026-07-29 22:00:00+00:00,9638.953188950401,9693.644151701506,48.946529453838444,2.3218790800034093,-3.4225542172624612,10252.404585063703,0.3286914861421649,-0.06364294795170607
2026-07-29 23:00:00+00:00,9622.750222550703,9677.441185301808,48.946529453838444,2.3218790800034093,-3.4225542172624612,10252.404585063703,0.3314147806723992,-0.06543392979664156
2026-07-30 00:00:00+00:00,9625.041390240878,9679.736660080367,48.946529453838444,2.3218790800034093,-3.4268613056472703,10252.40027797532,0.3316939697175061,-0.06517986388822594
2026-07-30 01:00:00+00:00,9618.901659414134,9673.596929253623,48.946529453838444,2.3218790800034093,-3.4268613056472703,10252.40027797532,0.3319266449430142,-0.06585976663366468
2026-07-30 02:00:00+00:00,9609.282751333514,9663.978021173003,48.946529453838444,2.3218790800034093,-3.4268613056472703,10252.40027797532,0.33395567462991843,-0.0669266940399436
2026-07-30 03:00:00+00:00,9619.703092032727,9674.398361872216,48.946529453838444,2.3218790800034093,-3.4268613056472703,10252.40027797532,0.33238979194796464,-0.06577096817744905
2026-07-30 04:00:00+00:00,9619.809932074271,9674.50520191376,48.946529453838444,2.3218790800034093,-3.4268613056472703,10252.40027797532,0.3321537664618909,-0.06575913145558848
2026-07-30 05:00:00+00:00,9627.696481268213,9682.68392682662,49.235121601658015,2.325462651103336,-3.4268613056472703,10733.098598860113,0.3807748186973795,-0.1148148074404493
2026-07-30 06:00:00+00:00,9620.288707633048,9675.276153191455,49.235121601658015,2.325462651103336,-3.4268613056472703,10733.098598860113,0.3812814744476541,-0.11567323237857985
2026-07-30 07:00:00+00:00,9621.541955009305,9676.529400567711,49.235121601658015,2.325462651103336,-3.4268613056472703,10733.098598860113,0.38118786098493973,-0.11552791112365243
2026-07-30 08:00:00+00:00,9628.957082648038,9683.944528206444,49.235121601658015,2.325462651103336,-3.4268613056472703,10733.098598860113,0.38047585110117654,-0.11466885839607743
2026-07-30 09:00:00+00:00,9629.867133401262,9685.118994564566,49.49251516360424,2.332484694053501,-3.4268613056472703,11161.830475208535,0.3881006941127438,-0.1590845772413254
2026-07-30 10:00:00+00:00,9625.233727278985,9680.485588442289,49.49251516360424,2.332484694053501,-3.4268613056472703,11161.830475208535,0.3888258153721278,-0.15964253871307707
2026-07-30 11:00:00+00:00,9614.610335346024,9669.862196509328,49.49251516360424,2.332484694053501,-3.4268613056472703,11161.830475208535,0.38992489772825684,-0.16092385295891745
2026-07-30 12:00:00+00:00,9617.428060514727,9672.679921678031,49.49251516360424,2.332484694053501,-3.4268613056472703,11161.830475208535,0.3894374476384673,-0.16058372414913089
2026-07-30 13:00:00+00:00,9615.49268279732,9670.744543960624,49.49251516360424,2.332484694053501,-3.4268613056472703,11161.830475208535,0.38935393410105457,-0.16081732298311713
2026-07-30 14:00:00+00:00,9599.151925498982,9654.403786662286,49.49251516360424,2.332484694053501,-3.4268613056472703,11161.830475208535,0.3912204677709541,-0.1627933969415034
2026-07-30 15:00:00+00:00,9597.939950828993,9653.191811992298,49.49251516360424,2.332484694053501,-3.4268613056472703,11161.830475208535,0.39035182706916693,-0.16294022804804734
2026-07-30 16:00:00+00:00,9607.654617345768,9662.534765687089,49.49251516360424,2.332484694053501,-3.0551484836628777,11162.202188030518,0.38894714988280155,-0.16180302400527088
2026-07-30 17:00:00+00:00,9606.276881031668,9661.97312745123,50.274624414809125,2.3664735210900156,-3.0551484836628777,11513.159958762797,0.344156284790821,-0.19850386381183904
2026-07-30 18:00:00+00:00,9606.371457530666,9662.067703950228,50.274624414809125,2.3664735210900156,-3.0551484836628777,11513.159958762797,0.3448493495956201,-0.198492064320223
2026-07-30 19:00:00+00:00,9602.264870321975,9657.961116741537,50.274624414809125,2.3664735210900156,-3.0551484836628777,11513.159958762797,0.34562638524846023,-0.19900462174782185
2026-07-30 20:00:00+00:00,9585.502982556656,9641.199228976218,50.274624414809125,2.3664735210900156,-3.0551484836628777,11513.159958762797,0.3479794426190157,-0.20110128594336885
2026-07-30 21:00:00+00:00,9564.179146724087,9620.53639428684,50.92092804294949,2.381171036140331,-3.0551484836628777,11172.245755557811,0.23503330708978087,-0.1681343044880665
2026-07-30 22:00:00+00:00,9563.280506030054,9619.834470344542,51.11287539499567,2.3859404358274023,-3.0551484836628777,11491.966061616056,0.20167614600135209,-0.20167614600135209
2026-07-30 23:00:00+00:00,9558.851443793461,9615.405408107948,51.11287539499567,2.3859404358274023,-3.0551484836628777,11491.966061616056,0.20223293867358522,-0.20223293867358522
2026-07-31 00:00:00+00:00,9556.44670469507,9612.502168901276,51.11287539499567,2.3859404358274023,-2.556648375380244,11492.464561724339,0.20258762664140692,-0.20258762664140692
2026-07-31 01:00:00+00:00,9544.280985081466,9600.336449287672,51.11287539499567,2.3859404358274023,-2.556648375380244,11492.464561724339,0.20412051779364532,-0.20412051779364532
2026-07-31 02:00:00+00:00,9544.987889782575,9601.04335398878,51.11287539499567,2.3859404358274023,-2.556648375380244,11492.464561724339,0.20403134026250977,-0.20403134026250977
2026-07-31 03:00:00+00:00,9543.714274810645,9599.76973901685,51.11287539499567,2.3859404358274023,-2.556648375380244,11492.464561724339,0.20419201903992024,-0.20419201903992024
2026-07-31 04:00:00+00:00,9541.861191276961,9597.916655483166,51.11287539499567,2.3859404358274023,-2.556648375380244,11492.464561724339,0.20442587995627018,-0.20442587995627018
2026-07-31 05:00:00+00:00,9541.314646931438,9598.294432461324,51.978674763326794,2.4444623911781456,-2.556648375380244,10048.59981513747,0.20353439324449718,-0.05316721929605141
2026-07-31 06:00:00+00:00,9541.200665497578,9598.180451027463,51.978674763326794,2.4444623911781456,-2.556648375380244,10048.59981513747,0.20386108774685696,-0.053179800680088776
2026-07-31 07:00:00+00:00,9540.85998124274,9597.839766772626,51.978674763326794,2.4444623911781456,-2.556648375380244,10048.59981513747,0.203522340961381,-0.05321740753904174
2026-07-31 08:00:00+00:00,9542.903067665386,9599.882853195271,51.978674763326794,2.4444623911781456,-2.556648375380244,10048.59981513747,0.20425928239258176,-0.052991919113750334
2026-07-31 09:00:00+00:00,9542.771169997117,9599.750955527003,51.978674763326794,2.4444623911781456,-2.556648375380244,10048.59981513747,0.20579677548406075,-0.05300647329055735
2026-07-31 10:00:00+00:00,9553.037026223854,9610.01681175374,51.978674763326794,2.4444623911781456,-2.556648375380244,10048.59981513747,0.20502088879277885,-0.05187489460715538
2026-07-31 11:00:00+00:00,9551.503156065406,9608.482941595292,51.978674763326794,2.4444623911781456,-2.556648375380244,10048.59981513747,0.20408780820444844,-0.05204381456508201
2026-07-31 12:00:00+00:00,9558.058751046594,9615.03853657648,51.978674763326794,2.4444623911781456,-2.556648375380244,10048.59981513747,0.20336588131919503,-0.051322248258534924
2026-07-31 13:00:00+00:00,9553.477559474908,9610.457345004794,51.978674763326794,2.4444623911781456,-2.556648375380244,10048.59981513747,0.20296097689374487,-0.051826390189351645
2026-07-31 14:00:00+00:00,9564.038056746776,9621.017842276662,51.978674763326794,2.4444623911781456,-2.556648375380244,10048.59981513747,0.20614469182583042,-0.05066497597726188
2026-07-31 15:00:00+00:00,9549.442324651322,9606.422110181207,51.978674763326794,2.4444623911781456,-2.556648375380244,10048.59981513747,0.2089532444217838,-0.052270852424293066
2026-07-31 16:00:00+00:00,9552.134543085109,9609.108634400854,52.28585155921365,2.459031580890087,-2.2292081756404163,9536.658752063235,0.15397245097516254,0.0016201395564593296
2026-07-31 17:00:00+00:00,9541.510844530592,9599.382098984492,53.14553407319665,2.496512205060982,-2.2292081756404163,10013.368316079337,0.3075161145142607,-0.04945311903294893
2026-07-31 18:00:00+00:00,9524.009863710537,9581.881118164436,53.14553407319665,2.496512205060982,-2.2292081756404163,10013.368316079337,0.3103675404931266,-0.05138155665224682
2026-07-31 19:00:00+00:00,9508.821823235772,9566.693077689672,53.14553407319665,2.496512205060982,-2.2292081756404163,10013.368316079337,0.31270612516450746,-0.053060884116121934
2026-07-31 20:00:00+00:00,9511.530764665073,9569.783129283482,53.51108694281245,2.512069499956351,-2.2292081756404163,9403.74798051673,0.2491439609710483,0.011331802084765613
2026-07-31 21:00:00+00:00,9508.676965405235,9567.370654547405,53.940367269537475,2.5241136969920426,-2.2292081756404163,9093.312278680029,0.1733965657360249,0.04368270036266861
2026-07-31 22:00:00+00:00,9506.113364016635,9564.807053158806,53.940367269537475,2.5241136969920426,-2.2292081756404163,9093.312278680029,0.1730836835770511,0.04342480144400304
2026-07-31 23:00:00+00:00,9507.861962220393,9566.555651362563,53.940367269537475,2.5241136969920426,-2.2292081756404163,9093.312278680029,0.17307441338596194,0.04360072592424902
2026-08-01 00:00:00+00:00,9508.379088656842,9566.875131950786,53.940367269537475,2.5241136969920426,-2.0315623274138295,9093.509924528254,0.17295842229115663,0.043631954538235915
2026-08-01 01:00:00+00:00,9503.582035024052,9562.515134702346,54.36926139340588,2.53227595747401,-2.0315623274138295,9807.904570185061,0.24837669834557574,-0.03202187701852562
2026-08-01 02:00:00+00:00,9503.011908964667,9561.94500864296,54.36926139340588,2.53227595747401,-2.0315623274138295,9807.904570185061,0.24859130579380798,-0.03208379239562706
2026-08-01 03:00:00+00:00,9502.794306460677,9561.72740613897,54.36926139340588,2.53227595747401,-2.0315623274138295,9807.904570185061,0.2487212170415493,-0.032107425867036646
2026-08-01 04:00:00+00:00,9502.872754431435,9561.805854109729,54.36926139340588,2.53227595747401,-2.0315623274138295,9807.904570185061,0.24837991123943223,-0.03209890562949837
2026-08-01 05:00:00+00:00,9501.980964908302,9560.914064586595,54.36926139340588,2.53227595747401,-2.0315623274138295,9807.904570185061,0.24843371295240643,-0.03219577121934512
2026-08-01 06:00:00+00:00,9502.487394597409,9561.420494275702,54.36926139340588,2.53227595747401,-2.0315623274138295,9807.904570185061,0.24830191202997481,-0.032140760929743106
2026-08-01 07:00:00+00:00,9503.374452960932,9562.307552639226,54.36926139340588,2.53227595747401,-2.0315623274138295,9807.904570185061,0.24855966360895668,-0.032044419456632924
2026-08-01 08:00:00+00:00,9503.225674969604,9562.158774647898,54.36926139340588,2.53227595747401,-2.0315623274138295,9807.904570185061,0.24845601224063865,-0.03206057665429804
2026-08-01 09:00:00+00:00,9501.977254485604,9560.910354163898,54.36926139340588,2.53227595747401,-2.0315623274138295,9807.904570185061,0.24850865783382195,-0.03219617428099367
2026-08-01 10:00:00+00:00,9501.045897874097,9559.97899755239,54.36926139340588,2.53227595747401,-2.0315623274138295,9807.904570185061,0.2485665931086534,-0.03229735711303362
2026-08-01 11:00:00+00:00,9501.59330231715,9560.526401995443,54.36926139340588,2.53227595747401,-2.0315623274138295,9807.904570185061,0.2487311753904839,-0.03223788454439648
2026-08-01 12:00:00+00:00,9502.858312819286,9561.79141249758,54.36926139340588,2.53227595747401,-2.0315623274138295,9807.904570185061,0.24862847563836393,-0.03210047412306141
2026-08-01 13:00:00+00:00,9502.783589266337,9561.71668894463,54.36926139340588,2.53227595747401,-2.0315623274138295,9807.904570185061,0.2484248638469927,-0.032108589872904866
2026-08-01 14:00:00+00:00,9503.081822634935,9562.014922313228,54.36926139340588,2.53227595747401,-2.0315623274138295,9807.904570185061,0.24835543693715675,-0.03207619940976243
2026-08-01 15:00:00+00:00,9501.836418670655,9560.769518348949,54.36926139340588,2.53227595747401,-2.0315623274138295,9807.904570185061,0.2484518377089437,-0.03221147344875318
2026-08-01 16:00:00+00:00,9502.646562572741,9561.579662251035,54.36926139340588,2.53227595747401,-2.0315623274138295,9807.904570185061,0.24843359119694514,-0.032123472719127945
2026-08-01 17:00:00+00:00,9504.816043814415,9563.749143492709,54.36926139340588,2.53227595747401,-2.0315623274138295,9807.904570185061,0.248270730125091,-0.03188788977856037
2026-08-01 18:00:00+00:00,9505.08639912681,9564.019498805104,54.36926139340588,2.53227595747401,-2.0315623274138295,9807.904570185061,0.2481184195479601,-0.031858539558995425
2026-08-01 19:00:00+00:00,9507.859431241986,9566.79253092028,54.36926139340588,2.53227595747401,-2.0315623274138295,9807.904570185061,0.24762359176064355,-0.031557590971228774
2026-08-01 20:00:00+00:00,9509.325194216763,9568.258293895056,54.36926139340588,2.53227595747401,-2.0315623274138295,9807.904570185061,0.24735636401190483,-0.03139858716261838
2026-08-01 21:00:00+00:00,9508.172123961662,9567.105223639956,54.36926139340588,2.53227595747401,-2.0315623274138295,9807.904570185061,0.24731788506939442,-0.03152366641197421
2026-08-01 22:00:00+00:00,9506.118548154958,9565.051647833252,54.36926139340588,2.53227595747401,-2.0315623274138295,9807.904570185061,0.2480849227746369,-0.031746503107588156
2026-08-01 23:00:00+00:00,9507.279411320638,9566.212510998932,54.36926139340588,2.53227595747401,-2.0315623274138295,9807.904570185061,0.24770178632335632,-0.031620524217102416
2026-08-02 00:00:00+00:00,9506.821860032325,9565.754959710619,54.36926139340588,2.53227595747401,-2.0315623274138295,9807.904570185061,0.24772965159446664,-0.03167017480558032
2026-08-02 01:00:00+00:00,9504.229431961914,9563.162531640208,54.36926139340588,2.53227595747401,-2.0315623274138295,9807.904570185061,0.2482337749457513,-0.03195157907298751
2026-08-02 02:00:00+00:00,9503.454676068974,9562.387775747267,54.36926139340588,2.53227595747401,-2.0315623274138295,9807.904570185061,0.24850605048364027,-0.03203570748674535
2026-08-02 03:00:00+00:00,9502.249571245276,9561.18267092357,54.36926139340588,2.53227595747401,-2.0315623274138295,9807.904570185061,0.24993607179501892,-0.032166593462744544
2026-08-02 04:00:00+00:00,9501.182228539801,9560.115328218095,54.36926139340588,2.53227595747401,-2.0315623274138295,9807.904570185061,0.25022077728159053,-0.03228254487361813
2026-08-02 05:00:00+00:00,9500.55549148437,9559.488591162664,54.36926139340588,2.53227595747401,-2.0315623274138295,9807.904570185061,0.25006510852209973,-0.03235064296779037
2026-08-02 06:00:00+00:00,9500.091813727478,9559.024913405772,54.36926139340588,2.53227595747401,-2.0315623274138295,9807.904570185061,0.25014337392732355,-0.03240102964192378
2026-08-02 07:00:00+00:00,9499.459749473155,9558.392849151449,54.36926139340588,2.53227595747401,-2.0315623274138295,9807.904570185061,0.2502115983016853,-0.03246972236805486
2026-08-02 08:00:00+00:00,9500.623192783381,9559.556292461675,54.36926139340588,2.53227595747401,-2.0315623274138295,9807.904570185061,0.25026863877115896,-0.032343286452523254
2026-08-02 09:00:00+00:00,9502.451187229763,9561.384286908056,54.36926139340588,2.53227595747401,-2.0315623274138295,9807.904570185061,0.25028715209814806,-0.03214469371500622
2026-08-02 10:00:00+00:00,9502.964085769418,9561.897185447711,54.36926139340588,2.53227595747401,-2.0315623274138295,9807.904570185061,0.25023323472167075,-0.03208898630610308
2026-08-02 11:00:00+00:00,9501.826514476234,9560.759614154527,54.36926139340588,2.53227595747401,-2.0315623274138295,9807.904570185061,0.25027998063909573,-0.032212549370640685
2026-08-02 12:00:00+00:00,9505.111123125513,9564.044222803806,54.36926139340588,2.53227595747401,-2.0315623274138295,9807.904570185061,0.2497540012508609,-0.03185585556415699
2026-08-02 13:00:00+00:00,9505.675143142897,9564.60824282119,54.36926139340588,2.53227595747401,-2.0315623274138295,9807.904570185061,0.24996829122158878,-0.031794630311996586
2026-08-02 14:00:00+00:00,9505.303246482625,9564.236346160918,54.36926139340588,2.53227595747401,-2.0315623274138295,9807.904570185061,0.25010761482767796,-0.03183499945826685
2026-08-02 15:00:00+00:00,9506.092864422997,9565.02596410129,54.36926139340588,2.53227595747401,-2.0315623274138295,9807.904570185061,0.2500062445885897,-0.0317492906987694
2026-08-02 16:00:00+00:00,9505.984707983327,9564.91780766162,54.36926139340588,2.53227595747401,-2.0315623274138295,9807.904570185061,0.25033991901016817,-0.03176102965410562
2026-08-02 17:00:00+00:00,9505.273913607089,9564.207013285382,54.36926139340588,2.53227595747401,-2.0315623274138295,9807.904570185061,0.2505591897979909,-0.03183818365767957
2026-08-02 18:00:00+00:00,9504.437161498776,9563.37026117707,54.36926139340588,2.53227595747401,-2.0315623274138295,9807.904570185061,0.25080845761810233,-0.03192902467866178
2026-08-02 19:00:00+00:00,9503.63295410086,9562.566053779154,54.36926139340588,2.53227595747401,-2.0315623274138295,9807.904570185061,0.2509424253070463,-0.03201634759609552
2026-08-02 20:00:00+00:00,9505.086493364865,9564.019593043158,54.36926139340588,2.53227595747401,-2.0315623274138295,9807.904570185061,0.25115973234374533,-0.0318585293286475
2026-08-02 21:00:00+00:00,9503.836880612156,9562.76998029045,54.36926139340588,2.53227595747401,-2.0315623274138295,9807.904570185061,0.25104072349645284,-0.03199420332994176
2026-08-02 22:00:00+00:00,9503.964564104259,9562.897663782553,54.36926139340588,2.53227595747401,-2.0315623274138295,9807.904570185061,0.25105376926953005,-0.031980338734506696
2026-08-02 23:00:00+00:00,9511.260734092362,9570.193833770656,54.36926139340588,2.53227595747401,-2.0315623274138295,9807.904570185061,0.2507565254435119,-0.031188697732720268
2026-08-03 00:00:00+00:00,9514.562820363224,9573.495920041518,54.36926139340588,2.53227595747401,-2.0315623274138295,9807.904570185061,0.2507357470566469,-0.030830817491059252
2026-08-03 01:00:00+00:00,9507.502503626152,9566.435603304446,54.36926139340588,2.53227595747401,-2.0315623274138295,9807.904570185061,0.25183499416695015,-0.03159631737612863
2026-08-03 02:00:00+00:00,9511.21265956344,9570.145759241734,54.36926139340588,2.53227595747401,-2.0315623274138295,9807.904570185061,0.2517123243911632,-0.031193909887326506
2026-08-03 03:00:00+00:00,9509.778376093725,9568.71147577202,54.36926139340588,2.53227595747401,-2.0315623274138295,9807.904570185061,0.2526619639832048,-0.031349436580013594
2026-08-03 04:00:00+00:00,9509.464433497315,9568.397533175608,54.36926139340588,2.53227595747401,-2.0315623274138295,9807.904570185061,0.2521666330825044,-0.0313834852398716
2026-08-03 05:00:00+00:00,9512.042449467774,9570.975549146067,54.36926139340588,2.53227595747401,-2.0315623274138295,9807.904570185061,0.2519296966700802,-0.031103952940605587
2026-08-03 06:00:00+00:00,9508.982790274547,9567.915889952841,54.36926139340588,2.53227595747401,-2.0315623274138295,9807.904570185061,0.25165410742444055,-0.031435726249945464
2026-08-03 07:00:00+00:00,9510.212992360319,9569.146092038613,54.36926139340588,2.53227595747401,-2.0315623274138295,9807.904570185061,0.2511798158192136,-0.03130230396142348
2026-08-03 08:00:00+00:00,9508.468886873954,9567.401986552248,54.36926139340588,2.53227595747401,-2.0315623274138295,9807.904570185061,0.2514810800793759,-0.03149147216798132
2026-08-03 09:00:00+00:00,9511.533691428724,9570.824396853473,54.712304356873766,2.5468387404614776,-2.0315623274138295,9808.775430702392,0.2508588154252621,-0.03125066355403087
2026-08-03 10:00:00+00:00,9513.021147898959,9572.311853323708,54.712304356873766,2.5468387404614776,-2.0315623274138295,9808.775430702392,0.2512295104394816,-0.03108941714785874
2026-08-03 11:00:00+00:00,9513.453655567173,9572.744360991923,54.712304356873766,2.5468387404614776,-2.0315623274138295,9808.775430702392,0.25162509613109424,-0.031042540997968736
2026-08-03 12:00:00+00:00,9509.854583865243,9569.145289289992,54.712304356873766,2.5468387404614776,-2.0315623274138295,9808.775430702392,0.2522686760813622,-0.03143274633707946
2026-08-03 13:00:00+00:00,9512.247912270188,9571.739962078313,54.90876714358484,2.5517203371257318,-2.0315623274138295,10136.016945767475,0.287177256629359,-0.06557535497920154
2026-08-03 14:00:00+00:00,9512.301145487876,9571.793195296,54.90876714358484,2.5517203371257318,-2.0315623274138295,10136.016945767475,0.2926158607909761,-0.06556939175285223
2026-08-03 15:00:00+00:00,9510.50233641523,9570.456560640998,55.36527301862533,2.5573888797272932,-2.0315623274138295,9374.717314824953,0.21250810065289424,0.014277376397917717
2026-08-03 16:00:00+00:00,9522.476185740676,9582.225427719428,55.36527301862533,2.5573888797272932,-1.8265800803983194,9374.922297071967,0.21211555380900135,0.015495327663792021
2026-08-03 17:00:00+00:00,9505.79117040951,9566.31813696502,56.11142273973617,2.5889637353761703,-1.8265800803983194,10257.66895332818,0.34499157977439554,-0.07909681261031537
2026-08-03 18:00:00+00:00,9496.398687063893,9556.925653619403,56.11142273973617,2.5889637353761703,-1.8265800803983194,10257.66895332818,0.34524492429444553,-0.08016410129255626
2026-08-03 19:00:00+00:00,9507.397868524255,9567.924835079764,56.11142273973617,2.5889637353761703,-1.8265800803983194,10257.66895332818,0.34448602017182495,-0.07891445116521503
2026-08-03 20:00:00+00:00,9525.20935284583,9585.73631940134,56.11142273973617,2.5889637353761703,-1.8265800803983194,10257.66895332818,0.3412054125051147,-0.07689695557856852
2026-08-03 21:00:00+00:00,9519.293256636673,9579.820223192182,56.11142273973617,2.5889637353761703,-1.8265800803983194,10257.66895332818,0.34072010071319225,-0.07756623068385099
2026-08-03 22:00:00+00:00,9514.133671824058,9574.660638379568,56.11142273973617,2.5889637353761703,-1.8265800803983194,10257.66895332818,0.34087516573763565,-0.07815060279277872
2026-08-03 23:00:00+00:00,9508.68922681634,9569.216193371849,56.11142273973617,2.5889637353761703,-1.8265800803983194,10257.66895332818,0.3404020518298211,-0.07876792569890426
2026-08-04 00:00:00+00:00,9509.6715241114,9569.780653447511,56.11142273973617,2.5889637353761703,-1.4087428610003203,10258.086790547579,0.34018158895279105,-0.07870043297905731
2026-08-04 01:00:00+00:00,9516.987463697957,9577.096593034068,56.11142273973617,2.5889637353761703,-1.4087428610003203,10258.086790547579,0.34022141255099203,-0.07787120973695788
2026-08-04 02:00:00+00:00,9514.16967177239,9574.278801108501,56.11142273973617,2.5889637353761703,-1.4087428610003203,10258.086790547579,0.3413248371279408,-0.07819044062061647
2026-08-04 03:00:00+00:00,9515.004880217974,9575.114009554085,56.11142273973617,2.5889637353761703,-1.4087428610003203,10258.086790547579,0.34108902751191095,-0.0780957991807758
2026-08-04 04:00:00+00:00,9514.96653167473,9575.075661010842,56.11142273973617,2.5889637353761703,-1.4087428610003203,10258.086790547579,0.34116461628723926,-0.07810014427260961
2026-08-04 05:00:00+00:00,9510.131774552108,9570.24090388822,56.11142273973617,2.5889637353761703,-1.4087428610003203,10258.086790547579,0.3419251159925773,-0.07864822840803348
2026-08-04 06:00:00+00:00,9512.555830867792,9572.664960203903,56.11142273973617,2.5889637353761703,-1.4087428610003203,10258.086790547579,0.34143580034276577,-0.07837335968747469
2026-08-04 07:00:00+00:00,9515.353643886207,9575.462773222318,56.11142273973617,2.5889637353761703,-1.4087428610003203,10258.086790547579,0.34051452446372643,-0.07805628402876993
2026-08-04 08:00:00+00:00,9510.196079816473,9570.305209152584,56.11142273973617,2.5889637353761703,-1.4087428610003203,10258.086790547579,0.34054472301726535,-0.07864093489285234
2026-08-04 09:00:00+00:00,9511.033434069574,9571.142563405685,56.11142273973617,2.5889637353761703,-1.4087428610003203,10258.086790547579,0.3396582449219342,-0.0785459710195085
2026-08-04 10:00:00+00:00,9512.574743545072,9572.683872881184,56.11142273973617,2.5889637353761703,-1.4087428610003203,10258.086790547579,0.3395604728376679,-0.07837121569093458
2026-08-04 11:00:00+00:00,9507.989126963404,9568.098256299516,56.11142273973617,2.5889637353761703,-1.4087428610003203,10258.086790547579,0.3392570820391335,-0.07889130430923581
2026-08-04 12:00:00+00:00,9500.108658669773,9560.217788005884,56.11142273973617,2.5889637353761703,-1.4087428610003203,10258.086790547579,0.33918164197881234,-0.07978625920094898
2026-08-04 13:00:00+00:00,9502.528061132765,9562.637190468877,56.11142273973617,2.5889637353761703,-1.4087428610003203,10258.086790547579,0.33901407826750024,-0.0795113389357091
2026-08-04 14:00:00+00:00,9508.245977125196,9568.355106461308,56.11142273973617,2.5889637353761703,-1.4087428610003203,10258.086790547579,0.3402873397982649,-0.07886215977440421
2026-08-04 15:00:00+00:00,9490.1870553629,9550.296184699011,56.11142273973617,2.5889637353761703,-1.4087428610003203,10258.086790547579,0.343228069312873,-0.08091513167285141
2026-08-04 16:00:00+00:00,9475.467912543965,9535.585895037259,56.11142273973617,2.5889637353761703,-1.4175960181822869,10258.077937390397,0.34517962619965314,-0.08259328532054704
2026-08-04 17:00:00+00:00,9483.817249393293,9544.39569863909,56.5662418109295,2.5946114166853755,-1.4175960181822869,11015.65490364141,0.4244547727509703,-0.16152121176165787
2026-08-04 18:00:00+00:00,9470.11784754682,9530.696296792617,56.5662418109295,2.5946114166853755,-1.4175960181822869,11015.65490364141,0.4271196927690291,-0.16320145968351946
2026-08-04 19:00:00+00:00,9459.091257580783,9519.66970682658,56.5662418109295,2.5946114166853755,-1.4175960181822869,11015.65490364141,0.4282887258927295,-0.164557419277793
2026-08-04 20:00:00+00:00,9458.824823844661,9519.403273090458,56.5662418109295,2.5946114166853755,-1.4175960181822869,11015.65490364141,0.42804655636653827,-0.16459022223058317
2026-08-04 21:00:00+00:00,9454.631607153193,9515.21005639899,56.5662418109295,2.5946114166853755,-1.4175960181822869,11015.65490364141,0.4296372867030498,-0.16510672878118032
2026-08-04 22:00:00+00:00,9459.137845457826,9519.716294703623,56.5662418109295,2.5946114166853755,-1.4175960181822869,11015.65490364141,0.4286131732452901,-0.1645516836326693
2026-08-04 23:00:00+00:00,9456.54066331105,9517.119112556848,56.5662418109295,2.5946114166853755,-1.4175960181822869,11015.65490364141,0.4291555148766739,-0.16487152076438716
2026-08-05 00:00:00+00:00,9456.726153388687,9517.438916210736,56.5662418109295,2.5946114166853755,-1.5519095944340315,11015.520590065158,0.42901570522706534,-0.1648344692859589
2026-08-05 01:00:00+00:00,9460.87781731031,9521.590580132359,56.5662418109295,2.5946114166853755,-1.5519095944340315,11015.520590065158,0.4281117584083124,-0.1643233115124224
2026-08-05 02:00:00+00:00,9452.319785112395,9513.032547934445,56.5662418109295,2.5946114166853755,-1.5519095944340315,11015.520590065158,0.43006413761393086,-0.16537747775047112
2026-08-05 03:00:00+00:00,9449.7999291678,9510.51269198985,56.5662418109295,2.5946114166853755,-1.5519095944340315,11015.520590065158,0.4307166806485113,-0.1656882338920844
2026-08-05 04:00:00+00:00,9451.403644637914,9512.116407459964,56.5662418109295,2.5946114166853755,-1.5519095944340315,11015.520590065158,0.4304546478352575,-0.16549043975226024
2026-08-05 05:00:00+00:00,9449.229183559908,9510.11845423141,56.736370903786934,2.6009901732789027,-1.5519095944340315,10731.80197287657,0.4606121492219752,-0.1357330597450347
2026-08-05 06:00:00+00:00,9446.81461861425,9507.70388928575,56.736370903786934,2.6009901732789027,-1.5519095944340315,10731.80197287657,0.4610288463985903,-0.13602334820145082
2026-08-05 07:00:00+00:00,9447.43850892325,9508.32777959475,56.736370903786934,2.6009901732789027,-1.5519095944340315,10731.80197287657,0.46105138486805847,-0.1359483274477225
2026-08-05 08:00:00+00:00,9452.916342990682,9513.805613662184,56.736370903786934,2.6009901732789027,-1.5519095944340315,10731.80197287657,0.46036593114748403,-0.13529006112850875
2026-08-05 09:00:00+00:00,9453.84329511657,9514.850162586628,56.849717911999875,2.605239963622526,-1.5519095944340315,10542.776945513457,0.4798648238408395,-0.11518422893252099
2026-08-05 10:00:00+00:00,9454.090348229662,9515.09721569972,56.849717911999875,2.605239963622526,-1.5519095944340315,10542.776945513457,0.4805950827761056,-0.11515508707695596
2026-08-05 11:00:00+00:00,9446.98455565613,9507.991423126188,56.849717911999875,2.605239963622526,-1.5519095944340315,10542.776945513457,0.48233874123406717,-0.11599387967679581
2026-08-05 12:00:00+00:00,9461.684816329554,9522.691683799612,56.849717911999875,2.605239963622526,-1.5519095944340315,10542.776945513457,0.4801396754281425,-0.11426000233257469
2026-08-05 13:00:00+00:00,9466.219868962922,9527.412453278663,57.02001898923274,2.6206557320736,-1.5519095944340315,10826.44177315766,0.509607495602989,-0.14369219424688445
2026-08-05 14:00:00+00:00,9458.401017180318,9519.593601496059,57.02001898923274,2.6206557320736,-1.5519095944340315,10826.44177315766,0.5094776657432327,-0.14463763520836348
2026-08-05 15:00:00+00:00,9459.509587391545,9521.07736939966,57.37640563092924,2.639466782750073,-1.5519095944340315,10232.107650355127,0.44678696481690644,-0.08167421955926407
2026-08-05 16:00:00+00:00,9465.364314366056,9526.893431320028,57.37640563092924,2.639466782750073,-1.5132445402921653,10232.146315409269,0.4421053110768945,-0.08100924333989241
2026-08-05 17:00:00+00:00,9443.693963283544,9505.643200058337,57.77533001660663,2.660662217895019,-1.5132445402921653,9959.020034993513,0.5144875606744334,-0.0545682731475123
2026-08-05 18:00:00+00:00,9431.11794816615,9493.067184940943,57.77533001660663,2.660662217895019,-1.5132445402921653,9959.020034993513,0.515304049138238,-0.055974497374408586
2026-08-05 19:00:00+00:00,9442.837530380348,9504.786767155141,57.77533001660663,2.660662217895019,-1.5132445402921653,9959.020034993513,0.5134364343588396,-0.054663918864690554
2026-08-05 20:00:00+00:00,9421.277854503223,9483.227091278017,57.77533001660663,2.660662217895019,-1.5132445402921653,9959.020034993513,0.5158570803780098,-0.05707741442242429
2026-08-05 21:00:00+00:00,9433.851699536095,9495.800936310889,57.77533001660663,2.660662217895019,-1.5132445402921653,9959.020034993513,0.5144156831419534,-0.055668495984862926
2026-08-05 22:00:00+00:00,9427.911446317252,9489.860683092045,57.77533001660663,2.660662217895019,-1.5132445402921653,9959.020034993513,0.5152654051542227,-0.05633364204791331
2026-08-05 23:00:00+00:00,9426.503419032708,9488.452655807501,57.77533001660663,2.660662217895019,-1.5132445402921653,9959.020034993513,0.5166505715833172,-0.0564914255359649
2026-08-06 00:00:00+00:00,9432.64338344325,9494.770420310799,57.77533001660663,2.660662217895019,-1.6910446330476103,9958.842234900758,0.5158554441845195,-0.055784877055897665
2026-08-06 01:00:00+00:00,9432.327887170797,9494.454924038346,57.77533001660663,2.660662217895019,-1.6910446330476103,9958.842234900758,0.5149409907234539,-0.05582019137037096
2026-08-06 02:00:00+00:00,9427.645671166189,9489.772708033737,57.77533001660663,2.660662217895019,-1.6910446330476103,9958.842234900758,0.5150941899027743,-0.0563445617561973
2026-08-06 03:00:00+00:00,9427.959092226396,9490.086129093945,57.77533001660663,2.660662217895019,-1.6910446330476103,9958.842234900758,0.5163664522188058,-0.05630944486300219
2026-08-06 04:00:00+00:00,9426.852819541373,9488.979856408921,57.77533001660663,2.660662217895019,-1.6910446330476103,9958.842234900758,0.5161946483332571,-0.056433406306779094
2026-08-06 05:00:00+00:00,9421.986658383456,9484.85565171329,58.47270108200362,2.7052476147812974,-1.6910446330476103,10178.395227566327,0.4419216053324915,-0.08028121845299348
2026-08-06 06:00:00+00:00,9423.580531249054,9486.449524578888,58.47270108200362,2.7052476147812974,-1.6910446330476103,10178.395227566327,0.44197840429064916,-0.0800985033039481
2026-08-06 07:00:00+00:00,9420.69253971691,9483.561533046744,58.47270108200362,2.7052476147812974,-1.6910446330476103,10178.395227566327,0.44201553366944163,-0.08042961646980848
2026-08-06 08:00:00+00:00,9425.240416799184,9488.109410129018,58.47270108200362,2.7052476147812974,-1.6910446330476103,10178.395227566327,0.441188385567811,-0.07990828641620096
2026-08-06 09:00:00+00:00,9418.539618106402,9481.852852235083,58.89682483052939,2.725364665103142,-1.6910446330476103,10884.844018027417,0.5178618339378297,-0.15568277666976732
2026-08-06 10:00:00+00:00,9420.050249545937,9483.363483674617,58.89682483052939,2.725364665103142,-1.6910446330476103,10884.844018027417,0.5175547559243299,-0.15549744743156604
2026-08-06 11:00:00+00:00,9422.523272700237,9485.836506828917,58.89682483052939,2.725364665103142,-1.6910446330476103,10884.844018027417,0.5175776209362968,-0.15519417708035227
2026-08-06 12:00:00+00:00,9442.123209247608,9505.436443376288,58.89682483052939,2.725364665103142,-1.6910446330476103,10884.844018027417,0.5159235176303312,-0.1527962277982996
2026-08-06 13:00:00+00:00,9450.239803860444,9513.553037989124,58.89682483052939,2.725364665103142,-1.6910446330476103,10884.844018027417,0.5144841894454488,-0.15180611751047138
2026-08-06 14:00:00+00:00,9442.506061799248,9505.819295927928,58.89682483052939,2.725364665103142,-1.6910446330476103,10884.844018027417,0.5161905841394541,-0.15274948692522583
2026-08-06 15:00:00+00:00,9431.949572258261,9495.262806386942,58.89682483052939,2.725364665103142,-1.6910446330476103,10884.844018027417,0.5154031432775162,-0.1540396748984415
2026-08-06 16:00:00+00:00,9450.08673978737,9512.7122696118,58.89682483052939,2.725364665103142,-1.0033403287975602,10885.531722331667,0.5106910174848428,-0.1518975457125375
2026-08-06 17:00:00+00:00,9451.79545626805,9514.717453572459,59.18257837399687,2.736078601613956,-1.0033403287975602,10408.990063009063,0.5623412543327274,-0.10127119351765503
2026-08-06 18:00:00+00:00,9457.353484127245,9520.275481431654,59.18257837399687,2.736078601613956,-1.0033403287975602,10408.990063009063,0.5614230715372067,-0.10062398328232079
2026-08-06 19:00:00+00:00,9459.970303810764,9522.892301115173,59.18257837399687,2.736078601613956,-1.0033403287975602,10408.990063009063,0.5608057360350847,-0.10031952836215624
2026-08-06 20:00:00+00:00,9459.351892035997,9522.273889340406,59.18257837399687,2.736078601613956,-1.0033403287975602,10408.990063009063,0.5603265118509548,-0.10039146252425449
2026-08-06 21:00:00+00:00,9460.06557693729,9523.297025998918,59.466343518790495,2.7617652140400337,-1.0033403287975602,10881.648205853644,0.610193139685019,-0.1502719634821594
2026-08-06 22:00:00+00:00,9455.501371876839,9518.732820938467,59.466343518790495,2.7617652140400337,-1.0033403287975602,10881.648205853644,0.6108561734898884,-0.15082720396176386
2026-08-06 23:00:00+00:00,9460.146439959817,9523.377889021445,59.466343518790495,2.7617652140400337,-1.0033403287975602,10881.648205853644,0.6111164199388092,-0.15026213123819937
2026-08-07 00:00:00+00:00,9457.876222508545,9520.263309530448,59.466343518790495,2.7617652140400337,-0.15897828907392497,10882.492567893367,0.6117687095372288,-0.15062751001058944
2026-08-07 01:00:00+00:00,9457.652443675557,9520.639792577484,60.0377507102407,2.7906199026127045,-0.15897828907392497,11834.266479785601,0.5604041717245484,-0.25129005852814085
2026-08-07 02:00:00+00:00,9457.677215647387,9520.664564549314,60.0377507102407,2.7906199026127045,-0.15897828907392497,11834.266479785601,0.5599445582070105,-0.25128678109316666
2026-08-07 03:00:00+00:00,9464.047049333265,9527.034398235191,60.0377507102407,2.7906199026127045,-0.15897828907392497,11834.266479785601,0.5590173574849575,-0.25044459501279803
2026-08-07 04:00:00+00:00,9467.18639696619,9530.173745868116,60.0377507102407,2.7906199026127045,-0.15897828907392497,11834.266479785601,0.5582851446807864,-0.25002994380441856
2026-08-07 05:00:00+00:00,9465.852828053026,9529.295361981496,60.46379158459549,2.8197640548013436,-0.15897828907392497,11123.772314986594,0.6334192916689162,-0.17514739739246243
2026-08-07 06:00:00+00:00,9462.377739054447,9525.820272982917,60.46379158459549,2.8197640548013436,-0.15897828907392497,11123.772314986594,0.6341344141697461,-0.1755789740960146
2026-08-07 07:00:00+00:00,9461.981078593948,9525.423612522418,60.46379158459549,2.8197640548013436,-0.15897828907392497,11123.772314986594,0.634804890678204,-0.1756282561325508
2026-08-07 08:00:00+00:00,9465.041455970992,9528.483989899461,60.46379158459549,2.8197640548013436,-0.15897828907392497,11123.772314986594,0.6350284168125255,-0.175248134594191
2026-08-07 09:00:00+00:00,9458.327189410855,9521.769723339325,60.46379158459549,2.8197640548013436,-0.15897828907392497,11123.772314986594,0.6358784573723912,-0.17608241840484232
2026-08-07 10:00:00+00:00,9453.365979620376,9516.808513548845,60.46379158459549,2.8197640548013436,-0.15897828907392497,11123.772314986594,0.6366326195922228,-0.17669963682431128
2026-08-07 11:00:00+00:00,9455.821910651102,9519.264444579572,60.46379158459549,2.8197640548013436,-0.15897828907392497,11123.772314986594,0.6366127559613987,-0.17639401631038554
2026-08-07 12:00:00+00:00,9456.263966994688,9519.706500923157,60.46379158459549,2.8197640548013436,-0.15897828907392497,11123.772314986594,0.6369315112945501,-0.17633902287542214
2026-08-07 13:00:00+00:00,9444.56774548471,9508.01027941318,60.46379158459549,2.8197640548013436,-0.15897828907392497,11123.772314986594,0.6414445418988753,-0.17779580969226294
2026-08-07 14:00:00+00:00,9460.608347818581,9524.05088174705,60.46379158459549,2.8197640548013436,-0.15897828907392497,11123.772314986594,0.6425136943239786,-0.1757988393580952
2026-08-07 15:00:00+00:00,9418.093874517133,9481.536408445603,60.46379158459549,2.8197640548013436,-0.15897828907392497,11123.772314986594,0.6518758689322436,-0.18110654482692878
2026-08-07 16:00:00+00:00,9442.95293012928,9506.39102435678,60.914129970222916,2.8605245618093282,0.336560304531755,10373.253539148865,0.5695617800617625,-0.09851797588139073
2026-08-07 17:00:00+00:00,9424.688769894095,9488.279026633212,61.06008105720203,2.8667359864462627,0.336560304531755,10129.855776430033,0.5425863451783578,-0.07482125126386133
2026-08-07 18:00:00+00:00,9418.648326460552,9482.238583199669,61.06008105720203,2.8667359864462627,0.336560304531755,10129.855776430033,0.5426683789642565,-0.07551056428887254
2026-08-07 19:00:00+00:00,9424.838601425958,9488.428858165074,61.06008105720203,2.8667359864462627,0.336560304531755,10129.855776430033,0.5420760973888754,-0.07480416427475033
2026-08-07 20:00:00+00:00,9424.95888206042,9488.549138799537,61.06008105720203,2.8667359864462627,0.336560304531755,10129.855776430033,0.5436088592026537,-0.07479044770278229
2026-08-07 21:00:00+00:00,9421.793223379995,9485.383480119111,61.06008105720203,2.8667359864462627,0.336560304531755,10129.855776430033,0.5439888531551028,-0.07515157001036658
2026-08-07 22:00:00+00:00,9419.238488540213,9482.82874527933,61.06008105720203,2.8667359864462627,0.336560304531755,10129.855776430033,0.5439040528354948,-0.07544317820961662
2026-08-07 23:00:00+00:00,9420.3966581629,9483.986914902016,61.06008105720203,2.8667359864462627,0.336560304531755,10129.855776430033,0.5437571525433667,-0.07531096025053013
2026-08-08 00:00:00+00:00,9424.545031685824,9487.30188181222,61.06008105720203,2.8667359864462627,1.1699669172516765,10130.689183042752,0.5437913088804561,-0.07492607324627702
2026-08-08 01:00:00+00:00,9424.316403067758,9487.073253194154,61.06008105720203,2.8667359864462627,1.1699669172516765,10130.689183042752,0.543500812640116,-0.07495215034854502
2026-08-08 02:00:00+00:00,9426.091966180855,9488.84881630725,61.06008105720203,2.8667359864462627,1.1699669172516765,10130.689183042752,0.5438981509138769,-0.07474966501386432
2026-08-08 03:00:00+00:00,9425.005230289818,9487.762080416214,61.06008105720203,2.8667359864462627,1.1699669172516765,10130.689183042752,0.5440138690444756,-0.074873587389111
2026-08-08 04:00:00+00:00,9421.942989334619,9484.699839461015,61.06008105720203,2.8667359864462627,1.1699669172516765,10130.689183042752,0.5445449815385814,-0.07522293379512213
2026-08-08 05:00:00+00:00,9423.357153529245,9486.11400365564,61.06008105720203,2.8667359864462627,1.1699669172516765,10130.689183042752,0.5440419076629265,-0.07506157497687502
2026-08-08 06:00:00+00:00,9425.771347292191,9488.528197418587,61.06008105720203,2.8667359864462627,1.1699669172516765,10130.689183042752,0.543074504977562,-0.07478622276924507
2026-08-08 07:00:00+00:00,9427.0023057904,9489.759155916796,61.06008105720203,2.8667359864462627,1.1699669172516765,10130.689183042752,0.5430566383622016,-0.0746458794032672
2026-08-08 08:00:00+00:00,9426.634456845723,9489.391306972118,61.06008105720203,2.8667359864462627,1.1699669172516765,10130.689183042752,0.5431334173775207,-0.07468781455567505
2026-08-08 09:00:00+00:00,9424.78793460549,9488.881946070022,62.33520442964082,2.9287739521417135,1.1699669172516765,9516.24150029496,0.31789607633757366,-0.009703514426428042
2026-08-08 10:00:00+00:00,9424.642416017501,9488.736427482032,62.33520442964082,2.9287739521417135,1.1699669172516765,9516.24150029496,0.3180343154139225,-0.009719104474646585
2026-08-08 11:00:00+00:00,9424.436998185858,9488.531009650389,62.33520442964082,2.9287739521417135,1.1699669172516765,9516.24150029496,0.3180503168992386,-0.009741112612538454
2026-08-08 12:00:00+00:00,9425.495620336209,9489.58963180074,62.33520442964082,2.9287739521417135,1.1699669172516765,9516.24150029496,0.3179990184966826,-0.009627703795539524
2026-08-08 13:00:00+00:00,9426.013334020081,9490.107345484612,62.33520442964082,2.9287739521417135,1.1699669172516765,9516.24150029496,0.31803452403441196,-0.009572251075566661
2026-08-08 14:00:00+00:00,9426.986134321398,9491.080145785929,62.33520442964082,2.9287739521417135,1.1699669172516765,9516.24150029496,0.31828304730766577,-0.00946807014477355
2026-08-08 15:00:00+00:00,9425.331098639446,9489.425110103977,62.33520442964082,2.9287739521417135,1.1699669172516765,9516.24150029496,0.31861654941625,-0.009645327119451284
2026-08-08 16:00:00+00:00,9425.803891680263,9489.897903144794,62.33520442964082,2.9287739521417135,1.1699669172516765,9516.24150029496,0.31879301407045135,-0.009594683875666192
2026-08-08 17:00:00+00:00,9424.745119794272,9489.147485531988,62.61796318908298,2.954369465886545,1.1699669172516765,9987.223340605786,0.3688952664085181,-0.05968100077636812
2026-08-08 18:00:00+00:00,9423.200184897634,9487.60255063535,62.61796318908298,2.954369465886545,1.1699669172516765,9987.223340605786,0.3695892013860069,-0.05985473561435097
2026-08-08 19:00:00+00:00,9423.91573235156,9488.318098089276,62.61796318908298,2.954369465886545,1.1699669172516765,9987.223340605786,0.36929149972445724,-0.05977426202151152
2026-08-08 20:00:00+00:00,9423.345475154836,9487.747840892553,62.61796318908298,2.954369465886545,1.1699669172516765,9987.223340605786,0.3694805370430575,-0.059838394648444676
2026-08-08 21:00:00+00:00,9422.572931409783,9486.975297147499,62.61796318908298,2.954369465886545,1.1699669172516765,9987.223340605786,0.3698639156296342,-0.05992528933512028
2026-08-08 22:00:00+00:00,9423.348775634904,9487.75114137262,62.61796318908298,2.954369465886545,1.1699669172516765,9987.223340605786,0.36982576242982385,-0.05983802344542742
2026-08-08 23:00:00+00:00,9424.24851928621,9488.650885023926,62.61796318908298,2.954369465886545,1.1699669172516765,9987.223340605786,0.36957296761808983,-0.05973683951218808
2026-08-09 00:00:00+00:00,9424.11508518404,9488.517450921756,62.61796318908298,2.954369465886545,1.1699669172516765,9987.223340605786,0.37006356944216556,-0.059751844107573296
2026-08-09 01:00:00+00:00,9426.511009353912,9490.913375091628,62.61796318908298,2.954369465886545,1.1699669172516765,9987.223340605786,0.36980796289466794,-0.05948248834542079
2026-08-09 02:00:00+00:00,9426.778827436543,9491.18119317426,62.61796318908298,2.954369465886545,1.1699669172516765,9987.223340605786,0.3697067758363264,-0.059452388077470913
2026-08-09 03:00:00+00:00,9429.454950963933,9493.85731670165,62.61796318908298,2.954369465886545,1.1699669172516765,9987.223340605786,0.36949656795802266,-0.059151710522232774
2026-08-09 04:00:00+00:00,9426.515662117663,9490.91802785538,62.61796318908298,2.954369465886545,1.1699669172516765,9987.223340605786,0.36975911188878413,-0.059481965403339665
2026-08-09 05:00:00+00:00,9427.539543375753,9491.94190911347,62.61796318908298,2.954369465886545,1.1699669172516765,9987.223340605786,0.3697362396965561,-0.05936689999070788
2026-08-09 06:00:00+00:00,9423.557873868305,9487.960239606022,62.61796318908298,2.954369465886545,1.1699669172516765,9987.223340605786,0.37015516650005176,-0.05981450682236855
2026-08-09 07:00:00+00:00,9419.304529776138,9483.706895513855,62.61796318908298,2.954369465886545,1.1699669172516765,9987.223340605786,0.3703273049453407,-0.06029307249111146
2026-08-09 08:00:00+00:00,9422.33670059777,9486.739066335487,62.61796318908298,2.954369465886545,1.1699669172516765,9987.223340605786,0.3703164855446388,-0.05995186310548398
2026-08-09 09:00:00+00:00,9422.112310409777,9486.665297151976,62.75608161997973,2.9668720394704966,1.1699669172516765,10217.282607002811,0.39423658213950735,-0.0843940584017992
2026-08-09 10:00:00+00:00,9419.919130206114,9484.472116948313,62.75608161997973,2.9668720394704966,1.1699669172516765,10217.282607002811,0.39426494531488976,-0.08464653101318621
2026-08-09 11:00:00+00:00,9416.136286628727,9480.689273370926,62.75608161997973,2.9668720394704966,1.1699669172516765,10217.282607002811,0.3945837870885744,-0.08508227748484716
2026-08-09 12:00:00+00:00,9416.055218241754,9480.608204983953,62.75608161997973,2.9668720394704966,1.1699669172516765,10217.282607002811,0.39468694091078044,-0.08509161959977006
2026-08-09 13:00:00+00:00,9415.830002071001,9480.3829888132,62.75608161997973,2.9668720394704966,1.1699669172516765,10217.282607002811,0.39471990929633277,-0.08511757378324922
2026-08-09 14:00:00+00:00,9414.633943448858,9479.186930191057,62.75608161997973,2.9668720394704966,1.1699669172516765,10217.282607002811,0.3951599973054891,-0.0852554298313929
2026-08-09 15:00:00+00:00,9414.335097938307,9478.888084680506,62.75608161997973,2.9668720394704966,1.1699669172516765,10217.282607002811,0.3953193652143057,-0.08528987981746544
2026-08-09 16:00:00+00:00,9412.910830274719,9477.463817016918,62.75608161997973,2.9668720394704966,1.1699669172516765,10217.282607002811,0.3957503035809173,-0.08545409504369186
2026-08-09 17:00:00+00:00,9412.107806157115,9477.523234324755,63.578429987105885,3.0069650977849336,1.1699669172516765,8845.87964675876,0.25040923408863514,0.060159548855565265
2026-08-09 18:00:00+00:00,9414.681137543552,9480.096565711192,63.578429987105885,3.0069650977849336,1.1699669172516765,8845.87964675876,0.2500915752540279,0.060416437102319254
2026-08-09 19:00:00+00:00,9416.219472243318,9481.634900410958,63.578429987105885,3.0069650977849336,1.1699669172516765,8845.87964675876,0.250358372232991,0.06056993755994948
2026-08-09 20:00:00+00:00,9416.405585699766,9481.821013867406,63.578429987105885,3.0069650977849336,1.1699669172516765,8845.87964675876,0.25042245707653676,0.06058850521556072
2026-08-09 21:00:00+00:00,9415.71653886243,9481.486550741802,63.917613146943914,3.0223656496804763,1.1699669172516765,8280.235197202197,0.19034792378438478,0.12059425716286684
2026-08-09 22:00:00+00:00,9416.355774163001,9482.125786042372,63.917613146943914,3.0223656496804763,1.1699669172516765,8280.235197202197,0.19034139861072968,0.12065395618102487
2026-08-09 23:00:00+00:00,9412.54300619164,9478.31301807101,63.917613146943914,3.0223656496804763,1.1699669172516765,8280.235197202197,0.18970585855489364,0.12029775675336651
2026-08-10 00:00:00+00:00,9413.53964854546,9479.309660424831,63.917613146943914,3.0223656496804763,1.1699669172516765,8280.235197202197,0.1891765739101366,0.12039089371853616
2026-08-10 01:00:00+00:00,9409.699528868408,9475.46954074778,63.917613146943914,3.0223656496804763,1.1699669172516765,8280.235197202197,0.18903027228231553,0.12003192325122403
2026-08-10 02:00:00+00:00,9413.647925864328,9479.4179377437,63.917613146943914,3.0223656496804763,1.1699669172516765,8280.235197202197,0.1896061952827924,0.12040101112641363
2026-08-10 03:00:00+00:00,9414.354451791814,9480.124463671185,63.917613146943914,3.0223656496804763,1.1699669172516765,8280.235197202197,0.18979001748039587,0.1204670230335084
2026-08-10 04:00:00+00:00,9413.524018091457,9479.294029970828,63.917613146943914,3.0223656496804763,1.1699669172516765,8280.235197202197,0.18967753816852917,0.12038943319326965
2026-08-10 05:00:00+00:00,9412.371733480635,9478.437553812746,64.20002690430388,3.0357603450589488,1.1699669172516765,7809.263187844886,0.23969790526048307,0.17031929794414627
2026-08-10 06:00:00+00:00,9414.956246294367,9481.022066626478,64.20002690430388,3.0357603450589488,1.1699669172516765,7809.263187844886,0.2401833581227948,0.1705470547546587
2026-08-10 07:00:00+00:00,9412.845567205739,9478.91138753785,64.20002690430388,3.0357603450589488,1.1699669172516765,7809.263187844886,0.24028978479768154,0.1703610632843823
2026-08-10 08:00:00+00:00,9414.580491312112,9480.646311644223,64.20002690430388,3.0357603450589488,1.1699669172516765,7809.263187844886,0.2402657832445816,0.17051394960706243
2026-08-10 09:00:00+00:00,9415.62839512189,9481.841563193939,64.34070249517755,3.042432494123336,1.1699669172516765,7574.66319413124,0.2655430795713194,0.1955222873859836
2026-08-10 10:00:00+00:00,9415.741867131657,9481.955035203706,64.34070249517755,3.042432494123336,1.1699669172516765,7574.66319413124,0.2651214802361199,0.1955319823950601
2026-08-10 11:00:00+00:00,9414.679788047766,9480.892956119815,64.34070249517755,3.042432494123336,1.1699669172516765,7574.66319413124,0.26516157761524456,0.195441229584089
2026-08-10 12:00:00+00:00,9411.712885017258,9477.926053089306,64.34070249517755,3.042432494123336,1.1699669172516765,7574.66319413124,0.2648991710644988,0.19518760435313148
2026-08-10 13:00:00+00:00,9406.241233095809,9472.454401167857,64.34070249517755,3.042432494123336,1.1699669172516765,7574.66319413124,0.26332253228455393,0.19471944144066508
2026-08-10 14:00:00+00:00,9411.335500357456,9477.548668429505,64.34070249517755,3.042432494123336,1.1699669172516765,7574.66319413124,0.2617833546876804,0.19515533222213333
2026-08-10 15:00:00+00:00,9401.226404436815,9467.439572508863,64.34070249517755,3.042432494123336,1.1699669172516765,7574.66319413124,0.2613385516435631,0.1942898864177493
2026-08-10 16:00:00+00:00,9401.474138336685,9468.185584687893,64.34070249517755,3.042432494123336,0.6716886380932917,7574.164915852081,0.26212952204619283,0.1943641173285078
2026-08-10 17:00:00+00:00,9393.373041462002,9460.680280851733,64.91307367717953,3.0658543506442015,0.6716886380932917,8050.836907414132,0.3626421045908029,0.1429237535996883
2026-08-10 18:00:00+00:00,9388.542236060017,9455.849475449748,64.91307367717953,3.0658543506442015,0.6716886380932917,8050.836907414132,0.36339959664037846,0.1424827513165946
2026-08-10 19:00:00+00:00,9399.85165965505,9467.158899044782,64.91307367717953,3.0658543506442015,0.6716886380932917,8050.836907414132,0.36347233415771985,0.14351447247098623
2026-08-10 20:00:00+00:00,9391.733569783133,9459.040809172864,64.91307367717953,3.0658543506442015,0.6716886380932917,8050.836907414132,0.3652285220597754,0.14277413774632497
2026-08-10 21:00:00+00:00,9395.44491255228,9462.752151942012,64.91307367717953,3.0658543506442015,0.6716886380932917,8050.836907414132,0.3652886161667377,0.143112754920393
2026-08-10 22:00:00+00:00,9395.607076119044,9462.914315508775,64.91307367717953,3.0658543506442015,0.6716886380932917,8050.836907414132,0.36509842176641183,0.1431275443736823
2026-08-10 23:00:00+00:00,9394.621591689578,9461.928831079309,64.91307367717953,3.0658543506442015,0.6716886380932917,8050.836907414132,0.3647242953400681,0.14303765949063352
2026-08-11 00:00:00+00:00,9392.899671668058,9460.53976474627,64.91307367717953,3.0658543506442015,0.3388349496114505,8050.50405372565,0.3644824684569456,0.14291599664281476
