ts,equity,gross_equity,fees,spread,funding,cash,gross_exposure,net_exposure
2026-06-22 00:00:00+00:00,10000.0,10000.0,0.0,0.0,0.0,10000.0,0.0,0.0
2026-06-22 01:00:00+00:00,10000.0,10000.0,0.0,0.0,0.0,10000.0,0.0,0.0
2026-06-22 02:00:00+00:00,10000.0,10000.0,0.0,0.0,0.0,10000.0,0.0,0.0
2026-06-22 03:00:00+00:00,10000.0,10000.0,0.0,0.0,0.0,10000.0,0.0,0.0
2026-06-22 04:00:00+00:00,10000.0,10000.0,0.0,0.0,0.0,10000.0,0.0,0.0
2026-06-22 05:00:00+00:00,10000.23210046843,10001.511766028223,1.2211887207103642,0.05847683908125928,0.0,9086.502192483431,0.20369357561782644,0.09137087007632554
2026-06-22 06:00:00+00:00,10002.129363073298,10003.40902863309,1.2211887207103642,0.05847683908125928,0.0,9086.502192483431,0.20416791670654078,0.0915432241828682
2026-06-22 07:00:00+00:00,10004.436097857428,10005.71576341722,1.2211887207103642,0.05847683908125928,0.0,9086.502192483431,0.2044354691563488,0.0917526881470695
2026-06-22 08:00:00+00:00,10004.337923644143,10005.617589203935,1.2211887207103642,0.05847683908125928,0.0,9086.502192483431,0.2046014418275187,0.09174377536683463
2026-06-22 09:00:00+00:00,10003.451812225638,10005.282139348114,1.739674550701618,0.09065257177454207,0.0,9678.689880330769,0.19614646427566085,0.03246498688562314
2026-06-22 10:00:00+00:00,10002.175590800072,10004.005917922548,1.739674550701618,0.09065257177454207,0.0,9678.689880330769,0.19597369069890572,0.03234153485236186
2026-06-22 11:00:00+00:00,10002.262624824836,10004.092951947312,1.739674550701618,0.09065257177454207,0.0,9678.689880330769,0.19565127626367748,0.03234995486830998
2026-06-22 12:00:00+00:00,9999.435559362031,10001.265886484507,1.739674550701618,0.09065257177454207,0.0,9678.689880330769,0.19615898840454452,0.03207637842427649
2026-06-22 13:00:00+00:00,9998.008487702667,9999.976973003437,1.874911212437851,0.09357408833065264,0.0,9787.866515846074,0.17392824582871852,0.021018383022485293
2026-06-22 14:00:00+00:00,9978.319149776153,9980.287635076922,1.874911212437851,0.09357408833065264,0.0,9787.866515846074,0.17569660899328274,0.019086644861860427
2026-06-22 15:00:00+00:00,9965.249708909385,9967.250734756466,1.90612342137637,0.09490242570440316,0.0,9735.81495540627,0.16764479628986356,0.023023482622617105
2026-06-22 16:00:00+00:00,9961.766643328421,9963.883865062418,1.9684210033825331,0.09785732647688625,-0.05094340413699679,9839.531017763731,0.15744081881888689,0.012270476707718725
2026-06-22 17:00:00+00:00,9962.175320755026,9964.616166780881,2.2711595844195904,0.1187430372969342,-0.05094340413699679,10111.754145942523,0.13333297474003653,-0.015014675045506048
2026-06-22 18:00:00+00:00,9965.874763217413,9968.315609243267,2.2711595844195904,0.1187430372969342,-0.05094340413699679,10111.754145942523,0.13332957476099394,-0.014637890420169532
2026-06-22 19:00:00+00:00,9968.822155032809,9971.263001058664,2.2711595844195904,0.1187430372969342,-0.05094340413699679,10111.754145942523,0.1331065325967303,-0.014337901578227407
2026-06-22 20:00:00+00:00,9970.668653469014,9973.109499494869,2.2711595844195904,0.1187430372969342,-0.05094340413699679,10111.754145942523,0.13266884479142563,-0.014150053258907697
2026-06-22 21:00:00+00:00,9970.106099252407,9972.632399281387,2.3555654836952593,0.11979114114727434,-0.05094340413699679,10252.34623883603,0.11840228284716564,-0.028308639524386368
2026-06-22 22:00:00+00:00,9970.571950868085,9973.098250897065,2.3555654836952593,0.11979114114727434,-0.05094340413699679,10252.34623883603,0.11847271250412254,-0.02826059421229213
2026-06-22 23:00:00+00:00,9972.296312675211,9974.82261270419,2.3555654836952593,0.11979114114727434,-0.05094340413699679,10252.34623883603,0.11820916977470267,-0.02808279230580661
2026-06-23 00:00:00+00:00,9972.338495722493,9974.996775249787,2.3555654836952593,0.11979114114727434,-0.18292290245159287,10252.214259337714,0.11821297976001398,-0.028065208951267434
2026-06-23 01:00:00+00:00,9971.064511924822,9973.84662883441,2.47419939176631,0.12499461536940164,-0.18292290245159287,10105.028909302047,0.0986644056190823,-0.013435315478804857
2026-06-23 02:00:00+00:00,9971.228939136185,9974.011056045772,2.47419939176631,0.12499461536940164,-0.18292290245159287,10105.028909302047,0.09854949623395809,-0.013418603763143914
2026-06-23 03:00:00+00:00,9972.541360427364,9975.323477336951,2.47419939176631,0.12499461536940164,-0.18292290245159287,10105.028909302047,0.0985065457234371,-0.013285234333588771
2026-06-23 04:00:00+00:00,9973.007229075361,9975.78934598495,2.47419939176631,0.12499461536940164,-0.18292290245159287,10105.028909302047,0.09856993462179202,-0.013237900785009919
2026-06-23 05:00:00+00:00,9971.60503738277,9974.853351666345,2.9159857204129604,0.14940566071214392,-0.18292290245159287,9952.594415417712,0.15983941589749795,0.0019064756269214465
2026-06-23 06:00:00+00:00,9969.768817188353,9973.017131471928,2.9159857204129604,0.14940566071214392,-0.18292290245159287,9952.594415417712,0.1595264011292171,0.0017226479455602368
2026-06-23 07:00:00+00:00,9971.557492032836,9974.805806316412,2.9159857204129604,0.14940566071214392,-0.18292290245159287,9952.594415417712,0.1585748918760031,0.0019017166205254673
2026-06-23 08:00:00+00:00,9973.957492108118,9977.205806391694,2.9159857204129604,0.14940566071214392,-0.18292290245159287,9952.594415417712,0.1583327188884118,0.002141885676504033
2026-06-23 09:00:00+00:00,9973.572368437479,9976.820682721054,2.9159857204129604,0.14940566071214392,-0.18292290245159287,9952.594415417712,0.1581728774487067,0.002103353968348763
2026-06-23 10:00:00+00:00,9972.614471947056,9975.862786230631,2.9159857204129604,0.14940566071214392,-0.18292290245159287,9952.594415417712,0.15840395941162927,0.002007503306746705
2026-06-23 11:00:00+00:00,9973.986274364857,9977.234588648433,2.9159857204129604,0.14940566071214392,-0.18292290245159287,9952.594415417712,0.15837080539659643,0.0021447652281341018
2026-06-23 12:00:00+00:00,9969.94765731965,9973.195971603225,2.9159857204129604,0.14940566071214392,-0.18292290245159287,9952.594415417712,0.15906962034057295,0.001740554965621876
2026-06-23 13:00:00+00:00,9970.507619712134,9974.027971083182,3.1779799047166066,0.15944856388049436,-0.18292290245159287,9954.922822077217,0.11460709558920525,0.0015630896870392104
2026-06-23 14:00:00+00:00,9974.564310258518,9978.084661629566,3.1779799047166066,0.15944856388049436,-0.18292290245159287,9954.922822077217,0.11633251966607736,0.0019691575060678188
2026-06-23 15:00:00+00:00,9970.258118709871,9973.778470080919,3.1779799047166066,0.15944856388049436,-0.18292290245159287,9954.922822077217,0.11579812513878168,0.001538104274740628
2026-06-23 16:00:00+00:00,9971.68896723578,9975.208676159458,3.1779799047166066,0.15944856388049436,-0.1822804550832763,9954.923464524585,0.11537090619511536,0.0016813102340317064
2026-06-23 17:00:00+00:00,9968.59253282503,9972.61963293697,3.6547319362707436,0.1900877205863149,-0.1822804550832763,10165.828698574276,0.18313687925061067,-0.019785758631399288
2026-06-23 18:00:00+00:00,9969.373662455595,9973.400762567535,3.6547319362707436,0.1900877205863149,-0.1822804550832763,10165.828698574276,0.18256412048060694,-0.01970585542986767
2026-06-23 19:00:00+00:00,9969.27877900499,9973.30587911693,3.6547319362707436,0.1900877205863149,-0.1822804550832763,10165.828698574276,0.18194090725843426,-0.019715560566248326
2026-06-23 20:00:00+00:00,9970.340514906567,9974.367615018507,3.6547319362707436,0.1900877205863149,-0.1822804550832763,10165.828698574276,0.18170437676749246,-0.019606971635064564
2026-06-23 21:00:00+00:00,9970.329483672189,9974.48360933564,3.778594167740426,0.19325104062730325,-0.1822804550832763,10173.744510078463,0.16115085829388118,-0.020402036536444797
2026-06-23 22:00:00+00:00,9966.194670168183,9970.348795831635,3.778594167740426,0.19325104062730325,-0.1822804550832763,10173.744510078463,0.16172056329052495,-0.020825384891541312
2026-06-23 23:00:00+00:00,9967.60807586079,9971.762201524241,3.778594167740426,0.19325104062730325,-0.1822804550832763,10173.744510078463,0.16117657033106902,-0.020680631967953014
2026-06-24 00:00:00+00:00,9968.479030108072,9972.56027402794,3.778594167740426,0.19325104062730325,-0.10939871149847771,10173.817391822047,0.1614278633234903,-0.020598765478041917
2026-06-24 01:00:00+00:00,9968.734593673355,9972.99621963643,3.9488901000882857,0.2033371514904701,-0.10939871149847771,10146.431307360976,0.13315431786359352,-0.017825403216211275
2026-06-24 02:00:00+00:00,9968.469135838517,9972.730761801593,3.9488901000882857,0.2033371514904701,-0.10939871149847771,10146.431307360976,0.13297510881060837,-0.017852507651616282
2026-06-24 03:00:00+00:00,9969.43893918926,9973.700565152336,3.9488901000882857,0.2033371514904701,-0.10939871149847771,10146.431307360976,0.13254114746167434,-0.017753493376238896
2026-06-24 04:00:00+00:00,9968.749873252938,9973.011499216014,3.9488901000882857,0.2033371514904701,-0.10939871149847771,10146.431307360976,0.13290062108222778,-0.017823843146548668
2026-06-24 05:00:00+00:00,9968.424097032515,9973.378404341944,4.609636365350778,0.23527223257963673,-0.10939871149847771,10028.060597608992,0.11065202494150098,-0.005982540469383678
2026-06-24 06:00:00+00:00,9968.560873323802,9973.51518063323,4.609636365350778,0.23527223257963673,-0.10939871149847771,10028.060597608992,0.1107680978362057,-0.005968737618326872
2026-06-24 07:00:00+00:00,9968.940358341637,9973.894665651065,4.609636365350778,0.23527223257963673,-0.10939871149847771,10028.060597608992,0.11067832002838812,-0.005930443672269085
2026-06-24 08:00:00+00:00,9968.632947420278,9973.587254729706,4.609636365350778,0.23527223257963673,-0.10939871149847771,10028.060597608992,0.11059099440172017,-0.0059614643755232805
2026-06-24 09:00:00+00:00,9968.733847898748,9973.713962963602,4.63415013572816,0.23656621762943297,-0.10939871149847771,10068.892367800918,0.10662518338280283,-0.01004726592467736
2026-06-24 10:00:00+00:00,9968.630008263217,9973.610123328071,4.63415013572816,0.23656621762943297,-0.10939871149847771,10068.892367800918,0.10653554092151685,-0.010057787223980758
2026-06-24 11:00:00+00:00,9967.263164952572,9972.243280017427,4.63415013572816,0.23656621762943297,-0.10939871149847771,10068.892367800918,0.10647798877144385,-0.01019629974311298
2026-06-24 12:00:00+00:00,9967.100229721746,9972.0803447866,4.63415013572816,0.23656621762943297,-0.10939871149847771,10068.892367800918,0.10682439781306717,-0.010212813730480018
2026-06-24 13:00:00+00:00,9966.95696884208,9972.11180245715,4.8018124320105535,0.24362247156203018,-0.10939871149847771,9973.14625467012,0.07851251495226368,-0.0006209804905740034
2026-06-24 14:00:00+00:00,9966.319334713618,9971.474168328688,4.8018124320105535,0.24362247156203018,-0.10939871149847771,9973.14625467012,0.07782745042371315,-0.0006849991182524993
2026-06-24 15:00:00+00:00,9965.589102371014,9970.743935986084,4.8018124320105535,0.24362247156203018,-0.10939871149847771,9973.14625467012,0.07832270176243496,-0.0007583246932495258
2026-06-24 16:00:00+00:00,9963.88314328675,9969.121917718818,4.8539635861117745,0.24637532486438726,-0.13843552108966503,10059.98365687513,0.06943038889126997,-0.009644885654156717
2026-06-24 17:00:00+00:00,9965.122048190899,9970.360822622966,4.8539635861117745,0.24637532486438726,-0.13843552108966503,10059.98365687513,0.06891507793042069,-0.009519362454918889
2026-06-24 18:00:00+00:00,9967.83503263753,9973.073807069597,4.8539635861117745,0.24637532486438726,-0.13843552108966503,10059.98365687513,0.06846649237713212,-0.0092445976419033
2026-06-24 19:00:00+00:00,9965.025185766668,9970.263960198736,4.8539635861117745,0.24637532486438726,-0.13843552108966503,10059.98365687513,0.06822131240548611,-0.009529175224172499
2026-06-24 20:00:00+00:00,9965.668815664583,9970.90759009665,4.8539635861117745,0.24637532486438726,-0.13843552108966503,10059.98365687513,0.06824347985678611,-0.009463975068316414
2026-06-24 21:00:00+00:00,9964.058089352746,9969.373206635422,4.9271208661871775,0.24956089540002774,-0.13843552108966503,10025.428115839395,0.05625959631934178,-0.0061591397738062995
2026-06-24 22:00:00+00:00,9964.09185058726,9969.406967869936,4.9271208661871775,0.24956089540002774,-0.13843552108966503,10025.428115839395,0.056328897033479916,-0.006155730614679226
2026-06-24 23:00:00+00:00,9963.956429176487,9969.271546459164,4.9271208661871775,0.24956089540002774,-0.13843552108966503,10025.428115839395,0.05609984437674607,-0.006169405406361035
2026-06-25 00:00:00+00:00,9963.742850651946,9969.063472477885,4.9271208661871775,0.24956089540002774,-0.14394006435208276,10025.422611296133,0.05608163862926742,-0.0061904207654406
2026-06-25 01:00:00+00:00,9964.508097682348,9969.84696211989,4.9447042143100415,0.25022015887984295,-0.14394006435208276,9996.099447743236,0.05307025851598382,-0.0031703873137737247
2026-06-25 02:00:00+00:00,9964.59733355935,9969.93619799689,4.9447042143100415,0.25022015887984295,-0.14394006435208276,9996.099447743236,0.053056939315494635,-0.00316140363020904
2026-06-25 03:00:00+00:00,9964.27541385659,9969.614278294132,4.9447042143100415,0.25022015887984295,-0.14394006435208276,9996.099447743236,0.05304241242240685,-0.0031938131539790532
2026-06-25 04:00:00+00:00,9964.461028728554,9969.799893166095,4.9447042143100415,0.25022015887984295,-0.14394006435208276,9996.099447743236,0.05309139832470807,-0.0031751259725402853
2026-06-25 05:00:00+00:00,9959.637039465164,9966.087990592665,6.004687072255531,0.3023239908926242,-0.14394006435208276,8878.570722696273,0.1832272209655586,0.1085447504246545
2026-06-25 06:00:00+00:00,9959.615309207426,9966.066260334926,6.004687072255531,0.3023239908926242,-0.14394006435208276,8878.570722696273,0.18355798527897327,0.10854280541455778
2026-06-25 07:00:00+00:00,9958.961328417805,9965.412279545306,6.004687072255531,0.3023239908926242,-0.14394006435208276,8878.570722696273,0.18341098206982823,0.10848426558687882
2026-06-25 08:00:00+00:00,9959.99104173954,9966.441992867041,6.004687072255531,0.3023239908926242,-0.14394006435208276,8878.570722696273,0.1837124539777727,0.10857643490956344
2026-06-25 09:00:00+00:00,9962.810649841784,9969.261600969285,6.004687072255531,0.3023239908926242,-0.14394006435208276,8878.570722696273,0.18337041317703004,0.1088287196507874
2026-06-25 10:00:00+00:00,9964.22459934158,9970.675550469081,6.004687072255531,0.3023239908926242,-0.14394006435208276,8878.570722696273,0.18366833319230536,0.10895517918344047
2026-06-25 11:00:00+00:00,9962.054023140268,9968.50497426777,6.004687072255531,0.3023239908926242,-0.14394006435208276,8878.570722696273,0.18337685943147763,0.10876103441391054
2026-06-25 12:00:00+00:00,9960.521699122732,9966.972650250233,6.004687072255531,0.3023239908926242,-0.14394006435208276,8878.570722696273,0.1829883185882894,0.10862392644772324
2026-06-25 13:00:00+00:00,9961.607042500726,9968.35228207997,6.285114228140252,0.3161852867526873,-0.14394006435208276,9147.767185807204,0.13591903415950798,0.08169764709863694
2026-06-25 14:00:00+00:00,9957.201534712454,9963.946774291699,6.285114228140252,0.3161852867526873,-0.14394006435208276,9147.767185807204,0.13263459331634347,0.0812913493900297
2026-06-25 15:00:00+00:00,9956.062366954975,9962.952866570882,6.425361135024065,0.3211984165318476,-0.14394006435208276,9381.371783706676,0.11054050061744204,0.057722678109746114
2026-06-25 16:00:00+00:00,9957.8267261971,9964.709166205132,6.425361135024065,0.3211984165318476,-0.13588045647736663,9381.379843314551,0.11031371485326094,0.057888824412462375
2026-06-25 17:00:00+00:00,9954.946713750216,9961.893519719182,6.485438882453199,0.32548663003585654,-0.13588045647736663,9281.190186518566,0.09993303417339842,0.0676805759593898
2026-06-25 18:00:00+00:00,9955.700311132081,9962.647117101047,6.485438882453199,0.32548663003585654,-0.13588045647736663,9281.190186518566,0.10000276217755535,0.06775114793876459
2026-06-25 19:00:00+00:00,9959.78869315448,9966.735499123446,6.485438882453199,0.32548663003585654,-0.13588045647736663,9281.190186518566,0.09989187084730256,0.06813382568069197
2026-06-25 20:00:00+00:00,9959.215709656126,9966.162515625092,6.485438882453199,0.32548663003585654,-0.13588045647736663,9281.190186518566,0.09987568494794064,0.06808021262961182
2026-06-25 21:00:00+00:00,9959.172216691764,9966.249353234607,6.6102117209828215,0.3310443653832994,-0.13588045647736663,9489.02014456274,0.07901056235033552,0.0472079467951201
2026-06-25 22:00:00+00:00,9957.61264871334,9964.689785256183,6.6102117209828215,0.3310443653832994,-0.13588045647736663,9489.02014456274,0.0790833054060041,0.047058719864057796
2026-06-25 23:00:00+00:00,9957.561133532432,9964.638270075275,6.6102117209828215,0.3310443653832994,-0.13588045647736663,9489.02014456274,0.07897519054349622,0.04705378984738174
2026-06-26 00:00:00+00:00,9958.301128844932,9965.454872688708,6.6102117209828215,0.3310443653832994,-0.21248775741049344,9488.943537261806,0.07903775617602757,0.04713229551008445
2026-06-26 01:00:00+00:00,9957.756529329781,9964.926859197625,6.625421128729666,0.33242098170302276,-0.21248775741049344,9463.579314942652,0.07636005173147421,0.04962736465102059
2026-06-26 02:00:00+00:00,9955.686700778891,9962.857030646735,6.625421128729666,0.33242098170302276,-0.21248775741049344,9463.579314942652,0.07601885208557818,0.049429778238977685
2026-06-26 03:00:00+00:00,9953.117425818016,9960.28775568586,6.625421128729666,0.33242098170302276,-0.21248775741049344,9463.579314942652,0.07535266118642844,0.04918440021671215
2026-06-26 04:00:00+00:00,9952.022220637618,9959.282113892179,6.71388600950267,0.3335194876481492,-0.21248775741049344,9610.932318016885,0.060972280187064305,0.03427342655178274
2026-06-26 05:00:00+00:00,9950.914049637779,9958.969036199018,7.452377469263354,0.39012133456792464,-0.21248775741049344,10341.633736282036,0.06535530464484049,-0.03926470319161081
2026-06-26 06:00:00+00:00,9951.628842721897,9959.683829283136,7.452377469263354,0.39012133456792464,-0.21248775741049344,10341.633736282036,0.06552313852256127,-0.03919005619319983
2026-06-26 07:00:00+00:00,9949.200805997001,9957.25579255824,7.452377469263354,0.39012133456792464,-0.21248775741049344,10341.633736282036,0.06594667754065091,-0.039443663660752554
2026-06-26 08:00:00+00:00,9948.21133546502,9956.266322026258,7.452377469263354,0.39012133456792464,-0.21248775741049344,10341.633736282036,0.0661294215189791,-0.03954704896693129
2026-06-26 09:00:00+00:00,9947.332338809752,9955.482633911477,7.543370281595014,0.39443706271872986,-0.21248775741049344,10189.88805625027,0.07360817271811122,-0.024383996550932655
2026-06-26 10:00:00+00:00,9947.472241214973,9955.622536316698,7.543370281595014,0.39443706271872986,-0.21248775741049344,10189.88805625027,0.07349053981015265,-0.02436958949540014
2026-06-26 11:00:00+00:00,9946.930418722124,9955.080713823849,7.543370281595014,0.39443706271872986,-0.21248775741049344,10189.88805625027,0.0734330586771269,-0.02442538826559518
2026-06-26 12:00:00+00:00,9946.420589854959,9954.570884956684,7.543370281595014,0.39443706271872986,-0.21248775741049344,10189.88805625027,0.07336820855875423,-0.024477897771952375
2026-06-26 13:00:00+00:00,9946.163719085735,9954.417283850109,7.6375476145367935,0.40352939242843944,-0.21248775741049344,10099.906717842652,0.057600540001521545,-0.01545751740059326
2026-06-26 14:00:00+00:00,9950.340952828517,9958.594517592892,7.6375476145367935,0.40352939242843944,-0.21248775741049344,10099.906717842652,0.058242977204736375,-0.01503122010825355
2026-06-26 15:00:00+00:00,9945.242428154459,9953.495992918834,7.6375476145367935,0.40352939242843944,-0.21248775741049344,10099.906717842652,0.05866852252416054,-0.015551585675814824
2026-06-26 16:00:00+00:00,9944.43323088221,9952.75462914589,7.6375476145367935,0.40352939242843944,-0.2803212567138214,10099.83888434335,0.05922206071311675,-0.015627401768713176
2026-06-26 17:00:00+00:00,9943.553102512367,9952.249234170422,7.992550445858263,0.42325995548175616,-0.2803212567138214,9982.64682580085,0.0808951379926758,-0.0039315647923281105
2026-06-26 18:00:00+00:00,9945.339370106058,9954.035501764112,7.992550445858263,0.42325995548175616,-0.2803212567138214,9982.64682580085,0.0807401871850535,-0.0037512501390281087
2026-06-26 19:00:00+00:00,9949.20374200229,9957.899873660344,7.992550445858263,0.42325995548175616,-0.2803212567138214,9982.64682580085,0.08013031208331037,-0.0033613829473984674
2026-06-26 20:00:00+00:00,9946.43592210739,9955.132053765445,7.992550445858263,0.42325995548175616,-0.2803212567138214,9982.64682580085,0.08055688955483388,-0.00364059085857841
2026-06-26 21:00:00+00:00,9945.511192853695,9954.259836357505,8.040367530166,0.4279547169304994,-0.2803212567138214,9902.903868203646,0.07258752957456807,0.004284075883466366
2026-06-26 22:00:00+00:00,9945.43663090621,9954.18527441002,8.040367530166,0.4279547169304994,-0.2803212567138214,9902.903868203646,0.07260668204821001,0.004276610900157882
2026-06-26 23:00:00+00:00,9945.381277025803,9954.129920529613,8.040367530166,0.4279547169304994,-0.2803212567138214,9902.903868203646,0.07275188943949158,0.004271068915203943
2026-06-27 00:00:00+00:00,9945.373786639524,9954.171013781799,8.040367530166,0.4279547169304994,-0.3289048951788724,9902.855284565183,0.07274356470507812,0.004275204028174374
2026-06-27 01:00:00+00:00,9944.472457401094,9953.314342009504,8.08276696311065,0.4302127501187073,-0.3289048951788724,9973.478606706656,0.06581371606670817,-0.0029168112667428674
2026-06-27 02:00:00+00:00,9944.436075772854,9953.277960381263,8.08276696311065,0.4302127501187073,-0.3289048951788724,9973.478606706656,0.06585174954898612,-0.0029204804287050502
2026-06-27 03:00:00+00:00,9944.598108784228,9953.439993392638,8.08276696311065,0.4302127501187073,-0.3289048951788724,9973.478606706656,0.06590822526652283,-0.0029041392730508944
2026-06-27 04:00:00+00:00,9944.597894435,9953.43977904341,8.08276696311065,0.4302127501187073,-0.3289048951788724,9973.478606706656,0.06592708154640278,-0.002904160889985927
2026-06-27 05:00:00+00:00,9944.5828096962,9953.559985644788,8.210999036817237,0.437272016591343,-0.3289048951788724,9982.382077018761,0.05618732922784806,-0.0038009907550577713
2026-06-27 06:00:00+00:00,9944.313108082486,9953.290284031074,8.210999036817237,0.437272016591343,-0.3289048951788724,9982.382077018761,0.05619342091587797,-0.0038282150333071464
2026-06-27 07:00:00+00:00,9944.177679048176,9953.154854996765,8.210999036817237,0.437272016591343,-0.3289048951788724,9982.382077018761,0.056261671365463416,-0.0038418860969347797
2026-06-27 08:00:00+00:00,9943.966812624296,9952.943988572884,8.210999036817237,0.437272016591343,-0.3289048951788724,9982.382077018761,0.05627516837147423,-0.003863173029267971
2026-06-27 09:00:00+00:00,9943.922598112127,9952.899774060716,8.210999036817237,0.437272016591343,-0.3289048951788724,9982.382077018761,0.05625834832945441,-0.0038676365918149163
2026-06-27 10:00:00+00:00,9943.863329130647,9952.840505079235,8.210999036817237,0.437272016591343,-0.3289048951788724,9982.382077018761,0.05625447105343456,-0.0038736200019235233
2026-06-27 11:00:00+00:00,9943.799532101297,9952.776708049885,8.210999036817237,0.437272016591343,-0.3289048951788724,9982.382077018761,0.05628535841721038,-0.0038800606139443423
2026-06-27 12:00:00+00:00,9944.026920077436,9953.004096026025,8.210999036817237,0.437272016591343,-0.3289048951788724,9982.382077018761,0.05627390748416322,-0.0038571050993320265
2026-06-27 13:00:00+00:00,9943.753842545368,9952.821275006845,8.29595024594297,0.44257732035505515,-0.3289048951788724,10031.60545355392,0.04207079869908467,-0.00883485375841367
2026-06-27 14:00:00+00:00,9943.39230283945,9952.459735300927,8.29595024594297,0.44257732035505515,-0.3289048951788724,10031.60545355392,0.04212682781743019,-0.00887153478690382
2026-06-27 15:00:00+00:00,9943.069450834919,9952.136883296396,8.29595024594297,0.44257732035505515,-0.3289048951788724,10031.60545355392,0.04213309613127239,-0.00890429290037462
2026-06-27 16:00:00+00:00,9942.88585217011,9951.953284631587,8.29595024594297,0.44257732035505515,-0.3289048951788724,10031.60545355392,0.04215598266810557,-0.008922922650715896
2026-06-27 17:00:00+00:00,9942.799566464384,9951.889996541777,8.317617718880221,0.4439074633331525,-0.3289048951788724,9995.471331185567,0.038689312381993524,-0.005297478277530375
2026-06-27 18:00:00+00:00,9942.842340437273,9951.932770514666,8.317617718880221,0.4439074633331525,-0.3289048951788724,9995.471331185567,0.03863346750930536,-0.005293153501414064
2026-06-27 19:00:00+00:00,9942.881526476544,9951.971956553936,8.317617718880221,0.4439074633331525,-0.3289048951788724,9995.471331185567,0.038649627587164385,-0.005289191525513276
2026-06-27 20:00:00+00:00,9943.056587802485,9952.147017879877,8.317617718880221,0.4439074633331525,-0.3289048951788724,9995.471331185567,0.03859756529139777,-0.005271492012564942
2026-06-27 21:00:00+00:00,9943.079745617997,9952.209530523533,8.354794169194408,0.44608584116259675,-0.3289048951788724,9933.47340421161,0.0323841018268117,0.0009661333965082695
2026-06-27 22:00:00+00:00,9943.360287440233,9952.490072345769,8.354794169194408,0.44608584116259675,-0.3289048951788724,9933.47340421161,0.03236858504203924,0.0009943201234607888
2026-06-27 23:00:00+00:00,9943.284913648813,9952.414698554348,8.354794169194408,0.44608584116259675,-0.3289048951788724,9933.47340421161,0.03235489347607401,0.000986747289493212
2026-06-28 00:00:00+00:00,9943.246771151204,9952.376556056739,8.354794169194408,0.44608584116259675,-0.3289048951788724,9933.47340421161,0.03232455333486136,0.000982915054260657
2026-06-28 01:00:00+00:00,9943.33259934008,9952.462384245615,8.354794169194408,0.44608584116259675,-0.3289048951788724,9933.47340421161,0.032311357312733865,0.0009915383026736634
2026-06-28 02:00:00+00:00,9943.022597471667,9952.152382377202,8.354794169194408,0.44608584116259675,-0.3289048951788724,9933.47340421161,0.032285198806435954,0.0009603913866678836
2026-06-28 03:00:00+00:00,9943.219781290329,9952.349566195864,8.354794169194408,0.44608584116259675,-0.3289048951788724,9933.47340421161,0.03228132010754827,0.0009802033237822133
2026-06-28 04:00:00+00:00,9943.257317276386,9952.387102181921,8.354794169194408,0.44608584116259675,-0.3289048951788724,9933.47340421161,0.03229172878004873,0.0009839746425726287
2026-06-28 05:00:00+00:00,9943.29208128742,9952.487478409283,8.417378505647987,0.44911372103576697,-0.3289048951788724,10037.718047297787,0.02992526775467473,-0.009496448986756707
2026-06-28 06:00:00+00:00,9943.41275906844,9952.608156190303,8.417378505647987,0.44911372103576697,-0.3289048951788724,10037.718047297787,0.02990310347914317,-0.009484197278579187
2026-06-28 07:00:00+00:00,9943.40087898123,9952.596276103093,8.417378505647987,0.44911372103576697,-0.3289048951788724,10037.718047297787,0.029911255183494672,-0.009485403381043232
2026-06-28 08:00:00+00:00,9943.261352093756,9952.456749215618,8.417378505647987,0.44911372103576697,-0.3289048951788724,10037.718047297787,0.029959107700051328,-0.00949956878928273
2026-06-28 09:00:00+00:00,9943.140777095925,9952.39052552192,8.468098421882656,0.4527451089328001,-0.3289048951788724,10012.158679624465,0.021488163428942258,-0.006941257704760938
2026-06-28 10:00:00+00:00,9943.150735785257,9952.400484211252,8.468098421882656,0.4527451089328001,-0.3289048951788724,10012.158679624465,0.021478864631072767,-0.006940249189912112
2026-06-28 11:00:00+00:00,9943.376008584553,9952.625757010548,8.468098421882656,0.4527451089328001,-0.3289048951788724,10012.158679624465,0.021445665889549513,-0.006917436389866865
2026-06-28 12:00:00+00:00,9943.301449703204,9952.551198129198,8.468098421882656,0.4527451089328001,-0.3289048951788724,10012.158679624465,0.021462547856730418,-0.006924986662585409
2026-06-28 13:00:00+00:00,9943.212226273548,9952.461974699543,8.468098421882656,0.4527451089328001,-0.3289048951788724,10012.158679624465,0.02146935572258717,-0.006934022102911139
2026-06-28 14:00:00+00:00,9943.308063860395,9952.55781228639,8.468098421882656,0.4527451089328001,-0.3289048951788724,10012.158679624465,0.021461998162808905,-0.0069243168693838885
2026-06-28 15:00:00+00:00,9943.274298174054,9952.524046600049,8.468098421882656,0.4527451089328001,-0.3289048951788724,10012.158679624465,0.02145506798791127,-0.006927736214926821
2026-06-28 16:00:00+00:00,9943.296589613456,9952.54633803945,8.468098421882656,0.4527451089328001,-0.3289048951788724,10012.158679624465,0.021446315382321408,-0.00692547882791115
2026-06-28 17:00:00+00:00,9943.348061322096,9952.597809748091,8.468098421882656,0.4527451089328001,-0.3289048951788724,10012.158679624465,0.021430437334374077,-0.006920266481471048
2026-06-28 18:00:00+00:00,9943.427091691736,9952.67684011773,8.468098421882656,0.4527451089328001,-0.3289048951788724,10012.158679624465,0.021416545305791512,-0.00691226347806768
2026-06-28 19:00:00+00:00,9943.597051368852,9952.846799794846,8.468098421882656,0.4527451089328001,-0.3289048951788724,10012.158679624465,0.021401104096733844,-0.0068950529573374485
2026-06-28 20:00:00+00:00,9943.595662013759,9952.845410439753,8.468098421882656,0.4527451089328001,-0.3289048951788724,10012.158679624465,0.021376731619188443,-0.006895193644350217
2026-06-28 21:00:00+00:00,9943.327655301764,9952.577403727759,8.468098421882656,0.4527451089328001,-0.3289048951788724,10012.158679624465,0.021434559933353314,-0.006922332915983112
2026-06-28 22:00:00+00:00,9943.332326285441,9952.582074711436,8.468098421882656,0.4527451089328001,-0.3289048951788724,10012.158679624465,0.021413381632792692,-0.006921859903754782
2026-06-28 23:00:00+00:00,9944.042679191945,9953.29242761794,8.468098421882656,0.4527451089328001,-0.3289048951788724,10012.158679624465,0.021401783746615177,-0.006849930418646772
2026-06-29 00:00:00+00:00,9943.50653081366,9952.756279239655,8.468098421882656,0.4527451089328001,-0.3289048951788724,10012.158679624465,0.021492719803807573,-0.006904219210603403
2026-06-29 01:00:00+00:00,9943.472078298933,9952.754763828389,8.499113891178471,0.4546667430974725,-0.3289048951788724,10011.503520037733,0.016269360683699944,-0.0068418195579062
2026-06-29 02:00:00+00:00,9943.31079630942,9952.593481838876,8.499113891178471,0.4546667430974725,-0.3289048951788724,10011.503520037733,0.016278310086783678,-0.006858150682931849
2026-06-29 03:00:00+00:00,9943.094660076262,9952.377345605717,8.499113891178471,0.4546667430974725,-0.3289048951788724,10011.503520037733,0.016304697031088656,-0.006880037081025577
2026-06-29 04:00:00+00:00,9942.729072660148,9952.011758189603,8.499113891178471,0.4546667430974725,-0.3289048951788724,10011.503520037733,0.016380444109615498,-0.006917059378264317
2026-06-29 05:00:00+00:00,9943.001021788134,9953.2887826573,9.468379438938623,0.4904765350488777,-0.3289048951788724,9445.681292265623,0.1690025297052636,0.05001706511270912
2026-06-29 06:00:00+00:00,9941.830229643905,9952.117990513072,9.468379438938623,0.4904765350488777,-0.3289048951788724,9445.681292265623,0.16928715694850566,0.04990519108834695
2026-06-29 07:00:00+00:00,9942.925653999238,9953.213414868405,9.468379438938623,0.4904765350488777,-0.3289048951788724,9445.681292265623,0.16912528768753926,0.05000986420265692
2026-06-29 08:00:00+00:00,9942.606973723092,9952.894734592259,9.468379438938623,0.4904765350488777,-0.3289048951788724,9445.681292265623,0.16913555858371324,0.049979415134358066
2026-06-29 09:00:00+00:00,9939.6348307888,9950.3741222818,9.897139914324786,0.5132466834967635,-0.3289048951788724,9806.034239874183,0.16114769767282408,0.013441197105227511
2026-06-29 10:00:00+00:00,9939.585498674265,9950.324790167266,9.897139914324786,0.5132466834967635,-0.3289048951788724,9806.034239874183,0.16157408377122257,0.013436300620171286
2026-06-29 11:00:00+00:00,9937.490969423789,9948.23026091679,9.897139914324786,0.5132466834967635,-0.3289048951788724,9806.034239874183,0.161855838653065,0.013228362164461776
2026-06-29 12:00:00+00:00,9936.305948791956,9947.045240284957,9.897139914324786,0.5132466834967635,-0.3289048951788724,9806.034239874183,0.16184809232000233,0.013110678112081714
2026-06-29 13:00:00+00:00,9929.01376885017,9939.753060343171,9.897139914324786,0.5132466834967635,-0.3289048951788724,9806.034239874183,0.16294053711176962,0.012385875560149435
2026-06-29 14:00:00+00:00,9925.39533267809,9936.13462417109,9.897139914324786,0.5132466834967635,-0.3289048951788724,9806.034239874183,0.1634845111122599,0.012025827566880448
2026-06-29 15:00:00+00:00,9919.378142317068,9930.117433810068,9.897139914324786,0.5132466834967635,-0.3289048951788724,9806.034239874183,0.1639566563508805,0.01142651291408554
2026-06-29 16:00:00+00:00,9913.215895051448,9924.106698410369,9.942865771880015,0.5177361247993625,-0.4302014622417851,9729.677454857516,0.1572652887098311,0.018514520629531753
2026-06-29 17:00:00+00:00,9911.50509224808,9922.701484788944,10.231179049643087,0.5350120289791626,-0.4302014622417851,9761.910414529635,0.13445997160950193,0.015093033431970332
2026-06-29 18:00:00+00:00,9901.005305781218,9912.201698322082,10.231179049643087,0.5350120289791626,-0.4302014622417851,9761.910414529635,0.1367127200497262,0.014048562439449082
2026-06-29 19:00:00+00:00,9901.746462602425,9913.142870188936,10.421166066769693,0.5450400574990528,-0.4302014622417851,9445.075398968165,0.10485197650955597,0.04612025417526541
2026-06-29 20:00:00+00:00,9904.304206157525,9915.700613744037,10.421166066769693,0.5450400574990528,-0.4302014622417851,9445.075398968165,0.10478471756585463,0.04636658947771983
2026-06-29 21:00:00+00:00,9903.269100126528,9914.99236169355,10.73148307106383,0.5615770337157435,-0.4302014622417851,9826.275368661261,0.07435950147377218,0.007774577332679365
2026-06-29 22:00:00+00:00,9903.391704928597,9915.11496649562,10.73148307106383,0.5615770337157435,-0.4302014622417851,9826.275368661261,0.07444729871505483,0.007786861164842865
2026-06-29 23:00:00+00:00,9903.217144498025,9914.940406065047,10.73148307106383,0.5615770337157435,-0.4302014622417851,9826.275368661261,0.07440654057852807,0.0077693717823313566
2026-06-30 00:00:00+00:00,9903.320613523772,9915.046378016234,10.73148307106383,0.5615770337157435,-0.432704387681101,9826.272865735822,0.07442773397461269,0.007779991256946169
2026-06-30 01:00:00+00:00,9903.954323848593,9915.680535788028,10.731914347904398,0.5615932038483423,-0.432704387681101,9825.553639724701,0.07411223806589325,0.007916099121651173
2026-06-30 02:00:00+00:00,9903.696732401717,9915.422944341151,10.731914347904398,0.5615932038483423,-0.432704387681101,9825.553639724701,0.07421119498796792,0.007890295390543959
2026-06-30 03:00:00+00:00,9903.942144002356,9915.66835594179,10.731914347904398,0.5615932038483423,-0.432704387681101,9825.553639724701,0.07420717927315612,0.007914879059054853
2026-06-30 04:00:00+00:00,9904.089235199797,9915.815447139232,10.731914347904398,0.5615932038483423,-0.432704387681101,9825.553639724701,0.07421135390635696,0.007929613072949197
2026-06-30 05:00:00+00:00,9904.212380049696,9916.499247922045,11.270593178216277,0.5835703064521272,-0.432704387681101,9209.269795571487,0.11415181256503232,0.07016636536167681
2026-06-30 06:00:00+00:00,9904.26219005278,9916.54905792513,11.270593178216277,0.5835703064521272,-0.432704387681101,9209.269795571487,0.11414307763455805,0.0701710416328942
2026-06-30 07:00:00+00:00,9903.790948298998,9916.077816171348,11.270593178216277,0.5835703064521272,-0.432704387681101,9209.269795571487,0.11410229691443066,0.07012679855149785
2026-06-30 08:00:00+00:00,9903.453661234233,9915.740529106582,11.270593178216277,0.5835703064521272,-0.432704387681101,9209.269795571487,0.11403359507539942,0.07009512937694025
2026-06-30 09:00:00+00:00,9903.882627083265,9916.169494955615,11.270593178216277,0.5835703064521272,-0.432704387681101,9209.269795571487,0.11378805095394587,0.07013540625090636
2026-06-30 10:00:00+00:00,9904.297796525763,9916.584664398113,11.270593178216277,0.5835703064521272,-0.432704387681101,9209.269795571487,0.11396656687345201,0.07017438441704363
2026-06-30 11:00:00+00:00,9905.386469576682,9917.673337449032,11.270593178216277,0.5835703064521272,-0.432704387681101,9209.269795571487,0.11414166876029704,0.07027657892432998
2026-06-30 12:00:00+00:00,9907.311735767153,9919.598603639502,11.270593178216277,0.5835703064521272,-0.432704387681101,9209.269795571487,0.11422972157509877,0.0704572500404536
2026-06-30 13:00:00+00:00,9906.852225292945,9919.318674815377,11.441839526302752,0.5919056084476886,-0.432704387681101,9399.033039705715,0.08495259640319004,0.05125938835452988
2026-06-30 14:00:00+00:00,9914.04426779146,9926.510717313891,11.441839526302752,0.5919056084476886,-0.432704387681101,9399.033039705715,0.08417735608888051,0.05194764257396975
2026-06-30 15:00:00+00:00,9922.688448180534,9935.154897702965,11.441839526302752,0.5919056084476886,-0.432704387681101,9399.033039705715,0.08369068163865304,0.05277354128465439
2026-06-30 16:00:00+00:00,9927.28951036956,9939.868339259736,11.441839526302752,0.5919056084476886,-0.5450837554277188,9398.92066033797,0.08414703219792709,0.05322387842922084
2026-06-30 17:00:00+00:00,9933.132913761783,9946.224847777741,11.92006433140758,0.62678592912406,-0.5450837554277188,9241.670939496427,0.13420666692151093,0.06961167038320558
2026-06-30 18:00:00+00:00,9930.343150710567,9943.435084726525,11.92006433140758,0.62678592912406,-0.5450837554277188,9241.670939496427,0.13347936107070948,0.06935029341507308
2026-06-30 19:00:00+00:00,9933.26377358114,9946.355707597098,11.92006433140758,0.62678592912406,-0.5450837554277188,9241.670939496427,0.13351649276016758,0.06962392722562115
2026-06-30 20:00:00+00:00,9935.777086521524,9948.869020537482,11.92006433140758,0.62678592912406,-0.5450837554277188,9241.670939496427,0.1334157062199249,0.06985927129612167
2026-06-30 21:00:00+00:00,9933.497502583514,9946.901272077828,12.213673301331385,0.6450124375557954,-0.5450837554277188,9249.396766383621,0.1490239820147905,0.06886806344109621
2026-06-30 22:00:00+00:00,9934.901063480274,9948.304832974589,12.213673301331385,0.6450124375557954,-0.5450837554277188,9249.396766383621,0.14899942455684034,0.06899960983169724
2026-06-30 23:00:00+00:00,9935.677265047523,9949.081034541838,12.213673301331385,0.6450124375557954,-0.5450837554277188,9249.396766383621,0.14884488033650226,0.06907234206148692
2026-07-01 00:00:00+00:00,9935.31300682066,9948.973132894322,12.213673301331385,0.6450124375557954,-0.801440334775357,9249.140409804271,0.1488231683193866,0.06906401404216718
2026-07-01 01:00:00+00:00,9936.055538305198,9949.812795519494,12.306580266606636,0.6492366129155167,-0.801440334775357,9166.051730765597,0.15722631671852574,0.077495924270059
2026-07-01 02:00:00+00:00,9933.125176895166,9946.882434109462,12.306580266606636,0.6492366129155167,-0.801440334775357,9166.051730765597,0.15697864325833566,0.07722377725731397
2026-07-01 03:00:00+00:00,9929.690202951584,9943.44746016588,12.306580266606636,0.6492366129155167,-0.801440334775357,9166.051730765597,0.15750711516786234,0.07690456163063349
2026-07-01 04:00:00+00:00,9929.231977295367,9942.989234509663,12.306580266606636,0.6492366129155167,-0.801440334775357,9166.051730765597,0.15764562465728532,0.0768619615570361
2026-07-01 05:00:00+00:00,9928.081671119624,9942.781888788464,13.208283800155762,0.690493533909084,-0.801440334775357,8711.416033749421,0.25063192266313994,0.12254790781077401
2026-07-01 06:00:00+00:00,9928.361850862719,9943.062068531559,13.208283800155762,0.690493533909084,-0.801440334775357,8711.416033749421,0.2503619246021944,0.12257266963004093
2026-07-01 07:00:00+00:00,9936.463565036704,9951.163782705544,13.208283800155762,0.690493533909084,-0.801440334775357,8711.416033749421,0.24945428442649756,0.12328808164685867
2026-07-01 08:00:00+00:00,9932.370843924073,9947.071061592913,13.208283800155762,0.690493533909084,-0.801440334775357,8711.416033749421,0.24976096905256173,0.12292682475922116
2026-07-01 09:00:00+00:00,9924.920140106913,9939.70459497996,13.28956101984858,0.6934535184236055,-0.801440334775357,8646.068522820404,0.23767299344696252,0.12885258513251213
2026-07-01 10:00:00+00:00,9926.07658714862,9940.861042021666,13.28956101984858,0.6934535184236055,-0.801440334775357,8646.068522820404,0.2376138011580875,0.12895407899486222
2026-07-01 11:00:00+00:00,9933.52148482315,9948.305939696196,13.28956101984858,0.6934535184236055,-0.801440334775357,8646.068522820404,0.23745270276252156,0.12960690365141614
2026-07-01 12:00:00+00:00,9933.368145372011,9948.152600245057,13.28956101984858,0.6934535184236055,-0.801440334775357,8646.068522820404,0.23763175146123913,0.12959346756430895
2026-07-01 13:00:00+00:00,9951.455003383839,9966.360365100507,13.40163537367963,0.7022860082148159,-0.801440334775357,8656.987286888207,0.21959889629679574,0.1300782364041708
2026-07-01 14:00:00+00:00,9931.499457719468,9946.404819436137,13.40163537367963,0.7022860082148159,-0.801440334775357,8656.987286888207,0.22276733647158373,0.1283302865047856
2026-07-01 15:00:00+00:00,9950.28133026859,9965.186691985258,13.40163537367963,0.7022860082148159,-0.801440334775357,8656.987286888207,0.22456760424361907,0.12997562585956277
2026-07-01 16:00:00+00:00,9936.899920387055,9952.148401741453,13.40163537367963,0.7022860082148159,-1.1445599725041748,8656.644167250479,0.22640617330294732,0.1288385475745749
2026-07-01 17:00:00+00:00,9935.426041690083,9951.5770281454,14.254152034238757,0.7522744485747158,-1.1445599725041748,9271.87280038225,0.1248180069606863,0.06678659158887537
2026-07-01 18:00:00+00:00,9940.178370603784,9956.329357059101,14.254152034238757,0.7522744485747158,-1.1445599725041748,9271.87280038225,0.12508601272265962,0.06723275431333527
2026-07-01 19:00:00+00:00,9941.550090181892,9957.70107663721,14.254152034238757,0.7522744485747158,-1.1445599725041748,9271.87280038225,0.12478967206790799,0.06736145608329266
2026-07-01 20:00:00+00:00,9937.748065974898,9953.899052430215,14.254152034238757,0.7522744485747158,-1.1445599725041748,9271.87280038225,0.12462470811144599,0.06700464342344181
2026-07-01 21:00:00+00:00,9936.500747446435,9952.735720569626,14.332105901250607,0.7583072494369175,-1.1445599725041748,9239.377645905373,0.12126267833431578,0.0701578069845377
2026-07-01 22:00:00+00:00,9934.971857301329,9951.20683042452,14.332105901250607,0.7583072494369175,-1.1445599725041748,9239.377645905373,0.12148893662973825,0.07001471381972313
2026-07-01 23:00:00+00:00,9936.005512076914,9952.240485200105,14.332105901250607,0.7583072494369175,-1.1445599725041748,9239.377645905373,0.12139686874762295,0.07011146132364864
2026-07-02 00:00:00+00:00,9935.919764342614,9952.327310321934,14.332105901250607,0.7583072494369175,-1.31713282863421,9239.205073049243,0.12115199205434746,0.07012080489958225
2026-07-02 01:00:00+00:00,9935.82589054672,9952.406678716778,14.49594706420408,0.7677082772199455,-1.31713282863421,9410.374961299429,0.09371480720786339,0.05288447432912676
2026-07-02 02:00:00+00:00,9934.961744439008,9951.542532609066,14.49594706420408,0.7677082772199455,-1.31713282863421,9410.374961299429,0.09386222562503646,0.05280209392182211
2026-07-02 03:00:00+00:00,9934.386221137218,9950.967009307276,14.49594706420408,0.7677082772199455,-1.31713282863421,9410.374961299429,0.09394050940824343,0.052747220429467556
2026-07-02 04:00:00+00:00,9934.032865504783,9950.613653674842,14.49594706420408,0.7677082772199455,-1.31713282863421,9410.374961299429,0.09400976533316305,0.052713526449436145
2026-07-02 05:00:00+00:00,9931.7464749408,9949.569096000203,15.69073611584799,0.8147521149205614,-1.31713282863421,9439.263234310616,0.15365623527221361,0.049586771256474295
2026-07-02 06:00:00+00:00,9934.171844251923,9951.994465311325,15.69073611584799,0.8147521149205614,-1.31713282863421,9439.263234310616,0.153695759657304,0.04981880902610606
2026-07-02 07:00:00+00:00,9937.660766612282,9955.483387671684,15.69073611584799,0.8147521149205614,-1.31713282863421,9439.263234310616,0.1534576344209295,0.050152399443553174
2026-07-02 08:00:00+00:00,9936.721615374423,9954.544236433825,15.69073611584799,0.8147521149205614,-1.31713282863421,9439.263234310616,0.15313101806396245,0.05006262631873711
2026-07-02 09:00:00+00:00,9938.716365116721,9956.538986176123,15.69073611584799,0.8147521149205614,-1.31713282863421,9439.263234310616,0.15382439892718539,0.050253283468185445
2026-07-02 10:00:00+00:00,9936.698335528887,9954.520956588289,15.69073611584799,0.8147521149205614,-1.31713282863421,9439.263234310616,0.15391582421821468,0.05006040079124478
2026-07-02 11:00:00+00:00,9938.15630240452,9955.978923463923,15.69073611584799,0.8147521149205614,-1.31713282863421,9439.263234310616,0.15438479278123288,0.05019976069134651
2026-07-02 12:00:00+00:00,9932.248389260636,9950.071010320038,15.69073611584799,0.8147521149205614,-1.31713282863421,9439.263234310616,0.1539815166171037,0.04963479925482593
2026-07-02 13:00:00+00:00,9925.772566121637,9943.713514756455,15.804385952545395,0.8194298536377425,-1.31713282863421,9478.836672174737,0.1370661160047341,0.04502781934298685
2026-07-02 14:00:00+00:00,9905.879437401494,9923.820386036312,15.804385952545395,0.8194298536377425,-1.31713282863421,9478.836672174737,0.13702928592875385,0.04311003055562924
2026-07-02 15:00:00+00:00,9909.30732010936,9927.336760853672,15.887127340084026,0.8251805755962268,-1.31713282863421,9340.851618222814,0.12293204130564661,0.057365836331763995
2026-07-02 16:00:00+00:00,9908.351010343375,9926.33443963736,15.887127340084026,0.8251805755962268,-1.2711213783060753,9340.897629673142,0.12235995244695383,0.05727021379015187
2026-07-02 17:00:00+00:00,9896.693700342157,9915.26692089905,16.443132494652254,0.8589666839340325,-1.2711213783060753,9201.653746264417,0.18499865457334355,0.07022951049335906
2026-07-02 18:00:00+00:00,9898.661986392208,9917.2352069491,16.443132494652254,0.8589666839340325,-1.2711213783060753,9201.653746264417,0.1847847235284031,0.07041438944838958
2026-07-02 19:00:00+00:00,9893.06135654482,9911.634577101713,16.443132494652254,0.8589666839340325,-1.2711213783060753,9201.653746264417,0.18560841357954422,0.06988813526593547
2026-07-02 20:00:00+00:00,9892.706019812653,9911.279240369546,16.443132494652254,0.8589666839340325,-1.2711213783060753,9201.653746264417,0.18553626894760872,0.06985472651913731
2026-07-02 21:00:00+00:00,9893.425087719725,9912.076161869616,16.517963373558395,0.8619893980258401,-1.2711213783060753,9187.481054383847,0.1730948059319746,0.07135486720490103
2026-07-02 22:00:00+00:00,9892.074384189182,9910.725458339073,16.517963373558395,0.8619893980258401,-1.2711213783060753,9187.481054383847,0.1729432427100156,0.07122806627207635
2026-07-02 23:00:00+00:00,9895.535205595497,9914.186279745389,16.517963373558395,0.8619893980258401,-1.2711213783060753,9187.481054383847,0.17335904525851734,0.07155289092511917
2026-07-03 00:00:00+00:00,9893.891982971656,9912.454265579985,16.517963373558395,0.8619893980258401,-1.1823298367426647,9187.569845925409,0.17350635749814378,0.07138971582284268
2026-07-03 01:00:00+00:00,9889.269767746458,9908.225822476155,16.89146183235165,0.8822630606012256,-1.1823298367426647,8704.889527723717,0.18363668118408596,0.11976417549914159
2026-07-03 02:00:00+00:00,9890.923860970019,9909.879915699716,16.89146183235165,0.8822630606012256,-1.1823298367426647,8704.889527723717,0.18400159862358084,0.11991138036421853
2026-07-03 03:00:00+00:00,9896.902075108495,9915.858129838192,16.89146183235165,0.8822630606012256,-1.1823298367426647,8704.889527723717,0.1840903132252441,0.12044299704478098
2026-07-03 04:00:00+00:00,9895.006449212808,9913.962503942505,16.89146183235165,0.8822630606012256,-1.1823298367426647,8704.889527723717,0.18425365658079956,0.12027449679770247
2026-07-03 05:00:00+00:00,9895.89143957456,9915.009836556854,17.043325506863987,0.8927416386874175,-1.1823298367426647,8679.24781092145,0.20562180571719968,0.12294431846611041
2026-07-03 06:00:00+00:00,9894.275146164444,9913.393543146738,17.043325506863987,0.8927416386874175,-1.1823298367426647,8679.24781092145,0.20572991845695718,0.12280104578595684
2026-07-03 07:00:00+00:00,9897.485822584022,9916.604219566316,17.043325506863987,0.8927416386874175,-1.1823298367426647,8679.24781092145,0.20604691602161235,0.12308560310162847
2026-07-03 08:00:00+00:00,9895.372244387248,9914.490641369543,17.043325506863987,0.8927416386874175,-1.1823298367426647,8679.24781092145,0.20618567080020558,0.1228983006834934
2026-07-03 09:00:00+00:00,9895.72443635711,9914.92594790756,17.120351608262474,0.8988301054447417,-1.1823298367426647,8807.5476204842,0.19309853901835142,0.10996434095061547
2026-07-03 10:00:00+00:00,9894.770217559331,9913.971729109782,17.120351608262474,0.8988301054447417,-1.1823298367426647,8807.5476204842,0.19343635583574098,0.10987850886579838
2026-07-03 11:00:00+00:00,9895.833091264389,9915.03460281484,17.120351608262474,0.8988301054447417,-1.1823298367426647,8807.5476204842,0.19386792894174373,0.109974113421626
2026-07-03 12:00:00+00:00,9894.754277126349,9913.9557886768,17.120351608262474,0.8988301054447417,-1.1823298367426647,8807.5476204842,0.1940239696513374,0.10987707488152983
2026-07-03 13:00:00+00:00,9895.102902762093,9914.390599738126,17.20145152541549,0.9039156138735583,-1.1823298367426647,8741.26467356955,0.18032477504479716,0.11660699646392393
2026-07-03 14:00:00+00:00,9896.87412298235,9916.161819958383,17.20145152541549,0.9039156138735583,-1.1823298367426647,8741.26467356955,0.18053690171809247,0.11676509522630611
2026-07-03 15:00:00+00:00,9895.072172254295,9914.359869230328,17.20145152541549,0.9039156138735583,-1.1823298367426647,8741.26467356955,0.18075797702419186,0.11660425296543182
2026-07-03 16:00:00+00:00,9893.890526259125,9913.178223235158,17.20145152541549,0.9039156138735583,-1.1823298367426647,8741.26467356955,0.18034415861213557,0.11649874734619493
2026-07-03 17:00:00+00:00,9893.99739290943,9913.614683691127,17.51764331195973,0.917317632993149,-1.1823298367426647,9073.44354698209,0.13805565546831444,0.08293451204215942
2026-07-03 18:00:00+00:00,9893.069848882333,9912.687139664029,17.51764331195973,0.917317632993149,-1.1823298367426647,9073.44354698209,0.13817715209042963,0.08284853078166036
2026-07-03 19:00:00+00:00,9893.940775110137,9913.558065891833,17.51764331195973,0.917317632993149,-1.1823298367426647,9073.44354698209,0.13815851132497686,0.08292926416056032
2026-07-03 20:00:00+00:00,9892.106257052852,9911.723547834548,17.51764331195973,0.917317632993149,-1.1823298367426647,9073.44354698209,0.13816565497362615,0.08275919089395888
2026-07-03 21:00:00+00:00,9890.387790285542,9910.005081067238,17.51764331195973,0.917317632993149,-1.1823298367426647,9073.44354698209,0.13826073727090177,0.08259981920080678
2026-07-03 22:00:00+00:00,9889.271504466695,9908.888795248391,17.51764331195973,0.917317632993149,-1.1823298367426647,9073.44354698209,0.13811131010531658,0.08249626447368955
2026-07-03 23:00:00+00:00,9890.311077951703,9909.9283687334,17.51764331195973,0.917317632993149,-1.1823298367426647,9073.44354698209,0.13793109680982654,0.08259270355920781
2026-07-04 00:00:00+00:00,9890.374709153126,9909.991999934822,17.51764331195973,0.917317632993149,-1.1823298367426647,9073.44354698209,0.138057954401628,0.08259860583593465
2026-07-04 01:00:00+00:00,9889.862559027764,9909.698328402994,17.727514877866984,0.9259246606193369,-1.1823298367426647,9299.411392987311,0.10272164664154791,0.059702666494740195
2026-07-04 02:00:00+00:00,9890.233382388307,9910.069151763537,17.727514877866984,0.9259246606193369,-1.1823298367426647,9299.411392987311,0.10253728493708601,0.05973792190314554
2026-07-04 03:00:00+00:00,9890.194464409857,9910.030233785086,17.727514877866984,0.9259246606193369,-1.1823298367426647,9299.411392987311,0.10263445670945805,0.05973422196585669
2026-07-04 04:00:00+00:00,9890.378752222961,9910.214521598191,17.727514877866984,0.9259246606193369,-1.1823298367426647,9299.411392987311,0.10271360142395679,0.0597517419747778
2026-07-04 05:00:00+00:00,9890.742124636849,9910.620731074288,17.767977520965527,0.928299079731719,-1.1823298367426647,9366.808668841786,0.09601378549435027,0.05297210757219088
2026-07-04 06:00:00+00:00,9891.896569533274,9911.775175970713,17.767977520965527,0.928299079731719,-1.1823298367426647,9366.808668841786,0.09592582225031118,0.05308263152576244
2026-07-04 07:00:00+00:00,9891.981257763577,9911.859864201017,17.767977520965527,0.928299079731719,-1.1823298367426647,9366.808668841786,0.0959295700762782,0.05309073837049743
2026-07-04 08:00:00+00:00,9891.577572472303,9911.456178909742,17.767977520965527,0.928299079731719,-1.1823298367426647,9366.808668841786,0.09592364389475028,0.053052094045232916
2026-07-04 09:00:00+00:00,9891.395626105323,9911.442658547918,17.929581892163032,0.9351207136880307,-1.1823298367426647,9508.4516264192,0.0686294572409642,0.038714860284777074
2026-07-04 10:00:00+00:00,9891.158426552087,9911.205458994682,17.929581892163032,0.9351207136880307,-1.1823298367426647,9508.4516264192,0.06855930017344797,0.03869180773664874
2026-07-04 11:00:00+00:00,9891.221761560535,9911.26879400313,17.929581892163032,0.9351207136880307,-1.1823298367426647,9508.4516264192,0.06856343412140946,0.03869796314029305
2026-07-04 12:00:00+00:00,9891.538711201514,9911.58574364411,17.929581892163032,0.9351207136880307,-1.1823298367426647,9508.4516264192,0.06856120494807907,0.038728765661958355
2026-07-04 13:00:00+00:00,9891.414312591298,9911.480765391047,17.94775872569157,0.9363642373128374,-1.1823298367426647,9538.728172133238,0.06550278004958204,0.03565578483646236
2026-07-04 14:00:00+00:00,9890.042562076154,9910.109014875903,17.94775872569157,0.9363642373128374,-1.1823298367426647,9538.728172133238,0.06557069361044132,0.035522030136659666
2026-07-04 15:00:00+00:00,9889.958603552122,9910.025056351871,17.94775872569157,0.9363642373128374,-1.1823298367426647,9538.728172133238,0.06553941692125165,0.0355138424232367
2026-07-04 16:00:00+00:00,9889.43545715266,9909.501909952409,17.94775872569157,0.9363642373128374,-1.1823298367426647,9538.728172133238,0.0657033213148566,0.035462821567410006
2026-07-04 17:00:00+00:00,9889.728622483834,9909.883985348328,18.034225944317075,0.9388070834340703,-1.1823298367426647,9588.947693378472,0.05111106465075943,0.030413466393966655
2026-07-04 18:00:00+00:00,9889.600759165543,9909.756122030038,18.034225944317075,0.9388070834340703,-1.1823298367426647,9588.947693378472,0.051153254456815546,0.030400930543978792
2026-07-04 19:00:00+00:00,9889.939111444688,9910.094474309182,18.034225944317075,0.9388070834340703,-1.1823298367426647,9588.947693378472,0.05115241241404811,0.030434102240114728
2026-07-04 20:00:00+00:00,9889.809572394655,9909.96493525915,18.034225944317075,0.9388070834340703,-1.1823298367426647,9588.947693378472,0.05116873644523441,0.030421402638123284
2026-07-04 21:00:00+00:00,9889.975920863832,9910.131283728326,18.034225944317075,0.9388070834340703,-1.1823298367426647,9588.947693378472,0.05118641164280779,0.030437710859367376
2026-07-04 22:00:00+00:00,9889.025065600352,9909.180428464846,18.034225944317075,0.9388070834340703,-1.1823298367426647,9588.947693378472,0.05118914736302939,0.030344484944801974
2026-07-04 23:00:00+00:00,9889.561932406426,9909.71729527092,18.034225944317075,0.9388070834340703,-1.1823298367426647,9588.947693378472,0.05117878343652054,0.030397123864798547
2026-07-05 00:00:00+00:00,9889.677891295718,9909.833254160212,18.034225944317075,0.9388070834340703,-1.1823298367426647,9588.947693378472,0.05122706987556753,0.030408492695392052
2026-07-05 01:00:00+00:00,9889.713582785716,9909.91563154373,18.079402485700125,0.9403164355705222,-1.1823298367426647,9664.196752475505,0.04357673615074506,0.022803171034472686
2026-07-05 02:00:00+00:00,9889.518504356129,9909.720553114143,18.079402485700125,0.9403164355705222,-1.1823298367426647,9664.196752475505,0.04362872824263697,0.02278389506843778
2026-07-05 03:00:00+00:00,9889.476673064954,9909.678721822967,18.079402485700125,0.9403164355705222,-1.1823298367426647,9664.196752475505,0.043592827341077195,0.02277976156241124
2026-07-05 04:00:00+00:00,9889.551528930715,9909.753577688729,18.079402485700125,0.9403164355705222,-1.1823298367426647,9664.196752475505,0.0435921711048634,0.0227871583252244
2026-07-05 05:00:00+00:00,9889.420223070774,9909.711682188803,18.166880322036135,0.9422489592492128,-1.1823298367426647,9744.825948711048,0.029901006056307407,0.014621107314502196
2026-07-05 06:00:00+00:00,9889.589260360235,9909.880719478264,18.166880322036135,0.9422489592492128,-1.1823298367426647,9744.825948711048,0.029891467818680004,0.014637949851914665
2026-07-05 07:00:00+00:00,9889.55415794452,9909.845617062549,18.166880322036135,0.9422489592492128,-1.1823298367426647,9744.825948711048,0.029887694263597504,0.014634452364792265
2026-07-05 08:00:00+00:00,9889.277997147106,9909.569456265135,18.166880322036135,0.9422489592492128,-1.1823298367426647,9744.825948711048,0.029935136874168555,0.014606935761916118
2026-07-05 09:00:00+00:00,9889.23418596289,9909.52564508092,18.166880322036135,0.9422489592492128,-1.1823298367426647,9744.825948711048,0.029928779737171125,0.014602570283634243
2026-07-05 10:00:00+00:00,9889.875410173312,9910.16686929134,18.166880322036135,0.9422489592492128,-1.1823298367426647,9744.825948711048,0.029836809193603833,0.014666459934677993
2026-07-05 11:00:00+00:00,9890.046056044126,9910.337515162155,18.166880322036135,0.9422489592492128,-1.1823298367426647,9744.825948711048,0.029859514038959162,0.014683461180075097
2026-07-05 12:00:00+00:00,9890.191405217156,9910.482864335185,18.166880322036135,0.9422489592492128,-1.1823298367426647,9744.825948711048,0.029833466014374074,0.014697941682850262
2026-07-05 13:00:00+00:00,9890.063401126808,9910.3722181307,18.182797528152108,0.9436896389961407,-1.1823298367426647,9718.281354644978,0.02715730042448793,0.017369155233348456
2026-07-05 14:00:00+00:00,9890.074810325807,9910.383627329698,18.182797528152108,0.9436896389961407,-1.1823298367426647,9718.281354644978,0.027177578818753996,0.01737028879715523
2026-07-05 15:00:00+00:00,9889.709600821532,9910.018417825424,18.182797528152108,0.9436896389961407,-1.1823298367426647,9718.281354644978,0.02717431681061622,0.017334002017846323
2026-07-05 16:00:00+00:00,9889.753771493588,9910.06258849748,18.182797528152108,0.9436896389961407,-1.1823298367426647,9718.281354644978,0.02718346102329495,0.017338390905430344
2026-07-05 17:00:00+00:00,9889.604647017497,9909.952325963928,18.219152938838263,0.9461961708498225,-1.1823298367426647,9778.837350377886,0.021396290544248863,0.01120037661697797
2026-07-05 18:00:00+00:00,9889.711491515754,9910.059170462186,18.219152938838263,0.9461961708498225,-1.1823298367426647,9778.837350377886,0.02140744572048468,0.01121105921370779
2026-07-05 19:00:00+00:00,9889.486815903358,9909.834494849789,18.219152938838263,0.9461961708498225,-1.1823298367426647,9778.837350377886,0.021452036216638028,0.011188595281560576
2026-07-05 20:00:00+00:00,9889.277858987618,9909.62553793405,18.219152938838263,0.9461961708498225,-1.1823298367426647,9778.837350377886,0.021464471404155954,0.011167702049079391
2026-07-05 21:00:00+00:00,9889.395508898042,9909.758744295385,18.2345185879675,0.9463869726320858,-1.1823298367426647,9804.431399944151,0.018863126119812525,0.008591436036453702
2026-07-05 22:00:00+00:00,9889.06601883879,9909.429254236133,18.2345185879675,0.9463869726320858,-1.1823298367426647,9804.431399944151,0.0189105064336734,0.008558403668598105
2026-07-05 23:00:00+00:00,9888.74650424606,9909.109739643403,18.2345185879675,0.9463869726320858,-1.1823298367426647,9804.431399944151,0.018940858025335208,0.008526369268916532
2026-07-06 00:00:00+00:00,9889.143043430804,9909.506278828147,18.2345185879675,0.9463869726320858,-1.1823298367426647,9804.431399944151,0.018915532672081126,0.008566125812380214
2026-07-06 01:00:00+00:00,9888.897748038557,9909.286078557852,18.25762368233231,0.9483770002211076,-1.1823298367426647,9842.916785457795,0.01547858959240715,0.004649756095403276
2026-07-06 02:00:00+00:00,9889.588823885175,9909.97715440447,18.25762368233231,0.9483770002211076,-1.1823298367426647,9842.916785457795,0.015389916551586634,0.004719310302836558
2026-07-06 03:00:00+00:00,9889.741674955809,9910.130005475105,18.25762368233231,0.9483770002211076,-1.1823298367426647,9842.916785457795,0.015369822676491228,0.004734692880461243
2026-07-06 04:00:00+00:00,9889.883147611861,9910.271478131157,18.25762368233231,0.9483770002211076,-1.1823298367426647,9842.916785457795,0.015339412734256692,0.004748929937095072
2026-07-06 05:00:00+00:00,9888.916960788027,9910.208704747263,19.126779332709493,0.982634789784028,-1.1823298367426647,9321.536533069764,0.1474534234838403,0.05737538599707786
2026-07-06 06:00:00+00:00,9887.724502662231,9909.016246621468,19.126779332709493,0.982634789784028,-1.1823298367426647,9321.536533069764,0.14740069622624935,0.057261705606787894
2026-07-06 07:00:00+00:00,9885.950400293936,9907.242144253172,19.126779332709493,0.982634789784028,-1.1823298367426647,9321.536533069764,0.14733580141821304,0.05709252468102511
2026-07-06 08:00:00+00:00,9886.27488245199,9907.566626411226,19.126779332709493,0.982634789784028,-1.1823298367426647,9321.536533069764,0.14754204084384248,0.057123472298411235
2026-07-06 09:00:00+00:00,9884.01624053232,9905.834141129337,19.630296226420455,1.0052745338525315,-1.1823298367426647,9878.334389310936,0.14377572548042622,0.0005748524772840244
2026-07-06 10:00:00+00:00,9881.319806268115,9903.13770686513,19.630296226420455,1.0052745338525315,-1.1823298367426647,9878.334389310936,0.14392430117553806,0.00030212734894840377
2026-07-06 11:00:00+00:00,9882.274062630617,9904.091963227633,19.630296226420455,1.0052745338525315,-1.1823298367426647,9878.334389310936,0.1438262405034065,0.00039866060126566964
2026-07-06 12:00:00+00:00,9884.740863586227,9906.558764183243,19.630296226420455,1.0052745338525315,-1.1823298367426647,9878.334389310936,0.14360507129193342,0.0006481175747248846
2026-07-06 13:00:00+00:00,9881.660959085862,9903.478859682878,19.630296226420455,1.0052745338525315,-1.1823298367426647,9878.334389310936,0.14334881889443818,0.0003366407518634801
2026-07-06 14:00:00+00:00,9890.950407441793,9912.768308038809,19.630296226420455,1.0052745338525315,-1.1823298367426647,9878.334389310936,0.14343049424283885,0.001275511210870516
2026-07-06 15:00:00+00:00,9885.841266404304,9907.65916700132,19.630296226420455,1.0052745338525315,-1.1823298367426647,9878.334389310936,0.14452233534133246,0.0007593564261323066
2026-07-06 16:00:00+00:00,9884.194617260413,9905.983414723092,19.630296226420455,1.0052745338525315,-1.1532267024062859,9878.36349244527,0.1457735084148855,0.0005899443546933249
2026-07-06 17:00:00+00:00,9880.719970037042,9902.711175393024,19.825034463768258,1.0129441898070488,-1.1532267024062859,9926.119744051275,0.11310154280487021,-0.004594783998727399
2026-07-06 18:00:00+00:00,9880.97713655393,9902.968341909913,19.825034463768258,1.0129441898070488,-1.1532267024062859,9926.119744051275,0.11277295560644066,-0.00456863798726376
2026-07-06 19:00:00+00:00,9878.923822512974,9900.915027868956,19.825034463768258,1.0129441898070488,-1.1532267024062859,9926.119744051275,0.11327764608630958,-0.004777435516887734
2026-07-06 20:00:00+00:00,9876.528659765141,9898.519865121123,19.825034463768258,1.0129441898070488,-1.1532267024062859,9926.119744051275,0.1133218977414739,-0.005021104681056291
2026-07-06 21:00:00+00:00,9877.056647177453,9899.097323998174,19.87133841680839,1.0161117015073777,-1.1532267024062859,9848.900185031349,0.10551069683823226,0.002850693597484758
2026-07-06 22:00:00+00:00,9877.980808681292,9900.021485502013,19.87133841680839,1.0161117015073777,-1.1532267024062859,9848.900185031349,0.10562385284184028,0.0029439846273426502
2026-07-06 23:00:00+00:00,9877.56225212652,9899.60292894724,19.87133841680839,1.0161117015073777,-1.1532267024062859,9848.900185031349,0.1054925417216292,0.0029017348981020545
2026-07-07 00:00:00+00:00,9876.957390925363,9899.003520982948,19.87133841680839,1.0161117015073777,-1.1586799392706368,9848.894731794484,0.10538259507429178,0.0028412250878657934
2026-07-07 01:00:00+00:00,9877.788315446265,9899.973781968592,20.00538661997629,1.021399963080653,-1.1586799392706368,9869.858524909267,0.08278410930149824,0.000802790086582341
2026-07-07 02:00:00+00:00,9877.580190446002,9899.76565696833,20.00538661997629,1.021399963080653,-1.1586799392706368,9869.858524909267,0.08264603435052287,0.0007817365577254165
2026-07-07 03:00:00+00:00,9875.879563740047,9898.065030262374,20.00538661997629,1.021399963080653,-1.1586799392706368,9869.858524909267,0.08248437907254012,0.0006096711479640908
2026-07-07 04:00:00+00:00,9876.939575093042,9899.125041615369,20.00538661997629,1.021399963080653,-1.1586799392706368,9869.858524909267,0.08233966142513321,0.0007169275593860512
2026-07-07 05:00:00+00:00,9873.775090776931,9897.09289875153,21.089991439419656,1.0691365959102612,-1.1586799392706368,8827.724790153843,0.17824496798773928,0.10594228560059073
2026-07-07 06:00:00+00:00,9871.368486229943,9894.686294204543,21.089991439419656,1.0691365959102612,-1.1586799392706368,8827.724790153843,0.17855298135563274,0.10572431750794525
2026-07-07 07:00:00+00:00,9867.598637772262,9890.916445746861,21.089991439419656,1.0691365959102612,-1.1586799392706368,8827.724790153843,0.1788931615986915,0.10538266561003783
2026-07-07 08:00:00+00:00,9869.488218265818,9892.806026240418,21.089991439419656,1.0691365959102612,-1.1586799392706368,8827.724790153843,0.17868995928474202,0.10555394616956401
2026-07-07 09:00:00+00:00,9867.757448378545,9891.724208206399,21.71044286617083,1.097637022413058,-1.1586799392706368,9447.585021889156,0.1553311513146318,0.0425803358754456
2026-07-07 10:00:00+00:00,9865.933107766423,9889.899867594277,21.71044286617083,1.097637022413058,-1.1586799392706368,9447.585021889156,0.15591346173843024,0.04240329640467009
2026-07-07 11:00:00+00:00,9862.87218843631,9886.838948264163,21.71044286617083,1.097637022413058,-1.1586799392706368,9447.585021889156,0.15543978580170445,0.04210610850600456
2026-07-07 12:00:00+00:00,9861.456208612148,9885.422968440002,21.71044286617083,1.097637022413058,-1.1586799392706368,9447.585021889156,0.15526450244723197,0.0419685671129942
2026-07-07 13:00:00+00:00,9862.9804146483,9887.32949689997,22.07191323438485,1.118489078015251,-1.1586799392706368,9078.87591345463,0.1296381269367785,0.07949975243072913
2026-07-07 14:00:00+00:00,9863.488934477038,9887.838016728709,22.07191323438485,1.118489078015251,-1.1586799392706368,9078.87591345463,0.12884627129410292,0.07954720953554834
2026-07-07 15:00:00+00:00,9864.240272102921,9888.589354354592,22.07191323438485,1.118489078015251,-1.1586799392706368,9078.87591345463,0.12879756880464985,0.07961731841319603
2026-07-07 16:00:00+00:00,9869.156781875081,9893.58330868615,22.07191323438485,1.118489078015251,-1.236124498668495,9078.798468895233,0.12973303671697678,0.08008367183216279
2026-07-07 17:00:00+00:00,9868.578010775653,9893.378733329111,22.43044855284062,1.1341495019492998,-1.236124498668495,8826.936723529525,0.18917323995853,0.10555130497106512
2026-07-07 18:00:00+00:00,9872.197872274442,9896.9985948279,22.43044855284062,1.1341495019492998,-1.236124498668495,8826.936723529525,0.18872805808083976,0.10587927453120427
2026-07-07 19:00:00+00:00,9883.041909276666,9907.842631830124,22.43044855284062,1.1341495019492998,-1.236124498668495,8826.936723529525,0.18671671806205722,0.10686033666980946
2026-07-07 20:00:00+00:00,9882.641996394768,9907.442718948227,22.43044855284062,1.1341495019492998,-1.236124498668495,8826.936723529525,0.18624367499735942,0.10682419470930635
2026-07-07 21:00:00+00:00,9883.324050501169,9908.19179658471,22.495049837529677,1.136571747344463,-1.236124498668495,8934.540930059935,0.17525753100766397,0.09599838228446263
2026-07-07 22:00:00+00:00,9883.39285289877,9908.260598982311,22.495049837529677,1.136571747344463,-1.236124498668495,8934.540930059935,0.17479872327907273,0.09600467541473284
2026-07-07 23:00:00+00:00,9884.53731202605,9909.40505810959,22.495049837529677,1.136571747344463,-1.236124498668495,8934.540930059935,0.17484537312631118,0.09610934249904642
2026-07-08 00:00:00+00:00,9889.494803542168,9914.342598062723,22.495049837529677,1.136571747344463,-1.2161729356823419,8934.560881622923,0.17430403651958112,0.0965604351778628
2026-07-08 01:00:00+00:00,9885.915745149767,9910.96103176429,22.685681539269318,1.1434321395705493,-1.2161729356823419,9061.115839464192,0.14303773033632938,0.08343181622706417
2026-07-08 02:00:00+00:00,9888.738311216252,9913.783597830774,22.685681539269318,1.1434321395705493,-1.2161729356823419,9061.115839464192,0.14241908277606594,0.08369343446103068
2026-07-08 03:00:00+00:00,9888.26409449648,9913.309381111003,22.685681539269318,1.1434321395705493,-1.2161729356823419,9061.115839464192,0.14261061603687425,0.08364949066162743
2026-07-08 04:00:00+00:00,9889.853764878237,9914.89905149276,22.685681539269318,1.1434321395705493,-1.2161729356823419,9061.115839464192,0.14241173900815918,0.08379678255275486
2026-07-08 05:00:00+00:00,9887.714099725079,9913.404897501363,23.297557330742922,1.177067509858476,-1.2161729356823419,9187.848085011638,0.15355684819816673,0.0707813765299809
2026-07-08 06:00:00+00:00,9887.441210041721,9913.132007818005,23.297557330742922,1.177067509858476,-1.2161729356823419,9187.848085011638,0.15337837329829027,0.07075573044313775
2026-07-08 07:00:00+00:00,9887.468221212603,9913.159018988887,23.297557330742922,1.177067509858476,-1.2161729356823419,9187.848085011638,0.15343760222691513,0.07075826900763114
2026-07-08 08:00:00+00:00,9887.037273545655,9912.728071321939,23.297557330742922,1.177067509858476,-1.2161729356823419,9187.848085011638,0.15388352115418197,0.07071776601923098
2026-07-08 09:00:00+00:00,9883.315865883653,9909.006663659937,23.297557330742922,1.177067509858476,-1.2161729356823419,9187.848085011638,0.15149308242104073,0.07036785936111878
2026-07-08 10:00:00+00:00,9881.620304068718,9907.311101845002,23.297557330742922,1.177067509858476,-1.2161729356823419,9187.848085011638,0.15102977922687438,0.07020834617288654
2026-07-08 11:00:00+00:00,9881.405268383274,9907.096066159558,23.297557330742922,1.177067509858476,-1.2161729356823419,9187.848085011638,0.15141655957955732,0.07018811237210917
2026-07-08 12:00:00+00:00,9882.276752889444,9907.967550665728,23.297557330742922,1.177067509858476,-1.2161729356823419,9187.848085011638,0.15198738184918473,0.07027010933232218
2026-07-08 13:00:00+00:00,9884.453930141082,9910.311805732495,23.456763817543475,1.184938838186172,-1.2161729356823419,9306.307372051031,0.12517757007689984,0.05849049043843327
2026-07-08 14:00:00+00:00,9885.391867839035,9911.249743430448,23.456763817543475,1.184938838186172,-1.2161729356823419,9306.307372051031,0.12535003942696193,0.058579821976707525
2026-07-08 15:00:00+00:00,9887.405321179167,9913.26319677058,23.456763817543475,1.184938838186172,-1.2161729356823419,9306.307372051031,0.12518409028036565,0.05877153107938276
2026-07-08 16:00:00+00:00,9886.913509132632,9912.758049404787,23.456763817543475,1.184938838186172,-1.2028376164245722,9306.320707370289,0.124919987235071,0.05872336207108962
2026-07-08 17:00:00+00:00,9891.516053342604,9917.670080671278,23.745833391798087,1.2053563204497013,-1.2028376164245722,9460.501945699878,0.08280944225165825,0.043574120015412054
2026-07-08 18:00:00+00:00,9893.915871924317,9920.06989925299,23.745833391798087,1.2053563204497013,-1.2028376164245722,9460.501945699878,0.0829642560421478,0.043806105877079914
2026-07-08 19:00:00+00:00,9896.588359759948,9922.742387088621,23.745833391798087,1.2053563204497013,-1.2028376164245722,9460.501945699878,0.0833618324708539,0.044064317743397294
2026-07-08 20:00:00+00:00,9894.004306772908,9920.158334101581,23.745833391798087,1.2053563204497013,-1.2028376164245722,9460.501945699878,0.08340025126027133,0.043814652554403796
2026-07-08 21:00:00+00:00,9892.74147539057,9918.955112375483,23.804503924819556,1.2062954436687303,-1.2028376164245722,9558.227496869305,0.07327299618824462,0.033814082714423446
2026-07-08 22:00:00+00:00,9893.06388502827,9919.277522013183,23.804503924819556,1.2062954436687303,-1.2028376164245722,9558.227496869305,0.07332594737915421,0.03384557019445637
2026-07-08 23:00:00+00:00,9892.592723370999,9918.806360355911,23.804503924819556,1.2062954436687303,-1.2028376164245722,9558.227496869305,0.07330343674717518,0.03379955445974887
2026-07-09 00:00:00+00:00,9893.210807480527,9919.389116708113,23.804503924819556,1.2062954436687303,-1.1675098590987985,9558.26282462663,0.07342399458550158,0.033856347486362404
2026-07-09 01:00:00+00:00,9893.03909718116,9919.272316804118,23.857429846198468,1.2082799176611887,-1.1675098590987985,9646.419767670106,0.06452041118421137,0.024928571199250966
2026-07-09 02:00:00+00:00,9892.748947750877,9918.982167373835,23.857429846198468,1.2082799176611887,-1.1675098590987985,9646.419767670106,0.06442257247406825,0.024899972836849756
2026-07-09 03:00:00+00:00,9893.021183461866,9919.254403084824,23.857429846198468,1.2082799176611887,-1.1675098590987985,9646.419767670106,0.06435623117034404,0.02492680559544371
2026-07-09 04:00:00+00:00,9893.839137975248,9920.072357598207,23.857429846198468,1.2082799176611887,-1.1675098590987985,9646.419767670106,0.06449935144112438,0.02500741793501372
2026-07-09 05:00:00+00:00,9893.85404844034,9921.07268172709,24.79982817921837,1.2512952484320699,-1.1675098590987985,9963.29520345416,0.17790501455686786,-0.007018615260932125
2026-07-09 06:00:00+00:00,9893.494221142908,9920.712854429657,24.79982817921837,1.2512952484320699,-1.1675098590987985,9963.29520345416,0.1781650893456735,-0.00705524062085997
2026-07-09 07:00:00+00:00,9892.585827388775,9919.804460675525,24.79982817921837,1.2512952484320699,-1.1675098590987985,9963.29520345416,0.17806707535804697,-0.007147714187085124
2026-07-09 08:00:00+00:00,9893.019692114342,9920.238325401091,24.79982817921837,1.2512952484320699,-1.1675098590987985,9963.29520345416,0.17808617583594358,-0.007103545077933564
2026-07-09 09:00:00+00:00,9894.36307688535,9921.5817101721,24.79982817921837,1.2512952484320699,-1.1675098590987985,9963.29520345416,0.17739979041861495,-0.0069668078716298674
2026-07-09 10:00:00+00:00,9892.61552821763,9919.83416150438,24.79982817921837,1.2512952484320699,-1.1675098590987985,9963.29520345416,0.17760247505043017,-0.007144690404162855
2026-07-09 11:00:00+00:00,9894.112409171295,9921.331042458045,24.79982817921837,1.2512952484320699,-1.1675098590987985,9963.29520345416,0.1770452021154038,-0.006992319413991672
2026-07-09 12:00:00+00:00,9901.867811522849,9929.086444809598,24.79982817921837,1.2512952484320699,-1.1675098590987985,9963.29520345416,0.176469555775368,-0.006203616640875367
2026-07-09 13:00:00+00:00,9903.00648235213,9930.687495813556,25.242456725795847,1.2710468765301663,-1.1675098590987985,9686.134511458762,0.1597652814938086,0.02189960910152387
2026-07-09 14:00:00+00:00,9890.345815720892,9918.026829182318,25.242456725795847,1.2710468765301663,-1.1675098590987985,9686.134511458762,0.15984383184196327,0.02064753933452277
2026-07-09 15:00:00+00:00,9890.375443882878,9918.056457344304,25.242456725795847,1.2710468765301663,-1.1675098590987985,9686.134511458762,0.15954534654279626,0.02065047313754274
2026-07-09 16:00:00+00:00,9891.639629577672,9919.212101542735,25.242456725795847,1.2710468765301663,-1.0589683627351871,9686.243052955127,0.16035427686967557,0.02076466433414878
2026-07-09 17:00:00+00:00,9887.808433743354,9916.235713023845,26.047826250728516,1.3204846670278632,-1.0589683627351871,9508.685019443255,0.24853886988993498,0.03834251207843924
2026-07-09 18:00:00+00:00,9892.235777755994,9920.663057036485,26.047826250728516,1.3204846670278632,-1.0589683627351871,9508.685019443255,0.24904218320126054,0.03877290907028351
2026-07-09 19:00:00+00:00,9888.368603418457,9916.795882698949,26.047826250728516,1.3204846670278632,-1.0589683627351871,9508.685019443255,0.24908955689147685,0.038396989352110486
2026-07-09 20:00:00+00:00,9883.424271299185,9911.851550579677,26.047826250728516,1.3204846670278632,-1.0589683627351871,9508.685019443255,0.2490281833517446,0.03791593293674012
2026-07-09 21:00:00+00:00,9881.672069866465,9910.377560535573,26.31842861955935,1.3280936868138176,-1.0589683627351871,9602.21967173295,0.20339138413258062,0.028279869657452807
2026-07-09 22:00:00+00:00,9881.526859677075,9910.232350346183,26.31842861955935,1.3280936868138176,-1.0589683627351871,9602.21967173295,0.20346362339793356,0.028265590116834678
2026-07-09 23:00:00+00:00,9881.887471494409,9910.592962163517,26.31842861955935,1.3280936868138176,-1.0589683627351871,9602.21967173295,0.2033655086605137,0.02830105084359607
2026-07-10 00:00:00+00:00,9881.67258813578,9910.29167583715,26.31842861955935,1.3280936868138176,-0.9725653949970885,9602.306074700688,0.20339967503451076,0.02827117686235706
2026-07-10 01:00:00+00:00,9881.434811436091,9910.256032670206,26.508459995453805,1.3401958436643633,-0.9725653949970885,9614.385743776673,0.17100888195449748,0.027025333137891377
2026-07-10 02:00:00+00:00,9878.603066939493,9907.424288173608,26.508459995453805,1.3401958436643633,-0.9725653949970885,9614.385743776673,0.1717739589075043,0.026746425721575026
2026-07-10 03:00:00+00:00,9878.237889320177,9907.059110554292,26.508459995453805,1.3401958436643633,-0.9725653949970885,9614.385743776673,0.1722686235487514,0.0267104465897473
2026-07-10 04:00:00+00:00,9878.588366906426,9907.409588140541,26.508459995453805,1.3401958436643633,-0.9725653949970885,9614.385743776673,0.17224855044528609,0.026744977451924154
2026-07-10 05:00:00+00:00,9877.517959695782,9906.966061006247,27.099942958610747,1.3755929568572796,-0.9725653949970885,9484.466499614906,0.20105993520167825,0.0397925330720413
2026-07-10 06:00:00+00:00,9875.74319687349,9905.191298183956,27.099942958610747,1.3755929568572796,-0.9725653949970885,9484.466499614906,0.2008781577701213,0.03961997486755797
2026-07-10 07:00:00+00:00,9876.48553535099,9905.933636661455,27.099942958610747,1.3755929568572796,-0.9725653949970885,9484.466499614906,0.20052623395792077,0.039692159152456274
2026-07-10 08:00:00+00:00,9876.127439702781,9905.575541013246,27.099942958610747,1.3755929568572796,-0.9725653949970885,9484.466499614906,0.200369161833977,0.03965733962821995
2026-07-10 09:00:00+00:00,9869.976492980812,9899.461120317583,27.134815026109365,1.377246915664839,-0.9725653949970885,9426.31151504971,0.19511216927982533,0.044950966017661714
2026-07-10 10:00:00+00:00,9870.840172866778,9900.324800203549,27.134815026109365,1.377246915664839,-0.9725653949970885,9426.31151504971,0.19646877230020718,0.0450345310056787
2026-07-10 11:00:00+00:00,9860.262762585837,9889.747389922608,27.134815026109365,1.377246915664839,-0.9725653949970885,9426.31151504971,0.19820523382082605,0.044010109870776186
2026-07-10 12:00:00+00:00,9858.012034116184,9887.586360041887,27.21706876021286,1.3846917704948074,-0.9725653949970885,9289.139704476447,0.18453390119417437,0.05770659719941576
2026-07-10 13:00:00+00:00,9858.73013439863,9888.601907912875,27.498655078624502,1.4005530406232167,-0.9725653949970885,9618.586434145513,0.13697062581375935,0.024358481972766355
2026-07-10 14:00:00+00:00,9864.444730458956,9894.316503973201,27.498655078624502,1.4005530406232167,-0.9725653949970885,9618.586434145513,0.13597159502772074,0.02492368329200461
2026-07-10 15:00:00+00:00,9866.594611341452,9896.466384855697,27.498655078624502,1.4005530406232167,-0.9725653949970885,9618.586434145513,0.13494777266677907,0.025136147471880373
2026-07-10 16:00:00+00:00,9872.193560195772,9901.97650942999,27.498655078624502,1.4005530406232167,-0.8837411149690945,9618.675258425541,0.1355027727361143,0.02568003759492783
2026-07-10 17:00:00+00:00,9876.547764138428,9906.724055876077,27.870738239647466,1.4218123830318514,-0.8837411149690945,9561.992385460411,0.1367357306199678,0.03184871740509987
2026-07-10 18:00:00+00:00,9874.573044019864,9904.749335757513,27.870738239647466,1.4218123830318514,-0.8837411149690945,9561.992385460411,0.1354476561253207,0.031655106217352236
2026-07-10 19:00:00+00:00,9872.792660827856,9902.968952565505,27.870738239647466,1.4218123830318514,-0.8837411149690945,9561.992385460411,0.13532479646805146,0.031480482376643325
2026-07-10 20:00:00+00:00,9871.473440979045,9901.649732716694,27.870738239647466,1.4218123830318514,-0.8837411149690945,9561.992385460411,0.13550107463296557,0.0313510498072049
2026-07-10 21:00:00+00:00,9868.671611373642,9898.95290972315,27.9744569514623,1.423100283075743,-0.8837411149690945,9389.024147057205,0.15278702529359872,0.048603042355127406
2026-07-10 22:00:00+00:00,9867.73599122238,9898.017289571888,27.9744569514623,1.423100283075743,-0.8837411149690945,9389.024147057205,0.1528444318960031,0.04851283461484998
2026-07-10 23:00:00+00:00,9867.869711874058,9898.151010223566,27.9744569514623,1.423100283075743,-0.8837411149690945,9389.024147057205,0.15283276916664618,0.04852572832823836
2026-07-11 00:00:00+00:00,9867.899775668278,9898.14742615339,27.9744569514623,1.423100283075743,-0.8500932505729837,9389.057794921602,0.1530279954754035,0.04852521728355792
2026-07-11 01:00:00+00:00,9867.28338149392,9897.686958906677,28.12039898358606,1.433085178598379,-0.8500932505729837,9582.341127220221,0.12827449403605487,0.02887747754443829
2026-07-11 02:00:00+00:00,9867.227298959047,9897.630876371804,28.12039898358606,1.433085178598379,-0.8500932505729837,9582.341127220221,0.12822817582405702,0.028871957958126786
2026-07-11 03:00:00+00:00,9866.907274199186,9897.310851611943,28.12039898358606,1.433085178598379,-0.8500932505729837,9582.341127220221,0.12840015774773908,0.028840460244627292
2026-07-11 04:00:00+00:00,9866.90951498743,9897.313092400187,28.12039898358606,1.433085178598379,-0.8500932505729837,9582.341127220221,0.12839580736608652,0.0288406807962474
2026-07-11 05:00:00+00:00,9866.813510613527,9897.323739805403,28.22339888435461,1.436737056948284,-0.8500932505729837,9529.194683714199,0.11093983343110796,0.03421761509287249
2026-07-11 06:00:00+00:00,9866.502416465908,9897.012645657784,28.22339888435461,1.436737056948284,-0.8500932505729837,9529.194683714199,0.11100800049327775,0.03418716364866905
2026-07-11 07:00:00+00:00,9866.306953693582,9896.817182885457,28.22339888435461,1.436737056948284,-0.8500932505729837,9529.194683714199,0.11114781461125137,0.03416802979692223
2026-07-11 08:00:00+00:00,9866.60659179929,9897.116820991165,28.22339888435461,1.436737056948284,-0.8500932505729837,9529.194683714199,0.11131034938471711,0.034197361062873834
2026-07-11 09:00:00+00:00,9866.37765757269,9896.98300797162,28.313153672058345,1.4421034762994958,-0.8500932505729837,9678.696241766058,0.09627940560205724,0.019022322307172372
2026-07-11 10:00:00+00:00,9866.746300941251,9897.351651340181,28.313153672058345,1.4421034762994958,-0.8500932505729837,9678.696241766058,0.09634349063639785,0.019058973793341975
2026-07-11 11:00:00+00:00,9866.917918210056,9897.523268608986,28.313153672058345,1.4421034762994958,-0.8500932505729837,9678.696241766058,0.09638867665422005,0.019076035496010682
2026-07-11 12:00:00+00:00,9866.683421425685,9897.288771824615,28.313153672058345,1.4421034762994958,-0.8500932505729837,9678.696241766058,0.09629925646914399,0.019052722341471817
2026-07-11 13:00:00+00:00,9867.147042143817,9897.92820812334,28.47772515144832,1.453347577502223,-0.8500932505729837,9596.62671636396,0.08808698450753549,0.02741626577818593
2026-07-11 14:00:00+00:00,9866.709656226523,9897.490822206046,28.47772515144832,1.453347577502223,-0.8500932505729837,9596.62671636396,0.08801831503933293,0.027373151665826503
2026-07-11 15:00:00+00:00,9867.70998177252,9898.491147752042,28.47772515144832,1.453347577502223,-0.8500932505729837,9596.62671636396,0.08808923153037156,0.02747175037666276
2026-07-11 16:00:00+00:00,9867.36681127186,9898.147977251383,28.47772515144832,1.453347577502223,-0.8500932505729837,9596.62671636396,0.08786405662504355,0.027437927472061096
2026-07-11 17:00:00+00:00,9866.573367992478,9897.399302440763,28.52077242047402,1.4550687772390656,-0.8500932505729837,9668.329117471103,0.08064831525699036,0.020092512681706264
2026-07-11 18:00:00+00:00,9866.729475389951,9897.555409838236,28.52077242047402,1.4550687772390656,-0.8500932505729837,9668.329117471103,0.08076469543721823,0.020108016381082304
2026-07-11 19:00:00+00:00,9867.163396984399,9897.989331432684,28.52077242047402,1.4550687772390656,-0.8500932505729837,9668.329117471103,0.08085555840467107,0.020151108430419177
2026-07-11 20:00:00+00:00,9867.074524271304,9897.900458719589,28.52077242047402,1.4550687772390656,-0.8500932505729837,9668.329117471103,0.08082179228921121,0.020142282934148464
2026-07-11 21:00:00+00:00,9866.852822021867,9897.7614511516,28.598739190335863,1.4597966888250513,-0.8500932505729837,9677.522004038461,0.06771226699770959,0.01918857222242508
2026-07-11 22:00:00+00:00,9867.17855989913,9898.087189028864,28.598739190335863,1.4597966888250513,-0.8500932505729837,9677.522004038461,0.06763023928179297,0.019220951025599682
2026-07-11 23:00:00+00:00,9866.70238494061,9897.611014070344,28.598739190335863,1.4597966888250513,-0.8500932505729837,9677.522004038461,0.067501123346596,0.019173617843271845
2026-07-12 00:00:00+00:00,9867.519244402907,9898.42787353264,28.598739190335863,1.4597966888250513,-0.8500932505729837,9677.522004038461,0.06730160167506385,0.01925481325736623
2026-07-12 01:00:00+00:00,9867.825814665779,9898.758347233894,28.62111204459242,1.461327272948997,-0.8500932505729837,9714.787721611801,0.0634784845504086,0.01550879554709301
2026-07-12 02:00:00+00:00,9866.830533660968,9897.763066229083,28.62111204459242,1.461327272948997,-0.8500932505729837,9714.787721611801,0.06365109965354177,0.015409488541479324
2026-07-12 03:00:00+00:00,9866.879259661662,9897.811792229777,28.62111204459242,1.461327272948997,-0.8500932505729837,9714.787721611801,0.0636176120066169,0.015414350783803571
2026-07-12 04:00:00+00:00,9866.546190717541,9897.478723285656,28.62111204459242,1.461327272948997,-0.8500932505729837,9714.787721611801,0.06372422763743146,0.015381113732433985
2026-07-12 05:00:00+00:00,9866.835659926712,9897.841353112164,28.69004398245782,1.465555952422515,-0.8500932505729837,9753.358788795418,0.05295819347702502,0.011500837253443839
2026-07-12 06:00:00+00:00,9866.819018134167,9897.82471131962,28.69004398245782,1.465555952422515,-0.8500932505729837,9753.358788795418,0.05296509440542694,0.011499170009120483
2026-07-12 07:00:00+00:00,9866.998387723892,9898.004080909344,28.69004398245782,1.465555952422515,-0.8500932505729837,9753.358788795418,0.052829862870591535,0.01151713970784257
2026-07-12 08:00:00+00:00,9867.319046314367,9898.32473949982,28.69004398245782,1.465555952422515,-0.8500932505729837,9753.358788795418,0.052856751536014074,0.011549262467753686
2026-07-12 09:00:00+00:00,9866.929857577405,9897.969092885623,28.72267706896489,1.4664649886820067,-0.8500932505729837,9751.996498522514,0.047467834660215355,0.011648340538939424
2026-07-12 10:00:00+00:00,9867.4367122485,9898.475947556719,28.72267706896489,1.4664649886820067,-0.8500932505729837,9751.996498522514,0.047484412064149224,0.01169910860261102
2026-07-12 11:00:00+00:00,9867.166579909666,9898.205815217885,28.72267706896489,1.4664649886820067,-0.8500932505729837,9751.996498522514,0.04745016543622254,0.011672051997343126
2026-07-12 12:00:00+00:00,9867.203184891998,9898.242420200217,28.72267706896489,1.4664649886820067,-0.8500932505729837,9751.996498522514,0.04750360357848638,0.011675718459500377
2026-07-12 13:00:00+00:00,9866.915840243008,9898.031554217368,28.794609913294945,1.471010810493372,-0.8500932505729837,9756.750675100842,0.036665403831863654,0.011165106394527924
2026-07-12 14:00:00+00:00,9867.119536339913,9898.235250314274,28.794609913294945,1.471010810493372,-0.8500932505729837,9756.750675100842,0.0366813430649073,0.011185519830036409
2026-07-12 15:00:00+00:00,9866.893661326267,9898.009375300628,28.794609913294945,1.471010810493372,-0.8500932505729837,9756.750675100842,0.036745842328770324,0.01116288368011256
2026-07-12 16:00:00+00:00,9867.063886133903,9898.179600108264,28.794609913294945,1.471010810493372,-0.8500932505729837,9756.750675100842,0.03672789156350242,0.01117994291980646
2026-07-12 17:00:00+00:00,9866.882735481697,9898.056548778794,28.849441264410842,1.4742787821150316,-0.8500932505729837,9780.888259488365,0.027437223808499712,0.008715465491861162
2026-07-12 18:00:00+00:00,9866.800633999006,9897.974447296103,28.849441264410842,1.4742787821150316,-0.8500932505729837,9780.888259488365,0.02742077822385363,0.008707217029865141
2026-07-12 19:00:00+00:00,9866.830894189154,9898.00470748625,28.849441264410842,1.4742787821150316,-0.8500932505729837,9780.888259488365,0.02744754375383832,0.008710257186165225
2026-07-12 20:00:00+00:00,9866.819667941805,9897.993481238902,28.849441264410842,1.4742787821150316,-0.8500932505729837,9780.888259488365,0.027459254607182283,0.008709129318805577
2026-07-12 21:00:00+00:00,9867.014460420567,9898.2057415541,28.86579060095937,1.4753972820020491,-0.8500932505729837,9808.120804399363,0.02468405747378968,0.00596874122942092
2026-07-12 22:00:00+00:00,9867.039856234886,9898.231137368419,28.86579060095937,1.4753972820020491,-0.8500932505729837,9808.120804399363,0.024635024843545753,0.005971299669808519
2026-07-12 23:00:00+00:00,9866.680706979658,9897.871988113191,28.86579060095937,1.4753972820020491,-0.8500932505729837,9808.120804399363,0.024555957546146118,0.005935116815817207
2026-07-13 00:00:00+00:00,9866.611625894262,9897.802907027795,28.86579060095937,1.4753972820020491,-0.8500932505729837,9808.120804399363,0.024507549412887974,0.005928156870124796
2026-07-13 01:00:00+00:00,9866.64303453558,9897.850234667903,28.88098872201669,1.4761181597344804,-0.8500932505729837,9833.435808040498,0.021894885015811928,0.0033656053410312217
2026-07-13 02:00:00+00:00,9867.460469251368,9898.66766938369,28.88098872201669,1.4761181597344804,-0.8500932505729837,9833.435808040498,0.021749321371213274,0.0034481679776569908
2026-07-13 03:00:00+00:00,9867.322983729611,9898.530183861934,28.88098872201669,1.4761181597344804,-0.8500932505729837,9833.435808040498,0.02173142255332555,0.0034342826058283496
2026-07-13 04:00:00+00:00,9867.008950370082,9898.216150502405,28.88098872201669,1.4761181597344804,-0.8500932505729837,9833.435808040498,0.021634503043723472,0.0034025653061076585
2026-07-13 05:00:00+00:00,9862.848505320148,9895.823907304382,30.581941781413203,1.5433669522493136,-0.8500932505729837,9972.299523607307,0.29282435650502586,-0.011097302998025506
2026-07-13 06:00:00+00:00,9864.034259811824,9897.009661796059,30.581941781413203,1.5433669522493136,-0.8500932505729837,9972.299523607307,0.2926998628296211,-0.010975759100571999
2026-07-13 07:00:00+00:00,9861.532941630576,9894.50834361481,30.581941781413203,1.5433669522493136,-0.8500932505729837,9972.299523607307,0.2929282224115539,-0.01123218698678479
2026-07-13 08:00:00+00:00,9859.114860623167,9892.090262607402,30.581941781413203,1.5433669522493136,-0.8500932505729837,9972.299523607307,0.2929679604255168,-0.011480205331230585
2026-07-13 09:00:00+00:00,9862.844489131638,9895.819891115872,30.581941781413203,1.5433669522493136,-0.8500932505729837,9972.299523607307,0.2940822290299576,-0.011097714720766786
2026-07-13 10:00:00+00:00,9868.439778058631,9901.415180042866,30.581941781413203,1.5433669522493136,-0.8500932505729837,9972.299523607307,0.29448618848780084,-0.010524434245380535
2026-07-13 11:00:00+00:00,9864.353935724484,9897.32933770872,30.581941781413203,1.5433669522493136,-0.8500932505729837,9972.299523607307,0.29433730651663026,-0.01094299622521546
2026-07-13 12:00:00+00:00,9864.526988475254,9897.50239045949,30.581941781413203,1.5433669522493136,-0.8500932505729837,9972.299523607307,0.29378551045510726,-0.010925261318455897
2026-07-13 13:00:00+00:00,9864.034696039365,9897.342380340495,30.9017009528459,1.5558900977123808,-0.8500932505729837,9752.728839852038,0.23984357670628867,0.011284008989954186
2026-07-13 14:00:00+00:00,9859.309801923317,9892.617486224446,30.9017009528459,1.5558900977123808,-0.8500932505729837,9752.728839852038,0.24093262250559325,0.010810184912790516
2026-07-13 15:00:00+00:00,9853.962816548592,9887.270500849721,30.9017009528459,1.5558900977123808,-0.8500932505729837,9752.728839852038,0.24021416079670707,0.010273427917400208
2026-07-13 16:00:00+00:00,9854.658815155233,9887.810649894775,30.9017009528459,1.5558900977123808,-0.6942436889831911,9752.884689413628,0.23946453065051365,0.010327513884609531
2026-07-13 17:00:00+00:00,9847.45265802211,9881.564212653331,31.818878945229457,1.5984319970093295,-0.6942436889831911,9360.371893253496,0.2171089426023316,0.049462615529491175
2026-07-13 18:00:00+00:00,9847.359387426055,9881.470942057276,31.818878945229457,1.5984319970093295,-0.6942436889831911,9360.371893253496,0.21641722018173218,0.04945361238611701
2026-07-13 19:00:00+00:00,9846.299586758141,9880.411141389362,31.818878945229457,1.5984319970093295,-0.6942436889831911,9360.371893253496,0.2169522383283558,0.04935130088446106
2026-07-13 20:00:00+00:00,9846.403031524722,9880.514586155943,31.818878945229457,1.5984319970093295,-0.6942436889831911,9360.371893253496,0.21662416074352825,0.04936128825065622
2026-07-13 21:00:00+00:00,9846.891816329975,9881.138878100151,31.949488825818477,1.6033292553741176,-0.6942436889831911,9577.924417687938,0.19433028488477633,0.02731495416614446
2026-07-13 22:00:00+00:00,9847.66055356026,9881.907615330436,31.949488825818477,1.6033292553741176,-0.6942436889831911,9577.924417687938,0.19413726083164773,0.027390884810179796
2026-07-13 23:00:00+00:00,9846.927562612831,9881.174624383008,31.949488825818477,1.6033292553741176,-0.6942436889831911,9577.924417687938,0.19397836685464032,0.027318485204080676
2026-07-14 00:00:00+00:00,9847.065963982222,9881.030677133025,31.949488825818477,1.6033292553741176,-0.4118950696104626,9578.20676630731,0.1940084314175012,0.027303482952010558
2026-07-14 01:00:00+00:00,9849.793889106917,9883.970493410108,32.150074948651415,1.6146342849305568,-0.4118950696104626,9452.743446240767,0.16088767960192862,0.04031053312752614
2026-07-14 02:00:00+00:00,9848.491356057137,9882.667960360328,32.150074948651415,1.6146342849305568,-0.4118950696104626,9452.743446240767,0.16031510335705718,0.040183607367738815
2026-07-14 03:00:00+00:00,9848.05008385674,9882.226688159932,32.150074948651415,1.6146342849305568,-0.4118950696104626,9452.743446240767,0.16001891454063313,0.04014059983955341
2026-07-14 04:00:00+00:00,9849.500158746656,9883.676763049847,32.150074948651415,1.6146342849305568,-0.4118950696104626,9452.743446240767,0.16009423613689838,0.040281913407916044
2026-07-14 05:00:00+00:00,9847.766155657406,9883.010270338124,33.16732019891484,1.6648994121938216,-0.4118950696104626,9933.933094495498,0.16905246432072196,-0.00874989692851218
2026-07-14 06:00:00+00:00,9846.225178471885,9881.469293152602,33.16732019891484,1.6648994121938216,-0.4118950696104626,9933.933094495498,0.16897716261008636,-0.008907770687123973
2026-07-14 07:00:00+00:00,9845.905133117718,9881.149247798436,33.16732019891484,1.6648994121938216,-0.4118950696104626,9933.933094495498,0.168801410749344,-0.008940565665383952
2026-07-14 08:00:00+00:00,9846.974157031607,9882.218271712325,33.16732019891484,1.6648994121938216,-0.4118950696104626,9933.933094495498,0.16860985468569512,-0.008831031348020171
2026-07-14 09:00:00+00:00,9846.772229453685,9882.016344134403,33.16732019891484,1.6648994121938216,-0.4118950696104626,9933.933094495498,0.16820239001472034,-0.008851719427519233
2026-07-14 10:00:00+00:00,9845.716810636188,9880.960925316906,33.16732019891484,1.6648994121938216,-0.4118950696104626,9933.933094495498,0.16827881486478635,-0.008959864025746878
2026-07-14 11:00:00+00:00,9845.972398256115,9881.216512936833,33.16732019891484,1.6648994121938216,-0.4118950696104626,9933.933094495498,0.16824676044331435,-0.008933672844234412
2026-07-14 12:00:00+00:00,9848.827615147477,9884.071729828194,33.16732019891484,1.6648994121938216,-0.4118950696104626,9933.933094495498,0.16828027407142082,-0.00864117869391173
2026-07-14 13:00:00+00:00,9847.835225010404,9883.314012535611,33.390969554949365,1.6759229006471246,-0.4118950696104626,9917.071906619156,0.13123674615078823,-0.007030649886679
2026-07-14 14:00:00+00:00,9845.19997535378,9880.678762878988,33.390969554949365,1.6759229006471246,-0.4118950696104626,9917.071906619156,0.13127960345557121,-0.007300200244311798
2026-07-14 15:00:00+00:00,9846.067725303838,9881.546512829045,33.390969554949365,1.6759229006471246,-0.4118950696104626,9917.071906619156,0.1317628488655048,-0.007211425240641084
2026-07-14 16:00:00+00:00,9849.243271137613,9884.654413275392,33.390969554949365,1.6759229006471246,-0.34424968218162677,9917.139552006585,0.13149984125226793,-0.0068935530375148065
2026-07-14 17:00:00+00:00,9850.088857875395,9886.592192310156,34.41978046574041,1.7393042868401172,-0.34424968218162677,9676.599986120254,0.17568459928255165,0.017612924538892096
2026-07-14 18:00:00+00:00,9850.680366988923,9887.183701423684,34.41978046574041,1.7393042868401172,-0.34424968218162677,9676.599986120254,0.17610525037521518,0.017671914465120335
2026-07-14 19:00:00+00:00,9855.694244183274,9892.197578618036,34.41978046574041,1.7393042868401172,-0.34424968218162677,9676.599986120254,0.17613229779215647,0.018171653221559572
2026-07-14 20:00:00+00:00,9851.065086171793,9887.568420606554,34.41978046574041,1.7393042868401172,-0.34424968218162677,9676.599986120254,0.17676842483635627,0.017710277876088688
2026-07-14 21:00:00+00:00,9850.887077836014,9887.766521459125,34.7714299581517,1.7637639827788458,-0.34424968218162677,9776.658973272877,0.12264876448737365,0.007535169571697333
2026-07-14 22:00:00+00:00,9850.636526090304,9887.515969713415,34.7714299581517,1.7637639827788458,-0.34424968218162677,9776.658973272877,0.1226703659473419,0.007509926147563284
2026-07-14 23:00:00+00:00,9851.55652074221,9888.43596436532,34.7714299581517,1.7637639827788458,-0.34424968218162677,9776.658973272877,0.12263080641382058,0.007602610542977459
2026-07-15 00:00:00+00:00,9851.538902336044,9888.38862454199,34.7714299581517,1.7637639827788458,-0.314528265016215,9776.688694690043,0.12295789498563181,0.007597818816738489
2026-07-15 01:00:00+00:00,9851.77659370099,9888.684053745528,34.82570524454829,1.7672265349730627,-0.314528265016215,9686.175608742662,0.11380652115914439,0.016809250938983892
2026-07-15 02:00:00+00:00,9850.983290619019,9887.890750663557,34.82570524454829,1.7672265349730627,-0.314528265016215,9686.175608742662,0.11387982844226845,0.016730074248862213
2026-07-15 03:00:00+00:00,9850.735534698784,9887.642994743323,34.82570524454829,1.7672265349730627,-0.314528265016215,9686.175608742662,0.11385582822238849,0.01670534401989253
2026-07-15 04:00:00+00:00,9849.717244205736,9886.624704250275,34.82570524454829,1.7672265349730627,-0.314528265016215,9686.175608742662,0.11424301687351034,0.01660368835047325
2026-07-15 05:00:00+00:00,9848.364615241338,9886.373151874095,35.881075165035845,1.8129332027034413,-0.314528265016215,8647.681865387925,0.20987231804946557,0.12191696761462663
2026-07-15 06:00:00+00:00,9848.92767251742,9886.936209150177,35.881075165035845,1.8129332027034413,-0.314528265016215,8647.681865387925,0.21029359444406953,0.12196716709388244
2026-07-15 07:00:00+00:00,9848.19383432649,9886.202370959247,35.881075165035845,1.8129332027034413,-0.314528265016215,8647.681865387925,0.21007517314050214,0.12190174047489868
2026-07-15 08:00:00+00:00,9847.365043892689,9885.373580525446,35.881075165035845,1.8129332027034413,-0.314528265016215,8647.681865387925,0.20966963935012048,0.12182783649813053
2026-07-15 09:00:00+00:00,9848.286105009323,9886.338100992676,35.920927092282184,1.816540626054725,-0.314528265016215,8714.061892204576,0.21676682607272654,0.11516970574482249
2026-07-15 10:00:00+00:00,9846.97692696231,9885.028922945663,35.920927092282184,1.816540626054725,-0.314528265016215,8714.061892204576,0.21650533835085514,0.11505206553857818
2026-07-15 11:00:00+00:00,9850.923650949944,9888.975646933297,35.920927092282184,1.816540626054725,-0.314528265016215,8714.061892204576,0.2165551243102593,0.11540661556500226
2026-07-15 12:00:00+00:00,9847.340960599791,9885.392956583144,35.920927092282184,1.816540626054725,-0.314528265016215,8714.061892204576,0.216371911151108,0.11508478003651745
2026-07-15 13:00:00+00:00,9845.417707614604,9883.640326083289,36.08575850717805,1.822331696490059,-0.314528265016215,8826.531481776332,0.18914633580223594,0.1034883695234433
2026-07-15 14:00:00+00:00,9851.295805700662,9889.518424169346,36.08575850717805,1.822331696490059,-0.314528265016215,8826.531481776332,0.18988671537226648,0.10402330253156433
2026-07-15 15:00:00+00:00,9844.95671118801,9883.179329656694,36.08575850717805,1.822331696490059,-0.314528265016215,8826.531481776332,0.1903030277431346,0.10344638979004529
2026-07-15 16:00:00+00:00,9848.44687085751,9886.528560506958,36.08575850717805,1.822331696490059,-0.17359944578105785,8826.672410595567,0.18959142960580097,0.10374980681324181
2026-07-15 17:00:00+00:00,9841.03972341094,9879.487936807876,36.42828145774242,1.8463324934131897,-0.17359944578105785,8764.191367561889,0.24642674779917442,0.10942424643275511
2026-07-15 18:00:00+00:00,9846.02465875673,9884.472872153667,36.42828145774242,1.8463324934131897,-0.17359944578105785,8764.191367561889,0.24784974962505316,0.10987513526412855
2026-07-15 19:00:00+00:00,9843.116983925262,9881.565197322197,36.42828145774242,1.8463324934131897,-0.17359944578105785,8764.191367561889,0.24749481043653396,0.10961219074459443
2026-07-15 20:00:00+00:00,9847.666426513264,9886.1146399102,36.42828145774242,1.8463324934131897,-0.17359944578105785,8764.191367561889,0.24899523005908583,0.11002353370076504
2026-07-15 21:00:00+00:00,9847.986188531497,9886.807085591488,36.78107951681064,1.8662180974003697,-0.17359944578105785,9002.36346992379,0.1891642830424076,0.08586757763658118
2026-07-15 22:00:00+00:00,9847.315611934426,9886.136508994417,36.78107951681064,1.8662180974003697,-0.17359944578105785,9002.36346992379,0.1889226544512504,0.0858053275947202
2026-07-15 23:00:00+00:00,9845.694750323573,9884.515647383565,36.78107951681064,1.8662180974003697,-0.17359944578105785,9002.36346992379,0.18937564399789494,0.08565482698639089
2026-07-16 00:00:00+00:00,9844.808461256182,9883.473040485098,36.78107951681064,1.8662180974003697,-0.017281614706389684,9002.519787754865,0.18904638463817344,0.08555663391686161
