ts,close,qty,cash,equity,w
2026-06-02 07:00:00+00:00,146.76,67.94349197798651,0.0,9971.3868826893,1.0
2026-06-02 08:00:00+00:00,146.08,67.94349197798651,0.0,9925.18530814427,1.0
2026-06-02 09:00:00+00:00,145.186,67.94349197798651,0.0,9864.44382631595,1.0
2026-06-02 10:00:00+00:00,145.52,67.94349197798651,0.0,9887.136952636598,1.0
2026-06-02 11:00:00+00:00,144.7,67.94349197798651,0.0,9831.423289214647,1.0
2026-06-02 12:00:00+00:00,143.864,67.94349197798651,0.0,9774.622529921051,1.0
2026-06-02 13:00:00+00:00,138.293,67.94349197798651,0.0,9396.10933611169,1.0
2026-06-02 14:00:00+00:00,137.85,67.94349197798651,0.0,9366.01036916544,1.0
2026-06-02 15:00:00+00:00,136.164,67.94349197798651,0.0,9251.457641690555,1.0
2026-06-02 16:00:00+00:00,137.082,67.94349197798651,0.0,9313.829767326346,1.0
2026-06-02 17:00:00+00:00,136.792,67.94349197798651,0.0,9294.126154652731,1.0
2026-06-02 18:00:00+00:00,136.04,67.94349197798651,0.0,9243.032648685285,1.0
2026-06-02 19:00:00+00:00,136.151,67.94349197798651,0.0,9250.574376294842,1.0
2026-06-02 20:00:00+00:00,136.797,67.94349197798651,0.0,9294.46587211262,1.0
2026-06-02 21:00:00+00:00,136.807,67.94349197798651,0.0,9295.1453070324,1.0
2026-06-02 22:00:00+00:00,135.162,67.94349197798651,0.0,9183.378262728613,1.0
2026-06-02 23:00:00+00:00,134.895,67.94349197798651,0.0,9165.237350370491,1.0
2026-06-03 00:00:00+00:00,135.59,67.94349197798651,0.0,9212.45807729519,1.0
2026-06-03 01:00:00+00:00,135.56,67.94349197798651,0.0,9210.419772535852,1.0
2026-06-03 02:00:00+00:00,134.99,67.94349197798651,0.0,9171.6919821084,1.0
2026-06-03 03:00:00+00:00,133.59,67.94349197798651,0.0,9076.571093339218,1.0
2026-06-03 04:00:00+00:00,134.79,67.94349197798651,0.0,9158.1032837128,1.0
2026-06-03 05:00:00+00:00,137.56,67.94349197798651,0.0,9346.306756491824,1.0
2026-06-03 06:00:00+00:00,136.59,67.94349197798651,0.0,9280.401569273177,1.0
2026-06-03 07:00:00+00:00,137.37,67.94349197798651,0.0,9333.397493016008,1.0
2026-06-03 08:00:00+00:00,135.59,67.94349197798651,0.0,9212.45807729519,1.0
2026-06-03 09:00:00+00:00,135.185,67.94349197798651,0.0,9184.940963044106,1.0
2026-06-03 10:00:00+00:00,136.717,67.94349197798651,0.0,9289.030392754383,1.0
2026-06-03 11:00:00+00:00,136.17,67.94349197798651,0.0,9251.865302642422,1.0
2026-06-03 12:00:00+00:00,135.217,67.94349197798651,0.0,9187.115154787403,1.0
2026-06-03 13:00:00+00:00,136.279,67.94349197798651,0.0,9259.271143268024,1.0
2026-06-03 14:00:00+00:00,134.748,67.94349197798651,0.0,9155.249657049726,1.0
2026-06-03 15:00:00+00:00,130.701,67.94349197798651,0.0,8880.282345014815,1.0
2026-06-03 16:00:00+00:00,131.243,67.94349197798651,0.0,8917.107717666884,1.0
2026-06-03 17:00:00+00:00,131.556,67.94349197798651,0.0,8938.374030655994,1.0
2026-06-03 18:00:00+00:00,131.226,67.94349197798651,0.0,8915.952678303258,1.0
2026-06-03 19:00:00+00:00,126.529,67.94349197798651,0.0,8596.822096482654,1.0
2026-06-03 20:00:00+00:00,125.571,67.94349197798651,0.0,8531.732231167744,1.0
2026-06-03 21:00:00+00:00,127.748,67.94349197798651,0.0,8679.645213203821,1.0
2026-06-03 22:00:00+00:00,126.449,67.94349197798651,0.0,8591.386617124415,1.0
2026-06-03 23:00:00+00:00,124.075,67.94349197798651,0.0,8430.088767168676,1.0
2026-06-04 00:00:00+00:00,123.11,67.94349197798651,0.0,8364.52329740992,1.0
2026-06-04 01:00:00+00:00,121.2,67.94349197798651,0.0,8234.751227731966,1.0
2026-06-04 02:00:00+00:00,124.97,67.94349197798651,0.0,8490.898192488974,1.0
2026-06-04 03:00:00+00:00,128.67,67.94349197798651,0.0,8742.289112807524,1.0
2026-06-04 04:00:00+00:00,128.43,67.94349197798651,0.0,8725.982674732808,1.0
2026-06-04 05:00:00+00:00,127.28,67.94349197798651,0.0,8647.847658958122,1.0
2026-06-04 06:00:00+00:00,127.81,67.94349197798651,0.0,8683.857709706455,1.0
2026-06-04 07:00:00+00:00,127.11,67.94349197798651,0.0,8636.297265321866,1.0
2026-06-04 08:00:00+00:00,125.91,67.94349197798651,0.0,8554.765074948282,1.0
2026-06-04 09:00:00+00:00,125.71,67.94349197798651,0.0,8541.176376552683,1.0
2026-06-04 10:00:00+00:00,123.701,67.94349197798651,0.0,8404.677901168909,1.0
2026-06-04 11:00:00+00:00,124.598,67.94349197798651,0.0,8465.623213473164,1.0
2026-06-04 12:00:00+00:00,128.308,67.94349197798651,0.0,8717.693568711493,1.0
2026-06-04 13:00:00+00:00,129.121,67.94349197798651,0.0,8772.931627689597,1.0
2026-06-04 14:00:00+00:00,127.987,67.94349197798651,0.0,8695.88370778656,1.0
2026-06-04 15:00:00+00:00,128.689,67.94349197798651,0.0,8743.580039155106,1.0
2026-06-04 16:00:00+00:00,127.378,67.94349197798651,0.0,8654.506121171966,1.0
2026-06-04 17:00:00+00:00,128.365,67.94349197798651,0.0,8721.566347754238,1.0
2026-06-04 18:00:00+00:00,129.974,67.94349197798651,0.0,8830.887426346819,1.0
2026-06-04 19:00:00+00:00,129.35,67.94349197798651,0.0,8788.490687352554,1.0
2026-06-04 20:00:00+00:00,129.08,67.94349197798651,0.0,8770.1459445185,1.0
2026-06-04 21:00:00+00:00,128.595,67.94349197798651,0.0,8737.193350909176,1.0
2026-06-04 22:00:00+00:00,129.065,67.94349197798651,0.0,8769.126792138828,1.0
2026-06-04 23:00:00+00:00,129.184,67.94349197798651,0.0,8777.21206768421,1.0
2026-06-05 00:00:00+00:00,128.02,67.94349197798651,0.0,8698.125843021833,1.0
2026-06-05 01:00:00+00:00,128.1,67.94349197798651,0.0,8703.561322380072,1.0
2026-06-05 02:00:00+00:00,126.83,67.94349197798651,0.0,8617.27308756803,1.0
2026-06-05 03:00:00+00:00,127.54,67.94349197798651,0.0,8665.5129668724,1.0
2026-06-05 04:00:00+00:00,129.39,67.94349197798651,0.0,8791.208427031674,1.0
2026-06-05 05:00:00+00:00,126.3,67.94349197798651,0.0,8581.263036819697,1.0
2026-06-05 06:00:00+00:00,126.13,67.94349197798651,0.0,8569.712643183439,1.0
2026-06-05 07:00:00+00:00,127.93,67.94349197798651,0.0,8692.010928743815,1.0
2026-06-05 08:00:00+00:00,127.615,67.94349197798651,0.0,8670.608728770749,1.0
2026-06-05 09:00:00+00:00,128.342,67.94349197798651,0.0,8720.003647438745,1.0
2026-06-05 10:00:00+00:00,127.345,67.94349197798651,0.0,8652.263985936692,1.0
2026-06-05 11:00:00+00:00,125.9,67.94349197798651,0.0,8554.085640028503,1.0
2026-06-05 12:00:00+00:00,125.184,67.94349197798651,0.0,8505.438099772264,1.0
2026-06-05 13:00:00+00:00,120.245,67.94349197798651,0.0,8169.8651928929885,1.0
2026-06-05 14:00:00+00:00,119.769,67.94349197798651,0.0,8137.524090711467,1.0
2026-06-05 15:00:00+00:00,116.975,67.94349197798651,0.0,7947.689974124972,1.0
2026-06-05 16:00:00+00:00,119.107,67.94349197798651,0.0,8092.54549902204,1.0
2026-06-05 17:00:00+00:00,116.386,67.94349197798651,0.0,7907.671257349938,1.0
2026-06-05 18:00:00+00:00,115.853,67.94349197798651,0.0,7871.457376125671,1.0
2026-06-05 19:00:00+00:00,120.602,67.94349197798651,0.0,8194.12101952913,1.0
2026-06-05 20:00:00+00:00,121.591,67.94349197798651,0.0,8261.317133095357,1.0
2026-06-05 21:00:00+00:00,121.36,67.94349197798651,0.0,8245.622186448443,1.0
2026-06-05 22:00:00+00:00,121.275,67.94349197798651,0.0,8239.846989630314,1.0
2026-06-05 23:00:00+00:00,120.258,67.94349197798651,0.0,8170.748458288702,1.0
2026-06-06 00:00:00+00:00,120.273,67.94349197798651,0.0,8171.767610668371,1.0
2026-06-08 00:00:00+00:00,126.39,67.94349197798651,0.0,8587.377951097715,1.0
2026-06-08 01:00:00+00:00,124.23,67.94349197798651,0.0,8440.620008425265,1.0
2026-06-08 02:00:00+00:00,124.44,67.94349197798651,0.0,8454.888141740641,1.0
2026-06-08 03:00:00+00:00,124.06,67.94349197798651,0.0,8429.069614789007,1.0
2026-06-08 04:00:00+00:00,121.88,67.94349197798651,0.0,8280.952802276995,1.0
2026-06-08 05:00:00+00:00,121.84,67.94349197798651,0.0,8278.235062597876,1.0
2026-06-08 06:00:00+00:00,122.96,67.94349197798651,0.0,8354.331773613221,1.0
2026-06-08 07:00:00+00:00,124.34,67.94349197798651,0.0,8448.093792542842,1.0
2026-06-08 08:00:00+00:00,123.125,67.94349197798651,0.0,8365.54244978959,1.0
2026-06-08 09:00:00+00:00,124.935,67.94349197798651,0.0,8488.520170269745,1.0
2026-06-08 10:00:00+00:00,124.171,67.94349197798651,0.0,8436.611342398564,1.0
2026-06-08 11:00:00+00:00,125.632,67.94349197798651,0.0,8535.876784178401,1.0
2026-06-08 12:00:00+00:00,127.901,67.94349197798651,0.0,8690.040567476453,1.0
2026-06-08 13:00:00+00:00,125.069,67.94349197798651,0.0,8497.624598194796,1.0
2026-06-08 14:00:00+00:00,127.202,67.94349197798651,0.0,8642.54806658384,1.0
2026-06-08 15:00:00+00:00,126.983,67.94349197798651,0.0,8627.668441840662,1.0
2026-06-08 16:00:00+00:00,126.644,67.94349197798651,0.0,8604.635598060124,1.0
2026-06-08 17:00:00+00:00,127.709,67.94349197798651,0.0,8676.99541701668,1.0
2026-06-08 18:00:00+00:00,127.15,67.94349197798651,0.0,8639.015005000985,1.0
2026-06-08 19:00:00+00:00,127.238,67.94349197798651,0.0,8644.994032295048,1.0
2026-06-08 20:00:00+00:00,126.465,67.94349197798651,0.0,8592.473712996065,1.0
2026-06-08 21:00:00+00:00,127.3,67.94349197798651,0.0,8649.206528797682,1.0
2026-06-08 22:00:00+00:00,126.952,67.94349197798651,0.0,8625.562193589343,1.0
2026-06-08 23:00:00+00:00,126.191,67.94349197798651,0.0,8573.857196194096,1.0
2026-06-09 00:00:00+00:00,125.13,67.94349197798651,0.0,8501.769151205452,1.0
2026-06-09 01:00:00+00:00,125.62,67.94349197798651,0.0,8535.061462274665,1.0
2026-06-09 02:00:00+00:00,126.27,67.94349197798651,0.0,8579.224732060356,1.0
2026-06-09 03:00:00+00:00,126.29,67.94349197798651,0.0,8580.583601899916,1.0
2026-06-09 04:00:00+00:00,127.45,67.94349197798651,0.0,8659.39805259438,1.0
2026-06-09 05:00:00+00:00,127.78,67.94349197798651,0.0,8681.819404947117,1.0
2026-06-09 06:00:00+00:00,127.53,67.94349197798651,0.0,8664.83353195262,1.0
2026-06-09 07:00:00+00:00,127.1,67.94349197798651,0.0,8635.617830402085,1.0
2026-06-09 08:00:00+00:00,125.73,67.94349197798651,0.0,8542.535246392245,1.0
2026-06-09 09:00:00+00:00,125.189,67.94349197798651,0.0,8505.777817232152,1.0
2026-06-09 10:00:00+00:00,125.67,67.94349197798651,0.0,8538.458636873565,1.0
2026-06-09 11:00:00+00:00,125.251,67.94349197798651,0.0,8509.990313734788,1.0
2026-06-09 12:00:00+00:00,125.012,67.94349197798651,0.0,8493.75181915205,1.0
2026-06-09 13:00:00+00:00,124.515,67.94349197798651,0.0,8459.983903638991,1.0
2026-06-09 14:00:00+00:00,120.799,67.94349197798651,0.0,8207.505887448793,1.0
2026-06-09 15:00:00+00:00,115.982,67.94349197798651,0.0,7880.222086590831,1.0
2026-06-09 16:00:00+00:00,116.449,67.94349197798651,0.0,7911.951697344551,1.0
2026-06-09 17:00:00+00:00,117.845,67.94349197798651,0.0,8006.800812145821,1.0
2026-06-09 18:00:00+00:00,117.384,67.94349197798651,0.0,7975.478862343969,1.0
2026-06-09 19:00:00+00:00,117.079,67.94349197798651,0.0,7954.756097290682,1.0
2026-06-09 20:00:00+00:00,118.1,67.94349197798651,0.0,8024.126402600206,1.0
2026-06-09 21:00:00+00:00,117.305,67.94349197798651,0.0,7970.111326477708,1.0
2026-06-09 22:00:00+00:00,116.808,67.94349197798651,0.0,7936.343410964649,1.0
2026-06-09 23:00:00+00:00,116.529,67.94349197798651,0.0,7917.3871767027895,1.0
2026-06-10 00:00:00+00:00,117.15,67.94349197798651,0.0,7959.5800852211205,1.0
2026-06-10 01:00:00+00:00,117.16,67.94349197798651,0.0,7960.259520140899,1.0
2026-06-10 02:00:00+00:00,115.06,67.94349197798651,0.0,7817.578186987128,1.0
2026-06-10 03:00:00+00:00,115.63,67.94349197798651,0.0,7856.30597741458,1.0
2026-06-10 04:00:00+00:00,114.97,67.94349197798651,0.0,7811.463272709109,1.0
2026-06-10 05:00:00+00:00,115.6,67.94349197798651,0.0,7854.26767265524,1.0
2026-06-10 06:00:00+00:00,115.97,67.94349197798651,0.0,7879.406764687095,1.0
2026-06-10 07:00:00+00:00,116.16,67.94349197798651,0.0,7892.3160281629125,1.0
2026-06-10 08:00:00+00:00,115.31,67.94349197798651,0.0,7834.564059981625,1.0
2026-06-10 09:00:00+00:00,115.66,67.94349197798651,0.0,7858.34428217392,1.0
2026-06-10 10:00:00+00:00,115.25,67.94349197798651,0.0,7830.487450462945,1.0
2026-06-10 11:00:00+00:00,114.252,67.94349197798651,0.0,7762.679845468914,1.0
2026-06-10 12:00:00+00:00,115.562,67.94349197798651,0.0,7851.685819960077,1.0
2026-06-10 13:00:00+00:00,119.571,67.94349197798651,0.0,8124.071279299825,1.0
2026-06-10 14:00:00+00:00,118.378,67.94349197798651,0.0,8043.014693370087,1.0
2026-06-10 15:00:00+00:00,119.29,67.94349197798651,0.0,8104.979158054011,1.0
2026-06-10 16:00:00+00:00,117.964,67.94349197798651,0.0,8014.8860876912,1.0
2026-06-10 17:00:00+00:00,117.401,67.94349197798651,0.0,7976.633901707594,1.0
2026-06-10 18:00:00+00:00,116.648,67.94349197798651,0.0,7925.47245224817,1.0
2026-06-10 19:00:00+00:00,115.355,67.94349197798651,0.0,7837.621517120634,1.0
2026-06-10 20:00:00+00:00,114.697,67.94349197798651,0.0,7792.914699399119,1.0
2026-06-10 21:00:00+00:00,114.363,67.94349197798651,0.0,7770.221573078471,1.0
2026-06-10 22:00:00+00:00,113.612,67.94349197798651,0.0,7719.196010603003,1.0
2026-06-10 23:00:00+00:00,114.006,67.94349197798651,0.0,7745.96574644233,1.0
2026-06-11 00:00:00+00:00,115.79,67.94349197798651,0.0,7867.176936131059,1.0
2026-06-11 01:00:00+00:00,117.4,67.94349197798651,0.0,7976.565958215617,1.0
2026-06-11 02:00:00+00:00,117.12,67.94349197798651,0.0,7957.541780461781,1.0
2026-06-11 03:00:00+00:00,117.93,67.94349197798651,0.0,8012.57600896395,1.0
2026-06-11 04:00:00+00:00,118.08,67.94349197798651,0.0,8022.767532760648,1.0
2026-06-11 05:00:00+00:00,117.91,67.94349197798651,0.0,8011.217139124389,1.0
2026-06-11 06:00:00+00:00,118.58,67.94349197798651,0.0,8056.73927874964,1.0
2026-06-11 07:00:00+00:00,117.95,67.94349197798651,0.0,8013.9348788035095,1.0
2026-06-11 08:00:00+00:00,119.512,67.94349197798651,0.0,8120.062613273124,1.0
2026-06-11 09:00:00+00:00,119.465,67.94349197798651,0.0,8116.869269150159,1.0
2026-06-11 10:00:00+00:00,119.345,67.94349197798651,0.0,8108.7160501128,1.0
2026-06-11 11:00:00+00:00,119.401,67.94349197798651,0.0,8112.520885663567,1.0
2026-06-11 12:00:00+00:00,118.386,67.94349197798651,0.0,8043.558241305911,1.0
2026-06-11 13:00:00+00:00,118.002,67.94349197798651,0.0,8017.467940386364,1.0
2026-06-11 14:00:00+00:00,115.215,67.94349197798651,0.0,7828.109428243716,1.0
2026-06-11 15:00:00+00:00,115.038,67.94349197798651,0.0,7816.083430163612,1.0
2026-06-11 16:00:00+00:00,114.116,67.94349197798651,0.0,7753.439530559908,1.0
2026-06-11 17:00:00+00:00,118.609,67.94349197798651,0.0,8058.709640017002,1.0
2026-06-11 18:00:00+00:00,118.553,67.94349197798651,0.0,8054.904804466235,1.0
2026-06-11 19:00:00+00:00,120.26,67.94349197798651,0.0,8170.884345272658,1.0
2026-06-11 20:00:00+00:00,119.258,67.94349197798651,0.0,8102.804966310715,1.0
2026-06-11 21:00:00+00:00,120.152,67.94349197798651,0.0,8163.546448139035,1.0
2026-06-11 22:00:00+00:00,119.948,67.94349197798651,0.0,8149.685975775526,1.0
2026-06-11 23:00:00+00:00,120.288,67.94349197798651,0.0,8172.786763048041,1.0
2026-06-12 00:00:00+00:00,121.37,67.94349197798651,0.0,8246.301621368224,1.0
2026-06-12 01:00:00+00:00,119.43,67.94349197798651,0.0,8114.491246930929,1.0
2026-06-12 02:00:00+00:00,120.06,67.94349197798651,0.0,8157.295646877061,1.0
2026-06-12 03:00:00+00:00,119.92,67.94349197798651,0.0,8147.783558000143,1.0
2026-06-12 04:00:00+00:00,120.5,67.94349197798651,0.0,8187.190783347374,1.0
2026-06-12 05:00:00+00:00,119.2,67.94349197798651,0.0,8098.864243775993,1.0
2026-06-12 06:00:00+00:00,118.17,67.94349197798651,0.0,8028.882447038666,1.0
2026-06-12 07:00:00+00:00,118.78,67.94349197798651,0.0,8070.327977145238,1.0
2026-06-12 08:00:00+00:00,119.925,67.94349197798651,0.0,8148.123275460032,1.0
2026-06-12 09:00:00+00:00,121.081,67.94349197798651,0.0,8226.665952186586,1.0
2026-06-12 10:00:00+00:00,120.4,67.94349197798651,0.0,8180.396434149577,1.0
2026-06-12 11:00:00+00:00,120.801,67.94349197798651,0.0,8207.641774432748,1.0
2026-06-12 12:00:00+00:00,119.409,67.94349197798651,0.0,8113.064433599392,1.0
2026-06-12 13:00:00+00:00,118.219,67.94349197798651,0.0,8032.211678145587,1.0
2026-06-12 14:00:00+00:00,127.42,67.94349197798651,0.0,8657.359747835042,1.0
2026-06-12 15:00:00+00:00,123.299,67.94349197798651,0.0,8377.36461739376,1.0
2026-06-12 16:00:00+00:00,125.35,67.94349197798651,0.0,8516.716719440608,1.0
2026-06-12 17:00:00+00:00,122.783,67.94349197798651,0.0,8342.305775533117,1.0
2026-06-12 18:00:00+00:00,123.114,67.94349197798651,0.0,8364.795071377832,1.0
2026-06-12 19:00:00+00:00,123.979,67.94349197798651,0.0,8423.56619193879,1.0
2026-06-12 20:00:00+00:00,123.897,67.94349197798651,0.0,8417.994825596596,1.0
2026-06-12 21:00:00+00:00,123.93,67.94349197798651,0.0,8420.23696083187,1.0
2026-06-12 22:00:00+00:00,124.224,67.94349197798651,0.0,8440.212347473396,1.0
2026-06-12 23:00:00+00:00,124.385,67.94349197798651,0.0,8451.151249681852,1.0
2026-06-15 00:00:00+00:00,131.07,67.94349197798651,0.0,8905.353493554692,1.0
2026-06-15 01:00:00+00:00,130.37,67.94349197798651,0.0,8857.793049170103,1.0
2026-06-15 02:00:00+00:00,130.39,67.94349197798651,0.0,8859.15191900966,1.0
2026-06-15 03:00:00+00:00,131.31,67.94349197798651,0.0,8921.659931629409,1.0
2026-06-15 04:00:00+00:00,130.96,67.94349197798651,0.0,8897.879709437115,1.0
2026-06-15 05:00:00+00:00,131.42,67.94349197798651,0.0,8929.133715746986,1.0
2026-06-15 06:00:00+00:00,131.89,67.94349197798651,0.0,8961.06715697664,1.0
2026-06-15 07:00:00+00:00,131.38,67.94349197798651,0.0,8926.415976067867,1.0
2026-06-15 08:00:00+00:00,131.295,67.94349197798651,0.0,8920.640779249738,1.0
2026-06-15 09:00:00+00:00,130.49,67.94349197798651,0.0,8865.94626820746,1.0
2026-06-15 10:00:00+00:00,130.695,67.94349197798651,0.0,8879.874684062946,1.0
2026-06-15 11:00:00+00:00,131.914,67.94349197798651,0.0,8962.697800784112,1.0
2026-06-15 12:00:00+00:00,132.544,67.94349197798651,0.0,9005.502200730245,1.0
2026-06-15 13:00:00+00:00,132.086,67.94349197798651,0.0,8974.384081404327,1.0
2026-06-15 14:00:00+00:00,132.556,67.94349197798651,0.0,9006.31752263398,1.0
2026-06-15 15:00:00+00:00,135.336,67.94349197798651,0.0,9195.200430332783,1.0
2026-06-15 16:00:00+00:00,133.981,67.94349197798651,0.0,9103.13699870261,1.0
2026-06-15 17:00:00+00:00,133.719,67.94349197798651,0.0,9085.335803804377,1.0
2026-06-15 18:00:00+00:00,131.965,67.94349197798651,0.0,8966.16291887499,1.0
2026-06-15 19:00:00+00:00,131.123,67.94349197798651,0.0,8908.954498629524,1.0
2026-06-15 20:00:00+00:00,130.866,67.94349197798651,0.0,8891.493021191183,1.0
2026-06-15 21:00:00+00:00,130.625,67.94349197798651,0.0,8875.118639624488,1.0
2026-06-15 22:00:00+00:00,129.8,67.94349197798651,0.0,8819.06525874265,1.0
2026-06-15 23:00:00+00:00,129.959,67.94349197798651,0.0,8829.86827396715,1.0
2026-06-16 00:00:00+00:00,129.43,67.94349197798651,0.0,8793.926166710795,1.0
2026-06-16 01:00:00+00:00,129.87,67.94349197798651,0.0,8823.821303181108,1.0
2026-06-16 02:00:00+00:00,128.29,67.94349197798651,0.0,8716.470585855888,1.0
2026-06-16 03:00:00+00:00,130.18,67.94349197798651,0.0,8844.883785694285,1.0
2026-06-16 04:00:00+00:00,129.82,67.94349197798651,0.0,8820.424128582208,1.0
2026-06-16 05:00:00+00:00,130.35,67.94349197798651,0.0,8856.434179330541,1.0
2026-06-16 06:00:00+00:00,131.3,67.94349197798651,0.0,8920.98049670963,1.0
2026-06-16 07:00:00+00:00,131.1,67.94349197798651,0.0,8907.39179831403,1.0
2026-06-16 08:00:00+00:00,132.971,67.94349197798651,0.0,9034.514071804844,1.0
2026-06-16 09:00:00+00:00,131.78,67.94349197798651,0.0,8953.593372859063,1.0
2026-06-16 10:00:00+00:00,131.654,67.94349197798651,0.0,8945.032492869836,1.0
2026-06-16 11:00:00+00:00,130.948,67.94349197798651,0.0,8897.064387533379,1.0
2026-06-16 12:00:00+00:00,130.344,67.94349197798651,0.0,8856.026518378674,1.0
2026-06-16 13:00:00+00:00,130.393,67.94349197798651,0.0,8859.355749485596,1.0
2026-06-16 14:00:00+00:00,125.602,67.94349197798651,0.0,8533.838479419062,1.0
2026-06-16 15:00:00+00:00,125.548,67.94349197798651,0.0,8530.16953085225,1.0
2026-06-16 16:00:00+00:00,124.99,67.94349197798651,0.0,8492.257062328534,1.0
2026-06-16 17:00:00+00:00,124.907,67.94349197798651,0.0,8486.617752494361,1.0
2026-06-16 18:00:00+00:00,124.416,67.94349197798651,0.0,8453.25749793317,1.0
2026-06-16 19:00:00+00:00,122.801,67.94349197798651,0.0,8343.528758388722,1.0
2026-06-16 20:00:00+00:00,123.145,67.94349197798651,0.0,8366.901319629149,1.0
2026-06-16 21:00:00+00:00,123.1,67.94349197798651,0.0,8363.84386249014,1.0
2026-06-16 22:00:00+00:00,123.479,67.94349197798651,0.0,8389.594445949797,1.0
2026-06-16 23:00:00+00:00,123.065,67.94349197798651,0.0,8361.46584027091,1.0
2026-06-17 00:00:00+00:00,123.75,67.94349197798651,0.0,8408.00713227583,1.0
2026-06-17 01:00:00+00:00,124.46,67.94349197798651,0.0,8456.2470115802,1.0
2026-06-17 02:00:00+00:00,124.45,67.94349197798651,0.0,8455.567576660422,1.0
2026-06-17 03:00:00+00:00,124.25,67.94349197798651,0.0,8441.978878264825,1.0
2026-06-17 04:00:00+00:00,124.56,67.94349197798651,0.0,8463.041360778,1.0
2026-06-17 05:00:00+00:00,124.6,67.94349197798651,0.0,8465.759100457119,1.0
2026-06-17 06:00:00+00:00,123.88,67.94349197798651,0.0,8416.83978623297,1.0
2026-06-17 07:00:00+00:00,123.59,67.94349197798651,0.0,8397.136173559353,1.0
2026-06-17 08:00:00+00:00,122.8,67.94349197798651,0.0,8343.460814896744,1.0
2026-06-17 09:00:00+00:00,122.315,67.94349197798651,0.0,8310.50822128742,1.0
2026-06-17 10:00:00+00:00,121.969,67.94349197798651,0.0,8286.999773063037,1.0
2026-06-17 11:00:00+00:00,121.901,67.94349197798651,0.0,8282.379615608534,1.0
2026-06-17 12:00:00+00:00,122.537,67.94349197798651,0.0,8325.591676506534,1.0
2026-06-17 13:00:00+00:00,123.235,67.94349197798651,0.0,8373.016233907168,1.0
2026-06-17 14:00:00+00:00,121.675,67.94349197798651,0.0,8267.024386421508,1.0
2026-06-17 15:00:00+00:00,123.81,67.94349197798651,0.0,8412.08374179451,1.0
2026-06-17 16:00:00+00:00,123.772,67.94349197798651,0.0,8409.501889099347,1.0
2026-06-17 17:00:00+00:00,123.848,67.94349197798651,0.0,8414.665594489674,1.0
2026-06-17 18:00:00+00:00,122.275,67.94349197798651,0.0,8307.790481608301,1.0
2026-06-17 19:00:00+00:00,116.617,67.94349197798651,0.0,7923.366203996853,1.0
2026-06-17 20:00:00+00:00,117.988,67.94349197798651,0.0,8016.516731498672,1.0
2026-06-17 21:00:00+00:00,117.54,67.94349197798651,0.0,7986.078047092535,1.0
2026-06-17 22:00:00+00:00,118.515,67.94349197798651,0.0,8052.3229517710715,1.0
2026-06-17 23:00:00+00:00,118.575,67.94349197798651,0.0,8056.399561289751,1.0
2026-06-18 00:00:00+00:00,119.23,67.94349197798651,0.0,8100.902548535332,1.0
2026-06-18 01:00:00+00:00,119.41,67.94349197798651,0.0,8113.132377091369,1.0
2026-06-18 02:00:00+00:00,119.4,67.94349197798651,0.0,8112.45294217159,1.0
2026-06-18 03:00:00+00:00,118.81,67.94349197798651,0.0,8072.366281904578,1.0
2026-06-18 04:00:00+00:00,117.39,67.94349197798651,0.0,7975.886523295837,1.0
2026-06-18 05:00:00+00:00,117.73,67.94349197798651,0.0,7998.987310568352,1.0
2026-06-18 06:00:00+00:00,118.01,67.94349197798651,0.0,8018.011488322189,1.0
2026-06-18 07:00:00+00:00,119.13,67.94349197798651,0.0,8094.108199337533,1.0
2026-06-18 08:00:00+00:00,118.99,67.94349197798651,0.0,8084.596110460615,1.0
2026-06-18 09:00:00+00:00,119.035,67.94349197798651,0.0,8087.653567599624,1.0
2026-06-18 10:00:00+00:00,118.505,67.94349197798651,0.0,8051.643516851291,1.0
2026-06-18 11:00:00+00:00,117.208,67.94349197798651,0.0,7963.520807755843,1.0
2026-06-18 12:00:00+00:00,118.451,67.94349197798651,0.0,8047.97456828448,1.0
2026-06-18 13:00:00+00:00,113.044,67.94349197798651,0.0,7680.604107159507,1.0
2026-06-18 14:00:00+00:00,114.775,67.94349197798651,0.0,7798.214291773402,1.0
2026-06-18 15:00:00+00:00,110.551,67.94349197798651,0.0,7511.220981658387,1.0
2026-06-18 16:00:00+00:00,110.133,67.94349197798651,0.0,7482.820602011589,1.0
2026-06-18 17:00:00+00:00,109.253,67.94349197798651,0.0,7423.030329070961,1.0
2026-06-18 18:00:00+00:00,109.843,67.94349197798651,0.0,7463.116989337973,1.0
2026-06-18 19:00:00+00:00,112.56,67.94349197798651,0.0,7647.719457042162,1.0
2026-06-18 20:00:00+00:00,112.5,67.94349197798651,0.0,7643.6428475234825,1.0
2026-06-18 21:00:00+00:00,112.325,67.94349197798651,0.0,7631.752736427335,1.0
2026-06-18 22:00:00+00:00,111.889,67.94349197798651,0.0,7602.129373924932,1.0
2026-06-18 23:00:00+00:00,112.225,67.94349197798651,0.0,7624.958387229536,1.0
2026-06-19 00:00:00+00:00,112.279,67.94349197798651,0.0,7628.627335796347,1.0
2026-06-22 00:00:00+00:00,113.91,67.94349197798651,0.0,7739.443171212443,1.0
2026-06-22 01:00:00+00:00,115.21,67.94349197798651,0.0,7827.769710783826,1.0
2026-06-22 02:00:00+00:00,114.12,67.94349197798651,0.0,7753.711304527821,1.0
2026-06-22 03:00:00+00:00,113.31,67.94349197798651,0.0,7698.677076025651,1.0
2026-06-22 04:00:00+00:00,113.22,67.94349197798651,0.0,7692.562161747633,1.0
2026-06-22 05:00:00+00:00,113.79,67.94349197798651,0.0,7731.289952175085,1.0
2026-06-22 06:00:00+00:00,113.78,67.94349197798651,0.0,7730.610517255305,1.0
2026-06-22 07:00:00+00:00,113.84,67.94349197798651,0.0,7734.687126773984,1.0
2026-06-22 08:00:00+00:00,113.499,67.94349197798651,0.0,7711.518396009491,1.0
2026-06-22 09:00:00+00:00,113.425,67.94349197798651,0.0,7706.49057760312,1.0
2026-06-22 10:00:00+00:00,113.538,67.94349197798651,0.0,7714.168192196632,1.0
2026-06-22 11:00:00+00:00,115.062,67.94349197798651,0.0,7817.714073971084,1.0
2026-06-22 12:00:00+00:00,117.271,67.94349197798651,0.0,7967.801247750456,1.0
2026-06-22 13:00:00+00:00,118.706,67.94349197798651,0.0,8065.300158738867,1.0
2026-06-22 14:00:00+00:00,114.37,67.94349197798651,0.0,7770.697177522317,1.0
2026-06-22 15:00:00+00:00,111.961,67.94349197798651,0.0,7607.021305347348,1.0
2026-06-22 16:00:00+00:00,110.442,67.94349197798651,0.0,7503.8151410327855,1.0
2026-06-22 17:00:00+00:00,109.746,67.94349197798651,0.0,7456.526470616107,1.0
2026-06-22 18:00:00+00:00,108.339,67.94349197798651,0.0,7360.929977403081,1.0
2026-06-22 19:00:00+00:00,109.51,67.94349197798651,0.0,7440.491806509303,1.0
2026-06-22 20:00:00+00:00,110.483,67.94349197798651,0.0,7506.600824203884,1.0
2026-06-22 21:00:00+00:00,110.9,67.94349197798651,0.0,7534.9332603587045,1.0
2026-06-22 22:00:00+00:00,109.693,67.94349197798651,0.0,7452.925465541274,1.0
2026-06-22 23:00:00+00:00,110.313,67.94349197798651,0.0,7495.050430567626,1.0
2026-06-23 00:00:00+00:00,109.95,67.94349197798651,0.0,7470.386942979617,1.0
2026-06-23 01:00:00+00:00,109.51,67.94349197798651,0.0,7440.491806509303,1.0
2026-06-23 02:00:00+00:00,109.51,67.94349197798651,0.0,7440.491806509303,1.0
2026-06-23 03:00:00+00:00,108.94,67.94349197798651,0.0,7401.76401608185,1.0
2026-06-23 04:00:00+00:00,107.85,67.94349197798651,0.0,7327.7056098258445,1.0
2026-06-23 05:00:00+00:00,107.02,67.94349197798651,0.0,7271.312511484116,1.0
2026-06-23 06:00:00+00:00,106.22,67.94349197798651,0.0,7216.957717901727,1.0
2026-06-23 07:00:00+00:00,106.55,67.94349197798651,0.0,7239.379070254463,1.0
2026-06-23 08:00:00+00:00,106.201,67.94349197798651,0.0,7215.666791554145,1.0
2026-06-23 09:00:00+00:00,106.34,67.94349197798651,0.0,7225.110936939086,1.0
2026-06-23 10:00:00+00:00,106.305,67.94349197798651,0.0,7222.732914719856,1.0
2026-06-23 11:00:00+00:00,106.987,67.94349197798651,0.0,7269.070376248843,1.0
2026-06-23 12:00:00+00:00,105.613,67.94349197798651,0.0,7175.7160182710895,1.0
2026-06-23 13:00:00+00:00,106.756,67.94349197798651,0.0,7253.375429601928,1.0
2026-06-23 14:00:00+00:00,106.455,67.94349197798651,0.0,7232.924438516554,1.0
2026-06-23 15:00:00+00:00,106.382,67.94349197798651,0.0,7227.964563602161,1.0
2026-06-23 16:00:00+00:00,105.362,67.94349197798651,0.0,7158.662201784615,1.0
2026-06-23 17:00:00+00:00,104.55,67.94349197798651,0.0,7103.49208629849,1.0
2026-06-23 18:00:00+00:00,104.188,67.94349197798651,0.0,7078.8965422024585,1.0
2026-06-23 19:00:00+00:00,103.83,67.94349197798651,0.0,7054.572772074339,1.0
2026-06-23 20:00:00+00:00,104.194,67.94349197798651,0.0,7079.304203154326,1.0
2026-06-23 21:00:00+00:00,104.5,67.94349197798651,0.0,7100.094911699591,1.0
2026-06-23 22:00:00+00:00,104.326,67.94349197798651,0.0,7088.27274409542,1.0
2026-06-23 23:00:00+00:00,104.84,67.94349197798651,0.0,7123.195698972106,1.0
2026-06-24 00:00:00+00:00,105.73,67.94349197798651,0.0,7183.665406832514,1.0
2026-06-24 01:00:00+00:00,105.33,67.94349197798651,0.0,7156.488010041319,1.0
2026-06-24 02:00:00+00:00,104.32,67.94349197798651,0.0,7087.8650831435525,1.0
2026-06-24 03:00:00+00:00,104.8,67.94349197798651,0.0,7120.477959292986,1.0
2026-06-24 04:00:00+00:00,104.99,67.94349197798651,0.0,7133.387222768803,1.0
2026-06-24 05:00:00+00:00,105.37,67.94349197798651,0.0,7159.205749720439,1.0
2026-06-24 06:00:00+00:00,105.24,67.94349197798651,0.0,7150.3730957633,1.0
2026-06-24 07:00:00+00:00,105.09,67.94349197798651,0.0,7140.181571966603,1.0
2026-06-24 08:00:00+00:00,105.8,67.94349197798651,0.0,7188.421451270972,1.0
2026-06-24 09:00:00+00:00,105.305,67.94349197798651,0.0,7154.78942274187,1.0
2026-06-24 10:00:00+00:00,104.375,67.94349197798651,0.0,7091.601975202342,1.0
2026-06-24 11:00:00+00:00,105.381,67.94349197798651,0.0,7159.953128132197,1.0
2026-06-24 12:00:00+00:00,104.102,67.94349197798651,0.0,7073.053401892352,1.0
2026-06-24 13:00:00+00:00,98.98,67.94349197798651,0.0,6725.046835981105,1.0
2026-06-24 14:00:00+00:00,98.603,67.94349197798651,0.0,6699.432139505404,1.0
2026-06-24 15:00:00+00:00,96.238,67.94349197798651,0.0,6538.745780977466,1.0
2026-06-24 16:00:00+00:00,93.842,67.94349197798651,0.0,6375.95317419821,1.0
2026-06-24 17:00:00+00:00,92.705,67.94349197798651,0.0,6298.70142381924,1.0
2026-06-24 18:00:00+00:00,95.008,67.94349197798651,0.0,6455.1752858445425,1.0
2026-06-24 19:00:00+00:00,94.23,67.94349197798651,0.0,6402.315249085669,1.0
2026-06-24 20:00:00+00:00,95.899,67.94349197798651,0.0,6515.712937196929,1.0
2026-06-24 21:00:00+00:00,96.966,67.94349197798651,0.0,6588.20864313744,1.0
2026-06-24 22:00:00+00:00,96.285,67.94349197798651,0.0,6541.939125100431,1.0
2026-06-24 23:00:00+00:00,96.875,67.94349197798651,0.0,6582.025785367443,1.0
2026-06-25 00:00:00+00:00,95.01,67.94349197798651,0.0,6455.3111728284985,1.0
2026-06-25 01:00:00+00:00,95.77,67.94349197798651,0.0,6506.948226731768,1.0
2026-06-25 02:00:00+00:00,95.38,67.94349197798651,0.0,6480.450264860353,1.0
2026-06-25 03:00:00+00:00,95.64,67.94349197798651,0.0,6498.11557277463,1.0
2026-06-25 04:00:00+00:00,96.64,67.94349197798651,0.0,6566.059064752617,1.0
2026-06-25 05:00:00+00:00,96.6,67.94349197798651,0.0,6563.341325073497,1.0
2026-06-25 06:00:00+00:00,97.09,67.94349197798651,0.0,6596.63363614271,1.0
2026-06-25 07:00:00+00:00,97.51,67.94349197798651,0.0,6625.169902773465,1.0
2026-06-25 08:00:00+00:00,97.45,67.94349197798651,0.0,6621.093293254786,1.0
2026-06-25 09:00:00+00:00,96.865,67.94349197798651,0.0,6581.346350447663,1.0
2026-06-25 10:00:00+00:00,96.297,67.94349197798651,0.0,6542.754447004167,1.0
2026-06-25 11:00:00+00:00,96.054,67.94349197798651,0.0,6526.244178453517,1.0
2026-06-25 12:00:00+00:00,95.792,67.94349197798651,0.0,6508.442983555284,1.0
2026-06-25 13:00:00+00:00,86.888,67.94349197798651,0.0,5903.4741309832925,1.0
2026-06-25 14:00:00+00:00,88.488,67.94349197798651,0.0,6012.1837181480705,1.0
2026-06-25 15:00:00+00:00,87.353,67.94349197798651,0.0,5935.067854753055,1.0
2026-06-25 16:00:00+00:00,85.668,67.94349197798651,0.0,5820.583070770149,1.0
2026-06-25 17:00:00+00:00,87.439,67.94349197798651,0.0,5940.910995063162,1.0
2026-06-25 18:00:00+00:00,86.615,67.94349197798651,0.0,5884.925557673301,1.0
2026-06-25 19:00:00+00:00,85.33,67.94349197798651,0.0,5797.618170481589,1.0
2026-06-25 20:00:00+00:00,85.118,67.94349197798651,0.0,5783.214150182255,1.0
2026-06-25 21:00:00+00:00,86.263,67.94349197798651,0.0,5861.0094484970505,1.0
2026-06-25 22:00:00+00:00,85.24,67.94349197798651,0.0,5791.503256203569,1.0
2026-06-25 23:00:00+00:00,85.525,67.94349197798651,0.0,5810.867151417297,1.0
2026-06-26 00:00:00+00:00,85.46,67.94349197798651,0.0,5806.450824438727,1.0
2026-06-26 01:00:00+00:00,84.42,67.94349197798651,0.0,5735.789592781622,1.0
2026-06-26 02:00:00+00:00,82.38,67.94349197798651,0.0,5597.184869146528,1.0
2026-06-26 03:00:00+00:00,85.48,67.94349197798651,0.0,5807.809694278288,1.0
2026-06-26 04:00:00+00:00,83.77,67.94349197798651,0.0,5691.6263229959295,1.0
2026-06-26 05:00:00+00:00,85.04,67.94349197798651,0.0,5777.914557807973,1.0
2026-06-26 06:00:00+00:00,86.0,67.94349197798651,0.0,5843.14031010684,1.0
2026-06-26 07:00:00+00:00,86.88,67.94349197798651,0.0,5902.930583047468,1.0
2026-06-26 08:00:00+00:00,85.07,67.94349197798651,0.0,5779.952862567312,1.0
2026-06-26 09:00:00+00:00,85.01,67.94349197798651,0.0,5775.876253048634,1.0
2026-06-26 10:00:00+00:00,84.56,67.94349197798651,0.0,5745.30168165854,1.0
2026-06-26 11:00:00+00:00,83.7,67.94349197798651,0.0,5686.8702785574715,1.0
2026-06-26 12:00:00+00:00,83.3,67.94349197798651,0.0,5659.6928817662765,1.0
2026-06-26 13:00:00+00:00,87.23,67.94349197798651,0.0,5926.710805239763,1.0
2026-06-26 14:00:00+00:00,84.907,67.94349197798651,0.0,5768.878073374901,1.0
2026-06-26 15:00:00+00:00,85.915,67.94349197798651,0.0,5837.365113288712,1.0
2026-06-26 16:00:00+00:00,85.16,67.94349197798651,0.0,5786.067776845331,1.0
2026-06-26 17:00:00+00:00,84.55,67.94349197798651,0.0,5744.62224673876,1.0
2026-06-26 18:00:00+00:00,82.38,67.94349197798651,0.0,5597.184869146528,1.0
2026-06-26 19:00:00+00:00,82.0,67.94349197798651,0.0,5571.366342194894,1.0
2026-06-26 20:00:00+00:00,81.98,67.94349197798651,0.0,5570.007472355334,1.0
2026-06-26 21:00:00+00:00,81.8,67.94349197798651,0.0,5557.777643799296,1.0
2026-06-26 22:00:00+00:00,82.61,67.94349197798651,0.0,5612.811872301466,1.0
2026-06-26 23:00:00+00:00,82.816,67.94349197798651,0.0,5626.808231648931,1.0
2026-06-29 00:00:00+00:00,81.51,67.94349197798651,0.0,5538.07403112568,1.0
2026-06-29 01:00:00+00:00,81.61,67.94349197798651,0.0,5544.868380323479,1.0
2026-06-29 02:00:00+00:00,82.25,67.94349197798651,0.0,5588.35221518939,1.0
2026-06-29 03:00:00+00:00,83.4,67.94349197798651,0.0,5666.487230964075,1.0
2026-06-29 04:00:00+00:00,82.89,67.94349197798651,0.0,5631.836050055302,1.0
2026-06-29 05:00:00+00:00,83.4,67.94349197798651,0.0,5666.487230964075,1.0
2026-06-29 06:00:00+00:00,83.29,67.94349197798651,0.0,5659.013446846497,1.0
2026-06-29 07:00:00+00:00,83.48,67.94349197798651,0.0,5671.922710322314,1.0
2026-06-29 08:00:00+00:00,83.15,67.94349197798651,0.0,5649.501357969579,1.0
2026-06-29 09:00:00+00:00,83.74,67.94349197798651,0.0,5689.58801823659,1.0
2026-06-29 10:00:00+00:00,84.16,67.94349197798651,0.0,5718.124284867345,1.0
2026-06-29 11:00:00+00:00,83.7,67.94349197798651,0.0,5686.8702785574715,1.0
2026-06-29 12:00:00+00:00,85.98,67.94349197798651,0.0,5841.78144026728,1.0
2026-06-29 13:00:00+00:00,85.54,67.94349197798651,0.0,5811.886303796967,1.0
2026-06-29 14:00:00+00:00,86.377,67.94349197798651,0.0,5868.755006582541,1.0
2026-06-29 15:00:00+00:00,88.72,67.94349197798651,0.0,6027.946608286963,1.0
2026-06-29 16:00:00+00:00,89.38,67.94349197798651,0.0,6072.789312992434,1.0
2026-06-29 17:00:00+00:00,94.01,67.94349197798651,0.0,6387.367680850512,1.0
2026-06-29 18:00:00+00:00,92.73,67.94349197798651,0.0,6300.40001111869,1.0
2026-06-29 19:00:00+00:00,92.63,67.94349197798651,0.0,6293.60566192089,1.0
2026-06-29 20:00:00+00:00,92.26,67.94349197798651,0.0,6268.466569889036,1.0
2026-06-29 21:00:00+00:00,93.68,67.94349197798651,0.0,6364.946328497776,1.0
2026-06-29 22:00:00+00:00,93.58,67.94349197798651,0.0,6358.151979299978,1.0
2026-06-29 23:00:00+00:00,93.0,67.94349197798651,0.0,6318.744753952746,1.0
2026-06-30 00:00:00+00:00,92.14,67.94349197798651,0.0,6260.313350851678,1.0
2026-06-30 01:00:00+00:00,92.31,67.94349197798651,0.0,6271.863744487935,1.0
2026-06-30 02:00:00+00:00,92.38,67.94349197798651,0.0,6276.619788926394,1.0
2026-06-30 03:00:00+00:00,91.36,67.94349197798651,0.0,6207.317427108847,1.0
2026-06-30 04:00:00+00:00,91.12,67.94349197798651,0.0,6191.010989034131,1.0
2026-06-30 05:00:00+00:00,91.1,67.94349197798651,0.0,6189.65211919457,1.0
2026-06-30 06:00:00+00:00,91.09,67.94349197798651,0.0,6188.972684274791,1.0
2026-06-30 07:00:00+00:00,90.69,67.94349197798651,0.0,6161.795287483596,1.0
2026-06-30 08:00:00+00:00,89.34,67.94349197798651,0.0,6070.071573313315,1.0
2026-06-30 09:00:00+00:00,89.65,67.94349197798651,0.0,6091.134055826491,1.0
2026-06-30 10:00:00+00:00,89.71,67.94349197798651,0.0,6095.210665345169,1.0
2026-06-30 11:00:00+00:00,89.54,67.94349197798651,0.0,6083.660271708913,1.0
2026-06-30 12:00:00+00:00,87.05,67.94349197798651,0.0,5914.480976683725,1.0
2026-06-30 13:00:00+00:00,84.65,67.94349197798651,0.0,5751.416595936558,1.0
2026-06-30 14:00:00+00:00,83.99,67.94349197798651,0.0,5706.573891231087,1.0
2026-06-30 15:00:00+00:00,85.52,67.94349197798651,0.0,5810.527433957406,1.0
2026-06-30 16:00:00+00:00,85.945,67.94349197798651,0.0,5839.40341804805,1.0
2026-06-30 17:00:00+00:00,85.11,67.94349197798651,0.0,5782.670602246432,1.0
2026-06-30 18:00:00+00:00,85.265,67.94349197798651,0.0,5793.2018435030195,1.0
2026-06-30 19:00:00+00:00,86.93,67.94349197798651,0.0,5906.327757646368,1.0
2026-06-30 20:00:00+00:00,86.71,67.94349197798651,0.0,5891.38018941121,1.0
2026-06-30 21:00:00+00:00,86.6,67.94349197798651,0.0,5883.906405293632,1.0
2026-06-30 22:00:00+00:00,86.26,67.94349197798651,0.0,5860.805618021117,1.0
2026-06-30 23:00:00+00:00,86.24,67.94349197798651,0.0,5859.446748181556,1.0
2026-07-01 00:00:00+00:00,86.29,67.94349197798651,0.0,5862.8439227804565,1.0
2026-07-01 01:00:00+00:00,86.51,67.94349197798651,0.0,5877.791491015613,1.0
2026-07-01 02:00:00+00:00,87.7,67.94349197798651,0.0,5958.644246469417,1.0
2026-07-01 03:00:00+00:00,88.11,67.94349197798651,0.0,5986.501078180391,1.0
2026-07-01 04:00:00+00:00,88.44,67.94349197798651,0.0,6008.922430533127,1.0
2026-07-01 05:00:00+00:00,87.7,67.94349197798651,0.0,5958.644246469417,1.0
2026-07-01 06:00:00+00:00,86.72,67.94349197798651,0.0,5892.05962433099,1.0
2026-07-01 07:00:00+00:00,87.18,67.94349197798651,0.0,5923.313630640864,1.0
2026-07-01 08:00:00+00:00,86.99,67.94349197798651,0.0,5910.404367165046,1.0
2026-07-01 09:00:00+00:00,87.86,67.94349197798651,0.0,5969.515205185895,1.0
2026-07-01 10:00:00+00:00,87.28,67.94349197798651,0.0,5930.107979838663,1.0
2026-07-01 11:00:00+00:00,86.97,67.94349197798651,0.0,5909.045497325486,1.0
2026-07-01 12:00:00+00:00,86.6,67.94349197798651,0.0,5883.906405293632,1.0
2026-07-01 13:00:00+00:00,93.046,67.94349197798651,0.0,6321.870154583733,1.0
2026-07-01 14:00:00+00:00,94.15,67.94349197798651,0.0,6396.87976972743,1.0
2026-07-01 15:00:00+00:00,96.905,67.94349197798651,0.0,6584.0640901267825,1.0
2026-07-01 16:00:00+00:00,97.27,67.94349197798651,0.0,6608.8634646987475,1.0
2026-07-01 17:00:00+00:00,97.085,67.94349197798651,0.0,6596.29391868282,1.0
2026-07-01 18:00:00+00:00,95.38,67.94349197798651,0.0,6480.450264860353,1.0
2026-07-01 19:00:00+00:00,93.395,67.94349197798651,0.0,6345.58243328405,1.0
2026-07-01 20:00:00+00:00,93.18,67.94349197798651,0.0,6330.974582508784,1.0
2026-07-01 21:00:00+00:00,96.5,67.94349197798651,0.0,6556.546975875698,1.0
2026-07-01 22:00:00+00:00,96.0,67.94349197798651,0.0,6522.575229886705,1.0
2026-07-01 23:00:00+00:00,94.34,67.94349197798651,0.0,6409.7890332032475,1.0
2026-07-02 00:00:00+00:00,93.99,67.94349197798651,0.0,6386.008811010952,1.0
2026-07-02 01:00:00+00:00,94.99,67.94349197798651,0.0,6453.952302988939,1.0
2026-07-02 02:00:00+00:00,95.4,67.94349197798651,0.0,6481.809134699914,1.0
2026-07-02 03:00:00+00:00,96.98,67.94349197798651,0.0,6589.159852025132,1.0
2026-07-02 04:00:00+00:00,96.16,67.94349197798651,0.0,6533.446188603182,1.0
2026-07-02 05:00:00+00:00,95.44,67.94349197798651,0.0,6484.526874379032,1.0
2026-07-02 06:00:00+00:00,94.65,67.94349197798651,0.0,6430.851515716424,1.0
2026-07-02 07:00:00+00:00,94.56,67.94349197798651,0.0,6424.736601438404,1.0
2026-07-02 08:00:00+00:00,96.62,67.94349197798651,0.0,6564.700194913057,1.0
2026-07-02 09:00:00+00:00,98.3,67.94349197798651,0.0,6678.845261436074,1.0
2026-07-02 10:00:00+00:00,99.2,67.94349197798651,0.0,6739.994404216262,1.0
2026-07-02 11:00:00+00:00,98.66,67.94349197798651,0.0,6703.304918548149,1.0
2026-07-02 12:00:00+00:00,99.08,67.94349197798651,0.0,6731.841185178903,1.0
2026-07-02 13:00:00+00:00,102.36,67.94349197798651,0.0,6954.695838866699,1.0
2026-07-02 14:00:00+00:00,101.5,67.94349197798651,0.0,6896.264435765631,1.0
2026-07-02 15:00:00+00:00,99.18,67.94349197798651,0.0,6738.635534376703,1.0
2026-07-02 16:00:00+00:00,100.223,67.94349197798651,0.0,6809.500596509742,1.0
2026-07-02 17:00:00+00:00,99.48,67.94349197798651,0.0,6759.018581970098,1.0
2026-07-02 18:00:00+00:00,101.22,67.94349197798651,0.0,6877.240258011794,1.0
2026-07-02 19:00:00+00:00,100.75,67.94349197798651,0.0,6845.306816782141,1.0
2026-07-02 20:00:00+00:00,101.13,67.94349197798651,0.0,6871.1253437337755,1.0
2026-07-02 21:00:00+00:00,101.1,67.94349197798651,0.0,6869.087038974436,1.0
2026-07-02 22:00:00+00:00,101.19,67.94349197798651,0.0,6875.201953252455,1.0
2026-07-02 23:00:00+00:00,101.89,67.94349197798651,0.0,6922.762397637046,1.0
2026-07-03 00:00:00+00:00,101.99,67.94349197798651,0.0,6929.556746834844,1.0
2026-07-03 02:00:00+00:00,102.01,67.94349197798651,0.0,6930.915616674404,1.0
2026-07-03 03:00:00+00:00,102.05,67.94349197798651,0.0,6933.633356353524,1.0
2026-07-03 04:00:00+00:00,102.07,67.94349197798651,0.0,6934.992226193082,1.0
2026-07-03 05:00:00+00:00,102.29,67.94349197798651,0.0,6949.939794428241,1.0
2026-07-03 06:00:00+00:00,102.34,67.94349197798651,0.0,6953.33696902714,1.0
2026-07-03 07:00:00+00:00,102.22,67.94349197798651,0.0,6945.183749989781,1.0
2026-07-03 08:00:00+00:00,102.31,67.94349197798651,0.0,6951.2986642678,1.0
2026-07-03 09:00:00+00:00,102.22,67.94349197798651,0.0,6945.183749989781,1.0
2026-07-03 10:00:00+00:00,102.41,67.94349197798651,0.0,6958.093013465598,1.0
2026-07-03 11:00:00+00:00,103.41,67.94349197798651,0.0,7026.036505443585,1.0
2026-07-03 13:00:00+00:00,103.06,67.94349197798651,0.0,7002.25628325129,1.0
2026-07-03 14:00:00+00:00,103.01,67.94349197798651,0.0,6998.859108652391,1.0
2026-07-03 15:00:00+00:00,103.46,67.94349197798651,0.0,7029.433680042484,1.0
2026-07-03 16:00:00+00:00,103.48,67.94349197798651,0.0,7030.792549882044,1.0
2026-07-03 18:00:00+00:00,103.86,67.94349197798651,0.0,7056.611076833679,1.0
2026-07-03 19:00:00+00:00,104.05,67.94349197798651,0.0,7069.5203403094965,1.0
2026-07-03 20:00:00+00:00,105.71,67.94349197798651,0.0,7182.306536992954,1.0
2026-07-03 21:00:00+00:00,105.71,67.94349197798651,0.0,7182.306536992954,1.0
2026-07-04 01:00:00+00:00,104.59,67.94349197798651,0.0,7106.209825977609,1.0
2026-07-04 02:00:00+00:00,103.82,67.94349197798651,0.0,7053.893337154559,1.0
2026-07-04 04:00:00+00:00,104.34,67.94349197798651,0.0,7089.223952983113,1.0
2026-07-04 05:00:00+00:00,104.49,67.94349197798651,0.0,7099.41547677981,1.0
2026-07-04 06:00:00+00:00,103.9,67.94349197798651,0.0,7059.328816512799,1.0
2026-07-04 08:00:00+00:00,103.9,67.94349197798651,0.0,7059.328816512799,1.0
2026-07-04 09:00:00+00:00,104.4,67.94349197798651,0.0,7093.300562501792,1.0
2026-07-04 10:00:00+00:00,103.9,67.94349197798651,0.0,7059.328816512799,1.0
2026-07-04 11:00:00+00:00,104.3,67.94349197798651,0.0,7086.506213303993,1.0
2026-07-04 13:00:00+00:00,105.14,67.94349197798651,0.0,7143.578746565502,1.0
2026-07-04 14:00:00+00:00,105.85,67.94349197798651,0.0,7191.8186258698715,1.0
2026-07-04 15:00:00+00:00,106.45,67.94349197798651,0.0,7232.584721056664,1.0
2026-07-04 16:00:00+00:00,106.69,67.94349197798651,0.0,7248.891159131381,1.0
2026-07-04 17:00:00+00:00,107.24,67.94349197798651,0.0,7286.260079719274,1.0
2026-07-04 18:00:00+00:00,107.05,67.94349197798651,0.0,7273.3508162434555,1.0
2026-07-04 19:00:00+00:00,107.35,67.94349197798651,0.0,7293.733863836852,1.0
2026-07-04 20:00:00+00:00,106.97,67.94349197798651,0.0,7267.915336885217,1.0
2026-07-04 21:00:00+00:00,108.2,67.94349197798651,0.0,7351.485832018141,1.0
2026-07-04 22:00:00+00:00,107.8,67.94349197798651,0.0,7324.308435226946,1.0
2026-07-04 23:00:00+00:00,107.53,67.94349197798651,0.0,7305.963692392889,1.0
2026-07-05 00:00:00+00:00,107.36,67.94349197798651,0.0,7294.413298756632,1.0
2026-07-05 01:00:00+00:00,107.33,67.94349197798651,0.0,7292.374993997292,1.0
2026-07-05 02:00:00+00:00,106.6,67.94349197798651,0.0,7242.776244853361,1.0
2026-07-05 03:00:00+00:00,106.26,67.94349197798651,0.0,7219.675457580847,1.0
2026-07-05 05:00:00+00:00,106.25,67.94349197798651,0.0,7218.9960226610665,1.0
2026-07-05 06:00:00+00:00,106.2,67.94349197798651,0.0,7215.598848062167,1.0
2026-07-05 07:00:00+00:00,106.12,67.94349197798651,0.0,7210.163368703928,1.0
2026-07-05 09:00:00+00:00,106.06,67.94349197798651,0.0,7206.086759185249,1.0
2026-07-05 10:00:00+00:00,106.03,67.94349197798651,0.0,7204.04845442591,1.0
2026-07-05 11:00:00+00:00,106.85,67.94349197798651,0.0,7259.7621178478585,1.0
2026-07-05 12:00:00+00:00,106.65,67.94349197798651,0.0,7246.173419452261,1.0
2026-07-05 13:00:00+00:00,106.65,67.94349197798651,0.0,7246.173419452261,1.0
2026-07-05 16:00:00+00:00,106.68,67.94349197798651,0.0,7248.211724211602,1.0
2026-07-05 18:00:00+00:00,106.88,67.94349197798651,0.0,7261.800422607198,1.0
2026-07-05 21:00:00+00:00,106.88,67.94349197798651,0.0,7261.800422607198,1.0
2026-07-05 22:00:00+00:00,106.91,67.94349197798651,0.0,7263.838727366538,1.0
2026-07-05 23:00:00+00:00,106.99,67.94349197798651,0.0,7269.274206724776,1.0
2026-07-06 00:00:00+00:00,107.67,67.94349197798651,0.0,7315.475781269808,1.0
2026-07-06 01:00:00+00:00,106.51,67.94349197798651,0.0,7236.6613305753435,1.0
2026-07-06 02:00:00+00:00,105.63,67.94349197798651,0.0,7176.871057634715,1.0
2026-07-06 03:00:00+00:00,105.25,67.94349197798651,0.0,7151.0525306830805,1.0
2026-07-06 04:00:00+00:00,104.8,67.94349197798651,0.0,7120.477959292986,1.0
2026-07-06 05:00:00+00:00,104.75,67.94349197798651,0.0,7117.080784694087,1.0
2026-07-06 06:00:00+00:00,104.32,67.94349197798651,0.0,7087.8650831435525,1.0
2026-07-06 07:00:00+00:00,105.09,67.94349197798651,0.0,7140.181571966603,1.0
2026-07-06 08:00:00+00:00,104.54,67.94349197798651,0.0,7102.81265137871,1.0
2026-07-06 09:00:00+00:00,103.92,67.94349197798651,0.0,7060.6876863523585,1.0
2026-07-06 10:00:00+00:00,104.19,67.94349197798651,0.0,7079.032429186414,1.0
2026-07-06 11:00:00+00:00,102.39,67.94349197798651,0.0,6956.7341436260385,1.0
2026-07-06 12:00:00+00:00,97.0,67.94349197798651,0.0,6590.5187218646915,1.0
2026-07-06 13:00:00+00:00,99.08,67.94349197798651,0.0,6731.841185178903,1.0
2026-07-06 14:00:00+00:00,98.28,67.94349197798651,0.0,6677.486391596514,1.0
2026-07-06 15:00:00+00:00,101.91,67.94349197798651,0.0,6924.121267476605,1.0
2026-07-06 16:00:00+00:00,101.761,67.94349197798651,0.0,6913.997687171885,1.0
2026-07-06 17:00:00+00:00,101.2,67.94349197798651,0.0,6875.881388172235,1.0
2026-07-06 18:00:00+00:00,100.93,67.94349197798651,0.0,6857.536645338179,1.0
2026-07-06 19:00:00+00:00,100.76,67.94349197798651,0.0,6845.986251701921,1.0
2026-07-06 20:00:00+00:00,101.99,67.94349197798651,0.0,6929.556746834844,1.0
2026-07-06 21:00:00+00:00,102.99,67.94349197798651,0.0,6997.5002388128305,1.0
2026-07-06 22:00:00+00:00,102.72,67.94349197798651,0.0,6979.1554959787745,1.0
2026-07-06 23:00:00+00:00,101.875,67.94349197798651,0.0,6921.743245257376,1.0
2026-07-07 00:00:00+00:00,102.43,67.94349197798651,0.0,6959.451883305159,1.0
2026-07-07 01:00:00+00:00,101.31,67.94349197798651,0.0,6883.355172289814,1.0
2026-07-07 02:00:00+00:00,98.92,67.94349197798651,0.0,6720.970226462426,1.0
2026-07-07 03:00:00+00:00,98.28,67.94349197798651,0.0,6677.486391596514,1.0
2026-07-07 04:00:00+00:00,98.29,67.94349197798651,0.0,6678.165826516295,1.0
2026-07-07 05:00:00+00:00,99.02,67.94349197798651,0.0,6727.764575660224,1.0
2026-07-07 06:00:00+00:00,100.18,67.94349197798651,0.0,6806.579026354689,1.0
2026-07-07 07:00:00+00:00,99.59,67.94349197798651,0.0,6766.492366087677,1.0
2026-07-07 08:00:00+00:00,99.51,67.94349197798651,0.0,6761.056886729438,1.0
2026-07-07 09:00:00+00:00,99.86,67.94349197798651,0.0,6784.837108921733,1.0
2026-07-07 10:00:00+00:00,100.76,67.94349197798651,0.0,6845.986251701921,1.0
2026-07-07 11:00:00+00:00,100.969,67.94349197798651,0.0,6860.186441525319,1.0
2026-07-07 12:00:00+00:00,101.35,67.94349197798651,0.0,6886.072911968932,1.0
2026-07-07 13:00:00+00:00,99.66,67.94349197798651,0.0,6771.248410526136,1.0
2026-07-07 14:00:00+00:00,99.37,67.94349197798651,0.0,6751.54479785252,1.0
2026-07-07 15:00:00+00:00,100.34,67.94349197798651,0.0,6817.449985071166,1.0
2026-07-07 16:00:00+00:00,102.33,67.94349197798651,0.0,6952.657534107359,1.0
2026-07-07 17:00:00+00:00,101.47,67.94349197798651,0.0,6894.226131006291,1.0
2026-07-07 18:00:00+00:00,97.78,67.94349197798651,0.0,6643.514645607521,1.0
2026-07-07 19:00:00+00:00,97.35,67.94349197798651,0.0,6614.298944056986,1.0
2026-07-07 20:00:00+00:00,97.08,67.94349197798651,0.0,6595.95420122293,1.0
2026-07-07 21:00:00+00:00,96.41,67.94349197798651,0.0,6550.432061597679,1.0
2026-07-07 22:00:00+00:00,95.84,67.94349197798651,0.0,6511.704271170228,1.0
2026-07-07 23:00:00+00:00,95.45,67.94349197798651,0.0,6485.206309298813,1.0
2026-07-08 00:00:00+00:00,97.15,67.94349197798651,0.0,6600.71024566139,1.0
2026-07-08 01:00:00+00:00,95.77,67.94349197798651,0.0,6506.948226731768,1.0
2026-07-08 02:00:00+00:00,96.16,67.94349197798651,0.0,6533.446188603182,1.0
2026-07-08 03:00:00+00:00,95.65,67.94349197798651,0.0,6498.79500769441,1.0
2026-07-08 04:00:00+00:00,95.77,67.94349197798651,0.0,6506.948226731768,1.0
2026-07-08 05:00:00+00:00,95.48,67.94349197798651,0.0,6487.244614058152,1.0
2026-07-08 06:00:00+00:00,95.73,67.94349197798651,0.0,6504.230487052649,1.0
2026-07-08 07:00:00+00:00,96.64,67.94349197798651,0.0,6566.059064752617,1.0
2026-07-08 08:00:00+00:00,93.19,67.94349197798651,0.0,6331.654017428563,1.0
2026-07-08 09:00:00+00:00,93.41,67.94349197798651,0.0,6346.60158566372,1.0
2026-07-08 10:00:00+00:00,93.14,67.94349197798651,0.0,6328.256842829664,1.0
2026-07-08 11:00:00+00:00,94.66,67.94349197798651,0.0,6431.530950636203,1.0
2026-07-08 12:00:00+00:00,94.99,67.94349197798651,0.0,6453.952302988939,1.0
2026-07-08 13:00:00+00:00,93.64,67.94349197798651,0.0,6362.228588818657,1.0
2026-07-08 14:00:00+00:00,93.335,67.94349197798651,0.0,6341.50582376537,1.0
2026-07-08 15:00:00+00:00,93.31,67.94349197798651,0.0,6339.807236465922,1.0
2026-07-08 16:00:00+00:00,94.18,67.94349197798651,0.0,6398.91807448677,1.0
2026-07-08 17:00:00+00:00,93.9,67.94349197798651,0.0,6379.893896732934,1.0
2026-07-08 18:00:00+00:00,93.96,67.94349197798651,0.0,6383.970506251612,1.0
2026-07-08 19:00:00+00:00,93.84,67.94349197798651,0.0,6375.817287214254,1.0
2026-07-08 20:00:00+00:00,93.53,67.94349197798651,0.0,6354.754804701079,1.0
2026-07-08 21:00:00+00:00,93.56,67.94349197798651,0.0,6356.793109460418,1.0
2026-07-08 22:00:00+00:00,93.85,67.94349197798651,0.0,6376.496722134034,1.0
2026-07-08 23:00:00+00:00,93.71,67.94349197798651,0.0,6366.984633257115,1.0
2026-07-09 00:00:00+00:00,94.26,67.94349197798651,0.0,6404.353553845009,1.0
2026-07-09 01:00:00+00:00,93.65,67.94349197798651,0.0,6362.908023738437,1.0
2026-07-09 02:00:00+00:00,93.3,67.94349197798651,0.0,6339.127801546141,1.0
2026-07-09 03:00:00+00:00,94.0,67.94349197798651,0.0,6386.688245930732,1.0
2026-07-09 04:00:00+00:00,94.9,67.94349197798651,0.0,6447.83738871092,1.0
2026-07-09 05:00:00+00:00,95.21,67.94349197798651,0.0,6468.8998712240955,1.0
2026-07-09 06:00:00+00:00,95.59,67.94349197798651,0.0,6494.718398175731,1.0
2026-07-09 07:00:00+00:00,95.97,67.94349197798651,0.0,6520.536925127365,1.0
2026-07-09 08:00:00+00:00,95.53,67.94349197798651,0.0,6490.641788657052,1.0
2026-07-09 09:00:00+00:00,95.19,67.94349197798651,0.0,6467.541001384536,1.0
2026-07-09 10:00:00+00:00,95.19,67.94349197798651,0.0,6467.541001384536,1.0
2026-07-09 11:00:00+00:00,94.08,67.94349197798651,0.0,6392.1237252889705,1.0
2026-07-09 12:00:00+00:00,94.75,67.94349197798651,0.0,6437.645864914222,1.0
2026-07-09 13:00:00+00:00,96.23,67.94349197798651,0.0,6538.202233041642,1.0
2026-07-09 14:00:00+00:00,95.304,67.94349197798651,0.0,6475.286559470027,1.0
2026-07-09 15:00:00+00:00,95.69,67.94349197798651,0.0,6501.512747373529,1.0
2026-07-09 16:00:00+00:00,94.63,67.94349197798651,0.0,6429.492645876863,1.0
2026-07-09 17:00:00+00:00,95.23,67.94349197798651,0.0,6470.258741063656,1.0
2026-07-09 18:00:00+00:00,95.36,67.94349197798651,0.0,6479.091395020793,1.0
2026-07-09 19:00:00+00:00,93.85,67.94349197798651,0.0,6376.496722134034,1.0
2026-07-09 20:00:00+00:00,93.69,67.94349197798651,0.0,6365.625763417556,1.0
2026-07-09 21:00:00+00:00,93.945,67.94349197798651,0.0,6382.951353871942,1.0
2026-07-09 22:00:00+00:00,94.072,67.94349197798651,0.0,6391.5801773531475,1.0
2026-07-09 23:00:00+00:00,94.161,67.94349197798651,0.0,6397.627148139188,1.0
2026-07-10 00:00:00+00:00,93.8,67.94349197798651,0.0,6373.099547535135,1.0
2026-07-10 01:00:00+00:00,95.23,67.94349197798651,0.0,6470.258741063656,1.0
2026-07-10 02:00:00+00:00,95.89,67.94349197798651,0.0,6515.101445769126,1.0
2026-07-10 03:00:00+00:00,95.92,67.94349197798651,0.0,6517.139750528467,1.0
2026-07-10 04:00:00+00:00,96.09,67.94349197798651,0.0,6528.690144164724,1.0
2026-07-10 05:00:00+00:00,96.25,67.94349197798651,0.0,6539.561102881202,1.0
2026-07-10 06:00:00+00:00,95.32,67.94349197798651,0.0,6476.373655341674,1.0
2026-07-10 07:00:00+00:00,95.63,67.94349197798651,0.0,6497.43613785485,1.0
2026-07-10 08:00:00+00:00,97.28,67.94349197798651,0.0,6609.542899618528,1.0
2026-07-10 09:00:00+00:00,98.19,67.94349197798651,0.0,6671.371477318496,1.0
2026-07-10 10:00:00+00:00,98.873,67.94349197798651,0.0,6717.776882339461,1.0
2026-07-10 11:00:00+00:00,98.91,67.94349197798651,0.0,6720.290791542646,1.0
2026-07-10 12:00:00+00:00,98.02,67.94349197798651,0.0,6659.821083682237,1.0
2026-07-10 13:00:00+00:00,97.51,67.94349197798651,0.0,6625.169902773465,1.0
2026-07-10 14:00:00+00:00,94.72,67.94349197798651,0.0,6435.607560154882,1.0
2026-07-10 15:00:00+00:00,94.42,67.94349197798651,0.0,6415.224512561486,1.0
2026-07-10 16:00:00+00:00,95.11,67.94349197798651,0.0,6462.105522026297,1.0
2026-07-10 17:00:00+00:00,93.83,67.94349197798651,0.0,6375.137852294474,1.0
2026-07-10 18:00:00+00:00,93.62,67.94349197798651,0.0,6360.869718979097,1.0
2026-07-10 19:00:00+00:00,94.62,67.94349197798651,0.0,6428.813210957084,1.0
2026-07-10 20:00:00+00:00,94.46,67.94349197798651,0.0,6417.942252240606,1.0
2026-07-10 21:00:00+00:00,94.675,67.94349197798651,0.0,6432.550103015873,1.0
2026-07-10 22:00:00+00:00,94.63,67.94349197798651,0.0,6429.492645876863,1.0
2026-07-10 23:00:00+00:00,94.71,67.94349197798651,0.0,6434.928125235102,1.0
2026-07-11 00:00:00+00:00,94.894,67.94349197798651,0.0,6447.429727759052,1.0
2026-07-11 05:00:00+00:00,100.19,67.94349197798651,0.0,6807.258461274469,1.0
2026-07-11 08:00:00+00:00,95.35,67.94349197798651,0.0,6478.411960101013,1.0
2026-07-11 09:00:00+00:00,95.36,67.94349197798651,0.0,6479.091395020793,1.0
2026-07-11 11:00:00+00:00,95.48,67.94349197798651,0.0,6487.244614058152,1.0
2026-07-11 12:00:00+00:00,95.61,67.94349197798651,0.0,6496.07726801529,1.0
2026-07-11 13:00:00+00:00,95.8,67.94349197798651,0.0,6508.986531491108,1.0
2026-07-11 14:00:00+00:00,95.92,67.94349197798651,0.0,6517.139750528467,1.0
2026-07-11 15:00:00+00:00,95.89,67.94349197798651,0.0,6515.101445769126,1.0
2026-07-11 16:00:00+00:00,95.99,67.94349197798651,0.0,6521.895794966925,1.0
2026-07-11 17:00:00+00:00,95.76,67.94349197798651,0.0,6506.268791811989,1.0
2026-07-11 18:00:00+00:00,95.87,67.94349197798651,0.0,6513.7425759295675,1.0
2026-07-11 20:00:00+00:00,95.89,67.94349197798651,0.0,6515.101445769126,1.0
2026-07-11 21:00:00+00:00,95.89,67.94349197798651,0.0,6515.101445769126,1.0
2026-07-11 23:00:00+00:00,94.81,67.94349197798651,0.0,6441.722474432901,1.0
2026-07-12 01:00:00+00:00,95.05,67.94349197798651,0.0,6458.028912507618,1.0
2026-07-12 03:00:00+00:00,95.1,67.94349197798651,0.0,6461.426087106517,1.0
2026-07-12 05:00:00+00:00,95.11,67.94349197798651,0.0,6462.105522026297,1.0
2026-07-12 06:00:00+00:00,95.11,67.94349197798651,0.0,6462.105522026297,1.0
2026-07-12 08:00:00+00:00,95.8,67.94349197798651,0.0,6508.986531491108,1.0
2026-07-12 11:00:00+00:00,96.24,67.94349197798651,0.0,6538.881667961421,1.0
2026-07-12 12:00:00+00:00,96.26,67.94349197798651,0.0,6540.240537800982,1.0
2026-07-12 13:00:00+00:00,96.26,67.94349197798651,0.0,6540.240537800982,1.0
2026-07-12 14:00:00+00:00,96.19,67.94349197798651,0.0,6535.484493362523,1.0
2026-07-12 15:00:00+00:00,95.88,67.94349197798651,0.0,6514.422010849346,1.0
2026-07-12 16:00:00+00:00,96.28,67.94349197798651,0.0,6541.599407640541,1.0
2026-07-12 19:00:00+00:00,96.43,67.94349197798651,0.0,6551.79093143724,1.0
2026-07-12 21:00:00+00:00,96.46,67.94349197798651,0.0,6553.829236196579,1.0
2026-07-12 22:00:00+00:00,96.25,67.94349197798651,0.0,6539.561102881202,1.0
2026-07-12 23:00:00+00:00,95.97,67.94349197798651,0.0,6520.536925127365,1.0
2026-07-13 00:00:00+00:00,94.85,67.94349197798651,0.0,6444.44021411202,1.0
2026-07-13 01:00:00+00:00,93.4,63.86688245930732,385.8381576180012,6351.004979317305,0.9392477003443515
2026-07-13 02:00:00+00:00,93.14,63.86688245930732,385.8381576180012,6334.399589877885,0.9390884404838377
2026-07-13 03:00:00+00:00,92.87,63.86688245930732,385.8381576180012,6317.155531613872,0.9389221690542374
2026-07-13 04:00:00+00:00,92.66,63.86688245930732,385.8381576180012,6303.743486297417,0.9387922179167497
2026-07-13 05:00:00+00:00,93.09,63.86688245930732,385.8381576180012,6331.206245754919,0.9390577178121933
2026-07-13 06:00:00+00:00,93.12,63.86688245930732,385.8381576180012,6333.122252228699,0.9390761551330831
2026-07-13 07:00:00+00:00,93.6,63.86688245930732,385.8381576180012,6363.778355809166,0.9393696423657198
2026-07-13 08:00:00+00:00,93.127,63.86688245930732,385.8381576180012,6333.5693204059135,0.9390804555695188
2026-07-13 09:00:00+00:00,93.07,63.86688245930732,385.8381576180012,6329.928908105732,0.9390454200640517
2026-07-13 10:00:00+00:00,92.0,63.86688245930732,385.8381576180012,6261.591343874275,0.9383801758325434
2026-07-13 11:00:00+00:00,92.01,63.86688245930732,385.8381576180012,6262.2300126988675,0.9383864602808298
2026-07-13 12:00:00+00:00,91.55,63.86688245930732,385.8381576180012,6232.8512467675855,0.9380960426709847
2026-07-13 13:00:00+00:00,91.339,63.86688245930732,385.8381576180012,6219.375334568672,0.9379619114682746
2026-07-13 14:00:00+00:00,92.39,63.86688245930732,385.8381576180012,6286.499428033404,0.9386243231173407
2026-07-13 15:00:00+00:00,92.465,63.86688245930732,385.8381576180012,6291.289444217852,0.9386710528836638
2026-07-13 16:00:00+00:00,91.41,63.86688245930732,385.8381576180012,6223.909883223283,0.9380071105049195
2026-07-13 17:00:00+00:00,91.25,63.86688245930732,385.8381576180012,6213.691182029794,0.9379051603443284
2026-07-13 18:00:00+00:00,92.1,63.86688245930732,385.8381576180012,6267.978032120204,0.938442962684174
2026-07-13 19:00:00+00:00,92.18,63.86688245930732,385.8381576180012,6273.08738271695,0.9384931001151
2026-07-13 20:00:00+00:00,91.73,63.86688245930732,385.8381576180012,6244.347285610262,0.9382100097944356
2026-07-13 21:00:00+00:00,91.63,63.86688245930732,385.8381576180012,6237.96059736433,0.9381467465855706
2026-07-13 22:00:00+00:00,91.74,63.86688245930732,385.8381576180012,6244.985954434854,0.9382163289984665
2026-07-13 23:00:00+00:00,91.83,63.86688245930732,385.8381576180012,6250.733973856192,0.9382731437249168
2026-07-14 00:00:00+00:00,92.78,63.86688245930732,385.8381576180012,6311.407512192534,0.9388665433387673
2026-07-14 01:00:00+00:00,92.3,68.01788002240065,-5.684341886080802e-14,6278.05032606758,1.0
2026-07-14 02:00:00+00:00,92.18,68.01788002240065,-5.684341886080802e-14,6269.888180464892,1.0
2026-07-14 03:00:00+00:00,92.45,68.01788002240065,-5.684341886080802e-14,6288.25300807094,1.0
2026-07-14 04:00:00+00:00,92.83,68.01788002240065,-5.684341886080802e-14,6314.099802479452,1.0
2026-07-14 05:00:00+00:00,92.95,68.01788002240065,-5.684341886080802e-14,6322.26194808214,1.0
2026-07-14 06:00:00+00:00,92.83,68.01788002240065,-5.684341886080802e-14,6314.099802479452,1.0
2026-07-14 07:00:00+00:00,92.58,68.01788002240065,-5.684341886080802e-14,6297.095332473852,1.0
2026-07-14 08:00:00+00:00,92.97,68.01788002240065,-5.684341886080802e-14,6323.622305682588,1.0
2026-07-14 09:00:00+00:00,92.401,68.01788002240065,-5.684341886080802e-14,6284.920131949842,1.0
2026-07-14 10:00:00+00:00,92.66,68.01788002240065,-5.684341886080802e-14,6302.536762875644,1.0
2026-07-14 11:00:00+00:00,92.31,68.01788002240065,-5.684341886080802e-14,6278.730504867804,1.0
2026-07-14 12:00:00+00:00,95.2,68.01788002240065,-5.684341886080802e-14,6475.3021781325415,1.0
2026-07-14 13:00:00+00:00,96.41,68.01788002240065,-5.684341886080802e-14,6557.603812959646,1.0
2026-07-14 14:00:00+00:00,97.295,68.01788002240065,-5.684341886080802e-14,6617.799636779471,1.0
2026-07-14 15:00:00+00:00,96.97,68.01788002240065,-5.684341886080802e-14,6595.69382577219,1.0
2026-07-14 16:00:00+00:00,96.32,68.01788002240065,-5.684341886080802e-14,6551.48220375763,1.0
2026-07-14 17:00:00+00:00,96.83,68.01788002240065,-5.684341886080802e-14,6586.171322569055,1.0
2026-07-14 18:00:00+00:00,97.54,68.01788002240065,-5.684341886080802e-14,6634.464017384959,1.0
2026-07-14 19:00:00+00:00,97.525,68.01788002240065,-5.684341886080802e-14,6633.443749184624,1.0
2026-07-14 20:00:00+00:00,97.81,68.01788002240065,-5.684341886080802e-14,6652.828844991008,1.0
2026-07-14 21:00:00+00:00,97.98,68.01788002240065,-5.684341886080802e-14,6664.391884594816,1.0
2026-07-14 22:00:00+00:00,98.44,68.01788002240065,-5.684341886080802e-14,6695.68010940512,1.0
2026-07-14 23:00:00+00:00,98.661,68.01788002240065,-5.684341886080802e-14,6710.7120608900705,1.0
2026-07-15 00:00:00+00:00,98.23,68.01788002240065,-5.684341886080802e-14,6681.396354600416,1.0
2026-07-15 01:00:00+00:00,97.77,68.01788002240065,-5.684341886080802e-14,6650.108129790111,1.0
2026-07-15 02:00:00+00:00,97.62,68.01788002240065,-5.684341886080802e-14,6639.905447786751,1.0
2026-07-15 03:00:00+00:00,98.11,68.01788002240065,-5.684341886080802e-14,6673.234208997727,1.0
2026-07-15 04:00:00+00:00,97.81,68.01788002240065,-5.684341886080802e-14,6652.828844991008,1.0
2026-07-15 05:00:00+00:00,98.11,68.01788002240065,-5.684341886080802e-14,6673.234208997727,1.0
2026-07-15 06:00:00+00:00,98.4,68.01788002240065,-5.684341886080802e-14,6692.959394204224,1.0
2026-07-15 07:00:00+00:00,97.9,68.01788002240065,-5.684341886080802e-14,6658.950454193024,1.0
2026-07-15 08:00:00+00:00,97.28,68.01788002240065,-5.684341886080802e-14,6616.779368579135,1.0
2026-07-15 09:00:00+00:00,98.08,68.01788002240065,-5.684341886080802e-14,6671.193672597055,1.0
2026-07-15 10:00:00+00:00,97.8,68.01788002240065,-5.684341886080802e-14,6652.148666190783,1.0
2026-07-15 11:00:00+00:00,97.915,68.01788002240065,-5.684341886080802e-14,6659.97072239336,1.0
2026-07-15 12:00:00+00:00,99.56,68.01788002240065,-5.684341886080802e-14,6771.860135030209,1.0
2026-07-15 13:00:00+00:00,97.83,68.01788002240065,-5.684341886080802e-14,6654.189202591455,1.0
2026-07-15 14:00:00+00:00,98.82,68.01788002240065,-5.684341886080802e-14,6721.526903813631,1.0
2026-07-15 15:00:00+00:00,98.078,68.01788002240065,-5.684341886080802e-14,6671.057636837011,1.0
2026-07-15 16:00:00+00:00,98.49,68.01788002240065,-5.684341886080802e-14,6699.08100340624,1.0
2026-07-15 17:00:00+00:00,98.48,68.01788002240065,-5.684341886080802e-14,6698.400824606016,1.0
2026-07-15 18:00:00+00:00,96.86,68.01788002240065,-5.684341886080802e-14,6588.211858969727,1.0
2026-07-15 19:00:00+00:00,97.465,68.01788002240065,-5.684341886080802e-14,6629.362676383279,1.0
2026-07-15 20:00:00+00:00,97.99,68.01788002240065,-5.684341886080802e-14,6665.072063395039,1.0
2026-07-15 21:00:00+00:00,97.48,68.01788002240065,-5.684341886080802e-14,6630.382944583615,1.0
2026-07-15 22:00:00+00:00,97.72,68.01788002240065,-5.684341886080802e-14,6646.707235788991,1.0
2026-07-15 23:00:00+00:00,97.576,68.01788002240065,-5.684341886080802e-14,6636.912661065765,1.0
2026-07-16 00:00:00+00:00,97.16,68.01788002240065,-5.684341886080802e-14,6608.617222976447,1.0
2026-07-16 01:00:00+00:00,97.51,68.01788002240065,-5.684341886080802e-14,6632.423480984287,1.0
2026-07-16 02:00:00+00:00,97.55,68.01788002240065,-5.684341886080802e-14,6635.144196185183,1.0
2026-07-16 03:00:00+00:00,97.62,68.01788002240065,-5.684341886080802e-14,6639.905447786751,1.0
2026-07-16 04:00:00+00:00,97.3,68.01788002240065,-5.684341886080802e-14,6618.139726179583,1.0
2026-07-16 05:00:00+00:00,97.84,68.01788002240065,-5.684341886080802e-14,6654.86938139168,1.0
2026-07-16 06:00:00+00:00,97.57,68.01788002240065,-5.684341886080802e-14,6636.50455378563,1.0
2026-07-16 07:00:00+00:00,96.28,68.01788002240065,-5.684341886080802e-14,6548.761488556735,1.0
2026-07-16 08:00:00+00:00,95.67,68.01788002240065,-5.684341886080802e-14,6507.27058174307,1.0
2026-07-16 09:00:00+00:00,95.84,68.01788002240065,-5.684341886080802e-14,6518.833621346878,1.0
2026-07-16 10:00:00+00:00,95.96,68.01788002240065,-5.684341886080802e-14,6526.995766949565,1.0
2026-07-16 11:00:00+00:00,95.93,68.01788002240065,-5.684341886080802e-14,6524.955230548894,1.0
2026-07-16 12:00:00+00:00,95.23,68.01788002240065,-5.684341886080802e-14,6477.342714533213,1.0
2026-07-16 13:00:00+00:00,94.86,68.01788002240065,-5.684341886080802e-14,6452.176098924925,1.0
2026-07-16 14:00:00+00:00,94.327,68.01788002240065,-5.684341886080802e-14,6415.922568872986,1.0
2026-07-16 15:00:00+00:00,94.75,68.01788002240065,-5.684341886080802e-14,6444.694132122461,1.0
2026-07-16 16:00:00+00:00,94.7,68.01788002240065,-5.684341886080802e-14,6441.293238121341,1.0
2026-07-16 17:00:00+00:00,94.09,68.01788002240065,-5.684341886080802e-14,6399.802331307677,1.0
2026-07-16 18:00:00+00:00,95.27,68.01788002240065,-5.684341886080802e-14,6480.063429734109,1.0
2026-07-16 19:00:00+00:00,94.02,68.01788002240065,-5.684341886080802e-14,6395.041079706109,1.0
2026-07-16 20:00:00+00:00,93.93,68.01788002240065,-5.684341886080802e-14,6388.919470504094,1.0
2026-07-16 21:00:00+00:00,93.975,68.01788002240065,-5.684341886080802e-14,6391.9802751051,1.0
2026-07-16 22:00:00+00:00,93.395,68.01788002240065,-5.684341886080802e-14,6352.529904692108,1.0
2026-07-16 23:00:00+00:00,92.69,68.01788002240065,-5.684341886080802e-14,6304.577299276316,1.0
2026-07-17 00:00:00+00:00,93.04,68.01788002240065,-5.684341886080802e-14,6328.383557284156,1.0
2026-07-17 01:00:00+00:00,92.43,68.01788002240065,-5.684341886080802e-14,6286.892650470492,1.0
2026-07-17 02:00:00+00:00,92.11,68.01788002240065,-5.684341886080802e-14,6265.126928863324,1.0
2026-07-17 03:00:00+00:00,92.17,68.01788002240065,-5.684341886080802e-14,6269.208001664668,1.0
2026-07-17 04:00:00+00:00,92.2,68.01788002240065,-5.684341886080802e-14,6271.24853806534,1.0
2026-07-17 05:00:00+00:00,90.65,68.01788002240065,-5.684341886080802e-14,6165.820824030619,1.0
2026-07-17 06:00:00+00:00,90.67,68.01788002240065,-5.684341886080802e-14,6167.1811816310665,1.0
2026-07-17 07:00:00+00:00,90.55,68.01788002240065,-5.684341886080802e-14,6159.019036028379,1.0
2026-07-17 08:00:00+00:00,89.98,68.01788002240065,-5.684341886080802e-14,6120.248844415611,1.0
2026-07-17 09:00:00+00:00,91.282,68.01788002240065,-5.684341886080802e-14,6208.808124204776,1.0
2026-07-17 10:00:00+00:00,91.82,68.01788002240065,-5.684341886080802e-14,6245.4017436568265,1.0
2026-07-17 11:00:00+00:00,91.91,68.01788002240065,-5.684341886080802e-14,6251.523352858843,1.0
2026-07-17 12:00:00+00:00,91.55,68.01788002240065,-5.684341886080802e-14,6227.036916050779,1.0
2026-07-17 13:00:00+00:00,93.265,68.01788002240065,-5.684341886080802e-14,6343.687580289196,1.0
2026-07-17 14:00:00+00:00,93.29,68.01788002240065,-5.684341886080802e-14,6345.388027289757,1.0
2026-07-17 15:00:00+00:00,94.31,68.01788002240065,-5.684341886080802e-14,6414.766264912605,1.0
2026-07-17 16:00:00+00:00,94.347,68.01788002240065,-5.684341886080802e-14,6417.282926473434,1.0
2026-07-17 17:00:00+00:00,94.9,68.01788002240065,-5.684341886080802e-14,6454.896814125822,1.0
2026-07-17 18:00:00+00:00,94.59,68.01788002240065,-5.684341886080802e-14,6433.8112713188775,1.0
2026-07-17 19:00:00+00:00,94.81,68.01788002240065,-5.684341886080802e-14,6448.775204923805,1.0
2026-07-17 20:00:00+00:00,94.99,68.01788002240065,-5.684341886080802e-14,6461.018423327837,1.0
2026-07-17 21:00:00+00:00,94.805,68.01788002240065,-5.684341886080802e-14,6448.435115523694,1.0
2026-07-17 22:00:00+00:00,94.96,68.01788002240065,-5.684341886080802e-14,6458.977886927165,1.0
2026-07-17 23:00:00+00:00,94.975,68.01788002240065,-5.684341886080802e-14,6459.998155127501,1.0
2026-07-18 01:00:00+00:00,97.27,68.01788002240065,-5.684341886080802e-14,6616.099189778911,1.0
2026-07-18 02:00:00+00:00,95.03,68.01788002240065,-5.684341886080802e-14,6463.739138528734,1.0
2026-07-18 03:00:00+00:00,95.03,68.01788002240065,-5.684341886080802e-14,6463.739138528734,1.0
2026-07-18 09:00:00+00:00,95.03,68.01788002240065,-5.684341886080802e-14,6463.739138528734,1.0
2026-07-18 10:00:00+00:00,95.06,68.01788002240065,-5.684341886080802e-14,6465.779674929406,1.0
2026-07-18 13:00:00+00:00,94.74,68.01788002240065,-5.684341886080802e-14,6444.013953322237,1.0
2026-07-18 14:00:00+00:00,95.06,68.01788002240065,-5.684341886080802e-14,6465.779674929406,1.0
2026-07-18 17:00:00+00:00,95.17,68.01788002240065,-5.684341886080802e-14,6473.2616417318695,1.0
2026-07-18 18:00:00+00:00,95.31,68.01788002240065,-5.684341886080802e-14,6482.784144935006,1.0
2026-07-18 19:00:00+00:00,95.5,68.01788002240065,-5.684341886080802e-14,6495.707542139262,1.0
2026-07-18 20:00:00+00:00,95.42,68.01788002240065,-5.684341886080802e-14,6490.26611173747,1.0
2026-07-18 21:00:00+00:00,95.53,68.01788002240065,-5.684341886080802e-14,6497.748078539934,1.0
2026-07-19 01:00:00+00:00,95.6,63.936807221056604,389.439692694356,6501.798463027368,0.9401027738849621
2026-07-19 02:00:00+00:00,95.88,63.936807221056604,389.439692694356,6519.700769049264,0.9402672443890172
2026-07-19 04:00:00+00:00,96.11,63.936807221056604,389.439692694356,6534.406234710106,0.9404016709849332
2026-07-19 12:00:00+00:00,95.64,63.936807221056604,389.439692694356,6504.35593531621,0.9401263251016376
2026-07-19 13:00:00+00:00,95.81,63.936807221056604,389.439692694356,6515.2251925437895,0.9402262114991754
2026-07-19 14:00:00+00:00,95.84,63.936807221056604,389.439692694356,6517.143296760421,0.940243803924345
2026-07-19 16:00:00+00:00,95.56,63.936807221056604,389.439692694356,6499.240990738525,0.940079204133327
2026-07-19 17:00:00+00:00,95.44,63.936807221056604,389.439692694356,6491.5685738719985,0.9400083834495999
2026-07-19 18:00:00+00:00,95.79,63.936807221056604,389.439692694356,6513.946456399369,0.9402144774598559
2026-07-19 19:00:00+00:00,95.8,63.936807221056604,389.439692694356,6514.585824471579,0.9402203450553289
2026-07-20 00:00:00+00:00,95.41,63.936807221056604,389.439692694356,6489.650469655367,0.9399906521136511
2026-07-20 01:00:00+00:00,95.37,63.936807221056604,389.439692694356,6487.092997366525,0.9399669940214436
2026-07-20 02:00:00+00:00,95.61,63.936807221056604,389.439692694356,6502.437831099578,0.9401086634259291
2026-07-20 03:00:00+00:00,95.77,63.936807221056604,389.439692694356,6512.667720254947,0.9402027388126734
2026-07-20 04:00:00+00:00,95.54,63.936807221056604,389.439692694356,6497.962254594105,0.9400674123000607
2026-07-20 05:00:00+00:00,94.78,63.936807221056604,389.439692694356,6449.370281106101,0.9396158577163343
2026-07-20 06:00:00+00:00,94.41,63.936807221056604,389.439692694356,6425.71366243431,0.9393935501715429
2026-07-20 07:00:00+00:00,95.08,63.936807221056604,389.439692694356,6468.551323272418,0.9397949133845103
2026-07-20 08:00:00+00:00,94.25,63.936807221056604,389.439692694356,6415.483773278941,0.9392969094058959
2026-07-20 09:00:00+00:00,94.904,63.936807221056604,389.439692694356,6457.298445201513,0.9396899963662431
2026-07-20 10:00:00+00:00,95.19,63.936807221056604,389.439692694356,6475.584372066734,0.939860301353766
2026-07-20 11:00:00+00:00,96.55,63.936807221056604,389.439692694356,6562.538429887371,0.9406571562429631
2026-07-20 12:00:00+00:00,95.93,63.936807221056604,389.439692694356,6522.897609410317,0.9402965191217277
2026-07-20 13:00:00+00:00,95.23,63.936807221056604,389.439692694356,6478.141844355577,0.9398840435959771
2026-07-20 14:00:00+00:00,96.045,63.936807221056604,389.439692694356,6530.250342240738,0.9403637422327783
2026-07-20 15:00:00+00:00,99.325,63.936807221056604,389.439692694356,6739.963069925804,0.9422193135698229
2026-07-20 16:00:00+00:00,99.555,63.936807221056604,389.439692694356,6754.668535586647,0.9423451068483062
2026-07-20 17:00:00+00:00,99.675,63.936807221056604,389.439692694356,6762.3409524531735,0.9424105209375638
2026-07-20 18:00:00+00:00,97.75,63.936807221056604,389.439692694356,6639.262598552639,0.9413429297435449
2026-07-20 19:00:00+00:00,97.71,63.936807221056604,389.439692694356,6636.705126263797,0.9413203260827115
2026-07-20 20:00:00+00:00,98.26,63.936807221056604,389.439692694356,6671.870370235379,0.9416296074288659
2026-07-20 21:00:00+00:00,98.1,63.936807221056604,389.439692694356,6661.640481080009,0.9415399714529147
2026-07-20 22:00:00+00:00,97.85,63.936807221056604,389.439692694356,6645.6562792747445,0.9413993627824434
2026-07-20 23:00:00+00:00,98.28,63.936807221056604,389.439692694356,6673.149106379799,0.9416407926023957
2026-07-21 00:00:00+00:00,99.21,63.936807221056604,389.439692694356,6732.6103370953815,0.9421562108609466
2026-07-21 01:00:00+00:00,98.53,67.8622610145946,-1.1368683772161603e-13,6686.468577768005,1.0
2026-07-21 02:00:00+00:00,98.91,67.8622610145946,-1.1368683772161603e-13,6712.256236953551,1.0
2026-07-21 03:00:00+00:00,99.33,67.8622610145946,-1.1368683772161603e-13,6740.7583865796805,1.0
2026-07-21 04:00:00+00:00,99.14,67.8622610145946,-1.1368683772161603e-13,6727.864556986908,1.0
2026-07-21 05:00:00+00:00,99.97,67.8622610145946,-1.1368683772161603e-13,6784.190233629021,1.0
2026-07-21 06:00:00+00:00,99.85,67.8622610145946,-1.1368683772161603e-13,6776.04676230727,1.0
2026-07-21 07:00:00+00:00,100.74,67.8622610145946,-1.1368683772161603e-13,6836.444174610259,1.0
2026-07-21 08:00:00+00:00,101.2,67.8622610145946,-1.1368683772161603e-13,6867.660814676973,1.0
2026-07-21 09:00:00+00:00,101.22,67.8622610145946,-1.1368683772161603e-13,6869.018059897265,1.0
2026-07-21 10:00:00+00:00,101.64,67.8622610145946,-1.1368683772161603e-13,6897.520209523394,1.0
2026-07-21 11:00:00+00:00,100.89,67.8622610145946,-1.1368683772161603e-13,6846.623513762449,1.0
2026-07-21 12:00:00+00:00,101.33,67.8622610145946,-1.1368683772161603e-13,6876.48290860887,1.0
2026-07-21 13:00:00+00:00,103.21,67.8622610145946,-1.1368683772161603e-13,7004.063959316308,1.0
2026-07-21 14:00:00+00:00,103.198,67.8622610145946,-1.1368683772161603e-13,7003.249612184132,1.0
2026-07-21 15:00:00+00:00,102.56,67.8622610145946,-1.1368683772161603e-13,6959.953489656822,1.0
2026-07-21 16:00:00+00:00,101.44,67.8622610145946,-1.1368683772161603e-13,6883.947757320476,1.0
2026-07-21 17:00:00+00:00,100.625,67.8622610145946,-1.1368683772161603e-13,6828.640014593581,1.0
2026-07-21 18:00:00+00:00,100.17,67.8622610145946,-1.1368683772161603e-13,6797.762685831941,1.0
2026-07-21 19:00:00+00:00,101.94,67.8622610145946,-1.1368683772161603e-13,6917.878887827773,1.0
2026-07-21 20:00:00+00:00,101.79,67.8622610145946,-1.1368683772161603e-13,6907.699548675584,1.0
2026-07-21 21:00:00+00:00,101.75,67.8622610145946,-1.1368683772161603e-13,6904.985058235,1.0
2026-07-21 22:00:00+00:00,101.745,67.8622610145946,-1.1368683772161603e-13,6904.645746929928,1.0
2026-07-21 23:00:00+00:00,101.95,67.8622610145946,-1.1368683772161603e-13,6918.5575104379195,1.0
2026-07-22 00:00:00+00:00,102.47,67.8622610145946,-1.1368683772161603e-13,6953.845886165508,1.0
2026-07-22 01:00:00+00:00,101.97,57.00429925225946,1110.6270831432898,6923.355477896186,0.8395825424984854
2026-07-22 02:00:00+00:00,101.5,57.00429925225946,1110.6270831432898,6896.563457247625,0.8389593469228319
2026-07-22 03:00:00+00:00,101.53,57.00429925225946,1110.6270831432898,6898.273586225192,0.83899926999691
2026-07-22 04:00:00+00:00,101.8,57.00429925225946,1110.6270831432898,6913.664747023302,0.8393576888984279
2026-07-22 05:00:00+00:00,100.75,57.00429925225946,1110.6270831432898,6853.81023280843,0.8379547951551327
2026-07-22 06:00:00+00:00,100.6,57.00429925225946,1110.6270831432898,6845.259587920591,0.8377523790181536
2026-07-22 07:00:00+00:00,100.34,57.00429925225946,1110.6270831432898,6830.438470115005,0.8374003238587712
2026-07-22 08:00:00+00:00,100.885,57.00429925225946,1110.6270831432898,6861.505813207485,0.8381365383374768
2026-07-22 09:00:00+00:00,100.59,57.00429925225946,1110.6270831432898,6844.689544928069,0.8377388666274473
2026-07-22 10:00:00+00:00,100.72,57.00429925225946,1110.6270831432898,6852.100103830862,0.8379143523425232
2026-07-22 11:00:00+00:00,100.53,57.00429925225946,1110.6270831432898,6841.269286972933,0.8376577449950504
2026-07-22 12:00:00+00:00,99.08,57.00429925225946,1110.6270831432898,6758.613053057157,0.8356723377378567
2026-07-22 13:00:00+00:00,100.96,57.00429925225946,1110.6270831432898,6865.781135651405,0.8382373307275666
2026-07-22 14:00:00+00:00,98.5,57.00429925225946,1110.6270831432898,6725.550559490846,0.8348645105974241
2026-07-22 15:00:00+00:00,99.684,57.00429925225946,1110.6270831432898,6793.0436498055205,0.8365052338247398
2026-07-22 16:00:00+00:00,100.34,57.00429925225946,1110.6270831432898,6830.438470115005,0.8374003238587712
2026-07-22 17:00:00+00:00,100.03,57.00429925225946,1110.6270831432898,6812.767137346804,0.8369785638122048
2026-07-22 18:00:00+00:00,100.31,57.00429925225946,1110.6270831432898,6828.728341137436,0.8373596037709276
2026-07-22 19:00:00+00:00,99.96,57.00429925225946,1110.6270831432898,6808.776836399145,0.8368830246857304
2026-07-22 20:00:00+00:00,99.86,57.00429925225946,1110.6270831432898,6803.07640647392,0.8367463458022609
2026-07-22 21:00:00+00:00,99.9,57.00429925225946,1110.6270831432898,6805.356578444011,0.8368010448326536
2026-07-22 22:00:00+00:00,100.02,57.00429925225946,1110.6270831432898,6812.19709435428,0.8369649222181578
2026-07-22 23:00:00+00:00,99.91,57.00429925225946,1110.6270831432898,6805.9266214365325,0.8368147138634784
2026-07-23 00:00:00+00:00,100.24,57.00429925225946,1110.6270831432898,6824.738040189777,0.8372645108716281
2026-07-23 01:00:00+00:00,99.65,57.00429925225946,1110.6270831432898,6791.105503630944,0.8364585732691858
2026-07-23 02:00:00+00:00,99.51,57.00429925225946,1110.6270831432898,6783.1249017356295,0.8362661606217646
2026-07-23 03:00:00+00:00,99.3,57.00429925225946,1110.6270831432898,6771.153998892654,0.8359766912220693
2026-07-23 04:00:00+00:00,99.33,57.00429925225946,1110.6270831432898,6772.864127870222,0.8360181066421992
2026-07-23 05:00:00+00:00,99.29,57.00429925225946,1110.6270831432898,6770.583955900132,0.8359628814327825
2026-07-23 06:00:00+00:00,99.69,57.00429925225946,1110.6270831432898,6793.3856756010355,0.8365134652766452
2026-07-23 07:00:00+00:00,98.74,57.00429925225946,1110.6270831432898,6739.231591311389,0.8351997452387337
2026-07-23 08:00:00+00:00,99.45,57.00429925225946,1110.6270831432898,6779.704643780493,0.8361835593882181
2026-07-23 09:00:00+00:00,99.57,57.00429925225946,1110.6270831432898,6786.545159690764,0.8363486785971823
2026-07-23 10:00:00+00:00,99.34,57.00429925225946,1110.6270831432898,6773.434170862745,0.8360319071349552
2026-07-23 11:00:00+00:00,99.31,57.00429925225946,1110.6270831432898,6771.724041885176,0.835990498686343
2026-07-23 12:00:00+00:00,97.75,57.00429925225946,1110.6270831432898,6682.797335051651,0.8338080556000124
2026-07-23 13:00:00+00:00,95.448,57.00429925225946,1110.6270831432898,6551.573438172951,0.8304793354414397
2026-07-23 14:00:00+00:00,93.58,57.00429925225946,1110.6270831432898,6445.089407169729,0.8276785606871813
2026-07-23 15:00:00+00:00,93.185,57.00429925225946,1110.6270831432898,6422.572708965088,0.8270744243046096
2026-07-23 16:00:00+00:00,93.285,57.00429925225946,1110.6270831432898,6428.273138890314,0.8272277703285313
2026-07-23 17:00:00+00:00,93.875,57.00429925225946,1110.6270831432898,6461.905675449147,0.8281270047993862
2026-07-23 18:00:00+00:00,94.835,57.00429925225946,1110.6270831432898,6516.629802731315,0.8295703274907849
2026-07-23 19:00:00+00:00,93.64,57.00429925225946,1110.6270831432898,6448.509665124866,0.8277699591349245
2026-07-23 20:00:00+00:00,94.6,57.00429925225946,1110.6270831432898,6503.233792407034,0.8292192594336647
2026-07-23 21:00:00+00:00,94.3,57.00429925225946,1110.6270831432898,6486.132502631357,0.8287689801753633
2026-07-23 22:00:00+00:00,94.4,57.00429925225946,1110.6270831432898,6491.832932556583,0.8289193368526957
2026-07-23 23:00:00+00:00,94.06,57.00429925225946,1110.6270831432898,6472.4514708108145,0.8284070435827989
2026-07-24 00:00:00+00:00,93.75,57.00429925225946,1110.6270831432898,6454.7801380426135,0.8279372713878241
2026-07-24 01:00:00+00:00,93.91,64.7116202584828,386.5859782953146,6463.654236769434,0.9401908016526991
2026-07-24 02:00:00+00:00,93.52,64.7116202584828,386.5859782953146,6438.416704868626,0.9399563594566681
2026-07-24 03:00:00+00:00,94.65,64.7116202584828,386.5859782953146,6511.540835760712,0.9406306451812105
2026-07-24 04:00:00+00:00,94.42,64.7116202584828,386.5859782953146,6496.65716310126,0.9404946315328154
2026-07-24 05:00:00+00:00,94.3,64.7116202584828,386.5859782953146,6488.8917686702425,0.9404234201960596
2026-07-24 06:00:00+00:00,94.32,64.7116202584828,386.5859782953146,6490.186001075412,0.9404353005859527
2026-07-24 07:00:00+00:00,95.17,64.7116202584828,386.5859782953146,6545.190878295122,0.940935874066363
2026-07-24 08:00:00+00:00,95.16,64.7116202584828,386.5859782953146,6544.543762092538,0.9409300338803589
2026-07-24 09:00:00+00:00,94.71,64.7116202584828,386.5859782953146,6515.42353297622,0.9406660248042656
2026-07-24 10:00:00+00:00,94.35,64.7116202584828,386.5859782953146,6492.127349683166,0.9404531122892743
2026-07-24 11:00:00+00:00,94.52,64.7116202584828,386.5859782953146,6503.128325127109,0.94055384440107
2026-07-24 12:00:00+00:00,93.7,64.7116202584828,386.5859782953146,6450.064796515153,0.9400647915189658
2026-07-24 13:00:00+00:00,90.79,64.7116202584828,386.5859782953146,6261.753981562968,0.9382623495855037
2026-07-24 14:00:00+00:00,91.43,64.7116202584828,386.5859782953146,6303.169418528398,0.9386680013456514
2026-07-24 15:00:00+00:00,92.865,64.7116202584828,386.5859782953146,6396.030593599319,0.9395584538507084
2026-07-24 16:00:00+00:00,92.75,64.7116202584828,386.5859782953146,6388.588757269594,0.9394880476763483
2026-07-24 17:00:00+00:00,93.065,64.7116202584828,386.5859782953146,6408.972917651016,0.9396805099252933
2026-07-24 18:00:00+00:00,92.83,64.7116202584828,386.5859782953146,6393.765686890272,0.9395370432344795
2026-07-24 19:00:00+00:00,91.63,64.7116202584828,386.5859782953146,6316.111742580093,0.9387936765448363
2026-07-24 20:00:00+00:00,91.4,64.7116202584828,386.5859782953146,6301.228069920643,0.9386491055385362
2026-07-24 21:00:00+00:00,91.3,64.7116202584828,386.5859782953146,6294.756907894794,0.9385860353383203
2026-07-24 22:00:00+00:00,91.29,64.7116202584828,386.5859782953146,6294.10979169221,0.9385797211854198
2026-07-24 23:00:00+00:00,91.283,64.7116202584828,386.5859782953146,6293.6568103504,0.9385753005058133
2026-07-25 00:00:00+00:00,91.39,64.7116202584828,386.5859782953146,6300.580953718058,0.9386428043485124
2026-07-25 01:00:00+00:00,91.41,64.7116202584828,386.5859782953146,6301.875186123227,0.9386554054344681
2026-07-25 02:00:00+00:00,91.45,64.7116202584828,386.5859782953146,6304.463650933567,0.9386805920852491
2026-07-25 03:00:00+00:00,91.45,64.7116202584828,386.5859782953146,6304.463650933567,0.9386805920852491
2026-07-25 04:00:00+00:00,91.63,64.7116202584828,386.5859782953146,6316.111742580093,0.9387936765448363
2026-07-25 05:00:00+00:00,91.51,64.7116202584828,386.5859782953146,6308.346348149076,0.9387183333063597
2026-07-25 11:00:00+00:00,91.54,64.7116202584828,386.5859782953146,6310.28769675683,0.9387371865003872
2026-07-25 12:00:00+00:00,91.61,64.7116202584828,386.5859782953146,6314.817510174924,0.9387811322065258
2026-07-25 13:00:00+00:00,91.63,64.7116202584828,386.5859782953146,6316.111742580093,0.9387936765448363
2026-07-25 14:00:00+00:00,91.67,64.7116202584828,386.5859782953146,6318.700207390433,0.9388187498050377
2026-07-25 15:00:00+00:00,91.67,64.7116202584828,386.5859782953146,6318.700207390433,0.9388187498050377
2026-07-25 17:00:00+00:00,91.97,64.7116202584828,386.5859782953146,6338.113693467977,0.9390061464669326
2026-07-25 19:00:00+00:00,92.15,64.7116202584828,386.5859782953146,6349.761785114505,0.9391180344431861
2026-07-25 20:00:00+00:00,92.19,64.7116202584828,386.5859782953146,6352.350249924843,0.9391428427140194
2026-07-26 00:00:00+00:00,92.5,64.7116202584828,386.5859782953146,6372.410852204974,0.9393344234605419
2026-07-26 02:00:00+00:00,92.79,64.7116202584828,386.5859782953146,6391.177222079934,0.9395125553771603
2026-07-26 04:00:00+00:00,92.8,64.7116202584828,386.5859782953146,6391.8243382825185,0.9395186792008758
2026-07-26 10:00:00+00:00,92.65,64.7116202584828,386.5859782953146,6382.117595243746,0.9394266914505905
2026-07-26 14:00:00+00:00,92.74,64.7116202584828,386.5859782953146,6387.941641067009,0.9394819176477728
2026-07-26 15:00:00+00:00,92.8,64.7116202584828,386.5859782953146,6391.8243382825185,0.9395186792008758
2026-07-26 16:00:00+00:00,92.81,64.7116202584828,386.5859782953146,6392.471454485103,0.9395248017847498
2026-07-26 18:00:00+00:00,92.9,64.7116202584828,386.5859782953146,6398.295500308367,0.9395798493088224
2026-07-26 19:00:00+00:00,92.94,64.7116202584828,386.5859782953146,6400.883965118705,0.9396042827206373
2026-07-26 21:00:00+00:00,92.86,64.7116202584828,386.5859782953146,6395.707035498027,0.9395553961196705
2026-07-26 22:00:00+00:00,94.04,64.7116202584828,386.5859782953146,6472.066747403037,0.9402685427417085
2026-07-26 23:00:00+00:00,94.0,64.7116202584828,386.5859782953146,6469.478282592698,0.9402446439405331
2026-07-27 00:00:00+00:00,94.21,64.7116202584828,386.5859782953146,6483.0677228469785,0.9403698997416073
2026-07-27 01:00:00+00:00,93.66,64.7116202584828,386.5859782953146,6447.476331704814,0.9400407293634694
2026-07-27 02:00:00+00:00,93.89,64.7116202584828,386.5859782953146,6462.360004364265,0.9401788235204724
2026-07-27 03:00:00+00:00,94.3,64.7116202584828,386.5859782953146,6488.8917686702425,0.9404234201960596
2026-07-27 04:00:00+00:00,94.52,64.7116202584828,386.5859782953146,6503.128325127109,0.94055384440107
2026-07-27 05:00:00+00:00,94.79,64.7116202584828,386.5859782953146,6520.6004625969,0.9407131320937654
2026-07-27 06:00:00+00:00,94.82,64.7116202584828,386.5859782953146,6522.541811204653,0.9407307780486399
2026-07-27 07:00:00+00:00,94.37,64.7116202584828,386.5859782953146,6493.421582088336,0.9404649808412738
2026-07-27 08:00:00+00:00,94.5,64.7116202584828,386.5859782953146,6501.834092721939,0.9405420112567846
2026-07-27 09:00:00+00:00,94.31,64.7116202584828,386.5859782953146,6489.538884872827,0.9404293609833435
2026-07-27 10:00:00+00:00,94.526,64.7116202584828,386.5859782953146,6503.516594848659,0.9405573934259622
2026-07-27 11:00:00+00:00,93.9,64.7116202584828,386.5859782953146,6463.00712056685,0.9401848131862481
2026-07-27 12:00:00+00:00,94.07,64.7116202584828,386.5859782953146,6474.008096010791,0.940286454301235
2026-07-27 13:00:00+00:00,97.01,64.7116202584828,386.5859782953146,6664.260259570731,0.9419911643246334
2026-07-27 14:00:00+00:00,97.24,64.7116202584828,386.5859782953146,6679.143932230181,0.9421204300704098
2026-07-27 15:00:00+00:00,96.376,64.7116202584828,386.5859782953146,6623.233092326853,0.9416318325345997
2026-07-27 16:00:00+00:00,97.33,64.7116202584828,386.5859782953146,6684.967978053445,0.942170855632448
2026-07-27 17:00:00+00:00,98.34,64.7116202584828,386.5859782953146,6750.326714514513,0.9427307751691366
2026-07-27 18:00:00+00:00,98.56,64.7116202584828,386.5859782953146,6764.563270971379,0.9428513027656549
2026-07-27 19:00:00+00:00,98.61,64.7116202584828,386.5859782953146,6767.798851984303,0.9428786246828289
2026-07-27 20:00:00+00:00,98.69,64.7116202584828,386.5859782953146,6772.975781604981,0.9429222854531297
2026-07-27 21:00:00+00:00,98.454,64.7116202584828,386.5859782953146,6757.703839223979,0.9427932937736276
2026-07-27 22:00:00+00:00,96.132,64.7116202584828,386.5859782953146,6607.443456983783,0.9414923516467311
2026-07-27 23:00:00+00:00,96.31,64.7116202584828,386.5859782953146,6618.962125389793,0.941594169754741
2026-07-28 00:00:00+00:00,95.58,64.7116202584828,386.5859782953146,6571.7226426011,0.9411743314014386
2026-07-28 01:00:00+00:00,94.88,64.7116202584828,386.5859782953146,6526.424508420162,0.9407660384646209
2026-07-28 02:00:00+00:00,94.77,64.7116202584828,386.5859782953146,6519.306230191729,0.9407013622853017
2026-07-28 03:00:00+00:00,95.26,64.7116202584828,386.5859782953146,6551.014924118386,0.9409883838194216
2026-07-28 04:00:00+00:00,95.3,64.7116202584828,386.5859782953146,6553.6033889287255,0.9410116915301298
2026-07-28 05:00:00+00:00,95.38,64.7116202584828,386.5859782953146,6558.780318549404,0.9410582517603189
2026-07-28 06:00:00+00:00,95.82,64.7116202584828,386.5859782953146,6587.253431463136,0.941313024871817
2026-07-28 07:00:00+00:00,95.48,64.7116202584828,386.5859782953146,6565.251480575253,0.9411163487889055
2026-07-28 08:00:00+00:00,95.45,64.7116202584828,386.5859782953146,6563.310131967498,0.9410989317094136
2026-07-28 09:00:00+00:00,95.085,64.7116202584828,386.5859782953146,6539.6903905731515,0.9408861956442813
2026-07-28 10:00:00+00:00,94.34,64.7116202584828,386.5859782953146,6491.480233480582,0.940447176238564
2026-07-28 11:00:00+00:00,95.26,64.7116202584828,386.5859782953146,6551.014924118386,0.9409883838194216
2026-07-28 12:00:00+00:00,95.9,64.7116202584828,386.5859782953146,6592.430361083815,0.9413591108102719
2026-07-28 13:00:00+00:00,94.47,64.7116202584828,386.5859782953146,6499.892744114184,0.9405242527047268
2026-07-28 14:00:00+00:00,96.18,64.7116202584828,386.5859782953146,6610.549614756191,0.9415198431561015
2026-07-28 15:00:00+00:00,97.775,64.7116202584828,386.5859782953146,6713.76464906847,0.9424188963268241
2026-07-28 16:00:00+00:00,98.035,64.7116202584828,386.5859782953146,6730.589670335676,0.9425628366561775
2026-07-28 17:00:00+00:00,96.85,64.7116202584828,386.5859782953146,6653.906400329373,0.9419008992557848
2026-07-28 18:00:00+00:00,95.795,64.7116202584828,386.5859782953146,6585.635640956674,0.9412986081569559
2026-07-28 19:00:00+00:00,96.15,64.7116202584828,386.5859782953146,6608.608266148436,0.9415026639912156
2026-07-28 20:00:00+00:00,97.19,64.7116202584828,386.5859782953146,6675.908351217257,0.9420923778522474
2026-07-28 21:00:00+00:00,96.76,64.7116202584828,386.5859782953146,6648.08235450611,0.9418500015973351
2026-07-28 22:00:00+00:00,96.6,64.7116202584828,386.5859782953146,6637.728495264752,0.9417592963359229
2026-07-28 23:00:00+00:00,96.782,64.7116202584828,386.5859782953146,6649.5060101517965,0.941862451480589
2026-07-29 00:00:00+00:00,96.79,64.7116202584828,386.5859782953146,6650.023703113865,0.941866977389224
2026-07-29 01:00:00+00:00,96.06,64.7116202584828,386.5859782953146,6602.784220325172,0.9414510658844041
2026-07-29 02:00:00+00:00,96.54,64.7116202584828,386.5859782953146,6633.845798049244,0.9417252088661762
2026-07-29 03:00:00+00:00,95.64,64.7116202584828,386.5859782953146,6575.60533981661,0.9412090661897758
2026-07-29 04:00:00+00:00,96.4,64.7116202584828,386.5859782953146,6624.786171213057,0.9416455160507425
2026-07-29 05:00:00+00:00,96.83,64.7116202584828,386.5859782953146,6652.612167924204,0.9418895963664841
2026-07-29 06:00:00+00:00,97.5,64.7116202584828,386.5859782953146,6695.968953497388,0.9422658645850805
2026-07-29 07:00:00+00:00,97.9,64.7116202584828,386.5859782953146,6721.853601600781,0.9424881883468496
2026-07-29 08:00:00+00:00,97.585,64.7116202584828,386.5859782953146,6701.4694412193585,0.9423132520880415
2026-07-29 09:00:00+00:00,98.32,64.7116202584828,386.5859782953146,6749.032482109343,0.942719792900672
2026-07-29 10:00:00+00:00,97.5,64.7116202584828,386.5859782953146,6695.968953497388,0.9422658645850805
2026-07-29 11:00:00+00:00,97.84,64.7116202584828,386.5859782953146,6717.970904385272,0.9424549490020917
2026-07-29 12:00:00+00:00,96.95,64.7116202584828,386.5859782953146,6660.377562355222,0.9419573478115839
2026-07-29 13:00:00+00:00,97.85,64.7116202584828,386.5859782953146,6718.618020587856,0.9424604915608091
2026-07-29 14:00:00+00:00,95.51,64.7116202584828,386.5859782953146,6567.192829183007,0.9411337555709617
2026-07-29 15:00:00+00:00,95.313,64.7116202584828,386.5859782953146,6554.444639992085,0.9410192625723692
2026-07-29 16:00:00+00:00,96.23,64.7116202584828,386.5859782953146,6613.785195769115,0.9415484526859722
2026-07-29 17:00:00+00:00,97.5,64.7116202584828,386.5859782953146,6695.968953497388,0.9422658645850805
2026-07-29 18:00:00+00:00,99.32,64.7116202584828,386.5859782953146,6813.744102367826,0.9432637955744517
2026-07-29 19:00:00+00:00,93.39,64.7116202584828,386.5859782953146,6430.0041942350235,0.9398778030904058
2026-07-29 20:00:00+00:00,92.53,64.7116202584828,386.5859782953146,6374.352200812728,0.9393528995391838
2026-07-29 21:00:00+00:00,92.5,64.7116202584828,386.5859782953146,6372.410852204974,0.9393344234605419
2026-07-29 22:00:00+00:00,94.45,64.7116202584828,386.5859782953146,6498.598511709015,0.9405124077754959
2026-07-29 23:00:00+00:00,94.49,64.7116202584828,386.5859782953146,6501.186976519354,0.9405360929178678
2026-07-30 00:00:00+00:00,93.65,64.7116202584828,386.5859782953146,6446.829215502229,0.9400347108054733
2026-07-30 01:00:00+00:00,94.81,64.7116202584828,386.5859782953146,6521.894695002069,0.9407248972309278
2026-07-30 02:00:00+00:00,94.45,64.7116202584828,386.5859782953146,6498.598511709015,0.9405124077754959
2026-07-30 03:00:00+00:00,94.32,64.7116202584828,386.5859782953146,6490.186001075412,0.9404353005859527
2026-07-30 04:00:00+00:00,93.86,64.7116202584828,386.5859782953146,6460.41865575651,0.9401608473235941
2026-07-30 05:00:00+00:00,93.9,64.7116202584828,386.5859782953146,6463.00712056685,0.9401848131862481
2026-07-30 06:00:00+00:00,93.55,64.7116202584828,386.5859782953146,6440.3580534763805,0.9399744587047232
2026-07-30 07:00:00+00:00,93.92,64.7116202584828,386.5859782953146,6464.301352972019,0.9401967889201857
2026-07-30 08:00:00+00:00,94.75,64.7116202584828,386.5859782953146,6518.01199778656,0.9406895878027541
2026-07-30 09:00:00+00:00,95.173,64.7116202584828,386.5859782953146,6545.385013155898,0.9409376258969799
2026-07-30 10:00:00+00:00,95.105,64.7116202584828,386.5859782953146,6540.984622978322,0.940897892201543
2026-07-30 11:00:00+00:00,95.49,64.7116202584828,386.5859782953146,6565.898596777836,0.9411221521932993
2026-07-30 12:00:00+00:00,95.974,64.7116202584828,386.5859782953146,6597.219020982943,0.941401675908326
2026-07-30 13:00:00+00:00,96.99,64.7116202584828,386.5859782953146,6662.966027165561,0.9419798965326903
2026-07-30 14:00:00+00:00,96.04,64.7116202584828,386.5859782953146,6601.489987920003,0.9414395872745813
2026-07-30 15:00:00+00:00,96.095,64.7116202584828,386.5859782953146,6605.049127034219,0.941471142627383
2026-07-30 16:00:00+00:00,97.07,64.7116202584828,386.5859782953146,6668.14295678624,0.9420249414566192
2026-07-30 17:00:00+00:00,96.923,64.7116202584828,386.5859782953146,6658.630348608243,0.9419421175142847
2026-07-30 18:00:00+00:00,96.545,64.7116202584828,386.5859782953146,6634.169356150536,0.9417280510126093
2026-07-30 19:00:00+00:00,97.6,64.7116202584828,386.5859782953146,6702.440115523235,0.9423216065146245
2026-07-30 20:00:00+00:00,97.29,64.7116202584828,386.5859782953146,6682.379513243107,0.942148455123032
2026-07-30 21:00:00+00:00,96.9,64.7116202584828,386.5859782953146,6657.141981342298,0.9419291372515738
2026-07-30 22:00:00+00:00,97.47,64.7116202584828,386.5859782953146,6694.027604889633,0.9422491209906374
2026-07-30 23:00:00+00:00,97.88,64.7116202584828,386.5859782953146,6720.559369195611,0.9424771128327097
2026-07-31 00:00:00+00:00,97.53,64.7116202584828,386.5859782953146,6697.910302105142,0.9422825984734654
2026-07-31 01:00:00+00:00,97.19,68.66739846883934,0.0,6673.784457186495,1.0
2026-07-31 02:00:00+00:00,96.3,68.66739846883934,0.0,6612.670472549228,1.0
2026-07-31 03:00:00+00:00,96.6,68.66739846883934,0.0,6633.27069208988,1.0
2026-07-31 04:00:00+00:00,96.59,68.66739846883934,0.0,6632.584018105192,1.0
2026-07-31 05:00:00+00:00,96.62,68.66739846883934,0.0,6634.644040059257,1.0
2026-07-31 06:00:00+00:00,96.3,68.66739846883934,0.0,6612.670472549228,1.0
2026-07-31 07:00:00+00:00,95.74,68.66739846883934,0.0,6574.216729406678,1.0
2026-07-31 08:00:00+00:00,95.44,68.66739846883934,0.0,6553.616509866026,1.0
2026-07-31 09:00:00+00:00,95.0,68.66739846883934,0.0,6523.402854539737,1.0
2026-07-31 10:00:00+00:00,95.95,68.66739846883934,0.0,6588.636883085134,1.0
2026-07-31 11:00:00+00:00,96.2,68.66739846883934,0.0,6605.803732702345,1.0
2026-07-31 12:00:00+00:00,95.25,68.66739846883934,0.0,6540.5697041569465,1.0
2026-07-31 13:00:00+00:00,91.78,68.66739846883934,0.0,6302.293831470074,1.0
2026-07-31 14:00:00+00:00,90.955,68.66739846883934,0.0,6245.6432277332815,1.0
2026-07-31 15:00:00+00:00,91.636,68.66739846883934,0.0,6292.405726090561,1.0
2026-07-31 16:00:00+00:00,92.916,68.66739846883934,0.0,6380.299996130676,1.0
2026-07-31 17:00:00+00:00,93.661,68.66739846883934,0.0,6431.457207989962,1.0
2026-07-31 18:00:00+00:00,94.895,68.66739846883934,0.0,6516.1927777005085,1.0
2026-07-31 19:00:00+00:00,93.27,68.66739846883934,0.0,6404.608255188645,1.0
2026-07-31 20:00:00+00:00,92.79,68.66739846883934,0.0,6371.647903923603,1.0
2026-07-31 21:00:00+00:00,92.849,68.66739846883934,0.0,6375.699280433264,1.0
2026-07-31 22:00:00+00:00,92.8,68.66739846883934,0.0,6372.33457790829,1.0
2026-07-31 23:00:00+00:00,92.793,68.66739846883934,0.0,6371.8539061190095,1.0
2026-08-01 00:00:00+00:00,92.803,68.66739846883934,0.0,6372.540580103697,1.0
2026-08-01 01:00:00+00:00,93.56,68.66739846883934,0.0,6424.521800744608,1.0
2026-08-01 03:00:00+00:00,93.57,68.66739846883934,0.0,6425.2084747292965,1.0
2026-08-01 05:00:00+00:00,93.64,68.66739846883934,0.0,6430.015192622116,1.0
2026-08-01 06:00:00+00:00,93.74,68.66739846883934,0.0,6436.881932468999,1.0
2026-08-01 07:00:00+00:00,93.76,68.66739846883934,0.0,6438.255280438377,1.0
2026-08-01 08:00:00+00:00,93.82,68.66739846883934,0.0,6442.375324346506,1.0
2026-08-01 12:00:00+00:00,93.89,68.66739846883934,0.0,6447.182042239326,1.0
2026-08-01 13:00:00+00:00,93.93,68.66739846883934,0.0,6449.92873817808,1.0
2026-08-01 14:00:00+00:00,93.96,68.66739846883934,0.0,6451.988760132143,1.0
2026-08-01 15:00:00+00:00,93.62,68.66739846883934,0.0,6428.641844652739,1.0
2026-08-01 16:00:00+00:00,93.58,68.66739846883934,0.0,6425.895148713985,1.0
2026-08-01 17:00:00+00:00,93.0,68.66739846883934,0.0,6386.068057602059,1.0
2026-08-01 18:00:00+00:00,92.14,68.66739846883934,0.0,6327.014094918856,1.0
2026-08-01 19:00:00+00:00,92.47,68.66739846883934,0.0,6349.674336413574,1.0
2026-08-01 21:00:00+00:00,92.47,68.66739846883934,0.0,6349.674336413574,1.0
2026-08-02 00:00:00+00:00,92.47,68.66739846883934,0.0,6349.674336413574,1.0
2026-08-02 01:00:00+00:00,92.8,68.66739846883934,0.0,6372.33457790829,1.0
2026-08-02 02:00:00+00:00,93.41,68.66739846883934,0.0,6414.221690974282,1.0
2026-08-02 03:00:00+00:00,93.65,68.66739846883934,0.0,6430.701866606804,1.0
2026-08-02 05:00:00+00:00,93.89,68.66739846883934,0.0,6447.182042239326,1.0
2026-08-02 06:00:00+00:00,93.75,68.66739846883934,0.0,6437.568606453688,1.0
2026-08-02 08:00:00+00:00,93.4,68.66739846883934,0.0,6413.535016989595,1.0
2026-08-02 09:00:00+00:00,93.5,68.66739846883934,0.0,6420.401756836478,1.0
2026-08-02 10:00:00+00:00,93.29,68.66739846883934,0.0,6405.981603158022,1.0
2026-08-02 11:00:00+00:00,93.26,68.66739846883934,0.0,6403.9215812039565,1.0
2026-08-02 13:00:00+00:00,93.51,68.66739846883934,0.0,6421.088430821167,1.0
2026-08-02 14:00:00+00:00,93.51,68.66739846883934,0.0,6421.088430821167,1.0
2026-08-02 15:00:00+00:00,93.45,68.66739846883934,0.0,6416.968386913037,1.0
2026-08-02 16:00:00+00:00,93.56,68.66739846883934,0.0,6424.521800744608,1.0
2026-08-02 18:00:00+00:00,93.7,68.66739846883934,0.0,6434.135236530246,1.0
2026-08-02 20:00:00+00:00,93.66,68.66739846883934,0.0,6431.3885405914925,1.0
2026-08-02 21:00:00+00:00,93.52,68.66739846883934,0.0,6421.775104805854,1.0
2026-08-02 22:00:00+00:00,93.93,68.66739846883934,0.0,6449.92873817808,1.0
2026-08-02 23:00:00+00:00,93.58,68.66739846883934,0.0,6425.895148713985,1.0
2026-08-03 00:00:00+00:00,94.02,68.66739846883934,0.0,6456.108804040275,1.0
2026-08-03 01:00:00+00:00,93.76,64.54735456070898,386.6161866204361,6438.576150232511,0.9399531546106704
2026-08-03 02:00:00+00:00,93.81,64.54735456070898,386.6161866204361,6441.803517960547,0.9399832383054679
2026-08-03 03:00:00+00:00,93.27,64.54735456070898,386.6161866204361,6406.947946497763,0.9396567304980568
2026-08-03 04:00:00+00:00,93.14,64.54735456070898,386.6161866204361,6398.556790404871,0.9395775954977539
2026-08-03 05:00:00+00:00,93.01,64.54735456070898,386.6161866204361,6390.165634311979,0.9394982526674267
2026-08-03 06:00:00+00:00,92.05,64.54735456070898,386.6161866204361,6328.200173933697,0.938905822193657
2026-08-03 07:00:00+00:00,91.99,64.54735456070898,386.6161866204361,6324.327332660056,0.9388684098269431
2026-08-03 08:00:00+00:00,91.95,64.54735456070898,386.6161866204361,6321.7454384776265,0.9388434427828624
2026-08-03 09:00:00+00:00,92.24,64.54735456070898,386.6161866204361,6340.464171300233,0.9390239931690753
2026-08-03 10:00:00+00:00,92.3,64.54735456070898,386.6161866204361,6344.337012573875,0.9390612154029335
2026-08-03 11:00:00+00:00,91.99,64.54735456070898,386.6161866204361,6324.327332660056,0.9388684098269431
2026-08-03 12:00:00+00:00,92.789,64.54735456070898,386.6161866204361,6375.900668954062,0.9393628905633721
2026-08-03 13:00:00+00:00,95.185,64.54735456070898,386.6161866204361,6530.55613048152,0.9407988877370036
2026-08-03 14:00:00+00:00,95.545,64.54735456070898,386.6161866204361,6553.7931781233765,0.9410087904648922
2026-08-03 15:00:00+00:00,94.53,64.54735456070898,386.6161866204361,6488.277613244256,0.9404131250747885
2026-08-03 16:00:00+00:00,94.815,64.54735456070898,386.6161866204361,6506.673609294057,0.9405815920951994
2026-08-03 17:00:00+00:00,95.202,64.54735456070898,386.6161866204361,6531.653435509052,0.9408088334083047
2026-08-03 18:00:00+00:00,95.171,64.54735456070898,386.6161866204361,6529.6524675176715,0.9407906946742277
2026-08-03 19:00:00+00:00,94.81,64.54735456070898,386.6161866204361,6506.350872521254,0.94057864474336
2026-08-03 20:00:00+00:00,94.19,64.54735456070898,386.6161866204361,6466.331512693614,0.940210893013837
2026-08-03 21:00:00+00:00,94.01,64.54735456070898,386.6161866204361,6454.712988872689,0.9401032722466629
2026-08-03 22:00:00+00:00,94.06,64.54735456070898,386.6161866204361,6457.940356600722,0.9401332057479794
2026-08-03 23:00:00+00:00,94.02,64.54735456070898,386.6161866204361,6455.358462418295,0.9401092613413752
2026-08-04 00:00:00+00:00,93.6,64.54735456070898,386.6161866204361,6428.248573502797,0.9398566837919016
2026-08-04 01:00:00+00:00,93.99,68.66546593471756,-5.684341886080802e-14,6453.867143204103,1.0
2026-08-04 02:00:00+00:00,93.7,68.66546593471756,-5.684341886080802e-14,6433.9541580830355,1.0
2026-08-04 03:00:00+00:00,93.87,68.66546593471756,-5.684341886080802e-14,6445.627287291938,1.0
2026-08-04 04:00:00+00:00,94.32,68.66546593471756,-5.684341886080802e-14,6476.52674696256,1.0
2026-08-04 05:00:00+00:00,94.15,68.66546593471756,-5.684341886080802e-14,6464.853617753659,1.0
2026-08-04 06:00:00+00:00,93.93,68.66546593471756,-5.684341886080802e-14,6449.74721524802,1.0
2026-08-04 07:00:00+00:00,94.0,68.66546593471756,-5.684341886080802e-14,6454.55379786345,1.0
2026-08-04 08:00:00+00:00,93.95,68.66546593471756,-5.684341886080802e-14,6451.120524566715,1.0
2026-08-04 09:00:00+00:00,93.28,68.66546593471756,-5.684341886080802e-14,6405.114662390454,1.0
2026-08-04 10:00:00+00:00,94.09,68.66546593471756,-5.684341886080802e-14,6460.733689797576,1.0
2026-08-04 11:00:00+00:00,94.178,68.66546593471756,-5.684341886080802e-14,6466.77625079983,1.0
2026-08-04 12:00:00+00:00,93.9,68.66546593471756,-5.684341886080802e-14,6447.687251269979,1.0
2026-08-04 13:00:00+00:00,94.18,68.66546593471756,-5.684341886080802e-14,6466.9135817317,1.0
2026-08-04 14:00:00+00:00,95.34,68.66546593471756,-5.684341886080802e-14,6546.565522215972,1.0
2026-08-04 15:00:00+00:00,96.43,68.66546593471756,-5.684341886080802e-14,6621.410880084814,1.0
2026-08-04 16:00:00+00:00,95.945,68.66546593471756,-5.684341886080802e-14,6588.108129106476,1.0
2026-08-04 17:00:00+00:00,96.317,68.66546593471756,-5.684341886080802e-14,6613.651682434191,1.0
2026-08-04 18:00:00+00:00,97.539,68.66546593471756,-5.684341886080802e-14,6697.560881806417,1.0
2026-08-04 19:00:00+00:00,97.6,68.66546593471756,-5.684341886080802e-14,6701.749475228434,1.0
2026-08-04 20:00:00+00:00,97.94,68.66546593471756,-5.684341886080802e-14,6725.095733646238,1.0
2026-08-04 21:00:00+00:00,97.56,68.66546593471756,-5.684341886080802e-14,6699.002856591045,1.0
2026-08-04 22:00:00+00:00,97.605,68.66546593471756,-5.684341886080802e-14,6702.092802558108,1.0
2026-08-04 23:00:00+00:00,97.53,68.66546593471756,-5.684341886080802e-14,6696.942892613004,1.0
2026-08-05 00:00:00+00:00,96.75,68.66546593471756,-5.684341886080802e-14,6643.383829183924,1.0
2026-08-05 01:00:00+00:00,97.63,68.66546593471756,-5.684341886080802e-14,6703.809439206475,1.0
2026-08-05 02:00:00+00:00,97.8,68.66546593471756,-5.684341886080802e-14,6715.4825684153775,1.0
2026-08-05 03:00:00+00:00,97.56,68.66546593471756,-5.684341886080802e-14,6699.002856591045,1.0
2026-08-05 04:00:00+00:00,97.51,68.66546593471756,-5.684341886080802e-14,6695.569583294309,1.0
2026-08-05 05:00:00+00:00,98.03,68.66546593471756,-5.684341886080802e-14,6731.275625580362,1.0
2026-08-05 06:00:00+00:00,97.96,68.66546593471756,-5.684341886080802e-14,6726.469042964932,1.0
2026-08-05 07:00:00+00:00,97.34,68.66546593471756,-5.684341886080802e-14,6683.896454085408,1.0
2026-08-05 08:00:00+00:00,97.35,68.66546593471756,-5.684341886080802e-14,6684.583108744754,1.0
2026-08-05 09:00:00+00:00,97.615,68.66546593471756,-5.684341886080802e-14,6702.779457217454,1.0
2026-08-05 10:00:00+00:00,97.8,68.66546593471756,-5.684341886080802e-14,6715.4825684153775,1.0
2026-08-05 11:00:00+00:00,97.421,68.66546593471756,-5.684341886080802e-14,6689.45835682612,1.0
2026-08-05 12:00:00+00:00,98.0,68.66546593471756,-5.684341886080802e-14,6729.215661602321,1.0
2026-08-05 13:00:00+00:00,98.395,68.66546593471756,-5.684341886080802e-14,6756.338520646534,1.0
2026-08-05 14:00:00+00:00,97.305,68.66546593471756,-5.684341886080802e-14,6681.493162777692,1.0
2026-08-05 15:00:00+00:00,96.183,68.66546593471756,-5.684341886080802e-14,6604.450509998939,1.0
2026-08-05 16:00:00+00:00,97.45,68.66546593471756,-5.684341886080802e-14,6691.449655338226,1.0
2026-08-05 17:00:00+00:00,97.76,68.66546593471756,-5.684341886080802e-14,6712.735949777989,1.0
2026-08-05 18:00:00+00:00,97.45,68.66546593471756,-5.684341886080802e-14,6691.449655338226,1.0
2026-08-05 19:00:00+00:00,98.27,68.66546593471756,-5.684341886080802e-14,6747.755337404695,1.0
2026-08-05 20:00:00+00:00,98.0,68.66546593471756,-5.684341886080802e-14,6729.215661602321,1.0
2026-08-05 21:00:00+00:00,97.55,68.66546593471756,-5.684341886080802e-14,6698.316201931698,1.0
2026-08-05 22:00:00+00:00,97.7,68.66546593471756,-5.684341886080802e-14,6708.616021821906,1.0
2026-08-05 23:00:00+00:00,97.75,68.66546593471756,-5.684341886080802e-14,6712.049295118642,1.0
2026-08-06 00:00:00+00:00,97.88,68.66546593471756,-5.684341886080802e-14,6720.975805690155,1.0
2026-08-06 01:00:00+00:00,97.47,68.66546593471756,-5.684341886080802e-14,6692.822964656921,1.0
2026-08-06 02:00:00+00:00,97.76,68.66546593471756,-5.684341886080802e-14,6712.735949777989,1.0
2026-08-06 03:00:00+00:00,97.63,68.66546593471756,-5.684341886080802e-14,6703.809439206475,1.0
2026-08-06 04:00:00+00:00,98.14,68.66546593471756,-5.684341886080802e-14,6738.828826833182,1.0
2026-08-06 05:00:00+00:00,98.43,68.66546593471756,-5.684341886080802e-14,6758.74181195425,1.0
2026-08-06 06:00:00+00:00,98.13,68.66546593471756,-5.684341886080802e-14,6738.142172173833,1.0
2026-08-06 07:00:00+00:00,98.1,68.66546593471756,-5.684341886080802e-14,6736.082208195792,1.0
2026-08-06 08:00:00+00:00,98.63,68.66546593471756,-5.684341886080802e-14,6772.474905141193,1.0
2026-08-06 09:00:00+00:00,98.22,68.66546593471756,-5.684341886080802e-14,6744.322064107959,1.0
2026-08-06 10:00:00+00:00,98.137,68.66546593471756,-5.684341886080802e-14,6738.622830435377,1.0
2026-08-06 11:00:00+00:00,97.74,68.66546593471756,-5.684341886080802e-14,6711.362640459294,1.0
2026-08-06 12:00:00+00:00,97.23,68.66546593471756,-5.684341886080802e-14,6676.343252832588,1.0
2026-08-06 13:00:00+00:00,97.36,68.66546593471756,-5.684341886080802e-14,6685.2697634041015,1.0
2026-08-06 14:00:00+00:00,97.99,68.66546593471756,-5.684341886080802e-14,6728.529006942973,1.0
2026-08-06 15:00:00+00:00,97.05,68.66546593471756,-5.684341886080802e-14,6663.983468964339,1.0
2026-08-06 16:00:00+00:00,97.11,68.66546593471756,-5.684341886080802e-14,6668.103396920422,1.0
2026-08-06 17:00:00+00:00,97.01,68.66546593471756,-5.684341886080802e-14,6661.236850326951,1.0
2026-08-06 18:00:00+00:00,95.76,68.66546593471756,-5.684341886080802e-14,6575.405017908553,1.0
2026-08-06 19:00:00+00:00,96.78,68.66546593471756,-5.684341886080802e-14,6645.443793161966,1.0
2026-08-06 20:00:00+00:00,96.93,68.66546593471756,-5.684341886080802e-14,6655.743613052174,1.0
2026-08-06 21:00:00+00:00,96.899,68.66546593471756,-5.684341886080802e-14,6653.614983608197,1.0
2026-08-06 22:00:00+00:00,96.695,68.66546593471756,-5.684341886080802e-14,6639.607228557514,1.0
2026-08-06 23:00:00+00:00,96.78,68.66546593471756,-5.684341886080802e-14,6645.443793161966,1.0
2026-08-07 00:00:00+00:00,96.76,68.66546593471756,-5.684341886080802e-14,6644.070483843271,1.0
2026-08-07 01:00:00+00:00,97.03,63.17222865994015,531.1091197205483,6660.710466594541,0.9202623920700023
2026-08-07 02:00:00+00:00,97.05,63.17222865994015,531.1091197205483,6661.973911167739,0.9202775143219598
2026-08-07 03:00:00+00:00,96.76,63.17222865994015,531.1091197205483,6643.653964856358,0.9200576787216775
2026-08-07 04:00:00+00:00,96.56,63.17222865994015,531.1091197205483,6631.019519124369,0.9199053602257107
2026-08-07 05:00:00+00:00,96.89,63.17222865994015,531.1091197205483,6651.866354582149,0.9201563754577402
2026-08-07 06:00:00+00:00,96.97,63.17222865994015,531.1091197205483,6656.920132874944,0.9202169908727482
2026-08-07 07:00:00+00:00,96.91,63.17222865994015,531.1091197205483,6653.129799155347,0.9201715379447467
2026-08-07 08:00:00+00:00,97.65,63.17222865994015,531.1091197205483,6699.877248363704,0.9207285297875779
2026-08-07 09:00:00+00:00,98.0,63.17222865994015,531.1091197205483,6721.987528394684,0.9209892732652264
2026-08-07 10:00:00+00:00,98.27,63.17222865994015,531.1091197205483,6739.044030132867,0.9211892491953229
2026-08-07 11:00:00+00:00,98.79,63.17222865994015,531.1091197205483,6771.893589036037,0.9215715497094586
2026-08-07 12:00:00+00:00,101.35,63.17222865994015,531.1091197205483,6933.614494405483,0.9234008293727487
2026-08-07 13:00:00+00:00,101.85,63.17222865994015,531.1091197205483,6965.200608735453,0.9237481948395779
2026-08-07 14:00:00+00:00,101.47,63.17222865994015,531.1091197205483,6941.195161844675,0.9234844854038938
2026-08-07 15:00:00+00:00,101.51,63.17222865994015,531.1091197205483,6943.722050991073,0.9235123301565991
2026-08-07 16:00:00+00:00,100.185,63.17222865994015,531.1091197205483,6860.018848016653,0.9225790582377044
2026-08-07 17:00:00+00:00,98.5,63.17222865994015,531.1091197205483,6753.573642724654,0.9213588023441943
2026-08-07 18:00:00+00:00,97.437,63.17222865994015,531.1091197205483,6686.421563659136,0.9205690047114081
2026-08-07 19:00:00+00:00,99.98,63.17222865994015,531.1091197205483,6847.068541141365,0.9224326269659313
2026-08-07 20:00:00+00:00,99.96,63.17222865994015,531.1091197205483,6845.805096568165,0.9224183113266261
2026-08-07 21:00:00+00:00,100.26,63.17222865994015,531.1091197205483,6864.756765166148,0.9226324926156806
2026-08-07 22:00:00+00:00,100.0,63.17222865994015,531.1091197205483,6848.331985714563,0.9224469373230697
2026-08-07 23:00:00+00:00,100.21,63.17222865994015,531.1091197205483,6861.59815373315,0.9225968778962099
2026-08-08 01:00:00+00:00,100.77,63.17222865994015,531.1091197205483,6896.9746017827165,0.922993899443494
2026-08-08 02:00:00+00:00,100.84,63.17222865994015,531.1091197205483,6901.396657788913,0.9230432409473033
2026-08-08 03:00:00+00:00,101.32,63.17222865994015,531.1091197205483,6931.719327545685,0.9233798867749888
2026-08-08 04:00:00+00:00,101.7,63.17222865994015,531.1091197205483,6955.724774436461,0.9236443164524754
2026-08-08 05:00:00+00:00,101.49,63.17222865994015,531.1091197205483,6942.458606417875,0.9234984103139526
2026-08-08 06:00:00+00:00,101.63,63.17222865994015,531.1091197205483,6951.302718430266,0.9235957429515481
2026-08-08 07:00:00+00:00,102.01,63.17222865994015,531.1091197205483,6975.308165321043,0.9238586873679576
2026-08-08 09:00:00+00:00,101.76,63.17222865994015,531.1091197205483,6959.515108156058,0.9236859017522463
2026-08-08 11:00:00+00:00,101.9,63.17222865994015,531.1091197205483,6968.35922016845,0.9237827581874132
2026-08-08 12:00:00+00:00,101.98,63.17222865994015,531.1091197205483,6973.412998461245,0.9238379944171179
2026-08-08 13:00:00+00:00,102.09,63.17222865994015,531.1091197205483,6980.361943613838,0.9239138136373506
2026-08-08 14:00:00+00:00,102.15,63.17222865994015,531.1091197205483,6984.1522773334345,0.9239551059841258
2026-08-08 15:00:00+00:00,102.24,63.17222865994015,531.1091197205483,6989.83777791283,0.9240169605367954
2026-08-08 16:00:00+00:00,102.24,63.17222865994015,531.1091197205483,6989.83777791283,0.9240169605367954
2026-08-08 17:00:00+00:00,102.19,63.17222865994015,531.1091197205483,6986.679166479833,0.9239826093248042
2026-08-08 21:00:00+00:00,102.14,63.17222865994015,531.1091197205483,6983.520555046836,0.9239482270390501
2026-08-08 22:00:00+00:00,102.24,63.17222865994015,531.1091197205483,6989.83777791283,0.9240169605367954
2026-08-08 23:00:00+00:00,102.16,63.17222865994015,531.1091197205483,6984.783999620035,0.9239619836849012
2026-08-09 03:00:00+00:00,102.25,63.17222865994015,531.1091197205483,6990.46950019943,0.9240238270540488
2026-08-09 06:00:00+00:00,102.27,63.17222865994015,531.1091197205483,6991.732944772628,0.9240375563661034
2026-08-09 07:00:00+00:00,102.25,63.17222865994015,531.1091197205483,6990.46950019943,0.9240238270540488
2026-08-09 08:00:00+00:00,102.31,63.17222865994015,531.1091197205483,6994.259833919026,0.9240650001098175
2026-08-09 10:00:00+00:00,102.35,63.17222865994015,531.1091197205483,6996.786723065423,0.9240924240309186
2026-08-09 11:00:00+00:00,102.35,63.17222865994015,531.1091197205483,6996.786723065423,0.9240924240309186
2026-08-09 12:00:00+00:00,102.15,63.17222865994015,531.1091197205483,6984.1522773334345,0.9239551059841258
2026-08-09 13:00:00+00:00,102.28,63.17222865994015,531.1091197205483,6992.364667059228,0.9240444191615772
2026-08-09 14:00:00+00:00,102.37,63.17222865994015,531.1091197205483,6998.050167638621,0.9241061285646996
2026-08-09 15:00:00+00:00,102.6,63.17222865994015,531.1091197205483,7012.579780230408,0.9242633757668139
2026-08-09 16:00:00+00:00,102.52,63.17222865994015,531.1091197205483,7007.526001937613,0.9242087550479735
2026-08-09 17:00:00+00:00,102.5,63.17222865994015,531.1091197205483,7006.2625573644145,0.9241950875560194
2026-08-09 19:00:00+00:00,102.63,63.17222865994015,531.1091197205483,7014.474947090206,0.9242838382449613
2026-08-09 21:00:00+00:00,102.63,63.17222865994015,531.1091197205483,7014.474947090206,0.9242838382449613
2026-08-09 22:00:00+00:00,102.67,63.17222865994015,531.1091197205483,7017.0018362366045,0.924311104355447
2026-08-09 23:00:00+00:00,102.36,63.17222865994015,531.1091197205483,6997.418445352023,0.9240992769164271
2026-08-10 00:00:00+00:00,100.73,63.17222865994015,531.1091197205483,6894.44771263632,0.9229656758804454
2026-08-10 01:00:00+00:00,101.2,63.17222865994015,531.1091197205483,6924.138660106491,0.9232960017423482
2026-08-10 02:00:00+00:00,100.95,63.17222865994015,531.1091197205483,6908.3456029415065,0.9231206499723456
2026-08-10 03:00:00+00:00,100.73,63.17222865994015,531.1091197205483,6894.44771263632,0.9229656758804454
2026-08-10 04:00:00+00:00,100.76,63.17222865994015,531.1091197205483,6896.342879496118,0.9229868454917437
2026-08-10 05:00:00+00:00,100.94,63.17222865994015,531.1091197205483,6907.7138806549065,0.9231136192238764
2026-08-10 06:00:00+00:00,101.46,63.17222865994015,531.1091197205483,6940.563439558076,0.9234775210477197
2026-08-10 07:00:00+00:00,101.27,63.17222865994015,531.1091197205483,6928.560716112688,0.9233449569857374
2026-08-10 08:00:00+00:00,101.56,63.17222865994015,531.1091197205483,6946.88066242407,0.9235471076114297
2026-08-10 09:00:00+00:00,100.57,63.17222865994015,531.1091197205483,6884.340156050728,0.9228525744397232
2026-08-10 10:00:00+00:00,100.77,63.17222865994015,531.1091197205483,6896.9746017827165,0.922993899443494
2026-08-10 11:00:00+00:00,100.5,63.17222865994015,531.1091197205483,6879.918100044533,0.922802988059246
2026-08-10 12:00:00+00:00,99.25,63.17222865994015,531.1091197205483,6800.952814219609,0.9219066601064939
2026-08-10 13:00:00+00:00,97.272,63.17222865994015,531.1091197205483,6675.998145930247,0.9204449869351271
2026-08-10 14:00:00+00:00,99.132,63.17222865994015,531.1091197205483,6793.498491237735,0.9218209703872646
2026-08-10 15:00:00+00:00,98.045,63.17222865994015,531.1091197205483,6724.8302786843815,0.9210226730325077
2026-08-10 16:00:00+00:00,97.05,63.17222865994015,531.1091197205483,6661.973911167739,0.9202775143219598
2026-08-10 17:00:00+00:00,96.945,63.17222865994015,531.1091197205483,6655.340827158447,0.9201980584445425
2026-08-10 18:00:00+00:00,96.5,63.17222865994015,531.1091197205483,6627.229185404773,0.9198595514260748
2026-08-10 19:00:00+00:00,97.31,63.17222865994015,531.1091197205483,6678.398690619324,0.9204735829164319
2026-08-10 20:00:00+00:00,97.477,63.17222865994015,531.1091197205483,6688.9484528055345,0.9205990114189345
2026-08-10 21:00:00+00:00,97.31,63.17222865994015,531.1091197205483,6678.398690619324,0.9204735829164319
2026-08-10 22:00:00+00:00,97.109,63.17222865994015,531.1091197205483,6665.701072658676,0.9203220915652748
2026-08-10 23:00:00+00:00,96.946,63.17222865994015,531.1091197205483,6655.4039993871065,0.9201988159141866
2026-08-11 00:00:00+00:00,97.52,63.17222865994015,531.1091197205483,6691.664858637912,0.9206312433541903
2026-08-11 01:00:00+00:00,97.34,63.17222865994015,531.1091197205483,6680.293857479122,0.920496144173968
2026-08-11 02:00:00+00:00,97.38,63.17222865994015,531.1091197205483,6682.820746625521,0.9205262059454862
2026-08-11 03:00:00+00:00,97.55,63.17222865994015,531.1091197205483,6693.560025497711,0.9206537152580391
2026-08-11 04:00:00+00:00,97.39,63.17222865994015,531.1091197205483,6683.452468912119,0.9205337178365544
2026-08-11 05:00:00+00:00,97.05,63.17222865994015,531.1091197205483,6661.973911167739,0.9202775143219598
2026-08-11 06:00:00+00:00,96.9,63.17222865994015,531.1091197205483,6652.498076868749,0.9201639574211595
2026-08-11 07:00:00+00:00,97.03,63.17222865994015,531.1091197205483,6660.710466594541,0.9202623920700023
2026-08-11 08:00:00+00:00,97.265,63.17222865994015,531.1091197205483,6675.5559403296265,0.9204397170111464
2026-08-11 09:00:00+00:00,97.28,63.17222865994015,531.1091197205483,6676.503523759526,0.9204510088505905
2026-08-11 10:00:00+00:00,97.703,63.17222865994015,531.1091197205483,6703.225376482682,0.9207681243146217
2026-08-11 11:00:00+00:00,98.22,63.17222865994015,531.1091197205483,6735.885418699871,0.9211522930235561
2026-08-11 12:00:00+00:00,98.08,63.17222865994015,531.1091197205483,6727.041306687479,0.9210486311132707
2026-08-11 13:00:00+00:00,98.02,63.17222865994015,531.1091197205483,6723.250972967882,0.9210041210932071
2026-08-11 14:00:00+00:00,97.662,63.17222865994015,531.1091197205483,6700.635315107624,0.9207374980514043
2026-08-11 15:00:00+00:00,95.948,63.17222865994015,531.1091197205483,6592.358115184486,0.9194356388957056
2026-08-11 16:00:00+00:00,96.06,63.17222865994015,531.1091197205483,6599.433404794399,0.9195220123996245
2026-08-11 17:00:00+00:00,96.0,63.17222865994015,531.1091197205483,6595.643071074803,0.9194757639251695
2026-08-11 18:00:00+00:00,95.8,63.17222865994015,531.1091197205483,6583.008625342814,0.9193212177064571
2026-08-11 19:00:00+00:00,96.1,63.17222865994015,531.1091197205483,6601.960293940796,0.9195528152133854
2026-08-11 20:00:00+00:00,96.505,63.17222865994015,531.1091197205483,6627.545046548072,0.919863370827306
2026-08-11 21:00:00+00:00,96.45,63.17222865994015,531.1091197205483,6624.070573971776,0.9198213373801517
2026-08-11 22:00:00+00:00,96.47,63.17222865994015,531.1091197205483,6625.334018544974,0.9198366273709492
2026-08-11 23:00:00+00:00,96.59,63.17222865994015,531.1091197205483,6632.914685984168,0.9199282449926848
2026-08-12 00:00:00+00:00,96.74,63.17222865994015,531.1091197205483,6642.3905202831575,0.9200424729472384
2026-08-12 01:00:00+00:00,96.81,63.17222865994015,531.1091197205483,6646.812576289354,0.9200956678671622
2026-08-12 02:00:00+00:00,96.6,63.17222865994015,531.1091197205483,6633.546408270766,0.9199358703425431
2026-08-12 03:00:00+00:00,96.66,63.17222865994015,531.1091197205483,6637.3367419903625,0.9199815919598374
2026-08-12 04:00:00+00:00,96.71,63.17222865994015,531.1091197205483,6640.495353423361,0.9200196534364342
2026-08-12 05:00:00+00:00,96.62,63.17222865994015,531.1091197205483,6634.809852843966,0.9199511166860507
2026-08-12 06:00:00+00:00,96.46,63.17222865994015,531.1091197205483,6624.702296258374,0.9198289831045664
2026-08-12 07:00:00+00:00,96.45,63.17222865994015,531.1091197205483,6624.070573971776,0.9198213373801517
2026-08-12 08:00:00+00:00,96.95,63.17222865994015,531.1091197205483,6655.656688301746,0.920201845648973
2026-08-12 09:00:00+00:00,97.58,63.17222865994015,531.1091197205483,6695.455192357509,0.9206761744404204
2026-08-12 10:00:00+00:00,97.365,63.17222865994015,531.1091197205483,6681.873163195622,0.9205149354456551
2026-08-12 11:00:00+00:00,97.43,63.17222865994015,531.1091197205483,6685.979358058517,0.9205637512056615
2026-08-12 12:00:00+00:00,97.74,63.17222865994015,531.1091197205483,6705.562748943099,0.920795742340304
2026-08-12 13:00:00+00:00,97.08,63.17222865994015,531.1091197205483,6663.869078027537,0.9203001869481876
2026-08-12 14:00:00+00:00,95.054,63.17222865994015,531.1091197205483,6535.882142762499,0.9187394894645291
2026-08-12 15:00:00+00:00,95.193,63.17222865994015,531.1091197205483,6544.663082546231,0.9188485162609903
2026-08-12 16:00:00+00:00,95.385,63.17222865994015,531.1091197205483,6556.79215044894,0.9189986341592079
2026-08-12 17:00:00+00:00,95.365,63.17222865994015,531.1091197205483,6555.52870587574,0.9189830227965422
2026-08-12 18:00:00+00:00,95.4,63.17222865994015,531.1091197205483,6557.73973387884,0.9190103387335253
2026-08-12 19:00:00+00:00,94.827,63.17222865994015,531.1091197205483,6521.542046856694,0.9185608072592989
2026-08-12 20:00:00+00:00,95.25,63.17222865994015,531.1091197205483,6548.263899579848,0.918893140553693
2026-08-12 21:00:00+00:00,95.181,63.17222865994015,531.1091197205483,6543.905015802311,0.918839115415334
2026-08-12 22:00:00+00:00,94.936,63.17222865994015,531.1091197205483,6528.427819780627,0.9186467041710519
2026-08-12 23:00:00+00:00,94.95,63.17222865994015,531.1091197205483,6529.312230981866,0.9186577236725771
2026-08-13 00:00:00+00:00,95.44,63.17222865994015,531.1091197205483,6560.266623025236,0.9190415344009861
2026-08-13 01:00:00+00:00,95.21,63.17222865994015,531.1091197205483,6545.7370104334495,0.9188618303983193
2026-08-13 02:00:00+00:00,95.4,63.17222865994015,531.1091197205483,6557.73973387884,0.9190103387335253
2026-08-13 03:00:00+00:00,95.55,63.17222865994015,531.1091197205483,6567.2155681778295,0.9191271987028877
2026-08-13 04:00:00+00:00,95.64,63.17222865994015,531.1091197205483,6572.9010687572245,0.9191971529519815
2026-08-13 05:00:00+00:00,95.82,63.17222865994015,531.1091197205483,6584.272069916013,0.9193366990183742
2026-08-13 06:00:00+00:00,95.99,63.17222865994015,531.1091197205483,6595.011348788203,0.9194680506777086
2026-08-13 07:00:00+00:00,95.76,63.17222865994015,531.1091197205483,6580.481736196418,0.9192902372482634
2026-08-13 08:00:00+00:00,95.95,63.17222865994015,531.1091197205483,6592.484459641806,0.9194371829054862
2026-08-13 09:00:00+00:00,95.755,63.17222865994015,531.1091197205483,6580.165875053117,0.9192863630179747
2026-08-13 10:00:00+00:00,95.425,63.17222865994015,531.1091197205483,6559.319039595337,0.9190298388423391
2026-08-13 11:00:00+00:00,94.99,63.17222865994015,531.1091197205483,6531.839120128263,0.9186891915197509
2026-08-13 12:00:00+00:00,95.06,63.17222865994015,531.1091197205483,6536.26117613446,0.9187442017066634
2026-08-13 13:00:00+00:00,97.03,63.17222865994015,531.1091197205483,6660.710466594541,0.9202623920700023
2026-08-13 14:00:00+00:00,97.653,63.17222865994015,531.1091197205483,6700.066765049685,0.9207307720437902
2026-08-13 15:00:00+00:00,95.685,63.17222865994015,531.1091197205483,6575.743819046922,0.9192320847137979
2026-08-13 16:00:00+00:00,94.64,63.17222865994015,531.1091197205483,6509.728840097285,0.9184130195332972
2026-08-13 17:00:00+00:00,94.94,63.17222865994015,531.1091197205483,6528.680508695266,0.9186498529047045
2026-08-13 18:00:00+00:00,96.083,63.17222865994015,531.1091197205483,6600.886366053577,0.9195397268991198
2026-08-13 19:00:00+00:00,97.073,63.17222865994015,531.1091197205483,6663.426872426919,0.9202948978222806
2026-08-13 20:00:00+00:00,96.92,63.17222865994015,531.1091197205483,6653.7615214419475,0.9201791170289118
2026-08-13 21:00:00+00:00,97.01,63.17222865994015,531.1091197205483,6659.4470220213425,0.9202472640799926
2026-08-13 22:00:00+00:00,97.3,63.17222865994015,531.1091197205483,6677.766968332726,0.9204660596515015
2026-08-13 23:00:00+00:00,97.129,63.17222865994015,531.1091197205483,6666.964517231876,0.9203371911838125
2026-08-14 00:00:00+00:00,97.24,63.17222865994015,531.1091197205483,6673.976634613129,0.9204208901532459
2026-08-14 01:00:00+00:00,97.29,63.17222865994015,531.1091197205483,6677.135246046126,0.9204585349630225
2026-08-14 02:00:00+00:00,97.2,63.17222865994015,531.1091197205483,6671.449745466731,0.9203907486402879
2026-08-14 03:00:00+00:00,96.76,63.17222865994015,531.1091197205483,6643.653964856358,0.9200576787216775
2026-08-14 04:00:00+00:00,96.77,63.17222865994015,531.1091197205483,6644.285687142956,0.9200652794403058
2026-08-14 05:00:00+00:00,96.66,63.17222865994015,531.1091197205483,6637.3367419903625,0.9199815919598374
2026-08-14 06:00:00+00:00,95.81,63.17222865994015,531.1091197205483,6583.6403476294145,0.9193289591051573
2026-08-14 07:00:00+00:00,95.83,63.17222865994015,531.1091197205483,6584.903792202613,0.9193444374465348
2026-08-14 08:00:00+00:00,95.5,63.17222865994015,531.1091197205483,6564.056956744833,0.9190882828682936
2026-08-14 09:00:00+00:00,95.59,63.17222865994015,531.1091197205483,6569.742457324228,0.919158304428137
2026-08-14 10:00:00+00:00,95.56,63.17222865994015,531.1091197205483,6567.8472904644295,0.9191349773781063
2026-08-14 11:00:00+00:00,95.8,63.17222865994015,531.1091197205483,6583.008625342814,0.9193212177064571
2026-08-14 12:00:00+00:00,95.51,63.17222865994015,531.1091197205483,6564.688679031433,0.9190960690311197
2026-08-14 13:00:00+00:00,93.51,63.17222865994015,531.1091197205483,6438.344221711552,0.9175084305170376
2026-08-14 14:00:00+00:00,92.038,63.17222865994015,531.1091197205483,6345.354701124119,0.9162995380500228
2026-08-14 15:00:00+00:00,93.425,63.17222865994015,531.1091197205483,6432.974582275458,0.9174395743480949
2026-08-14 16:00:00+00:00,94.5,63.17222865994015,531.1091197205483,6500.884728084893,0.9183020247342535
2026-08-14 17:00:00+00:00,93.3,63.17222865994015,531.1091197205483,6425.078053692965,0.9173381062016389
2026-08-14 18:00:00+00:00,92.59,63.17222865994015,531.1091197205483,6380.225771344407,0.9167570022199018
2026-08-14 19:00:00+00:00,93.055,63.17222865994015,531.1091197205483,6409.600857671279,0.9171385033929385
2026-08-14 20:00:00+00:00,93.01,63.17222865994015,531.1091197205483,6406.758107381582,0.9171017368193396
2026-08-14 21:00:00+00:00,92.95,63.17222865994015,531.1091197205483,6402.967773661985,0.9170526639373048
2026-08-14 22:00:00+00:00,92.99,63.17222865994015,531.1091197205483,6405.4946628083835,0.9170853856448781
2026-08-14 23:00:00+00:00,93.15,63.17222865994015,531.1091197205483,6415.602219393973,0.917216014715651
2026-08-15 00:00:00+00:00,93.28,63.17222865994015,531.1091197205483,6423.814609119765,0.9173218481482105
2026-08-15 01:00:00+00:00,93.31,56.47006839063258,1155.4740864319137,6424.69616796184,0.820151170386245
2026-08-15 02:00:00+00:00,93.37,56.47006839063258,1155.4740864319137,6428.084372065278,0.8202459676084383
2026-08-15 03:00:00+00:00,93.44,56.47006839063258,1155.4740864319137,6432.037276852622,0.820356438139718
2026-08-15 04:00:00+00:00,93.58,56.47006839063258,1155.4740864319137,6439.943086427311,0.8205769723544348
2026-08-15 05:00:00+00:00,93.61,56.47006839063258,1155.4740864319137,6441.63718847903,0.8206241592590006
2026-08-15 06:00:00+00:00,93.62,56.47006839063258,1155.4740864319137,6442.201889162937,0.8206398827122058
2026-08-15 07:00:00+00:00,93.64,56.47006839063258,1155.4740864319137,6443.331290530749,0.8206713213504911
2026-08-15 08:00:00+00:00,93.65,56.47006839063258,1155.4740864319137,6443.895991214656,0.8206870365370205
2026-08-15 09:00:00+00:00,93.74,56.47006839063258,1155.4740864319137,6448.978297369812,0.8208283493676558
2026-08-15 10:00:00+00:00,93.75,56.47006839063258,1155.4740864319137,6449.542998053718,0.8208440370456322
2026-08-15 11:00:00+00:00,93.73,56.47006839063258,1155.4740864319137,6448.413596685906,0.8208126589420757
2026-08-15 12:00:00+00:00,93.81,56.47006839063258,1155.4740864319137,6452.931202157157,0.8209381054542083
2026-08-15 13:00:00+00:00,94.14,56.47006839063258,1155.4740864319137,6471.566324726065,0.8214537210231213
2026-08-15 14:00:00+00:00,94.18,56.47006839063258,1155.4740864319137,6473.8251274616905,0.8215160181682323
2026-08-15 15:00:00+00:00,94.29,56.47006839063258,1155.4740864319137,6480.03683498466,0.8216871113766363
2026-08-15 16:00:00+00:00,94.35,56.47006839063258,1155.4740864319137,6483.425039088098,0.8217802967620287
2026-08-15 17:00:00+00:00,94.37,56.47006839063258,1155.4740864319137,6484.5544404559105,0.8218113369172863
2026-08-15 18:00:00+00:00,94.37,56.47006839063258,1155.4740864319137,6484.5544404559105,0.8218113369172863
2026-08-15 19:00:00+00:00,94.45,56.47006839063258,1155.4740864319137,6489.0720459271615,0.8219353894896048
2026-08-15 20:00:00+00:00,94.51,56.47006839063258,1155.4740864319137,6492.460250030599,0.82202831562558
2026-08-15 21:00:00+00:00,94.54,56.47006839063258,1155.4740864319137,6494.154352082319,0.8220747423317069
2026-08-15 22:00:00+00:00,94.56,56.47006839063258,1155.4740864319137,6495.283753450131,0.8221056800146483
2026-08-15 23:00:00+00:00,94.58,56.47006839063258,1155.4740864319137,6496.413154817943,0.8221366069405579
2026-08-16 00:00:00+00:00,94.63,56.47006839063258,1155.4740864319137,6499.236658237475,0.8222138772301197
2026-08-16 01:00:00+00:00,94.67,56.47006839063258,1155.4740864319137,6501.4954609731,0.8222756451391923
2026-08-16 02:00:00+00:00,94.7,56.47006839063258,1155.4740864319137,6503.18956302482,0.8223219429121993
2026-08-16 03:00:00+00:00,94.71,56.47006839063258,1155.4740864319137,6503.754263708725,0.8223373701433467
2026-08-16 04:00:00+00:00,94.83,56.47006839063258,1155.4740864319137,6510.5306719156015,0.8225222881728722
2026-08-16 05:00:00+00:00,94.84,56.47006839063258,1155.4740864319137,6511.095372599508,0.8225376806344339
2026-08-16 06:00:00+00:00,94.86,56.47006839063258,1155.4740864319137,6512.22477396732,0.822568457549111
2026-08-16 07:00:00+00:00,94.83,56.47006839063258,1155.4740864319137,6510.5306719156015,0.8225222881728722
2026-08-16 09:00:00+00:00,93.96,56.47006839063258,1155.4740864319137,6461.401712415751,0.8211728448624948
2026-08-16 10:00:00+00:00,94.01,56.47006839063258,1155.4740864319137,6464.225215835283,0.821250954623089
2026-08-16 11:00:00+00:00,94.02,56.47006839063258,1155.4740864319137,6464.789916519189,0.821266568387724
2026-08-16 12:00:00+00:00,94.02,56.47006839063258,1155.4740864319137,6464.789916519189,0.821266568387724
2026-08-16 13:00:00+00:00,93.99,56.47006839063258,1155.4740864319137,6463.09581446747,0.8212197189084811
2026-08-16 14:00:00+00:00,94.15,56.47006839063258,1155.4740864319137,6472.131025409972,0.8214692993860209
2026-08-16 15:00:00+00:00,94.03,56.47006839063258,1155.4740864319137,6465.354617203096,0.8212821794248665
2026-08-16 16:00:00+00:00,95.15,56.47006839063258,1155.4740864319137,6528.601093800605,0.823013526201023
2026-08-16 17:00:00+00:00,94.62,56.47006839063258,1155.4740864319137,6498.671957553569,0.8221984285437154
2026-08-16 19:00:00+00:00,94.62,56.47006839063258,1155.4740864319137,6498.671957553569,0.8221984285437154
2026-08-16 20:00:00+00:00,94.72,56.47006839063258,1155.4740864319137,6504.318964392632,0.8223527946957302
2026-08-16 21:00:00+00:00,94.75,56.47006839063258,1155.4740864319137,6506.013066444351,0.8223990522872712
2026-08-16 23:00:00+00:00,94.75,56.47006839063258,1155.4740864319137,6506.013066444351,0.8223990522872712
2026-08-17 00:00:00+00:00,93.21,56.47006839063258,1155.4740864319137,6419.049161122776,0.8199929526276122
2026-08-17 01:00:00+00:00,93.52,60.61074410108633,769.3100737651177,6437.626862098711,0.8804978775184374
2026-08-17 02:00:00+00:00,93.98,60.61074410108633,769.3100737651177,6465.507804385211,0.8810132015859087
2026-08-17 03:00:00+00:00,93.97,60.61074410108633,769.3100737651177,6464.9016969442,0.8810020461519544
2026-08-17 04:00:00+00:00,94.15,60.61074410108633,769.3100737651177,6475.8116308823965,0.8812025244686911
2026-08-17 05:00:00+00:00,94.25,60.61074410108633,769.3100737651177,6481.872705292504,0.8813136097015652
2026-08-17 06:00:00+00:00,94.69,60.61074410108633,769.3100737651177,6508.541432696982,0.8817999268007527
2026-08-17 07:00:00+00:00,94.22,60.61074410108633,769.3100737651177,6480.054382969472,0.8812803059512931
2026-08-17 08:00:00+00:00,93.74,60.61074410108633,769.3100737651177,6450.96122580095,0.8807448926079074
2026-08-17 09:00:00+00:00,93.53,60.61074410108633,769.3100737651177,6438.232969539722,0.8805091276744966
2026-08-17 10:00:00+00:00,93.75,60.61074410108633,769.3100737651177,6451.567333241961,0.8807560963052782
2026-08-17 11:00:00+00:00,94.123,60.61074410108633,769.3100737651177,6474.175140791666,0.881172495795187
2026-08-17 12:00:00+00:00,94.24,60.61074410108633,769.3100737651177,6481.266597851493,0.8813025105277817
2026-08-17 13:00:00+00:00,95.24,60.61074410108633,769.3100737651177,6541.87734195258,0.8824022473133838
2026-08-17 14:00:00+00:00,97.68,60.61074410108633,769.3100737651177,6689.767557559231,0.885001972468263
2026-08-17 15:00:00+00:00,98.1,60.61074410108633,769.3100737651177,6715.2240700816865,0.8854379145451569
2026-08-17 16:00:00+00:00,97.13,60.61074410108633,769.3100737651177,6656.431648303633,0.8844260537158564
2026-08-17 17:00:00+00:00,97.035,60.61074410108633,769.3100737651177,6650.67362761403,0.8843259920963656
2026-08-17 18:00:00+00:00,97.629,60.61074410108633,769.3100737651177,6686.676409610075,0.8849488106438848
2026-08-17 19:00:00+00:00,97.64,60.61074410108633,769.3100737651177,6687.343127795187,0.8849602810767153
2026-08-17 20:00:00+00:00,97.55,60.61074410108633,769.3100737651177,6681.888160826089,0.8848663648285298
2026-08-17 21:00:00+00:00,97.635,60.61074410108633,769.3100737651177,6687.040074074682,0.8849550675271569
2026-08-17 22:00:00+00:00,97.58,60.61074410108633,769.3100737651177,6683.706483149122,0.8848976872780556
2026-08-17 23:00:00+00:00,97.894,60.61074410108633,769.3100737651177,6702.738256796863,0.8852245091049163
2026-08-18 00:00:00+00:00,97.73,60.61074410108633,769.3100737651177,6692.798094764285,0.885054044231972
2026-08-18 01:00:00+00:00,97.09,46.56812344663577,2139.911701128639,6661.210806562505,0.67875034085088
2026-08-18 02:00:00+00:00,96.66,46.56812344663577,2139.911701128639,6641.186513480452,0.677781719157414
2026-08-18 03:00:00+00:00,97.15,46.56812344663577,2139.911701128639,6664.004893969304,0.6788850345735512
2026-08-18 04:00:00+00:00,97.2,46.56812344663577,2139.911701128639,6666.333300141636,0.6789971930921646
2026-08-18 05:00:00+00:00,97.07,46.56812344663577,2139.911701128639,6660.279444093572,0.6787054178295263
2026-08-18 06:00:00+00:00,97.36,46.56812344663577,2139.911701128639,6673.784199893097,0.6793555744336299
2026-08-18 07:00:00+00:00,96.98,46.56812344663577,2139.911701128639,6656.0883129833755,0.6785031086569985
2026-08-18 08:00:00+00:00,96.89,46.56812344663577,2139.911701128639,6651.897181873178,0.6783005445483993
2026-08-18 09:00:00+00:00,96.3,46.56812344663577,2139.911701128639,6624.4219890396635,0.6769662765039429
2026-08-18 10:00:00+00:00,96.2,46.56812344663577,2139.911701128639,6619.765176694999,0.6767390316710574
2026-08-18 11:00:00+00:00,96.651,46.56812344663577,2139.911701128639,6640.767400369432,0.6777613832688081
2026-08-18 12:00:00+00:00,96.26,46.56812344663577,2139.911701128639,6622.559264101798,0.6768754169210338
2026-08-18 13:00:00+00:00,95.86,46.56812344663577,2139.911701128639,6603.932014723144,0.6759640019979294
2026-08-18 14:00:00+00:00,95.6,46.56812344663577,2139.911701128639,6591.824302627018,0.6753688200888748
2026-08-18 15:00:00+00:00,95.57,46.56812344663577,2139.911701128639,6590.427258923619,0.675300004528365
2026-08-18 16:00:00+00:00,95.545,46.56812344663577,2139.911701128639,6589.263055837453,0.6752426359374312
2026-08-18 17:00:00+00:00,93.98,46.56812344663577,2139.911701128639,6516.383942643469,0.6716105557984431
2026-08-18 18:00:00+00:00,93.31,46.56812344663577,2139.911701128639,6485.183299934222,0.6700306526185091
2026-08-18 19:00:00+00:00,92.5,46.56812344663577,2139.911701128639,6447.4631199424475,0.6681002029294678
2026-08-18 20:00:00+00:00,92.65,46.56812344663577,2139.911701128639,6454.448338459443,0.6684593959211399
2026-08-18 21:00:00+00:00,92.899,46.56812344663577,2139.911701128639,6466.043801197655,0.6690539428866412
2026-08-18 22:00:00+00:00,92.8,46.56812344663577,2139.911701128639,6461.433556976438,0.6688178122921086
2026-08-18 23:00:00+00:00,93.0,46.56812344663577,2139.911701128639,6470.747181665765,0.6692944970571758
2026-08-19 00:00:00+00:00,92.78,46.56812344663577,2139.911701128639,6460.502194507505,0.6687700682235016
2026-08-19 01:00:00+00:00,92.51,40.38972706535545,2712.274880925789,6448.728531741823,0.5794093568095671
2026-08-19 02:00:00+00:00,92.49,40.38972706535545,2712.274880925789,6447.920737200515,0.579356665276972
2026-08-19 03:00:00+00:00,92.44,40.38972706535545,2712.274880925789,6445.901250847247,0.5792248786669997
2026-08-19 04:00:00+00:00,92.5,40.38972706535545,2712.274880925789,6448.324634471168,0.579383012693463
2026-08-19 05:00:00+00:00,92.2,40.38972706535545,2712.274880925789,6436.207716351562,0.5785911517375214
2026-08-19 06:00:00+00:00,92.75,40.38972706535545,2712.274880925789,6458.422066237507,0.5800406270899103
2026-08-19 07:00:00+00:00,92.6,40.38972706535545,2712.274880925789,6452.363607177704,0.5796463054393564
2026-08-19 08:00:00+00:00,92.88,40.38972706535545,2712.274880925789,6463.672730756003,0.5803817745876876
2026-08-19 09:00:00+00:00,93.025,40.38972706535545,2712.274880925789,6469.52924118048,0.5807616319806777
2026-08-19 10:00:00+00:00,92.71,40.38972706535545,2712.274880925789,6456.8064771548925,0.579935547004203
2026-08-19 11:00:00+00:00,92.71,40.38972706535545,2712.274880925789,6456.8064771548925,0.579935547004203
2026-08-19 12:00:00+00:00,93.22,40.38972706535545,2712.274880925789,6477.4052379582245,0.5812713916628846
2026-08-19 13:00:00+00:00,97.077,40.38972706535545,2712.274880925789,6633.1884152493,0.5911054064602729
2026-08-19 14:00:00+00:00,102.983,40.38972706535545,2712.274880925789,6871.73014329729,0.6052995643940774
2026-08-19 15:00:00+00:00,105.736,40.38972706535545,2712.274880925789,6982.923061908214,0.611584596181329
2026-08-19 16:00:00+00:00,106.15,40.38972706535545,2712.274880925789,6999.64440891327,0.6125124759949222
2026-08-19 17:00:00+00:00,104.033,40.38972706535545,2712.274880925789,6914.139356715913,0.6077205359924841
2026-08-19 18:00:00+00:00,103.39,40.38972706535545,2712.274880925789,6888.168762212889,0.6062415172222864
2026-08-19 19:00:00+00:00,104.205,40.38972706535545,2712.274880925789,6921.086389771154,0.6081142860845766
2026-08-19 20:00:00+00:00,106.93,40.38972706535545,2712.274880925789,7031.148396024248,0.6142486649180323
2026-08-19 21:00:00+00:00,109.068,40.38972706535545,2712.274880925789,7117.501632489977,0.6189288010072531
2026-08-19 22:00:00+00:00,107.35,40.38972706535545,2712.274880925789,7048.112081391697,0.6151771070601033
2026-08-19 23:00:00+00:00,108.06,40.38972706535545,2712.274880925789,7076.7887876080995,0.6167364941461653
2026-08-20 00:00:00+00:00,107.61,40.38972706535545,2712.274880925789,7058.613410428689,0.6157496206098266
2026-08-20 01:00:00+00:00,108.49,17.055762246776833,5219.513257249765,7069.892903402584,0.2617266868727632
2026-08-20 02:00:00+00:00,107.59,17.055762246776833,5219.513257249765,7054.542717380485,0.2601202563576096
2026-08-20 03:00:00+00:00,107.5,17.055762246776833,5219.513257249765,7053.007698778274,0.25995922871970045
2026-08-20 04:00:00+00:00,108.1,17.055762246776833,5219.513257249765,7063.241156126341,0.2610314242601512
2026-08-20 05:00:00+00:00,107.66,17.055762246776833,5219.513257249765,7055.736620737759,0.2602454516359194
2026-08-20 06:00:00+00:00,108.58,17.055762246776833,5219.513257249765,7071.427922004794,0.26188694633968623
2026-08-20 07:00:00+00:00,108.53,17.055762246776833,5219.513257249765,7070.575133892455,0.26179792189318735
2026-08-20 08:00:00+00:00,113.15,17.055762246776833,5219.513257249765,7149.372755472564,0.2699340997076376
2026-08-20 09:00:00+00:00,114.1,17.055762246776833,5219.513257249765,7165.575729607001,0.2715849424794188
2026-08-20 10:00:00+00:00,115.01,17.055762246776833,5219.513257249765,7181.096473251569,0.27315929027111474
2026-08-20 11:00:00+00:00,114.41,17.055762246776833,5219.513257249765,7170.863015903502,0.2721220241309929
2026-08-20 12:00:00+00:00,114.0,17.055762246776833,5219.513257249765,7163.870153382324,0.2714115212172791
2026-08-20 13:00:00+00:00,111.89,17.055762246776833,5219.513257249765,7127.882495041625,0.26773298228742975
2026-08-20 14:00:00+00:00,109.67,17.055762246776833,5219.513257249765,7090.01870285378,0.26382235703428036
2026-08-20 15:00:00+00:00,112.967,17.055762246776833,5219.513257249765,7146.251550981404,0.26961523534209164
2026-08-20 16:00:00+00:00,113.14,17.055762246776833,5219.513257249765,7149.202197850096,0.26991668261678564
2026-08-20 17:00:00+00:00,112.4,17.055762246776833,5219.513257249765,7136.580933787482,0.26862550769396265
2026-08-20 18:00:00+00:00,111.088,17.055762246776833,5219.513257249765,7114.20377371971,0.2663250276115289
2026-08-20 19:00:00+00:00,112.33,17.055762246776833,5219.513257249765,7135.387030430207,0.26850313304798124
2026-08-20 20:00:00+00:00,112.71,17.055762246776833,5219.513257249765,7141.868220083982,0.2691669607440071
2026-08-20 21:00:00+00:00,112.8,17.055762246776833,5219.513257249765,7143.403238686192,0.26932400666076173
2026-08-20 22:00:00+00:00,112.7,17.055762246776833,5219.513257249765,7141.6976624615145,0.2691495070304102
2026-08-20 23:00:00+00:00,113.881,17.055762246776833,5219.513257249765,7161.8405176749575,0.27120504228370557
2026-08-21 00:00:00+00:00,115.11,17.055762246776833,5219.513257249765,7182.802049476246,0.2733318806091336
2026-08-21 01:00:00+00:00,117.61,3.744676942966029,6749.36202195843,7189.773477220665,0.06125526160978351
2026-08-21 02:00:00+00:00,116.7,3.744676942966029,6749.36202195843,7186.365821202566,0.060810124354483165
2026-08-21 03:00:00+00:00,116.85,3.744676942966029,6749.36202195843,7186.92752274401,0.06088352768284429
2026-08-21 04:00:00+00:00,118.25,3.744676942966029,6749.36202195843,7192.170070464163,0.06156807252434109
2026-08-21 05:00:00+00:00,118.72,3.744676942966029,6749.36202195843,7193.930068627357,0.06179766030916576
2026-08-21 06:00:00+00:00,119.1,3.744676942966029,6749.36202195843,7195.353045865684,0.061983202361906645
2026-08-21 07:00:00+00:00,119.71,3.744676942966029,6749.36202195843,7197.637298800893,0.06228089277534792
2026-08-21 08:00:00+00:00,127.01,3.744676942966029,6749.36202195843,7224.973440484546,0.06582881202871499
2026-08-21 09:00:00+00:00,123.74,3.744676942966029,6749.36202195843,7212.7283468810465,0.0642428638149095
2026-08-21 10:00:00+00:00,124.0,3.744676942966029,6749.36202195843,7213.701962886217,0.06436916070510962
2026-08-21 11:00:00+00:00,120.191,3.744676942966029,6749.36202195843,7199.43848841046,0.06251549578158849
2026-08-21 12:00:00+00:00,120.79,3.744676942966029,6749.36202195843,7201.681549899296,0.0628074880577289
2026-08-21 13:00:00+00:00,119.01,3.744676942966029,6749.36202195843,7195.016024940817,0.0619392648240909
2026-08-21 14:00:00+00:00,120.48,3.744676942966029,6749.36202195843,7200.520700046977,0.06265639623612272
2026-08-21 15:00:00+00:00,120.15,3.744676942966029,6749.36202195843,7199.284956655798,0.062495503012616686
2026-08-21 16:00:00+00:00,120.264,3.744676942966029,6749.36202195843,7199.711849827297,0.06255109055227943
2026-08-21 17:00:00+00:00,119.46,3.744676942966029,6749.36202195843,7196.701129565152,0.06215891136134362
2026-08-21 18:00:00+00:00,119.53,3.744676942966029,6749.36202195843,7196.96325695116,0.06219306935608091
2026-08-21 19:00:00+00:00,119.205,3.744676942966029,6749.36202195843,7195.746236944696,0.062034457620867914
2026-08-21 20:00:00+00:00,120.24,3.744676942966029,6749.36202195843,7199.621977580665,0.06253938846016177
2026-08-21 21:00:00+00:00,122.371,3.744676942966029,6749.36202195843,7207.6018841461255,0.06357729929501828
2026-08-21 22:00:00+00:00,121.87,3.744676942966029,6749.36202195843,7205.7258009976995,0.06333349223142548
2026-08-21 23:00:00+00:00,121.25,3.744676942966029,6749.36202195843,7203.404101293061,0.06303159908148528
2026-08-22 00:00:00+00:00,121.251,3.744676942966029,6749.36202195843,7203.407845970004,0.06303208616260608
2026-08-22 01:00:00+00:00,121.9,3.744676942966029,6749.36202195843,7205.838141305989,0.0633480950301816
2026-08-22 02:00:00+00:00,121.97,3.744676942966029,6749.36202195843,7206.1002686919965,0.06338216645665279
2026-08-22 03:00:00+00:00,122.87,3.744676942966029,6749.36202195843,7209.470477940666,0.06382000694642732
2026-08-22 04:00:00+00:00,123.05,3.744676942966029,6749.36202195843,7210.1445197903995,0.06390752592645188
2026-08-22 05:00:00+00:00,122.0,3.744676942966029,6749.36202195843,7206.212609000286,0.06339676773778039
2026-08-22 06:00:00+00:00,122.08,3.744676942966029,6749.36202195843,7206.512183155723,0.06343570226188215
2026-08-22 07:00:00+00:00,121.98,3.744676942966029,6749.36202195843,7206.1377154614265,0.06338703360094579
2026-08-22 08:00:00+00:00,121.92,3.744676942966029,6749.36202195843,7205.913034844848,0.06335782997639915
2026-08-22 09:00:00+00:00,121.98,3.744676942966029,6749.36202195843,7206.1377154614265,0.06338703360094579
2026-08-22 10:00:00+00:00,119.87,3.744676942966029,6749.36202195843,7198.236447111768,0.062358944229102806
2026-08-22 11:00:00+00:00,119.83,3.744676942966029,6749.36202195843,7198.08666003405,0.062339432583810625
2026-08-22 12:00:00+00:00,120.03,3.744676942966029,6749.36202195843,7198.835595422643,0.06243698269064636
2026-08-22 13:00:00+00:00,120.17,3.744676942966029,6749.36202195843,7199.359850194658,0.06250525568937362
2026-08-22 14:00:00+00:00,120.36,3.744676942966029,6749.36202195843,7200.071338813821,0.06259789599940875
2026-08-22 15:00:00+00:00,120.39,3.744676942966029,6749.36202195843,7200.18367912211,0.0626125217431463
2026-08-22 16:00:00+00:00,120.46,3.744676942966029,6749.36202195843,7200.445806508118,0.06264664670373271
2026-08-22 17:00:00+00:00,121.5,3.744676942966029,6749.36202195843,7204.340270528803,0.06315335360151955
2026-08-22 18:00:00+00:00,121.51,3.744676942966029,6749.36202195843,7204.377717298232,0.06315822312415362
2026-08-22 19:00:00+00:00,121.51,3.744676942966029,6749.36202195843,7204.377717298232,0.06315822312415362
2026-08-22 20:00:00+00:00,122.23,3.744676942966029,6749.36202195843,7207.073884697168,0.06350869577049857
2026-08-22 21:00:00+00:00,126.03,3.744676942966029,6749.36202195843,7221.303657080439,0.06535407698293827
2026-08-22 22:00:00+00:00,123.9,3.744676942966029,6749.36202195843,7213.327495191921,0.06432058901287228
2026-08-22 23:00:00+00:00,123.82,3.744676942966029,6749.36202195843,7213.027921036483,0.06428172802794678
2026-08-23 00:00:00+00:00,123.94,3.744676942966029,6749.36202195843,7213.4772822696395,0.06434001829491878
2026-08-23 01:00:00+00:00,123.96,10.474664340477005,5914.028009879064,7212.467401524593,0.18002707247883873
2026-08-23 02:00:00+00:00,123.45,10.474664340477005,5914.028009879064,7207.12532271095,0.17941929062300382
2026-08-23 03:00:00+00:00,123.31,10.474664340477005,5914.028009879064,7205.658869703283,0.1792522908980573
2026-08-23 04:00:00+00:00,123.12,10.474664340477005,5914.028009879064,7203.668683478592,0.17902553966110116
2026-08-23 05:00:00+00:00,123.01,10.474664340477005,5914.028009879064,7202.51647040114,0.17889420535407882
2026-08-23 06:00:00+00:00,123.11,10.474664340477005,5914.028009879064,7203.563936835188,0.1790136019147584
2026-08-23 07:00:00+00:00,122.8,10.474664340477005,5914.028009879064,7200.316790889639,0.17864335950302654
2026-08-23 08:00:00+00:00,123.58,10.474664340477005,5914.028009879064,7208.4870290752115,0.1795743009559409
2026-08-23 09:00:00+00:00,122.93,10.474664340477005,5914.028009879064,7201.678497253902,0.17879866309858697
2026-08-23 10:00:00+00:00,122.75,10.474664340477005,5914.028009879064,7199.793057672616,0.17858361170858222
2026-08-23 11:00:00+00:00,122.84,10.474664340477005,5914.028009879064,7200.735777463259,0.17869115148084055
2026-08-23 12:00:00+00:00,122.82,10.474664340477005,5914.028009879064,7200.526284176449,0.17866725618716733
2026-08-23 13:00:00+00:00,122.91,10.474664340477005,5914.028009879064,7201.469003967092,0.17877477406051637
2026-08-23 14:00:00+00:00,123.17,10.474664340477005,5914.028009879064,7204.192416695616,0.17908522318568487
2026-08-23 15:00:00+00:00,122.61,10.474664340477005,5914.028009879064,7198.32660466495,0.17841627163090693
2026-08-23 16:00:00+00:00,122.83,10.474664340477005,5914.028009879064,7200.6310308198545,0.17867920400780482
2026-08-23 17:00:00+00:00,122.86,10.474664340477005,5914.028009879064,7200.945270750069,0.1787150453841675
2026-08-23 18:00:00+00:00,122.98,10.474664340477005,5914.028009879064,7202.202230470926,0.1788583796136523
2026-08-23 19:00:00+00:00,123.01,10.474664340477005,5914.028009879064,7202.51647040114,0.17889420535407882
2026-08-23 20:00:00+00:00,123.18,10.474664340477005,5914.028009879064,7204.297163339021,0.17909715884928162
2026-08-23 21:00:00+00:00,123.26,10.474664340477005,5914.028009879064,7205.135136486259,0.17919263166475907
2026-08-23 22:00:00+00:00,123.25,10.474664340477005,5914.028009879064,7205.030389842855,0.17918069877730916
2026-08-23 23:00:00+00:00,123.21,10.474664340477005,5914.028009879064,7204.611403269235,0.1791329637577044
2026-08-24 00:00:00+00:00,120.94,10.474664340477005,5914.028009879064,7180.833915216353,0.17641487329945038
2026-08-24 01:00:00+00:00,118.63,2.3751688310834194,6892.226982082091,7173.993260513517,0.039276072362975305
2026-08-24 02:00:00+00:00,120.3,2.3751688310834194,6892.226982082091,7177.959792461426,0.039806967249861595
2026-08-24 03:00:00+00:00,118.49,2.3751688310834194,6892.226982082091,7173.660736877166,0.039231539532992736
2026-08-24 04:00:00+00:00,118.66,2.3751688310834194,6892.226982082091,7174.06451557845,0.03928561457516162
2026-08-24 05:00:00+00:00,118.84,2.3751688310834194,6892.226982082091,7174.492045968044,0.03934286386791414
2026-08-24 06:00:00+00:00,119.66,2.3751688310834194,6892.226982082091,7176.439684409533,0.03960357988444887
2026-08-24 07:00:00+00:00,119.19,2.3751688310834194,6892.226982082091,7175.323355058924,0.03945416240750142
2026-08-24 08:00:00+00:00,118.16,2.3751688310834194,6892.226982082091,7172.876931162908,0.039126552954159816
2026-08-24 09:00:00+00:00,118.47,2.3751688310834194,6892.226982082091,7173.613233500544,0.03922517736311569
2026-08-24 10:00:00+00:00,120.46,2.3751688310834194,6892.226982082091,7178.3398194743995,0.039857800631853894
2026-08-24 11:00:00+00:00,120.898,2.3751688310834194,6892.226982082091,7179.380143422414,0.03999692948470021
2026-08-24 12:00:00+00:00,123.0,2.3751688310834194,6892.226982082091,7184.372748305352,0.0406640602399384
2026-08-24 13:00:00+00:00,122.39,2.3751688310834194,6892.226982082091,7182.92389531839,0.04047055453640084
2026-08-24 14:00:00+00:00,124.85,2.3751688310834194,6892.226982082091,7188.766810642856,0.041250444808105656
2026-08-24 15:00:00+00:00,124.93,2.3751688310834194,6892.226982082091,7188.9568241493425,0.04127578580948887
2026-08-24 16:00:00+00:00,123.18,2.3751688310834194,6892.226982082091,7184.800278694946,0.040721145371350374
2026-08-24 17:00:00+00:00,122.425,2.3751688310834194,6892.226982082091,7183.0070262274785,0.04048165943366834
2026-08-24 18:00:00+00:00,122.361,2.3751688310834194,6892.226982082091,7182.855015422289,0.0404613531410827
2026-08-24 19:00:00+00:00,122.685,2.3751688310834194,6892.226982082091,7183.62457012356,0.04056414490999175
2026-08-24 20:00:00+00:00,122.84,2.3751688310834194,6892.226982082091,7183.9927212923785,0.040613312196925426
2026-08-24 21:00:00+00:00,123.03,2.3751688310834194,6892.226982082091,7184.444003370284,0.040673574900314015
2026-08-24 22:00:00+00:00,122.345,2.3751688310834194,6892.226982082091,7182.817012720992,0.04045627643364114
2026-08-24 23:00:00+00:00,122.54,2.3751688310834194,6892.226982082091,7183.280170643054,0.04051814514355868
2026-08-25 00:00:00+00:00,125.45,2.3751688310834194,6892.226982082091,7190.191911941506,0.04144046967154706
2026-08-25 01:00:00+00:00,124.96,2.3751688310834194,6892.226982082091,7189.028079214275,0.04128528833964757
2026-08-25 02:00:00+00:00,126.01,2.3751688310834194,6892.226982082091,7191.522006486913,0.04161775826241662
2026-08-25 03:00:00+00:00,125.9,2.3751688310834194,6892.226982082091,7191.260737915493,0.0415829388936998
2026-08-25 04:00:00+00:00,125.67,2.3751688310834194,6892.226982082091,7190.714449084345,0.04151012658279905
2026-08-25 05:00:00+00:00,126.92,2.3751688310834194,6892.226982082091,7193.683410123199,0.04190571239441643
2026-08-25 06:00:00+00:00,126.43,2.3751688310834194,6892.226982082091,7192.519577395968,0.04175068167455678
2026-08-25 07:00:00+00:00,124.12,2.3751688310834194,6892.226982082091,7187.032937396165,0.04101914627107318
2026-08-25 08:00:00+00:00,124.248,2.3751688310834194,6892.226982082091,7187.336959006544,0.04105971079519886
2026-08-25 09:00:00+00:00,121.71,2.3751688310834194,6892.226982082091,7181.3087805132545,0.040254751225235856
2026-08-25 10:00:00+00:00,122.64,2.3751688310834194,6892.226982082091,7183.517687526161,0.04054986959242588
2026-08-25 11:00:00+00:00,122.42,2.3751688310834194,6892.226982082091,7182.995150383324,0.040480073035510156
2026-08-25 12:00:00+00:00,120.87,2.3751688310834194,6892.226982082091,7179.313638695144,0.039988036609197586
2026-08-25 13:00:00+00:00,122.3,2.3751688310834194,6892.226982082091,7182.710130123593,0.04044199790594972
2026-08-25 14:00:00+00:00,127.2,2.3751688310834194,6892.226982082091,7194.348457395902,0.04199427885693045
2026-08-25 15:00:00+00:00,127.608,2.3751688310834194,6892.226982082091,7195.317526278985,0.04212330353593644
2026-08-25 16:00:00+00:00,127.41,2.3751688310834194,6892.226982082091,7194.847242850429,0.042060692958985936
2026-08-25 17:00:00+00:00,127.67,2.3751688310834194,6892.226982082091,7195.464786746511,0.042142907185503946
2026-08-25 18:00:00+00:00,127.635,2.3751688310834194,6892.226982082091,7195.381655837424,0.042131840707767154
2026-08-25 19:00:00+00:00,126.86,2.3751688310834194,6892.226982082091,7193.540899993333,0.041886731736177636
2026-08-25 20:00:00+00:00,124.81,2.3751688310834194,6892.226982082091,7188.671803889612,0.041237773805047354
2026-08-25 21:00:00+00:00,125.2,2.3751688310834194,6892.226982082091,7189.598119733735,0.04136130180008687
2026-08-25 22:00:00+00:00,125.5,2.3751688310834194,6892.226982082091,7190.31067038306,0.04145630167675201
2026-08-25 23:00:00+00:00,124.78,2.3751688310834194,6892.226982082091,7188.60054882468,0.04122827033295729
2026-08-26 00:00:00+00:00,125.04,2.3751688310834194,6892.226982082091,7189.218092720762,0.041310627499168605
2026-08-26 01:00:00+00:00,125.51,11.50259693754803,5749.8149194281605,7193.5058610598135,0.20069364917691965
2026-08-26 02:00:00+00:00,126.32,11.50259693754803,5749.8149194281605,7202.822964579227,0.20172757990810186
2026-08-26 03:00:00+00:00,126.12,11.50259693754803,5749.8149194281605,7200.522445191718,0.20147253713962024
2026-08-26 04:00:00+00:00,125.49,11.50259693754803,5749.8149194281605,7193.275809121063,0.2006680861399192
2026-08-26 05:00:00+00:00,126.2,11.50259693754803,5749.8149194281605,7201.442652946722,0.20157457380078941
2026-08-26 06:00:00+00:00,125.99,11.50259693754803,5749.8149194281605,7199.027107589836,0.2013066719298489
2026-08-26 07:00:00+00:00,125.71,11.50259693754803,5749.8149194281605,7195.806380447323,0.20094918964860664
2026-08-26 08:00:00+00:00,125.05,11.50259693754803,5749.8149194281605,7188.2146664685415,0.20010528535690555
2026-08-26 09:00:00+00:00,124.49,11.50259693754803,5749.8149194281605,7181.773212183514,0.19938784621131025
2026-08-26 10:00:00+00:00,125.545,11.50259693754803,5749.8149194281605,7193.908451952628,0.20073838055758134
2026-08-26 11:00:00+00:00,124.49,11.50259693754803,5749.8149194281605,7181.773212183514,0.19938784621131025
2026-08-26 12:00:00+00:00,124.61,11.50259693754803,5749.8149194281605,7183.15352381602,0.19954169149184564
2026-08-26 13:00:00+00:00,124.76,11.50259693754803,5749.8149194281605,7184.878913356653,0.19973391496698933
2026-08-26 14:00:00+00:00,121.38,11.50259693754803,5749.8149194281605,7146.00013570774,0.19537995938497163
2026-08-26 15:00:00+00:00,122.028,11.50259693754803,5749.8149194281605,7153.453818523271,0.19621834916449804
2026-08-26 16:00:00+00:00,121.866,11.50259693754803,5749.8149194281605,7151.590397819389,0.19600891555795022
2026-08-26 17:00:00+00:00,123.23,11.50259693754803,5749.8149194281605,7167.2799400422045,0.19776889314660942
2026-08-26 18:00:00+00:00,123.72,11.50259693754803,5749.8149194281605,7172.916212541602,0.19839926341607025
2026-08-26 19:00:00+00:00,123.135,11.50259693754803,5749.8149194281605,7166.187193333137,0.19764656374350079
2026-08-26 20:00:00+00:00,123.1,11.50259693754803,5749.8149194281605,7165.7846024403225,0.1976014856112129
2026-08-26 21:00:00+00:00,124.399,11.50259693754803,5749.8149194281605,7180.726475862198,0.1992711407744056
2026-08-26 22:00:00+00:00,123.9,11.50259693754803,5749.8149194281605,7174.986679990361,0.19863057927852706
2026-08-26 23:00:00+00:00,125.35,11.50259693754803,5749.8149194281605,7191.6654455498065,0.20048909908814805
2026-08-27 00:00:00+00:00,124.22,11.50259693754803,5749.8149194281605,7178.667511010377,0.19904147801673425
2026-08-27 01:00:00+00:00,124.85,4.624687045929611,6602.735007786826,7180.127185471138,0.08041531337392671
2026-08-27 02:00:00+00:00,124.41,4.624687045929611,6602.735007786826,7178.0923231709285,0.08015462736900802
2026-08-27 03:00:00+00:00,124.44,4.624687045929611,6602.735007786826,7178.231063782307,0.0801724061097922
2026-08-27 04:00:00+00:00,124.23,4.624687045929611,6602.735007786826,7177.2598795026615,0.08004794049001979
2026-08-27 05:00:00+00:00,124.55,4.624687045929611,6602.735007786826,7178.739779357359,0.08023758894657929
2026-08-27 06:00:00+00:00,124.37,4.624687045929611,6602.735007786826,7177.907335689091,0.08013092131218606
2026-08-27 07:00:00+00:00,125.73,4.624687045929611,6602.735007786826,7184.196910071556,0.08093624236128275
2026-08-27 08:00:00+00:00,127.99,4.624687045929611,6602.735007786826,7194.648702795357,0.08227138244825671
2026-08-27 09:00:00+00:00,128.01,4.624687045929611,6602.735007786826,7194.741196536275,0.08228318053114347
2026-08-27 10:00:00+00:00,126.835,4.624687045929611,6602.735007786826,7189.307189257308,0.08158952817414358
2026-08-27 11:00:00+00:00,126.39,4.624687045929611,6602.735007786826,7187.249203521869,0.08132655195100541
2026-08-27 12:00:00+00:00,125.66,4.624687045929611,6602.735007786826,7183.873181978341,0.08089482643560215
2026-08-27 13:00:00+00:00,131.66,4.624687045929611,6602.735007786826,7211.621304253918,0.0844312632040078
2026-08-27 14:00:00+00:00,135.46,4.624687045929611,6602.735007786826,7229.195115028451,0.08665696488663104
2026-08-27 15:00:00+00:00,137.956,4.624687045929611,6602.735007786826,7240.738333895091,0.0881130206185834
2026-08-27 16:00:00+00:00,137.883,4.624687045929611,6602.735007786826,7240.400731740739,0.08807050156194944
2026-08-27 17:00:00+00:00,137.8,4.624687045929611,6602.735007786826,7240.016882715927,0.08802215315968141
2026-08-27 18:00:00+00:00,137.07,4.624687045929611,6602.735007786826,7236.640861172397,0.08759669928996222
2026-08-27 19:00:00+00:00,137.4,4.624687045929611,6602.735007786826,7238.167007897555,0.08778907690543884
2026-08-27 20:00:00+00:00,138.4,4.624687045929611,6602.735007786826,7242.791694943484,0.08837154430431989
2026-08-27 21:00:00+00:00,138.49,4.624687045929611,6602.735007786826,7243.207916777617,0.08842392988709451
2026-08-27 22:00:00+00:00,138.7,4.624687045929611,6602.735007786826,7244.179101057263,0.08854613950348361
2026-08-27 23:00:00+00:00,138.99,4.624687045929611,6602.735007786826,7245.520260300583,0.08871485130414783
2026-08-28 00:00:00+00:00,140.36,4.624687045929611,6602.735007786826,7251.856081553507,0.08951102537981205
2026-08-28 01:00:00+00:00,139.97,4.624687045929611,6602.735007786826,7250.052453605594,0.08928451896880331
2026-08-28 02:00:00+00:00,138.74,4.624687045929611,6602.735007786826,7244.3640885391005,0.08856941381057302
2026-08-28 03:00:00+00:00,138.46,4.624687045929611,6602.735007786826,7243.06917616624,0.08840646869513169
2026-08-28 04:00:00+00:00,138.07,4.624687045929611,6602.735007786826,7241.265548218327,0.08817941231123726
2026-08-28 05:00:00+00:00,138.01,4.624687045929611,6602.735007786826,7240.988066995571,0.08814447052024618
2026-08-28 06:00:00+00:00,138.64,4.624687045929611,6602.735007786826,7243.901619834507,0.08851122581401501
2026-08-28 07:00:00+00:00,137.5,4.624687045929611,6602.735007786826,7238.629476602147,0.0878473571372538
2026-08-28 08:00:00+00:00,137.25,4.624687045929611,6602.735007786826,7237.473304840665,0.08770164259249216
2026-08-28 09:00:00+00:00,134.223,4.624687045929611,6602.735007786826,7223.474377152636,0.08593362929744268
2026-08-28 10:00:00+00:00,134.65,4.624687045929611,6602.735007786826,7225.449118521248,0.0861834469414776
2026-08-28 11:00:00+00:00,135.56,4.624687045929611,6602.735007786826,7229.657583733044,0.08671538986255913
2026-08-28 12:00:00+00:00,134.63,4.624687045929611,6602.735007786826,7225.356624780329,0.08617174892906174
2026-08-28 13:00:00+00:00,134.95,4.624687045929611,6602.735007786826,7226.836524635027,0.08635888119521558
2026-08-28 14:00:00+00:00,133.065,4.624687045929611,6602.735007786826,7218.11898955345,0.08525544988344595
2026-08-28 15:00:00+00:00,128.16,4.624687045929611,6602.735007786826,7195.434899593165,0.08237165648456503
2026-08-28 16:00:00+00:00,127.046,4.624687045929611,6602.735007786826,7190.282998223999,0.08171416765964537
2026-08-28 17:00:00+00:00,127.38,4.624687045929611,6602.735007786826,7191.82764369734,0.08191139514123
2026-08-28 18:00:00+00:00,127.08,4.624687045929611,6602.735007786826,7190.440237583561,0.08173424858256535
2026-08-28 19:00:00+00:00,127.3,4.624687045929611,6602.735007786826,7191.457668733666,0.08186416274219784
2026-08-28 20:00:00+00:00,127.369,4.624687045929611,6602.735007786826,7191.776772139834,0.0819049009745259
2026-08-28 21:00:00+00:00,127.29,4.624687045929611,6602.735007786826,7191.411421863206,0.08185825835060642
2026-08-28 22:00:00+00:00,127.77,4.624687045929611,6602.735007786826,7193.631271645252,0.08214158351256204
2026-08-28 23:00:00+00:00,127.5,4.624687045929611,6602.735007786826,7192.382606142852,0.08198223462867793
2026-08-29 00:00:00+00:00,127.887,4.624687045929611,6602.735007786826,7194.172360029626,0.08221061751714337
2026-08-29 01:00:00+00:00,128.0,7.870326174632643,6186.817997517945,7194.219747870923,0.1400293271068223
2026-08-29 02:00:00+00:00,127.77,7.870326174632643,6186.817997517945,7192.409572850757,0.13981289095779903
2026-08-29 03:00:00+00:00,127.65,7.870326174632643,6186.817997517945,7191.465133709801,0.13969992449558022
2026-08-29 04:00:00+00:00,127.88,7.870326174632643,6186.817997517945,7193.275308729967,0.1399164174893399
2026-08-29 05:00:00+00:00,127.97,7.870326174632643,6186.817997517945,7193.983638085684,0.14000110248176012
2026-08-29 06:00:00+00:00,128.2,7.870326174632643,6186.817997517945,7195.793813105849,0.14021744393929633
2026-08-29 07:00:00+00:00,128.27,7.870326174632643,6186.817997517945,7196.344735938073,0.14028326538869362
2026-08-29 08:00:00+00:00,128.02,7.870326174632643,6186.817997517945,7194.377154394416,0.14004814249431463
2026-08-29 09:00:00+00:00,127.88,7.870326174632643,6186.817997517945,7193.275308729967,0.1399164174893399
2026-08-29 10:00:00+00:00,127.97,7.870326174632643,6186.817997517945,7193.983638085684,0.14000110248176012
2026-08-29 11:00:00+00:00,127.97,7.870326174632643,6186.817997517945,7193.983638085684,0.14000110248176012
2026-08-29 12:00:00+00:00,127.89,7.870326174632643,6186.817997517945,7193.354011991713,0.13992582775654003
2026-08-29 13:00:00+00:00,127.85,7.870326174632643,6186.817997517945,7193.039198944728,0.13988818545218043
2026-08-29 14:00:00+00:00,128.75,7.870326174632643,6186.817997517945,7200.122492501898,0.14073434112255634
2026-08-29 15:00:00+00:00,128.66,7.870326174632643,6186.817997517945,7199.414163146181,0.14064980048122777
2026-08-29 16:00:00+00:00,128.66,7.870326174632643,6186.817997517945,7199.414163146181,0.14064980048122777
2026-08-29 17:00:00+00:00,129.05,7.870326174632643,6186.817997517945,7202.483590354287,0.14101602316686188
2026-08-29 18:00:00+00:00,129.42,7.870326174632643,6186.817997517945,7205.395611038901,0.14136317677831076
2026-08-29 19:00:00+00:00,129.46,7.870326174632643,6186.817997517945,7205.710424085886,0.14140069009187228
2026-08-29 20:00:00+00:00,129.5,7.870326174632643,6186.817997517945,7206.025237132872,0.1414382001277099
2026-08-29 21:00:00+00:00,129.32,7.870326174632643,6186.817997517945,7204.608578421438,0.14126937915154522
2026-08-29 22:00:00+00:00,129.24,7.870326174632643,6186.817997517945,7203.978952327468,0.14119432629392922
2026-08-29 23:00:00+00:00,129.36,7.870326174632643,6186.817997517945,7204.923391468424,0.14130690066129634
2026-08-30 00:00:00+00:00,129.47,7.870326174632643,6186.817997517945,7205.7891273476325,0.1414100679081015
2026-08-30 01:00:00+00:00,129.52,7.870326174632643,6186.817997517945,7206.182643656364,0.1414569539166165
2026-08-30 02:00:00+00:00,129.53,7.870326174632643,6186.817997517945,7206.261346918111,0.14146633050384022
2026-08-30 03:00:00+00:00,129.69,7.870326174632643,6186.817997517945,7207.520599106052,0.14161632804971866
2026-08-30 04:00:00+00:00,129.72,7.870326174632643,6186.817997517945,7207.756708891291,0.14164444675469476
2026-08-30 05:00:00+00:00,129.72,7.870326174632643,6186.817997517945,7207.756708891291,0.14164444675469476
2026-08-30 06:00:00+00:00,129.01,7.870326174632643,6186.817997517945,7202.168777307302,0.14097847623184548
2026-08-30 07:00:00+00:00,129.06,7.870326174632643,6186.817997517945,7202.5622936160335,0.14102540938776614
2026-08-30 08:00:00+00:00,129.11,7.870326174632643,6186.817997517945,7202.955809924765,0.14107233741552472
2026-08-30 09:00:00+00:00,129.15,7.870326174632643,6186.817997517945,7203.2706229717505,0.1411098761460197
2026-08-30 10:00:00+00:00,128.93,7.870326174632643,6186.817997517945,7201.539151213331,0.1409033725136972
2026-08-30 11:00:00+00:00,128.93,7.870326174632643,6186.817997517945,7201.539151213331,0.1409033725136972
2026-08-30 12:00:00+00:00,130.31,7.870326174632643,6186.817997517945,7212.400201334324,0.14219707381554378
2026-08-30 13:00:00+00:00,131.53,7.870326174632643,6186.817997517945,7222.001999267376,0.14333754017991743
2026-08-30 14:00:00+00:00,131.06,7.870326174632643,6186.817997517945,7218.302945965299,0.1428985394723433
2026-08-30 15:00:00+00:00,131.32,7.870326174632643,6186.817997517945,7220.349230770703,0.14314144651732297
2026-08-30 16:00:00+00:00,132.12,7.870326174632643,6186.817997517945,7226.645491710409,0.14388798999276184
2026-08-30 17:00:00+00:00,131.7,7.870326174632643,6186.817997517945,7223.339954717064,0.1434962169435537
2026-08-30 18:00:00+00:00,131.94,7.870326174632643,6186.817997517945,7225.228832998975,0.14372013115189017
2026-08-30 19:00:00+00:00,130.82,7.870326174632643,6186.817997517945,7216.414067683387,0.1426741953148433
2026-08-30 20:00:00+00:00,130.55,7.870326174632643,6186.817997517945,7214.289079616236,0.14242166771517117
2026-08-30 21:00:00+00:00,130.27,7.870326174632643,6186.817997517945,7212.085388287339,0.14215963006129434
2026-08-30 22:00:00+00:00,129.92,7.870326174632643,6186.817997517945,7209.330774126218,0.14183185771944318
2026-08-30 23:00:00+00:00,126.98,7.870326174632643,6186.817997517945,7186.192015172797,0.13906864936878843
2026-08-31 00:00:00+00:00,127.65,7.870326174632643,6186.817997517945,7191.465133709801,0.13969992449558022
2026-08-31 01:00:00+00:00,126.98,14.64870316449776,5320.500949323267,7180.5932771511925,0.2590443792084396
2026-08-31 02:00:00+00:00,126.68,14.64870316449776,5320.500949323267,7176.1986662018435,0.25859062760044016
2026-08-31 03:00:00+00:00,127.35,14.64870316449776,5320.500949323267,7186.013297322057,0.2596032418551177
2026-08-31 04:00:00+00:00,127.22,14.64870316449776,5320.500949323267,7184.108965910673,0.25940698080032115
2026-08-31 05:00:00+00:00,128.45,14.64870316449776,5320.500949323267,7202.126870803005,0.2612597577401388
2026-08-31 06:00:00+00:00,128.88,14.64870316449776,5320.500949323267,7208.425813163739,0.26190529149829334
2026-08-31 07:00:00+00:00,128.79,14.64870316449776,5320.500949323267,7207.1074298789335,0.26177027315206236
2026-08-31 08:00:00+00:00,129.91,14.64870316449776,5320.500949323267,7223.513977423171,0.2634469918723355
2026-08-31 09:00:00+00:00,130.6,14.64870316449776,5320.500949323267,7233.621582606675,0.26447618408509616
2026-08-31 10:00:00+00:00,130.528,14.64870316449776,5320.500949323267,7232.566875978831,0.2643689245385361
2026-08-31 11:00:00+00:00,129.35,14.64870316449776,5320.500949323267,7215.310703651053,0.2626095856646871
2026-08-31 12:00:00+00:00,128.13,14.64870316449776,5320.500949323267,7197.439285790366,0.2607786272226939
2026-08-31 13:00:00+00:00,126.95,14.64870316449776,5320.500949323267,7180.153816056258,0.25899902904230765
2026-08-31 14:00:00+00:00,128.65,14.64870316449776,5320.500949323267,7205.056611435904,0.2615601464007181
2026-08-31 15:00:00+00:00,129.82,14.64870316449776,5320.500949323267,7222.195594138367,0.26331253702939594
2026-08-31 16:00:00+00:00,130.075,14.64870316449776,5320.500949323267,7225.9310134453135,0.2636933649901454
2026-08-31 17:00:00+00:00,131.502,14.64870316449776,5320.500949323267,7246.834712861052,0.26581726227577607
2026-08-31 18:00:00+00:00,132.34,14.64870316449776,5320.500949323267,7259.110326112901,0.26705881157584194
2026-08-31 19:00:00+00:00,132.94,14.64870316449776,5320.500949323267,7267.899548011599,0.267945172580311
2026-08-31 20:00:00+00:00,133.19,14.64870316449776,5320.500949323267,7271.561723802724,0.26831385726849516
2026-08-31 21:00:00+00:00,132.81,14.64870316449776,5320.500949323267,7265.995216600215,0.2677533096680528
2026-08-31 22:00:00+00:00,132.45,14.64870316449776,5320.500949323267,7260.721683460995,0.2672214717384506
2026-08-31 23:00:00+00:00,131.466,14.64870316449776,5320.500949323267,7246.3073595471305,0.2657638317931106
2026-09-01 00:00:00+00:00,130.86,14.64870316449776,5320.500949323267,7237.430245429445,0.26486324995211513
2026-09-01 01:00:00+00:00,130.63,6.631957777089086,6369.249595132187,7235.582239553334,0.11973226421024379
2026-09-01 02:00:00+00:00,130.95,6.631957777089086,6369.249595132187,7237.704466042003,0.11999037470850717
2026-09-01 03:00:00+00:00,131.63,6.631957777089086,6369.249595132187,7242.214197330423,0.12053835724991714
2026-09-01 04:00:00+00:00,131.64,6.631957777089086,6369.249595132187,7242.280516908194,0.12054641072487941
2026-09-01 05:00:00+00:00,132.94,6.631957777089086,6369.249595132187,7250.90206201841,0.12159210803638966
2026-09-01 06:00:00+00:00,131.45,6.631957777089086,6369.249595132187,7241.0204449305475,0.12039336947442109
2026-09-01 07:00:00+00:00,131.0,6.631957777089086,6369.249595132187,7238.036063930857,0.12003069080134518
2026-09-01 08:00:00+00:00,128.815,6.631957777089086,6369.249595132187,7223.545236187918,0.11826542412663953
2026-09-01 09:00:00+00:00,128.69,6.631957777089086,6369.249595132187,7222.716241465781,0.11816422212931788
2026-09-01 10:00:00+00:00,128.99,6.631957777089086,6369.249595132187,7224.705828798908,0.11840706790534322
2026-09-01 11:00:00+00:00,128.84,6.631957777089086,6369.249595132187,7223.711035132345,0.11828566173875245
2026-09-01 12:00:00+00:00,128.4,6.631957777089086,6369.249595132187,7220.792973710426,0.11792934400398279
2026-09-01 13:00:00+00:00,128.175,6.631957777089086,6369.249595132187,7219.30078321058,0.11774702476108183
2026-09-01 14:00:00+00:00,128.25,6.631957777089086,6369.249595132187,7219.798180043863,0.11780780621578371
2026-09-01 15:00:00+00:00,127.72,6.631957777089086,6369.249595132187,7216.283242422005,0.1173781043280568
2026-09-01 16:00:00+00:00,126.305,6.631957777089086,6369.249595132187,7206.899022167424,0.11622882802419505
2026-09-01 17:00:00+00:00,125.129,6.631957777089086,6369.249595132187,7199.099839821567,0.1152713899172634
2026-09-01 18:00:00+00:00,125.46,6.631957777089086,6369.249595132187,7201.295017845784,0.11554108263189823
2026-09-01 19:00:00+00:00,124.95,6.631957777089086,6369.249595132187,7197.912719379468,0.11512547547516251
2026-09-01 20:00:00+00:00,124.59,6.631957777089086,6369.249595132187,7195.525214579717,0.11483187047601656
2026-09-01 21:00:00+00:00,124.5,6.631957777089086,6369.249595132187,7194.928338379778,0.1147584387801596
2026-09-01 22:00:00+00:00,124.064,6.631957777089086,6369.249595132187,7192.036804788968,0.11440253046381942
2026-09-01 23:00:00+00:00,124.89,6.631957777089086,6369.249595132187,7197.514801912843,0.11507655483536242
2026-09-02 00:00:00+00:00,124.24,6.631957777089086,6369.249595132187,7193.204029357736,0.1145462343154358
2026-09-02 01:00:00+00:00,123.68,13.89642638933584,5465.611184276883,7184.32120010994,0.2392306757953355
2026-09-02 02:00:00+00:00,124.93,13.89642638933584,5465.611184276883,7201.69173309661,0.24106565695408352
2026-09-02 03:00:00+00:00,125.56,13.89642638933584,5465.611184276883,7210.446481721891,0.2419871365619418
2026-09-02 04:00:00+00:00,125.66,13.89642638933584,5465.611184276883,7211.836124360825,0.24213319742324388
2026-09-02 05:00:00+00:00,125.96,13.89642638933584,5465.611184276883,7216.0050522776255,0.24257104247013467
2026-09-02 06:00:00+00:00,125.6,13.89642638933584,5465.611184276883,7211.0023387774645,0.24204556766188634
2026-09-02 07:00:00+00:00,125.15,13.89642638933584,5465.611184276883,7204.748946902264,0.24138769795346385
2026-09-02 08:00:00+00:00,122.75,13.89642638933584,5465.611184276883,7171.397523567857,0.23785968267483867
2026-09-02 09:00:00+00:00,122.01,13.89642638933584,5465.611184276883,7161.114168039749,0.23676524964927143
2026-09-02 10:00:00+00:00,122.0,13.89642638933584,5465.611184276883,7160.975203775855,0.2367504384884669
2026-09-02 11:00:00+00:00,122.75,13.89642638933584,5465.611184276883,7171.397523567857,0.23785968267483867
2026-09-02 12:00:00+00:00,123.52,13.89642638933584,5465.611184276883,7182.097771887646,0.23899515742176045
2026-09-02 13:00:00+00:00,123.35,13.89642638933584,5465.611184276883,7179.735379401459,0.23874475931834055
2026-09-02 14:00:00+00:00,122.655,13.89642638933584,5465.611184276883,7170.077363060871,0.23771935677641828
2026-09-02 15:00:00+00:00,122.193,13.89642638933584,5465.611184276883,7163.657214068998,0.23703619241541216
2026-09-02 16:00:00+00:00,122.18,13.89642638933584,5465.611184276883,7163.476560525936,0.23701695146251686
2026-09-02 17:00:00+00:00,123.1,13.89642638933584,5465.611184276883,7176.261272804125,0.23837622732746536
2026-09-02 18:00:00+00:00,122.64,13.89642638933584,5465.611184276883,7169.868916665031,0.23769719533183042
2026-09-02 19:00:00+00:00,123.18,13.89642638933584,5465.611184276883,7177.372986915272,0.23849419638062846
2026-09-02 20:00:00+00:00,123.35,13.89642638933584,5465.611184276883,7179.735379401459,0.23874475931834055
2026-09-02 21:00:00+00:00,123.56,13.89642638933584,5465.611184276883,7182.65362894322,0.23905405068502017
2026-09-02 22:00:00+00:00,123.55,13.89642638933584,5465.611184276883,7182.514664679326,0.23903932822378673
2026-09-02 23:00:00+00:00,123.2,13.89642638933584,5465.611184276883,7177.650915443059,0.238523682934014
2026-09-03 00:00:00+00:00,122.57,13.89642638933584,5465.611184276883,7168.896166817777,0.2375937582168902
2026-09-03 01:00:00+00:00,123.23,13.89642638933584,5465.611184276883,7178.067808234739,0.23856790848274115
2026-09-03 02:00:00+00:00,124.65,13.89642638933584,5465.611184276883,7197.800733707596,0.2406553909333441
2026-09-03 03:00:00+00:00,124.53,13.89642638933584,5465.611184276883,7196.133162540876,0.24047942682219126
2026-09-03 04:00:00+00:00,124.34,13.89642638933584,5465.611184276883,7193.492841526901,0.24020065013135616
2026-09-03 05:00:00+00:00,124.36,13.89642638933584,5465.611184276883,7193.770770054688,0.24023000468288028
2026-09-03 06:00:00+00:00,124.23,13.89642638933584,5465.611184276883,7191.964234624074,0.24003915954365534
2026-09-03 07:00:00+00:00,124.42,13.89642638933584,5465.611184276883,7194.604555638049,0.24031805472981002
2026-09-03 08:00:00+00:00,124.905,13.89642638933584,5465.611184276883,7201.344322436877,0.24102904408445716
2026-09-03 09:00:00+00:00,124.238,13.89642638933584,5465.611184276883,7192.075406035189,0.24005090662836398
2026-09-03 10:00:00+00:00,124.275,13.89642638933584,5465.611184276883,7192.589573811595,0.24010523217155122
2026-09-03 11:00:00+00:00,124.726,13.89642638933584,5465.611184276883,7198.856862113185,0.240766792705407
2026-09-03 12:00:00+00:00,127.321,13.89642638933584,5465.611184276883,7234.918088593512,0.24455106231349008
2026-09-03 13:00:00+00:00,132.236,13.89642638933584,5465.611184276883,7303.219024297097,0.2516161481542142
2026-09-03 14:00:00+00:00,138.704,13.89642638933584,5465.611184276883,7393.101110183322,0.26071467131045956
2026-09-03 15:00:00+00:00,140.04,13.89642638933584,5465.611184276883,7411.666735839474,0.2625665212592931
2026-09-03 16:00:00+00:00,140.356,13.89642638933584,5465.611184276883,7416.058006578504,0.26300317777604404
2026-09-03 17:00:00+00:00,141.232,13.89642638933584,5465.611184276883,7428.231276095563,0.26421095666938826
2026-09-03 18:00:00+00:00,141.745,13.89642638933584,5465.611184276883,7435.360142833292,0.2649164157105406
2026-09-03 19:00:00+00:00,144.836,13.89642638933584,5465.611184276883,7478.313996802729,0.2691385803519824
2026-09-03 20:00:00+00:00,143.952,13.89642638933584,5465.611184276883,7466.0295558745565,0.2679360370364014
2026-09-03 21:00:00+00:00,144.045,13.89642638933584,5465.611184276883,7467.321923528764,0.26806273517480156
2026-09-03 22:00:00+00:00,143.27,13.89642638933584,5465.611184276883,7456.552193077029,0.2670055753983212
2026-09-03 23:00:00+00:00,143.539,13.89642638933584,5465.611184276883,7460.29033177576,0.26737285799761723
2026-09-04 00:00:00+00:00,142.52,13.89642638933584,5465.611184276883,7446.129873285027,0.26597960587738095
2026-09-04 01:00:00+00:00,142.13,1.0446014390332987,7295.642798253142,7444.112000782945,0.019944514874868525
2026-09-04 02:00:00+00:00,142.18,1.0446014390332987,7295.642798253142,7444.164230854896,0.019951391183197748
2026-09-04 03:00:00+00:00,142.87,1.0446014390332987,7295.642798253142,7444.885005847829,0.020046274385361253
2026-09-04 04:00:00+00:00,143.49,1.0446014390332987,7295.642798253142,7445.5326587400305,0.020131516085815294
2026-09-04 05:00:00+00:00,142.37,1.0446014390332987,7295.642798253142,7444.362705128313,0.019977520274867825
2026-09-04 06:00:00+00:00,142.01,1.0446014390332987,7295.642798253142,7443.986648610261,0.019928011341182817
2026-09-04 07:00:00+00:00,141.85,1.0446014390332987,7295.642798253142,7443.819512380016,0.01990600576497546
2026-09-04 08:00:00+00:00,142.02,1.0446014390332987,7295.642798253142,7443.997094624651,0.01992938665688579
2026-09-04 09:00:00+00:00,141.542,1.0446014390332987,7295.642798253142,7443.497775136793,0.019863642248611268
2026-09-04 10:00:00+00:00,142.235,1.0446014390332987,7295.642798253142,7444.2216839340435,0.019958955010912823
2026-09-04 11:00:00+00:00,142.225,1.0446014390332987,7295.642798253142,7444.211237919653,0.019957579778194148
2026-09-04 12:00:00+00:00,136.81,1.0446014390332987,7295.642798253142,7438.554721127288,0.019212323930109878
2026-09-04 13:00:00+00:00,140.47,1.0446014390332987,7295.642798253142,7442.37796239415,0.019716166644915194
2026-09-04 14:00:00+00:00,138.85,1.0446014390332987,7295.642798253142,7440.685708062916,0.019493218165713054
2026-09-04 15:00:00+00:00,142.025,1.0446014390332987,7295.642798253142,7444.002317631846,0.019930074313289806
2026-09-04 16:00:00+00:00,142.96,1.0446014390332987,7295.642798253142,7444.979019977342,0.020058649100753927
2026-09-04 17:00:00+00:00,141.8,1.0446014390332987,7295.642798253142,7443.767282308064,0.019899128819754464
2026-09-04 18:00:00+00:00,143.2901,1.0446014390332987,7295.642798253142,7445.323842912368,0.020104034131667125
2026-09-04 19:00:00+00:00,142.8,1.0446014390332987,7295.642798253142,7444.811883747097,0.020036649390645957
2026-09-04 20:00:00+00:00,143.2984,1.0446014390332987,7295.642798253142,7445.332513104311,0.02010517523397441
2026-09-04 21:00:00+00:00,142.37,1.0446014390332987,7295.642798253142,7444.362705128313,0.019977520274867825
2026-09-04 22:00:00+00:00,142.53,1.0446014390332987,7295.642798253142,7444.529841358559,0.019999522639867012
2026-09-04 23:00:00+00:00,142.73,1.0446014390332987,7295.642798253142,7444.738761646365,0.020027024206857588
2026-09-05 00:00:00+00:00,142.26,1.0446014390332987,7295.642798253142,7444.247798970019,0.019962393075823988
2026-09-05 01:00:00+00:00,141.63,1.0446014390332987,7295.642798253142,7443.589700063429,0.019875746484122492
2026-09-05 02:00:00+00:00,141.78,1.0446014390332987,7295.642798253142,7443.746390279283,0.019896378014644365
2026-09-05 03:00:00+00:00,141.75,1.0446014390332987,7295.642798253142,7443.715052236113,0.019892251778026993
2026-09-05 04:00:00+00:00,141.66,1.0446014390332987,7295.642798253142,7443.621038106599,0.019879872859714747
2026-09-05 05:00:00+00:00,141.69,1.0446014390332987,7295.642798253142,7443.65237614977,0.01988399920056262
2026-09-05 06:00:00+00:00,141.8,1.0446014390332987,7295.642798253142,7443.767282308064,0.019899128819754464
2026-09-05 07:00:00+00:00,142.02,1.0446014390332987,7295.642798253142,7443.997094624651,0.01992938665688579
2026-09-05 08:00:00+00:00,141.72,1.0446014390332987,7295.642798253142,7443.683714192941,0.01988812550666656
2026-09-05 09:00:00+00:00,142.25,1.0446014390332987,7295.642798253142,7444.237352955629,0.019961017852754167
2026-09-05 10:00:00+00:00,142.06,1.0446014390332987,7295.642798253142,7444.038878682212,0.01993488788109881
2026-09-05 11:00:00+00:00,142.08,1.0446014390332987,7295.642798253142,7444.059770710994,0.01993763847004624
2026-09-05 12:00:00+00:00,142.33,1.0446014390332987,7295.642798253142,7444.320921070752,0.019972019529247317
2026-09-05 13:00:00+00:00,142.34,1.0446014390332987,7295.642798253142,7444.331367085142,0.019973394721441495
2026-09-05 14:00:00+00:00,142.45,1.0446014390332987,7295.642798253142,7444.446273243436,0.019988521580861902
2026-09-05 15:00:00+00:00,142.52,1.0446014390332987,7295.642798253142,7444.519395344168,0.019998147520998304
2026-09-05 16:00:00+00:00,144.4,1.0446014390332987,7295.642798253142,7446.483246049551,0.020256602051234186
2026-09-05 17:00:00+00:00,144.8,1.0446014390332987,7295.642798253142,7446.901086625164,0.020311574789637753
2026-09-05 18:00:00+00:00,143.94,1.0446014390332987,7295.642798253142,7446.0027293875955,0.020193375774765467
2026-09-05 19:00:00+00:00,143.65,1.0446014390332987,7295.642798253142,7445.699794970275,0.02015351153675306
2026-09-05 20:00:00+00:00,143.76,1.0446014390332987,7295.642798253142,7445.814701128569,0.020168632836466548
2026-09-05 21:00:00+00:00,143.74,1.0446014390332987,7295.642798253142,7445.793809099789,0.020165883543960227
2026-09-05 22:00:00+00:00,143.7,1.0446014390332987,7295.642798253142,7445.752025042228,0.020160384912662158
2026-09-05 23:00:00+00:00,143.64,1.0446014390332987,7295.642798253142,7445.689348955885,0.020152136849999544
2026-09-06 00:00:00+00:00,143.72,1.0446014390332987,7295.642798253142,7445.772917071008,0.02016313423602547
2026-09-06 01:00:00+00:00,144.1,1.0446014390332987,7295.642798253142,7446.1698656178405,0.020215368448649868
2026-09-06 02:00:00+00:00,144.05,1.0446014390332987,7295.642798253142,7446.117635545889,0.020208495844118515
2026-09-06 03:00:00+00:00,145.06,1.0446014390332987,7295.642798253142,7447.172682999312,0.020347303761612576
2026-09-06 04:00:00+00:00,144.75,1.0446014390332987,7295.642798253142,7446.8488565532125,0.020304703534705013
2026-09-06 05:00:00+00:00,144.85,1.0446014390332987,7295.642798253142,7446.953316697116,0.020318445948185798
2026-09-06 06:00:00+00:00,144.85,1.0446014390332987,7295.642798253142,7446.953316697116,0.020318445948185798
2026-09-06 07:00:00+00:00,144.78,1.0446014390332987,7295.642798253142,7446.880194596383,0.02030882629923093
2026-09-06 08:00:00+00:00,144.14,1.0446014390332987,7295.642798253142,7446.2116496754015,0.020220866462857433
2026-09-06 09:00:00+00:00,144.52,1.0446014390332987,7295.642798253142,7446.608598222235,0.02027309452052215
2026-09-06 10:00:00+00:00,144.87,1.0446014390332987,7295.642798253142,7446.9742087258965,0.020321194384617762
2026-09-06 11:00:00+00:00,144.91,1.0446014390332987,7295.642798253142,7447.0159927834575,0.020326691211218526
2026-09-06 12:00:00+00:00,145.0,1.0446014390332987,7295.642798253142,7447.110006912971,0.020339058845542095
2026-09-06 13:00:00+00:00,145.0,1.0446014390332987,7295.642798253142,7447.110006912971,0.020339058845542095
2026-09-06 14:00:00+00:00,144.85,1.0446014390332987,7295.642798253142,7446.953316697116,0.020318445948185798
2026-09-06 15:00:00+00:00,143.6,1.0446014390332987,7295.642798253142,7445.647564898324,0.020146638064412616
2026-09-06 16:00:00+00:00,143.38,1.0446014390332987,7295.642798253142,7445.417752581737,0.020116393640458807
2026-09-06 17:00:00+00:00,143.52,1.0446014390332987,7295.642798253142,7445.563996783201,0.020135640308085637
2026-09-06 18:00:00+00:00,144.0,1.0446014390332987,7295.642798253142,7446.065405473937,0.020201623143172046
2026-09-06 19:00:00+00:00,143.97,1.0446014390332987,7295.642798253142,7446.034067430766,0.02019749947632406
2026-09-06 20:00:00+00:00,144.0,1.0446014390332987,7295.642798253142,7446.065405473937,0.020201623143172046
2026-09-06 21:00:00+00:00,144.12,1.0446014390332987,7295.642798253142,7446.190757646621,0.020218117463466634
2026-09-06 22:00:00+00:00,144.9,1.0446014390332987,7295.642798253142,7447.005546769067,0.020325317010351188
2026-09-06 23:00:00+00:00,146.58,1.0446014390332987,7295.642798253142,7448.760477186644,0.020556128687780367
2026-09-07 00:00:00+00:00,145.93,1.0446014390332987,7295.642798253142,7448.081486251272,0.020466839451142194
2026-09-07 01:00:00+00:00,145.9,4.07953842773564,6851.783500932868,7446.988157539498,0.07992555433353701
2026-09-07 02:00:00+00:00,146.09,4.07953842773564,6851.783500932868,7447.763269840768,0.08002130939382579
2026-09-07 03:00:00+00:00,145.5,4.07953842773564,6851.783500932868,7445.356342168404,0.07972389956323594
2026-09-07 04:00:00+00:00,144.03,4.07953842773564,6851.783500932868,7439.359420679632,0.07898205833602344
2026-09-07 05:00:00+00:00,145.0,4.07953842773564,6851.783500932868,7443.316572954536,0.07947170676187777
2026-09-07 06:00:00+00:00,144.46,4.07953842773564,6851.783500932868,7441.113622203558,0.07919918323948003
2026-09-07 07:00:00+00:00,142.45,4.07953842773564,6851.783500932868,7432.91374996381,0.0781833704223692
2026-09-07 08:00:00+00:00,142.38,4.07953842773564,6851.783500932868,7432.628182273868,0.07814795346903822
2026-09-07 09:00:00+00:00,144.3,4.07953842773564,6851.783500932868,7440.460896055121,0.07911840453786478
2026-09-07 10:00:00+00:00,142.36,4.07953842773564,6851.783500932868,7432.546591505314,0.07813783383964282
2026-09-07 11:00:00+00:00,144.75,4.07953842773564,6851.783500932868,7442.296688347602,0.0793455585208394
2026-09-07 12:00:00+00:00,142.75,4.07953842773564,6851.783500932868,7434.137611492131,0.07833512654635624
2026-09-07 13:00:00+00:00,143.0,4.07953842773564,6851.783500932868,7435.157496099065,0.0784615518194833
2026-09-07 14:00:00+00:00,141.39,4.07953842773564,6851.783500932868,7428.589439230411,0.0776467649768646
2026-09-07 15:00:00+00:00,140.11,4.07953842773564,6851.783500932868,7423.367630042909,0.0769979553210861
2026-09-07 16:00:00+00:00,140.55,4.07953842773564,6851.783500932868,7425.1626269511125,0.07722108657082474
2026-09-07 17:00:00+00:00,141.24,4.07953842773564,6851.783500932868,7427.977508466251,0.0775707797817977
2026-09-07 18:00:00+00:00,141.23,4.07953842773564,6851.783500932868,7427.936713081973,0.07756571365698255
2026-09-07 19:00:00+00:00,141.9,4.07953842773564,6851.783500932868,7430.670003828555,0.07790502102736681
2026-09-07 20:00:00+00:00,141.45,4.07953842773564,6851.783500932868,7428.834211536075,0.07767715554980574
2026-09-07 21:00:00+00:00,141.49,4.07953842773564,6851.783500932868,7428.997393073184,0.0776974148191937
2026-09-07 22:00:00+00:00,140.76,4.07953842773564,6851.783500932868,7426.019330020937,0.07732754300364171
2026-09-07 23:00:00+00:00,141.15,4.07953842773564,6851.783500932868,7427.610350007754,0.07752518265504928
2026-09-08 00:00:00+00:00,143.01,4.07953842773564,6851.783500932868,7435.1982914833425,0.07846660810899247
2026-09-08 01:00:00+00:00,143.72,4.07953842773564,6851.783500932868,7438.094763767034,0.07882546289813978
2026-09-08 02:00:00+00:00,141.57,4.07953842773564,6851.783500932868,7429.3237561474025,0.07773793068805869
2026-09-08 03:00:00+00:00,141.64,4.07953842773564,6851.783500932868,7429.609323837344,0.07777337915340517
2026-09-08 04:00:00+00:00,140.49,4.07953842773564,6851.783500932868,7424.917854645449,0.07719066593497663
2026-09-08 05:00:00+00:00,139.76,4.07953842773564,6851.783500932868,7421.939791593201,0.07682038748227878
2026-09-08 06:00:00+00:00,138.87,4.07953842773564,6851.783500932868,7418.309002392517,0.0763685499319232
2026-09-08 07:00:00+00:00,139.37,4.07953842773564,6851.783500932868,7420.348771606385,0.07662244567925224
2026-09-08 08:00:00+00:00,139.0,4.07953842773564,6851.783500932868,7418.8393423881225,0.0764345762571425
2026-09-08 09:00:00+00:00,139.99,4.07953842773564,6851.783500932868,7422.878085431581,0.07693708261483695
2026-09-08 10:00:00+00:00,139.17,4.07953842773564,6851.783500932868,7419.532863920837,0.07652090413249318
2026-09-08 11:00:00+00:00,138.76,4.07953842773564,6851.783500932868,7417.860253165466,0.07631267412877349
2026-09-08 12:00:00+00:00,138.54,4.07953842773564,6851.783500932868,7416.962754711364,0.07620090223851878
2026-09-08 13:00:00+00:00,137.6,4.07953842773564,6851.783500932868,7413.127988589293,0.07572302657130395
2026-09-08 14:00:00+00:00,137.66,4.07953842773564,6851.783500932868,7413.372760894957,0.07575354404468015
2026-09-08 15:00:00+00:00,139.205,4.07953842773564,6851.783500932868,7419.675647765808,0.07653867551527564
2026-09-08 16:00:00+00:00,137.415,4.07953842773564,6851.783500932868,7412.373273980162,0.07562891834051925
2026-09-08 17:00:00+00:00,137.175,4.07953842773564,6851.783500932868,7411.394184757504,0.07550680342647927
2026-09-08 18:00:00+00:00,136.52,4.07953842773564,6851.783500932868,7408.722087087338,0.07517336722957363
2026-09-08 19:00:00+00:00,136.52,4.07953842773564,6851.783500932868,7408.722087087338,0.07517336722957363
2026-09-08 20:00:00+00:00,136.75,4.07953842773564,6851.783500932868,7409.660380925717,0.07529047909253178
2026-09-08 21:00:00+00:00,136.82,4.07953842773564,6851.783500932868,7409.945948615658,0.07532611594650934
2026-09-08 22:00:00+00:00,136.84,4.07953842773564,6851.783500932868,7410.027539384213,0.07533629740028416
2026-09-08 23:00:00+00:00,136.85,4.07953842773564,6851.783500932868,7410.068334768491,0.07534138804309212
2026-09-09 00:00:00+00:00,137.66,4.07953842773564,6851.783500932868,7413.372760894957,0.07575354404468015
2026-09-09 01:00:00+00:00,138.28,9.693499178854367,6077.960768900415,7418.377835352397,0.18068870259805359
2026-09-09 02:00:00+00:00,137.86,9.693499178854367,6077.960768900415,7414.3065656972785,0.18023881059619856
2026-09-09 03:00:00+00:00,137.64,9.693499178854367,6077.960768900415,7412.17399587793,0.18000295564020755
2026-09-09 04:00:00+00:00,139.69,9.693499178854367,6077.960768900415,7432.045669194582,0.1821954493507452
2026-09-09 05:00:00+00:00,138.96,9.693499178854367,6077.960768900415,7424.969414794018,0.18141605313682918
2026-09-09 06:00:00+00:00,139.2,9.693499178854367,6077.960768900415,7427.295854596943,0.1816724568553964
2026-09-09 07:00:00+00:00,139.49,9.693499178854367,6077.960768900415,7430.106969358811,0.18198206378919476
2026-09-09 08:00:00+00:00,141.5501,9.693499178854367,6077.960768900415,7450.076547017168,0.18417472215988379
2026-09-09 09:00:00+00:00,138.9708,9.693499178854367,6077.960768900415,7425.07410458515,0.18142759475664516
2026-09-09 10:00:00+00:00,138.9,9.693499178854367,6077.960768900415,7424.387804843287,0.18135192709956938
2026-09-09 11:00:00+00:00,139.87,9.693499178854367,6077.960768900415,7433.790499046776,0.18238740119461483
2026-09-09 12:00:00+00:00,140.5296,9.693499178854367,6077.960768900415,7440.184331105148,0.18309002863137278
2026-09-09 13:00:00+00:00,136.8483,9.693499178854367,6077.960768900415,7404.499652578032,0.17915307528115743
2026-09-09 14:00:00+00:00,135.51,9.693499178854367,6077.960768900415,7391.52684262697,0.17771241337462423
2026-09-09 15:00:00+00:00,134.28,9.693499178854367,6077.960768900415,7379.60383863698,0.17638386805015527
2026-09-09 16:00:00+00:00,134.685,9.693499178854367,6077.960768900415,7383.529705804415,0.17682178970278312
2026-09-09 17:00:00+00:00,135.1594,9.693499178854367,6077.960768900415,7388.128301814864,0.17733416088518814
2026-09-09 18:00:00+00:00,133.355,9.693499178854367,6077.960768900415,7370.637351896539,0.17538192713598982
2026-09-09 19:00:00+00:00,132.7,9.693499178854367,6077.960768900415,7364.2881099343895,0.17467096911902794
2026-09-09 20:00:00+00:00,133.45,9.693499178854367,6077.960768900415,7371.558234318531,0.17548494148709698
2026-09-09 21:00:00+00:00,132.8,9.693499178854367,6077.960768900415,7365.257459852275,0.17477959161222306
2026-09-09 22:00:00+00:00,132.22,9.693499178854367,6077.960768900415,7359.635230328539,0.1741491828489589
2026-09-09 23:00:00+00:00,133.17,9.693499178854367,6077.960768900415,7368.844054548451,0.1751812463518254
2026-09-10 00:00:00+00:00,133.6,9.693499178854367,6077.960768900415,7373.012259195359,0.17564754333343216
2026-09-10 01:00:00+00:00,133.0,6.62410109544313,6487.376766455036,7368.382212148972,0.11956565502822811
2026-09-10 02:00:00+00:00,133.41,6.62410109544313,6487.376766455036,7371.098093598104,0.11989005110522022
2026-09-10 03:00:00+00:00,133.42,6.62410109544313,6487.376766455036,7371.164334609059,0.11989796021836968
2026-09-10 04:00:00+00:00,133.53,6.62410109544313,6487.376766455036,7371.892985729557,0.1199849510820029
2026-09-10 05:00:00+00:00,133.56,6.62410109544313,6487.376766455036,7372.09170876242,0.12000867287852891
2026-09-10 06:00:00+00:00,133.4,6.62410109544313,6487.376766455036,7371.03185258715,0.1198821418499176
2026-09-10 07:00:00+00:00,132.22,6.62410109544313,6487.376766455036,7363.215413294527,0.11894785058958554
2026-09-10 08:00:00+00:00,131.52,6.62410109544313,6487.376766455036,7358.578542527716,0.11839267204089901
2026-09-10 09:00:00+00:00,131.47,6.62410109544313,6487.376766455036,7358.247337472944,0.11835298965595697
2026-09-10 10:00:00+00:00,131.2,6.62410109544313,6487.376766455036,7356.458830177175,0.11813864303257543
2026-09-10 11:00:00+00:00,131.31,6.62410109544313,6487.376766455036,7357.187481297673,0.11822598201469495
2026-09-10 12:00:00+00:00,127.8,6.62410109544313,6487.376766455036,7333.936886452668,0.1154305161203947
2026-09-10 13:00:00+00:00,130.42,6.62410109544313,6487.376766455036,7351.292031322729,0.11751883358553604
2026-09-10 14:00:00+00:00,131.52,6.62410109544313,6487.376766455036,7358.578542527716,0.11839267204089901
2026-09-10 15:00:00+00:00,130.49,6.62410109544313,6487.376766455036,7351.75571839941,0.11757449309436013
2026-09-10 16:00:00+00:00,129.96,6.62410109544313,6487.376766455036,7348.244944818825,0.1171528963485055
2026-09-10 17:00:00+00:00,130.05,6.62410109544313,6487.376766455036,7348.841113917415,0.1172245166426196
2026-09-10 18:00:00+00:00,129.92,6.62410109544313,6487.376766455036,7347.979980775008,0.11712106137627251
2026-09-10 19:00:00+00:00,128.56,6.62410109544313,6487.376766455036,7338.971203285205,0.11603730458145994
2026-09-10 20:00:00+00:00,128.9875,6.62410109544313,6487.376766455036,7341.803006503507,0.11637825739693697
2026-09-10 21:00:00+00:00,128.78,6.62410109544313,6487.376766455036,7340.428505526203,0.116212798534711
2026-09-10 22:00:00+00:00,128.15,6.62410109544313,6487.376766455036,7336.255321836074,0.11571006162427086
2026-09-10 23:00:00+00:00,127.26,6.62410109544313,6487.376766455036,7330.359871861128,0.11499887047047053
2026-09-11 00:00:00+00:00,128.2,6.62410109544313,6487.376766455036,7336.586526890846,0.11574998227352658
2026-09-11 01:00:00+00:00,128.4,21.75401500037228,4545.957149861833,7339.172675909635,0.3805899723842652
2026-09-11 02:00:00+00:00,127.99,21.75401500037228,4545.957149861833,7330.253529759481,0.3798363001489535
2026-09-11 03:00:00+00:00,128.25,21.75401500037228,4545.957149861833,7335.909573659578,0.3803144512325217
2026-09-11 04:00:00+00:00,128.65,21.75401500037228,4545.957149861833,7344.611179659727,0.3810486302594925
2026-09-11 05:00:00+00:00,129.25,21.75401500037228,4545.957149861833,7357.663588659951,0.38214664273746884
2026-09-11 06:00:00+00:00,129.33,21.75401500037228,4545.957149861833,7359.403909859981,0.3822927501273232
2026-09-11 07:00:00+00:00,129.0,21.75401500037228,4545.957149861833,7352.225084909858,0.3816896113270219
2026-09-11 08:00:00+00:00,129.8,21.75401500037228,4545.957149861833,7369.628296910156,0.3831497374477076
2026-09-11 09:00:00+00:00,129.21,21.75401500037228,4545.957149861833,7356.793428059937,0.3820735631201962
2026-09-11 10:00:00+00:00,129.18,21.75401500037228,4545.957149861833,7356.140807609925,0.38201874206118475
2026-09-11 11:00:00+00:00,129.5,21.75401500037228,4545.957149861833,7363.102092410044,0.38260299900664835
2026-09-11 12:00:00+00:00,133.14,21.75401500037228,4545.957149861833,7442.286707011399,0.3891719939277433
2026-09-11 13:00:00+00:00,136.75,21.75401500037228,4545.957149861833,7520.818701162743,0.3955502279081646
2026-09-11 14:00:00+00:00,136.185,21.75401500037228,4545.957149861833,7508.527682687532,0.39456077916001026
2026-09-11 15:00:00+00:00,133.525,21.75401500037228,4545.957149861833,7450.662002786543,0.3898586262319175
2026-09-11 16:00:00+00:00,133.48,21.75401500037228,4545.957149861833,7449.683072111526,0.3897784501893803
2026-09-11 17:00:00+00:00,132.89,21.75401500037228,4545.957149861833,7436.848203261306,0.38872530060943294
2026-09-11 18:00:00+00:00,131.23,21.75401500037228,4545.957149861833,7400.7365383606875,0.3857426046315124
2026-09-11 19:00:00+00:00,130.97,21.75401500037228,4545.957149861833,7395.080494460592,0.3852727967914536
2026-09-11 20:00:00+00:00,131.1,21.75401500037228,4545.957149861833,7397.908516410639,0.38550779050894945
2026-09-11 21:00:00+00:00,130.8606,21.75401500037228,4545.957149861833,7392.70060521955,0.3850749012272726
2026-09-11 22:00:00+00:00,130.46,21.75401500037228,4545.957149861833,7383.985946810401,0.38434916011378484
2026-09-11 23:00:00+00:00,130.5,21.75401500037228,4545.957149861833,7384.856107410416,0.3844217025027553
2026-09-12 00:00:00+00:00,130.74,21.75401500037228,4545.957149861833,7390.077071010506,0.38485659808684136
2026-09-12 01:00:00+00:00,130.97,13.564720987416054,5615.397474534941,7391.968982256822,0.24033806310419345
2026-09-12 02:00:00+00:00,131.05,13.564720987416054,5615.397474534941,7393.054159935815,0.24044956887158897
2026-09-12 03:00:00+00:00,131.06,13.564720987416054,5615.397474534941,7393.189807145689,0.24046350479091863
2026-09-12 04:00:00+00:00,131.1,13.564720987416054,5615.397474534941,7393.732395985186,0.24051924335480207
2026-09-12 05:00:00+00:00,131.0,13.564720987416054,5615.397474534941,7392.375923886444,0.2403798816033804
2026-09-12 06:00:00+00:00,131.09,13.564720987416054,5615.397474534941,7393.596748775311,0.2405053094807902
2026-09-12 07:00:00+00:00,131.11,13.564720987416054,5615.397474534941,7393.86804319506,0.24053317671755486
2026-09-12 08:00:00+00:00,131.14,13.564720987416054,5615.397474534941,7394.274984824682,0.24057497373854
2026-09-12 09:00:00+00:00,131.19,13.564720987416054,5615.397474534941,7394.953220874053,0.24064462521762592
2026-09-12 10:00:00+00:00,131.36,13.564720987416054,5615.397474534941,7397.2592234419135,0.24088134470943692
2026-09-12 11:00:00+00:00,131.41,13.564720987416054,5615.397474534941,7397.937459491284,0.24095094000415074
2026-09-12 12:00:00+00:00,131.28,13.564720987416054,5615.397474534941,7396.17404576292,0.24076996568896875
2026-09-12 13:00:00+00:00,131.23,13.564720987416054,5615.397474534941,7395.4958097135495,0.2407003372026192
2026-09-12 14:00:00+00:00,131.2,13.564720987416054,5615.397474534941,7395.088868083927,0.2406585539803128
2026-09-12 15:00:00+00:00,131.1,13.564720987416054,5615.397474534941,7393.732395985186,0.24051924335480207
2026-09-12 16:00:00+00:00,130.91,13.564720987416054,5615.397474534941,7391.155098997577,0.24025441229118197
2026-09-12 17:00:00+00:00,130.58,13.564720987416054,5615.397474534941,7386.678741071729,0.2397940033168133
2026-09-12 18:00:00+00:00,130.32,13.564720987416054,5615.397474534941,7383.151913615001,0.2394308636424247
2026-09-12 19:00:00+00:00,130.07,13.564720987416054,5615.397474534941,7379.760733368146,0.2390813635536318
2026-09-12 20:00:00+00:00,130.25,13.564720987416054,5615.397474534941,7382.202383145882,0.2393330359845848
2026-09-12 21:00:00+00:00,130.29,13.564720987416054,5615.397474534941,7382.7449719853785,0.23938894058467797
2026-09-12 22:00:00+00:00,129.88,13.564720987416054,5615.397474534941,7377.183436380537,0.23881552858742264
2026-09-12 23:00:00+00:00,130.64,13.564720987416054,5615.397474534941,7387.492624330974,0.23987775554043517
2026-09-13 00:00:00+00:00,130.14,13.564720987416054,5615.397474534941,7380.710263837265,0.2391792559520594
2026-09-13 01:00:00+00:00,130.31,13.564720987416054,5615.397474534941,7383.016266405127,0.23941688980334042
2026-09-13 02:00:00+00:00,130.61,13.564720987416054,5615.397474534941,7387.085682701351,0.23983588173550602
2026-09-13 03:00:00+00:00,130.17,13.564720987416054,5615.397474534941,7381.117205466888,0.2392212021269832
2026-09-13 04:00:00+00:00,130.02,13.564720987416054,5615.397474534941,7379.0824973187755,0.23901142498741254
2026-09-13 05:00:00+00:00,130.07,13.564720987416054,5615.397474534941,7379.760733368146,0.2390813635536318
2026-09-13 06:00:00+00:00,129.86,13.564720987416054,5615.397474534941,7376.912141960789,0.23878753515392107
2026-09-13 07:00:00+00:00,129.65,13.564720987416054,5615.397474534941,7374.063550553432,0.23849347974313317
2026-09-13 08:00:00+00:00,128.63,13.564720987416054,5615.397474534941,7360.227535146268,0.23706197291856582
2026-09-13 09:00:00+00:00,128.04,13.564720987416054,5615.397474534941,7352.224349763692,0.23623148486819162
2026-09-13 10:00:00+00:00,128.12,13.564720987416054,5615.397474534941,7353.309527442685,0.23634419935973394
2026-09-13 11:00:00+00:00,128.16,13.564720987416054,5615.397474534941,7353.852116282182,0.23640054413089498
2026-09-13 12:00:00+00:00,128.26,13.564720987416054,5615.397474534941,7355.208588380923,0.23654136968928052
2026-09-13 13:00:00+00:00,128.13,13.564720987416054,5615.397474534941,7353.445174652559,0.23635828633205788
2026-09-13 14:00:00+00:00,129.25,13.564720987416054,5615.397474534941,7368.637662158466,0.2379327452382772
2026-09-13 15:00:00+00:00,129.17,13.564720987416054,5615.397474534941,7367.552484479472,0.2378204992276107
2026-09-13 16:00:00+00:00,130.11,13.564720987416054,5615.397474534941,7380.303322207644,0.23913730515140574
2026-09-13 17:00:00+00:00,130.48,13.564720987416054,5615.397474534941,7385.322268972987,0.23965437525641986
2026-09-13 18:00:00+00:00,130.62,13.564720987416054,5615.397474534941,7387.221329911225,0.23984984018308514
2026-09-13 19:00:00+00:00,129.84,13.564720987416054,5615.397474534941,7376.640847541041,0.23875953966136232
2026-09-13 20:00:00+00:00,130.01,13.564720987416054,5615.397474534941,7378.946850108901,0.23899743573135154
2026-09-13 21:00:00+00:00,130.3,13.564720987416054,5615.397474534941,7382.880619195253,0.23940291545076764
2026-09-13 22:00:00+00:00,128.53,13.564720987416054,5615.397474534941,7358.871063047526,0.23692133937057477
2026-09-13 23:00:00+00:00,128.81,13.564720987416054,5615.397474534941,7362.669184924002,0.23731498271942222
2026-09-14 00:00:00+00:00,128.05,13.564720987416054,5615.397474534941,7352.359996973566,0.2362455759992176
2026-09-14 01:00:00+00:00,128.98,20.665508087225405,4704.674980292916,7370.112213383249,0.3616549050976748
2026-09-14 02:00:00+00:00,130.14,20.665508087225405,4704.674980292916,7394.08420276443,0.36372445169964696
2026-09-14 03:00:00+00:00,131.21,20.665508087225405,4704.674980292916,7416.196296417762,0.3656215676808055
2026-09-14 04:00:00+00:00,130.8,20.665508087225405,4704.674980292916,7407.723438101999,0.3648959738299377
2026-09-14 05:00:00+00:00,130.28,20.665508087225405,4704.674980292916,7396.977373896641,0.36397331741268424
2026-09-14 06:00:00+00:00,130.27,20.665508087225405,4704.674980292916,7396.770718815769,0.3639555477466335
2026-09-14 07:00:00+00:00,130.82,20.665508087225405,4704.674980292916,7408.136748263743,0.3649314071590865
2026-09-14 08:00:00+00:00,130.28,20.665508087225405,4704.674980292916,7396.977373896641,0.36397331741268424
2026-09-14 09:00:00+00:00,132.07,20.665508087225405,4704.674980292916,7433.968633372775,0.36713817177374675
2026-09-14 10:00:00+00:00,131.0,20.665508087225405,4704.674980292916,7411.856539719444,0.3652501292920331
2026-09-14 11:00:00+00:00,131.3152,20.665508087225405,4704.674980292916,7418.370307868538,0.36580747724298035
2026-09-14 12:00:00+00:00,130.53,20.665508087225405,4704.674980292916,7402.143750918449,0.36441723659998276
2026-09-14 13:00:00+00:00,133.99,20.665508087225405,4704.674980292916,7473.646408900248,0.37049805103300143
2026-09-14 14:00:00+00:00,135.16,20.665508087225405,4704.674980292916,7497.825053362301,0.3725280402237225
2026-09-14 15:00:00+00:00,135.82,20.665508087225405,4704.674980292916,7511.46428869987,0.373667396998671
2026-09-14 16:00:00+00:00,136.21,20.665508087225405,4704.674980292916,7519.5238368538885,0.3743387104865783
2026-09-14 17:00:00+00:00,136.98,20.665508087225405,4704.674980292916,7535.436278081052,0.37565990784398323
2026-09-14 18:00:00+00:00,136.2816,20.665508087225405,4704.674980292916,7521.003487232934,0.37446180043936905
2026-09-14 19:00:00+00:00,136.94,20.665508087225405,4704.674980292916,7534.609657757563,0.37559141163351084
2026-09-14 20:00:00+00:00,136.7,20.665508087225405,4704.674980292916,7529.649935816629,0.3751801185452229
2026-09-14 21:00:00+00:00,136.49,20.665508087225405,4704.674980292916,7525.310179118312,0.3748197923658038
2026-09-14 22:00:00+00:00,135.6,20.665508087225405,4704.674980292916,7506.917876920681,0.3732880714258243
2026-09-14 23:00:00+00:00,134.4,20.665508087225405,4704.674980292916,7482.1192672160105,0.37121090799673145
2026-09-15 00:00:00+00:00,133.84,20.665508087225405,4704.674980292916,7470.546582687164,0.3702368456953469
2026-09-15 01:00:00+00:00,133.91,6.697094089426859,6572.196186107231,7469.004055622382,0.1200706095265898
2026-09-15 02:00:00+00:00,133.81,6.697094089426859,6572.196186107231,7468.334346213439,0.1199917034459717
2026-09-15 03:00:00+00:00,132.54,6.697094089426859,6572.196186107231,7459.829036719867,0.11898836370691593
2026-09-15 04:00:00+00:00,132.08,6.697094089426859,6572.196186107231,7456.748373438731,0.11862438465569172
2026-09-15 05:00:00+00:00,132.55,6.697094089426859,6572.196186107231,7459.896007660762,0.11899627295634257
2026-09-15 06:00:00+00:00,131.82,6.697094089426859,6572.196186107231,7455.00712897548,0.11841852430120622
2026-09-15 07:00:00+00:00,131.22,6.697094089426859,6572.196186107231,7450.988872521823,0.11794309472873507
2026-09-15 08:00:00+00:00,131.55,6.697094089426859,6572.196186107231,7453.198913571335,0.11820464443259505
2026-09-15 09:00:00+00:00,131.99,6.697094089426859,6572.196186107231,7456.145634970682,0.11855313618306583
2026-09-15 10:00:00+00:00,132.3,6.697094089426859,6572.196186107231,7458.221734138405,0.1187984991081161
2026-09-15 11:00:00+00:00,132.09,6.697094089426859,6572.196186107231,7456.8153443796255,0.11863230044165593
2026-09-15 12:00:00+00:00,132.25,6.697094089426859,6572.196186107231,7457.886879433933,0.11875893368255641
2026-09-15 13:00:00+00:00,131.01,6.697094089426859,6572.196186107231,7449.582482763044,0.11777657320875663
2026-09-15 14:00:00+00:00,129.61,6.697094089426859,6572.196186107231,7440.206551037847,0.11666482092617912
2026-09-15 15:00:00+00:00,132.3,6.697094089426859,6572.196186107231,7458.221734138405,0.1187984991081161
2026-09-15 16:00:00+00:00,132.01,6.697094089426859,6572.196186107231,7456.279576852471,0.11856897017244608
2026-09-15 17:00:00+00:00,132.6,6.697094089426859,6572.196186107231,7460.2308623652325,0.11903581707342152
2026-09-15 18:00:00+00:00,129.74,6.697094089426859,6572.196186107231,7441.077173269472,0.11676817306552277
2026-09-15 19:00:00+00:00,129.6,6.697094089426859,6572.196186107231,7440.139580096952,0.11665686975974862
2026-09-15 20:00:00+00:00,129.34,6.697094089426859,6572.196186107231,7438.398335633701,0.11645008917805898
2026-09-15 21:00:00+00:00,127.73,6.697094089426859,6572.196186107231,7427.616014149724,0.11516748125009486
2026-09-15 22:00:00+00:00,128.26,6.697094089426859,6572.196186107231,7431.16547401712,0.11559011717788455
2026-09-15 23:00:00+00:00,128.347,6.697094089426859,6572.196186107231,7431.748121202901,0.11565945469052608
2026-09-16 00:00:00+00:00,128.7,6.697094089426859,6572.196186107231,7434.112195416468,0.11594067814051212
2026-09-16 01:00:00+00:00,127.78,27.714870535179248,3862.428355513784,7403.834512498988,0.4783205447132403
2026-09-16 02:00:00+00:00,128.73,27.714870535179248,3862.428355513784,7430.163639507408,0.48016913988588167
2026-09-16 03:00:00+00:00,128.59,27.714870535179248,3862.428355513784,7426.283557632483,0.47989753885116465
2026-09-16 04:00:00+00:00,128.85,27.714870535179248,3862.428355513784,7433.4894239716305,0.4804017151005601
2026-09-16 05:00:00+00:00,128.82,27.714870535179248,3862.428355513784,7432.657977855575,0.4803435908094686
2026-09-16 06:00:00+00:00,129.07,27.714870535179248,3862.428355513784,7439.58669548937,0.4808275629269057
2026-09-16 07:00:00+00:00,128.49,27.714870535179248,3862.428355513784,7423.512070578966,0.4797033642847502
2026-09-16 08:00:00+00:00,128.56,27.714870535179248,3862.428355513784,7425.452111516428,0.47983930170078254
2026-09-16 09:00:00+00:00,129.1621,27.714870535179248,3862.428355513784,7442.13923506566,0.48100563110739664
2026-09-16 10:00:00+00:00,129.11,27.714870535179248,3862.428355513784,7440.695290310778,0.48090491482114417
2026-09-16 11:00:00+00:00,130.83,27.714870535179248,3862.428355513784,7488.364867631286,0.4842093803135497
2026-09-16 12:00:00+00:00,130.6386,27.714870535179248,3862.428355513784,7483.060241410852,0.4838437442826781
2026-09-16 13:00:00+00:00,128.19,27.714870535179248,3862.428355513784,7415.197609418412,0.479119969694682
2026-09-16 14:00:00+00:00,126.5,27.714870535179248,3862.428355513784,7368.359478213959,0.47580891419130233
2026-09-16 15:00:00+00:00,125.9,27.714870535179248,3862.428355513784,7351.730555892851,0.4746232433099964
2026-09-16 16:00:00+00:00,126.31,27.714870535179248,3862.428355513784,7363.093652812275,0.47543403117810945
2026-09-16 17:00:00+00:00,126.43,27.714870535179248,3862.428355513784,7366.419437276496,0.47567086175291207
2026-09-16 18:00:00+00:00,123.8,27.714870535179248,3862.428355513784,7293.529327768974,0.4704308186150441
2026-09-16 19:00:00+00:00,126.18,27.714870535179248,3862.428355513784,7359.490719642701,0.4751772231732222
2026-09-16 20:00:00+00:00,127.08,27.714870535179248,3862.428355513784,7384.434103124363,0.47694998674582445
2026-09-16 21:00:00+00:00,126.69,27.714870535179248,3862.428355513784,7373.625303615643,0.47618326176408093
2026-09-16 22:00:00+00:00,126.3694,27.714870535179248,3862.428355513784,7364.739916122065,0.47555128904707306
2026-09-16 23:00:00+00:00,127.695,27.714870535179248,3862.428355513784,7401.478748503498,0.47815450307214263
2026-09-17 00:00:00+00:00,127.91,27.714870535179248,3862.428355513784,7407.437445668562,0.4785742864730761
2026-09-17 01:00:00+00:00,128.2,27.714870535179248,3862.428355513784,7415.474758123763,0.4791394372582233
2026-09-17 02:00:00+00:00,128.33,27.714870535179248,3862.428355513784,7419.077691293338,0.4793923832275622
2026-09-17 03:00:00+00:00,128.95,27.714870535179248,3862.428355513784,7436.260911025148,0.48059536886511456
2026-09-17 04:00:00+00:00,129.17,27.714870535179248,3862.428355513784,7442.358182542887,0.4810208994544685
2026-09-17 05:00:00+00:00,128.32,27.714870535179248,3862.428355513784,7418.800542587986,0.47937293456788244
2026-09-17 06:00:00+00:00,129.05,27.714870535179248,3862.428355513784,7439.032398078666,0.48078887833431644
2026-09-17 07:00:00+00:00,129.17,27.714870535179248,3862.428355513784,7442.358182542887,0.4810208994544685
2026-09-17 08:00:00+00:00,129.6957,27.714870535179248,3862.428355513784,7456.927889983231,0.4820349059963258
2026-09-17 09:00:00+00:00,129.02,27.714870535179248,3862.428355513784,7438.200951962611,0.4807308406349709
2026-09-17 10:00:00+00:00,128.71,27.714870535179248,3862.428355513784,7429.609342096705,0.4801303571065325
2026-09-17 11:00:00+00:00,128.9875,27.714870535179248,3862.428355513784,7437.300218670218,0.48066795181701255
2026-09-17 12:00:00+00:00,130.24,27.714870535179248,3862.428355513784,7472.0130940155295,0.4830806227297336
2026-09-17 13:00:00+00:00,131.0594,27.714870535179248,3862.428355513784,7494.722658932055,0.4846469267397611
2026-09-17 14:00:00+00:00,129.88,27.714870535179248,3862.428355513784,7462.035740622865,0.48238945915429465
2026-09-17 15:00:00+00:00,130.79,27.714870535179248,3862.428355513784,7487.256272809878,0.48413301017353033
2026-09-17 16:00:00+00:00,132.18,27.714870535179248,3862.428355513784,7525.779942853777,0.48677367862962645
2026-09-17 17:00:00+00:00,132.55,27.714870535179248,3862.428355513784,7536.034444951794,0.4874720406697277
2026-09-17 18:00:00+00:00,132.05,27.714870535179248,3862.428355513784,7522.177009684205,0.4865278561590328
2026-09-17 19:00:00+00:00,132.25,27.714870535179248,3862.428355513784,7527.719983791239,0.48690594710876567
2026-09-17 20:00:00+00:00,132.19,27.714870535179248,3862.428355513784,7526.057091559129,0.4867925783016313
2026-09-17 21:00:00+00:00,131.75,27.714870535179248,3862.428355513784,7513.86254852365,0.4859596737935155
2026-09-17 22:00:00+00:00,131.7,27.714870535179248,3862.428355513784,7512.476804996891,0.4858648544585579
2026-09-17 23:00:00+00:00,131.5386,27.714870535179248,3862.428355513784,7508.0036248925135,0.48555853879611305
2026-09-18 00:00:00+00:00,132.25,27.714870535179248,3862.428355513784,7527.719983791239,0.48690594710876567
2026-09-18 01:00:00+00:00,132.86,21.62974362072341,4666.140445933211,7539.868183382523,0.38113766282849065
2026-09-18 02:00:00+00:00,133.67,21.62974362072341,4666.140445933211,7557.388275715309,0.3825723549328211
2026-09-18 03:00:00+00:00,134.94,21.62974362072341,4666.140445933211,7584.8580501136275,0.3848084677256013
2026-09-18 04:00:00+00:00,135.54,21.62974362072341,4666.140445933211,7597.835896286062,0.38585927497932776
2026-09-18 05:00:00+00:00,135.44,21.62974362072341,4666.140445933211,7595.67292192399,0.3856843897971222
2026-09-18 06:00:00+00:00,135.75,21.62974362072341,4666.140445933211,7602.378142446414,0.3862262099433446
2026-09-18 07:00:00+00:00,135.68,21.62974362072341,4666.140445933211,7600.864060392963,0.38610394701731154
2026-09-18 08:00:00+00:00,137.61,21.62974362072341,4666.140445933211,7642.609465580959,0.3894571655208199
2026-09-18 09:00:00+00:00,137.6701,21.62974362072341,4666.140445933211,7643.909413172564,0.3895609963807049
2026-09-18 10:00:00+00:00,137.4329,21.62974362072341,4666.140445933211,7638.778837985728,0.38915099587257773
2026-09-18 11:00:00+00:00,136.48,21.62974362072341,4666.140445933211,7618.167855289541,0.38749834152139906
2026-09-18 12:00:00+00:00,135.8758,21.62974362072341,4666.140445933211,7605.0991641939,0.38644581152837654
2026-09-18 13:00:00+00:00,144.43,21.62974362072341,4666.140445933211,7790.124317074293,0.4010184875091114
2026-09-18 14:00:00+00:00,148.22,21.62974362072341,4666.140445933211,7872.101045396835,0.4072560274538512
2026-09-18 15:00:00+00:00,148.9531,21.62974362072341,4666.140445933211,7887.957810445187,0.40844759086384375
2026-09-18 16:00:00+00:00,150.21,21.62974362072341,4666.140445933211,7915.144235202075,0.41047941676402266
2026-09-18 17:00:00+00:00,151.88,21.62974362072341,4666.140445933211,7951.2659070486825,0.4131575398834612
2026-09-18 18:00:00+00:00,151.84,21.62974362072341,4666.140445933211,7950.4007173038535,0.4130936776837588
2026-09-18 19:00:00+00:00,153.92,21.62974362072341,4666.140445933211,7995.390584034958,0.416396185165679
2026-09-18 20:00:00+00:00,153.42,21.62974362072341,4666.140445933211,7984.575712224596,0.41560571104746036
2026-09-18 21:00:00+00:00,153.59,21.62974362072341,4666.140445933211,7988.252768640119,0.41587471239626894
2026-09-18 22:00:00+00:00,153.11,21.62974362072341,4666.140445933211,7977.870491702172,0.41511454080553334
2026-09-18 23:00:00+00:00,153.1317,21.62974362072341,4666.140445933211,7978.3398571387415,0.41514894959530835
2026-09-19 00:00:00+00:00,154.92,21.62974362072341,4666.140445933211,8017.020327655681,0.417970735357026
2026-09-19 01:00:00+00:00,155.02,4.1402648071185375,7371.7396705479905,8013.563520947506,0.08009218978819899
2026-09-19 02:00:00+00:00,155.53,4.1402648071185375,7371.7396705479905,8015.675055999137,0.08033451717447158
2026-09-19 03:00:00+00:00,155.38,4.1402648071185375,7371.7396705479905,8015.054016278069,0.080263257667827
2026-09-19 04:00:00+00:00,155.54,4.1402648071185375,7371.7396705479905,8015.716458647208,0.08033926741564154
2026-09-19 05:00:00+00:00,154.99,4.1402648071185375,7371.7396705479905,8013.439313003293,0.08007793125905693
2026-09-19 06:00:00+00:00,154.92,4.1402648071185375,7371.7396705479905,8013.149494466794,0.0800446596387235
2026-09-19 07:00:00+00:00,155.13,4.1402648071185375,7371.7396705479905,8014.018950076289,0.08014446728032563
2026-09-19 08:00:00+00:00,156.82,4.1402648071185375,7371.7396705479905,8021.01599760032,0.08094689341681599
2026-09-19 09:00:00+00:00,156.83,4.1402648071185375,7371.7396705479905,8021.057400248391,0.08095163733403686
2026-09-19 10:00:00+00:00,156.09,4.1402648071185375,7371.7396705479905,8017.993604291123,0.08060045513097766
2026-09-19 11:00:00+00:00,155.83,4.1402648071185375,7371.7396705479905,8016.917135441272,0.08047700306656212
2026-09-19 12:00:00+00:00,156.13,4.1402648071185375,7371.7396705479905,8018.159214883408,0.08061944481415698
2026-09-19 13:00:00+00:00,155.74,4.1402648071185375,7371.7396705479905,8016.544511608631,0.08043426193504064
2026-09-19 14:00:00+00:00,156.29,4.1402648071185375,7371.7396705479905,8018.821657252547,0.08069539570309674
2026-09-19 15:00:00+00:00,158.71,4.1402648071185375,7371.7396705479905,8028.841098085773,0.08184262454695342
2026-09-19 16:00:00+00:00,159.16,4.1402648071185375,7371.7396705479905,8030.704217248976,0.08205563657613123
2026-09-19 17:00:00+00:00,157.85,4.1402648071185375,7371.7396705479905,8025.280470351651,0.08143525976669377
2026-09-19 18:00:00+00:00,157.38,4.1402648071185375,7371.7396705479905,8023.334545892306,0.08121247738297431
2026-09-19 19:00:00+00:00,157.62,4.1402648071185375,7371.7396705479905,8024.328209446015,0.08132625210043315
2026-09-19 20:00:00+00:00,157.44,4.1402648071185375,7371.7396705479905,8023.582961780733,0.08124092370424922
2026-09-19 21:00:00+00:00,157.45,4.1402648071185375,7371.7396705479905,8023.624364428804,0.08124566458654509
2026-09-19 22:00:00+00:00,157.19,4.1402648071185375,7371.7396705479905,8022.547895578953,0.08112238574351284
2026-09-19 23:00:00+00:00,158.15,4.1402648071185375,7371.7396705479905,8026.522549793787,0.08157740480809078
2026-09-20 00:00:00+00:00,158.83,4.1402648071185375,7371.7396705479905,8029.337929862628,0.08189943742047585
2026-09-20 01:00:00+00:00,158.44,4.1402648071185375,7371.7396705479905,8027.723226587852,0.08171476986989797
2026-09-20 02:00:00+00:00,155.29,4.1402648071185375,7371.7396705479905,8014.681392445428,0.08022049666297018
2026-09-20 03:00:00+00:00,153.13,4.1402648071185375,7371.7396705479905,8005.738420462052,0.07919303837027819
2026-09-20 04:00:00+00:00,153.16,4.1402648071185375,7371.7396705479905,8005.862628406266,0.07920732434357428
2026-09-20 05:00:00+00:00,154.83,4.1402648071185375,7371.7396705479905,8012.776870634154,0.08000187830457205
2026-09-20 06:00:00+00:00,153.26,4.1402648071185375,7371.7396705479905,8006.276654886978,0.07925494105323852
2026-09-20 07:00:00+00:00,153.17,4.1402648071185375,7371.7396705479905,8005.904031054337,0.07921208623616616
2026-09-20 08:00:00+00:00,152.79,4.1402648071185375,7371.7396705479905,8004.330730427631,0.07903109968643751
2026-09-20 09:00:00+00:00,152.39,4.1402648071185375,7371.7396705479905,8002.674624504784,0.07884051064938016
2026-09-20 10:00:00+00:00,151.68,4.1402648071185375,7371.7396705479905,7999.73503649173,0.07850202076432097
2026-09-20 11:00:00+00:00,151.94,4.1402648071185375,7371.7396705479905,8000.811505341581,0.078626003671453
2026-09-20 12:00:00+00:00,151.53,4.1402648071185375,7371.7396705479905,7999.113996770662,0.07843047698481989
2026-09-20 13:00:00+00:00,151.51,4.1402648071185375,7371.7396705479905,7999.03119147452,0.07842093697485586
2026-09-20 14:00:00+00:00,151.54,4.1402648071185375,7371.7396705479905,7999.155399418733,0.07843524691573499
2026-09-20 15:00:00+00:00,154.59,4.1402648071185375,7371.7396705479905,8011.783207080445,0.07988777529162468
2026-09-20 16:00:00+00:00,156.82,4.1402648071185375,7371.7396705479905,8021.01599760032,0.08094689341681599
2026-09-20 17:00:00+00:00,156.11,4.1402648071185375,7371.7396705479905,8018.0764095872655,0.08060995007062366
2026-09-20 18:00:00+00:00,155.4,4.1402648071185375,7371.7396705479905,8015.136821574211,0.08027275957341105
2026-09-20 19:00:00+00:00,156.21,4.1402648071185375,7371.7396705479905,8018.4904360679775,0.08065742182728518
2026-09-20 20:00:00+00:00,156.03,4.1402648071185375,7371.7396705479905,8017.745188402696,0.08057196913530291
2026-09-20 21:00:00+00:00,154.7,4.1402648071185375,7371.7396705479905,8012.238636209228,0.07994007601903783
2026-09-20 22:00:00+00:00,156.47,4.1402648071185375,7371.7396705479905,8019.566904917828,0.08078082545487231
2026-09-20 23:00:00+00:00,156.31,4.1402648071185375,7371.7396705479905,8018.9044625486895,0.08070488868188946
2026-09-21 00:00:00+00:00,156.71,4.1402648071185375,7371.7396705479905,8020.5605684715365,0.08089470709491701
2026-09-21 01:00:00+00:00,154.41,4.1402648071185375,7371.7396705479905,8011.037959415164,0.07980217945613687
2026-09-21 02:00:00+00:00,155.38,4.1402648071185375,7371.7396705479905,8015.054016278069,0.080263257667827
2026-09-21 03:00:00+00:00,156.07,4.1402648071185375,7371.7396705479905,8017.910798994981,0.08059095999521292
2026-09-21 04:00:00+00:00,155.72,4.1402648071185375,7371.7396705479905,8016.461706312489,0.08042476336621407
2026-09-21 05:00:00+00:00,156.15,4.1402648071185375,7371.7396705479905,8018.24202017955,0.08062893936158375
2026-09-21 06:00:00+00:00,156.89,4.1402648071185375,7371.7396705479905,8021.305816136818,0.0809800998089446
2026-09-21 07:00:00+00:00,157.28,4.1402648071185375,7371.7396705479905,8022.920519411594,0.08116506293288839
2026-09-21 08:00:00+00:00,162.95,4.1402648071185375,7371.7396705479905,8046.395820867956,0.08384575719855542
2026-09-21 09:00:00+00:00,164.24,4.1402648071185375,7371.7396705479905,8051.736762469139,0.08445346786431965
2026-09-21 10:00:00+00:00,162.04,4.1402648071185375,7371.7396705479905,8042.628179893478,0.08341657656420137
2026-09-21 11:00:00+00:00,163.26,4.1402648071185375,7371.7396705479905,8047.679302958163,0.0839918698253434
2026-09-21 12:00:00+00:00,165.95,4.1402648071185375,7371.7396705479905,8058.816615289312,0.08525779621759703
2026-09-21 13:00:00+00:00,167.57,4.1402648071185375,7371.7396705479905,8065.523844276844,0.0860184889566907
2026-09-21 14:00:00+00:00,166.8011,4.1402648071185375,7371.7396705479905,8062.34039466665,0.08565759944537962
2026-09-21 15:00:00+00:00,166.3285,4.1402648071185375,7371.7396705479905,8060.383705518806,0.08543563931073317
2026-09-21 16:00:00+00:00,167.05,4.1402648071185375,7371.7396705479905,8063.370906577142,0.08577445389061801
2026-09-21 17:00:00+00:00,165.45,4.1402648071185375,7371.7396705479905,8056.746482885753,0.08502275872684618
2026-09-21 18:00:00+00:00,166.34,4.1402648071185375,7371.7396705479905,8060.431318564088,0.08544104165120328
2026-09-21 19:00:00+00:00,168.5,4.1402648071185375,7371.7396705479905,8069.374290547464,0.08645461158205152
2026-09-21 20:00:00+00:00,169.89,4.1402648071185375,7371.7396705479905,8075.129258629358,0.08710567540819265
2026-09-21 21:00:00+00:00,169.16,4.1402648071185375,7371.7396705479905,8072.106865320162,0.08676386555053286
2026-09-21 22:00:00+00:00,169.0,4.1402648071185375,7371.7396705479905,8071.444422951024,0.08668891411968761
2026-09-21 23:00:00+00:00,169.5,4.1402648071185375,7371.7396705479905,8073.514555354583,0.08692309650214915
2026-09-22 00:00:00+00:00,165.8,4.1402648071185375,7371.7396705479905,8058.195575568244,0.0851872976502989
2026-09-22 01:00:00+00:00,164.35,0.0,8057.716877198984,8057.716877198984,0.0
2026-09-22 02:00:00+00:00,165.16,0.0,8057.716877198984,8057.716877198984,0.0
2026-09-22 03:00:00+00:00,164.52,0.0,8057.716877198984,8057.716877198984,0.0
2026-09-22 04:00:00+00:00,163.45,0.0,8057.716877198984,8057.716877198984,0.0
2026-09-22 05:00:00+00:00,163.35,0.0,8057.716877198984,8057.716877198984,0.0
2026-09-22 06:00:00+00:00,163.29,0.0,8057.716877198984,8057.716877198984,0.0
2026-09-22 07:00:00+00:00,163.09,0.0,8057.716877198984,8057.716877198984,0.0
2026-09-22 08:00:00+00:00,166.58,0.0,8057.716877198984,8057.716877198984,0.0
2026-09-22 09:00:00+00:00,166.3318,0.0,8057.716877198984,8057.716877198984,0.0
2026-09-22 10:00:00+00:00,166.08,0.0,8057.716877198984,8057.716877198984,0.0
2026-09-22 11:00:00+00:00,167.0203,0.0,8057.716877198984,8057.716877198984,0.0
2026-09-22 12:00:00+00:00,167.29,0.0,8057.716877198984,8057.716877198984,0.0
2026-09-22 13:00:00+00:00,170.8525,0.0,8057.716877198984,8057.716877198984,0.0
2026-09-22 14:00:00+00:00,169.07,0.0,8057.716877198984,8057.716877198984,0.0
2026-09-22 15:00:00+00:00,169.51,0.0,8057.716877198984,8057.716877198984,0.0
2026-09-22 16:00:00+00:00,168.54,0.0,8057.716877198984,8057.716877198984,0.0
2026-09-22 17:00:00+00:00,169.6,0.0,8057.716877198984,8057.716877198984,0.0
2026-09-22 18:00:00+00:00,169.02,0.0,8057.716877198984,8057.716877198984,0.0
2026-09-22 19:00:00+00:00,167.33,0.0,8057.716877198984,8057.716877198984,0.0
2026-09-22 20:00:00+00:00,167.17,0.0,8057.716877198984,8057.716877198984,0.0
2026-09-22 21:00:00+00:00,166.9,0.0,8057.716877198984,8057.716877198984,0.0
2026-09-22 22:00:00+00:00,166.97,0.0,8057.716877198984,8057.716877198984,0.0
2026-09-22 23:00:00+00:00,167.88,0.0,8057.716877198984,8057.716877198984,0.0
2026-09-23 00:00:00+00:00,168.59,0.0,8057.716877198984,8057.716877198984,0.0
2026-09-23 01:00:00+00:00,168.74,3.8233532038903837,7412.261331082631,8057.413950707094,0.08006943959579571
2026-09-23 02:00:00+00:00,169.3,3.8233532038903837,7412.261331082631,8059.555028501273,0.08031382565533651
2026-09-23 03:00:00+00:00,170.18,3.8233532038903837,7412.261331082631,8062.919579320696,0.08069759865977526
2026-09-23 04:00:00+00:00,172.95,3.8233532038903837,7412.261331082631,8073.510267695473,0.08190352333590216
2026-09-23 05:00:00+00:00,170.27,3.8233532038903837,7412.261331082631,8063.263681109047,0.08073683011900148
2026-09-23 06:00:00+00:00,170.81,3.8233532038903837,7412.261331082631,8065.328291839147,0.08097214857544215
2026-09-23 07:00:00+00:00,169.45,3.8233532038903837,7412.261331082631,8060.128531481856,0.08037926416045811
2026-09-23 08:00:00+00:00,168.15,3.8233532038903837,7412.261331082631,8055.158172316799,0.07981182088312241
2026-09-23 09:00:00+00:00,167.87,3.8233532038903837,7412.261331082631,8054.087633419709,0.07968951066212372
2026-09-23 10:00:00+00:00,168.031,3.8233532038903837,7412.261331082631,8054.703193285536,0.079759843011776
2026-09-23 11:00:00+00:00,165.9735,3.8233532038903837,7412.261331082631,8046.836644068531,0.078860220612737
2026-09-23 12:00:00+00:00,165.4388,3.8233532038903837,7412.261331082631,8044.792297110411,0.0786261400751114
2026-09-23 13:00:00+00:00,167.28,3.8233532038903837,7412.261331082631,8051.831855029414,0.07943167908397002
2026-09-23 14:00:00+00:00,164.425,3.8233532038903837,7412.261331082631,8040.916181632308,0.07818199274178471
2026-09-23 15:00:00+00:00,163.57,3.8233532038903837,7412.261331082631,8037.6472146429805,0.07780708295096884
2026-09-23 16:00:00+00:00,163.4468,3.8233532038903837,7412.261331082631,8037.176177528261,0.07775303572327762
2026-09-23 17:00:00+00:00,163.1,3.8233532038903837,7412.261331082631,8035.850238637153,0.0776008622654819
2026-09-23 18:00:00+00:00,162.86,3.8233532038903837,7412.261331082631,8034.9326338682185,0.0774955225089197
2026-09-23 19:00:00+00:00,162.2,3.8233532038903837,7412.261331082631,8032.409220753651,0.07720571407999478
2026-09-23 20:00:00+00:00,161.45,3.8233532038903837,7412.261331082631,8029.541705850734,0.07687616521355391
2026-09-23 21:00:00+00:00,162.2,3.8233532038903837,7412.261331082631,8032.409220753651,0.07720571407999478
2026-09-23 22:00:00+00:00,163.01,3.8233532038903837,7412.261331082631,8035.506136848802,0.07756136267610178
2026-09-23 23:00:00+00:00,162.2586,3.8233532038903837,7412.261331082631,8032.633269251399,0.07723145292136357
2026-09-24 00:00:00+00:00,161.6,3.8233532038903837,7412.261331082631,8030.1152088313165,0.07694209381568846
2026-09-24 01:00:00+00:00,160.75,3.8233532038903837,7412.261331082631,8026.86535860801,0.07656837383802356
2026-09-24 02:00:00+00:00,161.64,3.8233532038903837,7412.261331082631,8030.268142959472,0.07695967318584228
2026-09-24 03:00:00+00:00,159.94,3.8233532038903837,7412.261331082631,8023.768442512859,0.07621195898304339
2026-09-24 04:00:00+00:00,160.45,3.8233532038903837,7412.261331082631,8025.718352646843,0.07643640040793319
2026-09-24 05:00:00+00:00,160.29,3.8233532038903837,7412.261331082631,8025.1066161342205,0.07636599915314318
2026-09-24 06:00:00+00:00,159.93,3.8233532038903837,7412.261331082631,8023.73020898082,0.07620755708034435
2026-09-24 07:00:00+00:00,161.49,3.8233532038903837,7412.261331082631,8029.6946399788885,0.07689374709495571
2026-09-24 08:00:00+00:00,158.64,3.8233532038903837,7412.261331082631,8018.798083347801,0.07563935965973904
2026-09-24 09:00:00+00:00,158.33,3.8233532038903837,7412.261331082631,8017.612843854596,0.07550271191205736
2026-09-24 10:00:00+00:00,159.4,3.8233532038903837,7412.261331082631,8021.703831782758,0.07597419619077156
2026-09-24 11:00:00+00:00,158.8,3.8233532038903837,7412.261331082631,8019.409819860424,0.07570987172574256
2026-09-24 12:00:00+00:00,159.5508,3.8233532038903837,7412.261331082631,8022.280393445904,0.07604060596805508
2026-09-24 13:00:00+00:00,161.28,3.8233532038903837,7412.261331082631,8028.891735806072,0.07680143474515709
2026-09-24 14:00:00+00:00,158.645,3.8233532038903837,7412.261331082631,8018.817200113821,0.07564156332464848
2026-09-24 15:00:00+00:00,161.715,3.8233532038903837,7412.261331082631,8030.554894449764,0.07699263270019618
2026-09-24 16:00:00+00:00,162.42,3.8233532038903837,7412.261331082631,8033.2503584585065,0.07730233711962105
2026-09-24 17:00:00+00:00,161.329,3.8233532038903837,7412.261331082631,8029.079080113062,0.07682297594480113
2026-09-24 18:00:00+00:00,162.47,3.8233532038903837,7412.261331082631,8033.441526118701,0.0773242940795001
2026-09-24 19:00:00+00:00,161.61,3.8233532038903837,7412.261331082631,8030.153442363356,0.07694648872100171
2026-09-24 20:00:00+00:00,161.05,3.8233532038903837,7412.261331082631,8028.012364569177,0.07670030955658481
2026-09-24 21:00:00+00:00,161.2062,3.8233532038903837,7412.261331082631,8028.609572339625,0.07676898916351008
2026-09-24 22:00:00+00:00,161.01,3.8233532038903837,7412.261331082631,8027.859430441022,0.07668272030575053
2026-09-24 23:00:00+00:00,161.36,3.8233532038903837,7412.261331082631,8029.197604062383,0.07683660353154251
2026-09-25 00:00:00+00:00,162.43,3.8233532038903837,7412.261331082631,8033.288591990546,0.07730672859519822
2026-09-25 01:00:00+00:00,162.56,3.8233532038903837,7412.261331082631,8033.785627907052,0.07736381397400309
2026-09-25 02:00:00+00:00,162.36,3.8233532038903837,7412.261331082631,8033.020957266273,0.07727598738829808
2026-09-25 03:00:00+00:00,162.31,3.8233532038903837,7412.261331082631,8032.829789606079,0.07725402812921797
2026-09-25 04:00:00+00:00,161.9,3.8233532038903837,7412.261331082631,8031.262214792484,0.07707392277265439
2026-09-25 05:00:00+00:00,161.86,3.8233532038903837,7412.261331082631,8031.109280664328,0.07705634775405606
2026-09-25 06:00:00+00:00,161.27,3.8233532038903837,7412.261331082631,8028.853502274033,0.07679703845845029
2026-09-25 07:00:00+00:00,161.17,3.8233532038903837,7412.261331082631,8028.471166953644,0.07675307328840171
2026-09-25 08:00:00+00:00,162.34,3.8233532038903837,7412.261331082631,8032.944490202196,0.07726720381008656
2026-09-25 09:00:00+00:00,162.7512,3.8233532038903837,7412.261331082631,8034.5166530396355,0.07744776055963387
2026-09-25 10:00:00+00:00,163.48,3.8233532038903837,7412.261331082631,8037.303112854631,0.07776760102183108
2026-09-25 11:00:00+00:00,164.1896,3.8233532038903837,7412.261331082631,8040.016164288111,0.07807880237776413
2026-09-25 12:00:00+00:00,163.89,3.8233532038903837,7412.261331082631,8038.870687668226,0.0779474357694079
2026-09-25 13:00:00+00:00,159.485,3.8233532038903837,7412.261331082631,8022.028816805088,0.07601162993145522
2026-09-25 14:00:00+00:00,159.11,3.8233532038903837,7412.261331082631,8020.59505935363,0.07584645824520954
2026-09-25 15:00:00+00:00,158.695,3.8233532038903837,7412.261331082631,8019.008367774015,0.07566359939587025
2026-09-25 16:00:00+00:00,157.95,3.8233532038903837,7412.261331082631,8016.159969637117,0.07533515309598093
2026-09-25 17:00:00+00:00,158.7301,3.8233532038903837,7412.261331082631,8019.142567471472,0.07567906809021824
2026-09-25 18:00:00+00:00,159.28,3.8233532038903837,7412.261331082631,8021.245029398291,0.07592134339291501
2026-09-25 19:00:00+00:00,158.61,3.8233532038903837,7412.261331082631,8018.683382751685,0.07562613744963134
2026-09-25 20:00:00+00:00,158.59,3.8233532038903837,7412.261331082631,8018.606915687607,0.07561732243274341
2026-09-25 21:00:00+00:00,158.63,3.8233532038903837,7412.261331082631,8018.759849815762,0.0756349522983989
2026-09-25 22:00:00+00:00,159.0406,3.8233532038903837,7412.261331082631,8020.32971864128,0.07581588399605864
2026-09-25 23:00:00+00:00,159.0,3.8233532038903837,7412.261331082631,8020.174490501202,0.07579799668181296
2026-09-26 00:00:00+00:00,158.59,3.8233532038903837,7412.261331082631,8018.606915687607,0.07561732243274341
2026-09-26 01:00:00+00:00,159.12,1.0085924829765287,7859.339053026064,8019.826288917289,0.020011310732877697
2026-09-26 02:00:00+00:00,158.88,1.0085924829765287,7859.339053026064,8019.584226721375,0.019981730868462177
2026-09-26 03:00:00+00:00,158.66,1.0085924829765287,7859.339053026064,8019.36233637512,0.019954614424042737
2026-09-26 04:00:00+00:00,158.25,1.0085924829765287,7859.339053026064,8018.948813457099,0.019904075227813473
2026-09-26 05:00:00+00:00,158.19,1.0085924829765287,7859.339053026064,8018.888297908121,0.019896678810662385
2026-09-26 06:00:00+00:00,158.26,1.0085924829765287,7859.339053026064,8018.95889938193,0.019905307953151912
2026-09-26 07:00:00+00:00,159.0,1.0085924829765287,7859.339053026064,8019.7052578193325,0.01999652102387536
2026-09-26 08:00:00+00:00,159.04,1.0085924829765287,7859.339053026064,8019.745601518651,0.020001450976476348
2026-09-26 09:00:00+00:00,158.3,1.0085924829765287,7859.339053026064,8018.999243081248,0.0199102388234964
2026-09-26 10:00:00+00:00,159.07,1.0085924829765287,7859.339053026064,8019.7758592931405,0.020005148408376746
2026-09-26 11:00:00+00:00,159.18,1.0085924829765287,7859.339053026064,8019.886804466268,0.02001870541998111
2026-09-26 12:00:00+00:00,159.22,1.0085924829765287,7859.339053026064,8019.927148165587,0.02002363514938593
2026-09-26 13:00:00+00:00,158.63,1.0085924829765287,7859.339053026064,8019.332078600631,0.019950916610811487
2026-09-26 14:00:00+00:00,159.5,1.0085924829765287,7859.339053026064,8020.209554060821,0.020058141866543103
2026-09-26 15:00:00+00:00,159.78,1.0085924829765287,7859.339053026064,8020.4919599560535,0.020092646153699625
2026-09-26 16:00:00+00:00,159.63,1.0085924829765287,7859.339053026064,8020.340671083607,0.020074162016336244
2026-09-26 17:00:00+00:00,159.18,1.0085924829765287,7859.339053026064,8019.886804466268,0.02001870541998111
2026-09-26 18:00:00+00:00,159.42,1.0085924829765287,7859.339053026064,8020.128866662182,0.020048283052468672
2026-09-26 19:00:00+00:00,159.06,1.0085924829765287,7859.339053026064,8019.765773368311,0.020003915934176622
2026-09-26 20:00:00+00:00,158.56,1.0085924829765287,7859.339053026064,8019.261477126823,0.019942288271420243
2026-09-26 21:00:00+00:00,158.9,1.0085924829765287,7859.339053026064,8019.604398571035,0.019984195925365985
2026-09-26 22:00:00+00:00,159.67,1.0085924829765287,7859.339053026064,8020.381014782926,0.020079091187816964
2026-09-26 23:00:00+00:00,159.9,1.0085924829765287,7859.339053026064,8020.612991054011,0.02010743296152399
2026-09-27 00:00:00+00:00,158.9,1.0085924829765287,7859.339053026064,8019.604398571035,0.019984195925365985
2026-09-27 01:00:00+00:00,159.9,5.0475731537773,7216.791384311593,8023.898331600583,0.10058788308799409
2026-09-27 02:00:00+00:00,160.2,5.0475731537773,7216.791384311593,8025.412603546716,0.1007575883235916
2026-09-27 03:00:00+00:00,159.88,5.0475731537773,7216.791384311593,8023.797380137507,0.10057656712813014
2026-09-27 04:00:00+00:00,159.58,5.0475731537773,7216.791384311593,8022.283108191375,0.10040679355448226
2026-09-27 05:00:00+00:00,160.1,5.0475731537773,7216.791384311593,8024.907846231339,0.10070102702789961
2026-09-27 06:00:00+00:00,160.53,5.0475731537773,7216.791384311593,8027.078302687463,0.10094419013012321
2026-09-27 07:00:00+00:00,161.1,5.0475731537773,7216.791384311593,8029.955419385116,0.10126631999854739
2026-09-27 08:00:00+00:00,161.25,5.0475731537773,7216.791384311593,8030.712555358183,0.10135105265391826
2026-09-27 09:00:00+00:00,161.4,5.0475731537773,7216.791384311593,8031.469691331249,0.10143576933359752
2026-09-27 10:00:00+00:00,161.25,5.0475731537773,7216.791384311593,8030.712555358183,0.10135105265391826
2026-09-27 11:00:00+00:00,161.54,5.0475731537773,7216.791384311593,8032.176351572778,0.10151482382499293
2026-09-27 12:00:00+00:00,161.58,5.0475731537773,7216.791384311593,8032.378254498929,0.10153740826766053
2026-09-27 13:00:00+00:00,161.33,5.0475731537773,7216.791384311593,8031.116361210485,0.10139623687087922
2026-09-27 14:00:00+00:00,160.84,5.0475731537773,7216.791384311593,8028.643050365134,0.10111941220460896
2026-09-27 15:00:00+00:00,160.75,5.0475731537773,7216.791384311593,8028.188768781294,0.10106854831626909
2026-09-27 16:00:00+00:00,160.57,5.0475731537773,7216.791384311593,8027.280205613614,0.10096680326858808
2026-09-27 17:00:00+00:00,160.63,5.0475731537773,7216.791384311593,8027.58306000284,0.10100072084348646
2026-09-27 18:00:00+00:00,161.2,5.0475731537773,7216.791384311593,8030.460176700493,0.1013228102107613
2026-09-27 19:00:00+00:00,161.42,5.0475731537773,7216.791384311593,8031.570642794325,0.10144706368407856
2026-09-27 20:00:00+00:00,161.29,5.0475731537773,7216.791384311593,8030.914458284334,0.10137364533038047
2026-09-27 21:00:00+00:00,161.17,5.0475731537773,7216.791384311593,8030.308749505881,0.10130586389276061
2026-09-27 22:00:00+00:00,160.23,5.0475731537773,7216.791384311593,8025.56403074133,0.10077455532493329
2026-09-27 23:00:00+00:00,160.0,5.0475731537773,7216.791384311593,8024.403088915961,0.1006444586164814
2026-09-28 00:00:00+00:00,159.72,5.0475731537773,7216.791384311593,8022.9897684329035,0.10048602919741498
2026-09-28 01:00:00+00:00,158.02,1.0047449989943429,7861.591902769113,8020.361707510199,0.019795840952212335
2026-09-28 02:00:00+00:00,157.43,1.0047449989943429,7861.591902769113,8019.768907960793,0.01972338692136947
2026-09-28 03:00:00+00:00,156.87,1.0047449989943429,7861.591902769113,8019.206250761356,0.019654607084994034
2026-09-28 04:00:00+00:00,157.03,1.0047449989943429,7861.591902769113,8019.367009961195,0.01967425945166277
2026-09-28 05:00:00+00:00,155.89,1.0047449989943429,7861.591902769113,8018.221600662341,0.019534219144091723
2026-09-28 06:00:00+00:00,155.44,1.0047449989943429,7861.591902769113,8017.7694654127945,0.01947892906093177
2026-09-28 07:00:00+00:00,154.7,1.0047449989943429,7861.591902769113,8017.025954113538,0.019387994030962512
2026-09-28 08:00:00+00:00,154.94,1.0047449989943429,7861.591902769113,8017.267092913296,0.01941748832114992
2026-09-28 09:00:00+00:00,154.18,1.0047449989943429,7861.591902769113,8016.503486714061,0.019324083648399378
2026-09-28 10:00:00+00:00,155.42,1.0047449989943429,7861.591902769113,8017.7493705128145,0.01947647157916997
2026-09-28 11:00:00+00:00,156.5,1.0047449989943429,7861.591902769113,8018.834495111728,0.0196091579690876
2026-09-28 12:00:00+00:00,158.218,1.0047449989943429,7861.591902769113,8020.56064702,0.019820153633518252
2026-09-28 13:00:00+00:00,159.54,1.0047449989943429,7861.591902769113,8021.888919908671,0.01998245285368305
2026-09-28 14:00:00+00:00,156.3,1.0047449989943429,7861.591902769113,8018.633546111929,0.019584589124784495
2026-09-28 15:00:00+00:00,156.89,1.0047449989943429,7861.591902769113,8019.2263456613355,0.0196570636739176
2026-09-28 16:00:00+00:00,159.36,1.0047449989943429,7861.591902769113,8021.708065808852,0.0199603577849219
2026-09-28 17:00:00+00:00,160.525,1.0047449989943429,7861.591902769113,8022.87859373268,0.020103344339469503
2026-09-28 18:00:00+00:00,159.655,1.0047449989943429,7861.591902769113,8022.004465583555,0.019996568626040115
2026-09-28 19:00:00+00:00,157.14,1.0047449989943429,7861.591902769113,8019.477531911084,0.01968776999670028
2026-09-28 20:00:00+00:00,157.25,1.0047449989943429,7861.591902769113,8019.588053860974,0.01970128016934664
2026-09-28 21:00:00+00:00,156.59,1.0047449989943429,7861.591902769113,8018.924922161637,0.019620213547293368
2026-09-28 22:00:00+00:00,157.09,1.0047449989943429,7861.591902769113,8019.4272946611345,0.019681628886030166
2026-09-28 23:00:00+00:00,157.1858,1.0047449989943429,7861.591902769113,8019.523549232038,0.019693395186556783
2026-09-29 00:00:00+00:00,156.0,1.0047449989943429,7861.591902769113,8018.332122612231,0.01954773354936242
2026-09-29 01:00:00+00:00,155.72,1.0047449989943429,7861.591902769113,8018.050794012513,0.019513332512215428
2026-09-29 02:00:00+00:00,155.39,1.0047449989943429,7861.591902769113,8017.719228162844,0.019472785333430224
2026-09-29 03:00:00+00:00,155.55,1.0047449989943429,7861.591902769113,8017.879987362683,0.01949244499043416
2026-09-29 04:00:00+00:00,156.09,1.0047449989943429,7861.591902769113,8018.42254966214,0.019558790512933882
2026-09-29 05:00:00+00:00,157.26,1.0047449989943429,7861.591902769113,8019.598101310964,0.0197025083483948
2026-09-29 06:00:00+00:00,159.24,1.0047449989943429,7861.591902769113,8021.587496408973,0.019945627185576978
2026-09-29 07:00:00+00:00,159.32,1.0047449989943429,7861.591902769113,8021.667876008893,0.01995544763434198
2026-09-29 08:00:00+00:00,158.99,1.0047449989943429,7861.591902769113,8021.336310159224,0.019914937014645587
2026-09-29 09:00:00+00:00,160.14,1.0047449989943429,7861.591902769113,8022.491766908068,0.02005609588814401
2026-09-29 10:00:00+00:00,159.88,1.0047449989943429,7861.591902769113,8022.230533208329,0.020024185265462742
2026-09-29 11:00:00+00:00,161.0015,1.0047449989943429,7861.591902769113,8023.3573547247015,0.02016181565941708
2026-09-29 12:00:00+00:00,160.81,1.0047449989943429,7861.591902769113,8023.1649460573935,0.02013831753112314
2026-09-29 13:00:00+00:00,157.205,1.0047449989943429,7861.591902769113,8019.542840336019,0.019695753325545864
2026-09-29 14:00:00+00:00,154.6484,1.0047449989943429,7861.591902769113,8016.97410927159,0.019381652526827796
2026-09-29 15:00:00+00:00,152.9,1.0047449989943429,7861.591902769113,8015.217413115349,0.01916673028667403
2026-09-29 16:00:00+00:00,153.5001,1.0047449989943429,7861.591902769113,8015.820360589245,0.019240508255201735
2026-09-29 17:00:00+00:00,152.9,1.0047449989943429,7861.591902769113,8015.217413115349,0.01916673028667403
2026-09-29 18:00:00+00:00,154.26,1.0047449989943429,7861.591902769113,8016.583866313981,0.019333916557169695
2026-09-29 19:00:00+00:00,154.67,1.0047449989943429,7861.591902769113,8016.995811763569,0.019384307119934673
2026-09-29 20:00:00+00:00,155.35,1.0047449989943429,7861.591902769113,8017.679038362885,0.019467870295995574
2026-09-29 21:00:00+00:00,155.19,1.0047449989943429,7861.591902769113,8017.518279163045,0.019448209653500078
2026-09-29 22:00:00+00:00,155.47,1.0047449989943429,7861.591902769113,8017.799607762764,0.01948261526047764
2026-09-29 23:00:00+00:00,155.83,1.0047449989943429,7861.591902769113,8018.161315962402,0.019526847493276676
2026-09-30 00:00:00+00:00,153.71,1.0047449989943429,7861.591902769113,8016.031256564534,0.01926631132693577
2026-09-30 01:00:00+00:00,154.01,4.17202849863485,7374.115713895679,8016.649822970432,0.08014995331761582
2026-09-30 02:00:00+00:00,153.59,4.17202849863485,7374.115713895679,8014.897571001005,0.07994885167637861
2026-09-30 03:00:00+00:00,153.95,4.17202849863485,7374.115713895679,8016.399501260514,0.08012122989427375
2026-09-30 04:00:00+00:00,154.12,4.17202849863485,7374.115713895679,8017.108746105282,0.08020260826846956
2026-09-30 05:00:00+00:00,154.51,4.17202849863485,7374.115713895679,8018.73583721975,0.08038924543841475
2026-09-30 06:00:00+00:00,153.64,4.17202849863485,7374.115713895679,8015.106172425937,0.07997279695875185
2026-09-30 07:00:00+00:00,154.41,4.17202849863485,7374.115713895679,8018.318634369886,0.08034139697478253
2026-09-30 08:00:00+00:00,154.3481,4.17202849863485,7374.115713895679,8018.06038580582,0.08031177628072014
2026-09-30 09:00:00+00:00,155.89,4.17202849863485,7374.115713895679,8024.493236547865,0.08104904614910971
2026-09-30 10:00:00+00:00,157.0859,4.17202849863485,7374.115713895679,8029.482565429383,0.08162006034552713
2026-09-30 11:00:00+00:00,157.03,4.17202849863485,7374.115713895679,8029.2493490363095,0.08159338521716994
2026-09-30 12:00:00+00:00,160.51,4.17202849863485,7374.115713895679,8043.7680082115585,0.08325107009951788
2026-09-30 13:00:00+00:00,156.3501,4.17202849863485,7374.115713895679,8026.412786860087,0.08126881712740637
2026-09-30 14:00:00+00:00,153.12,4.17202849863485,7374.115713895679,8012.936717606647,0.07972370508147171
2026-09-30 15:00:00+00:00,153.955,4.17202849863485,7374.115713895679,8016.420361403007,0.08012362358140042
2026-09-30 16:00:00+00:00,154.525,4.17202849863485,7374.115713895679,8018.798417647229,0.08039642227852693
2026-09-30 17:00:00+00:00,154.28,4.17202849863485,7374.115713895679,8017.776270665064,0.08027918652761235
2026-09-30 18:00:00+00:00,154.52,4.17202849863485,7374.115713895679,8018.777557504736,0.08039403001093616
2026-09-30 19:00:00+00:00,153.09,4.17202849863485,7374.115713895679,8012.811556751688,0.07970933028093449
2026-09-30 20:00:00+00:00,153.15,4.17202849863485,7374.115713895679,8013.061878461606,0.07973807943295151
2026-09-30 21:00:00+00:00,153.1,4.17202849863485,7374.115713895679,8012.853277036675,0.07971412193101012
2026-09-30 22:00:00+00:00,153.4,4.17202849863485,7374.115713895679,8014.104885586265,0.07985784823475868
2026-09-30 23:00:00+00:00,153.2,4.17202849863485,7374.115713895679,8013.270479886538,0.07976203568756972
2026-10-01 00:00:00+00:00,153.3,4.17202849863485,7374.115713895679,8013.687682736401,0.0798099444552262
2026-10-01 01:00:00+00:00,153.4,1.045867575179651,7852.54598875194,8012.982074784499,0.020022019834216743
2026-10-01 02:00:00+00:00,153.62,1.045867575179651,7852.54598875194,8013.212165651038,0.020050158859863977
2026-10-01 03:00:00+00:00,155.04,1.045867575179651,7852.54598875194,8014.697297607793,0.02023174461052342
2026-10-01 04:00:00+00:00,155.95,1.045867575179651,7852.54598875194,8015.649037101207,0.020348077566062127
2026-10-01 05:00:00+00:00,156.33,1.045867575179651,7852.54598875194,8016.046466779775,0.02039664798668721
2026-10-01 06:00:00+00:00,155.44,1.045867575179651,7852.54598875194,8015.1156446378645,0.020282883378567908
2026-10-01 07:00:00+00:00,153.55,1.045867575179651,7852.54598875194,8013.138954920775,0.020041205708808674
2026-10-01 08:00:00+00:00,153.6,1.045867575179651,7852.54598875194,8013.191248299534,0.020047600833398883
2026-10-01 09:00:00+00:00,154.14,1.045867575179651,7852.54598875194,8013.756016790131,0.02011666286076466
2026-10-01 10:00:00+00:00,154.6,1.045867575179651,7852.54598875194,8014.237115874714,0.020175485799202766
2026-10-01 11:00:00+00:00,154.62,1.045867575179651,7852.54598875194,8014.258033226218,0.02017804315806124
2026-10-01 12:00:00+00:00,154.45,1.045867575179651,7852.54598875194,8014.080235738437,0.020156305182239407
2026-10-01 13:00:00+00:00,157.66,1.045867575179651,7852.54598875194,8017.437470654764,0.020566606538105933
2026-10-01 14:00:00+00:00,156.42,1.045867575179651,7852.54598875194,8016.140594861541,0.020408150801954177
2026-10-01 15:00:00+00:00,156.625,1.045867575179651,7852.54598875194,8016.354997714453,0.02043435065054086
2026-10-01 16:00:00+00:00,157.1199,1.045867575179651,7852.54598875194,8016.87259757741,0.020497595143912667
2026-10-01 17:00:00+00:00,159.37,1.045867575179651,7852.54598875194,8019.225904208321,0.020785038038261382
2026-10-01 18:00:00+00:00,159.74,1.045867575179651,7852.54598875194,8019.612875211137,0.020832288173860132
2026-10-01 19:00:00+00:00,160.5,1.045867575179651,7852.54598875194,8020.4077345682745,0.020929328205203736
2026-10-01 20:00:00+00:00,159.87,1.045867575179651,7852.54598875194,8019.74883799591,0.020848888490347516
2026-10-01 21:00:00+00:00,159.7053,1.045867575179651,7852.54598875194,8019.576583606278,0.02082785707113076
2026-10-01 22:00:00+00:00,160.51,1.045867575179651,7852.54598875194,8020.418193244026,0.02093060491951559
2026-10-01 23:00:00+00:00,161.11,1.045867575179651,7852.54598875194,8021.0457137891335,0.021007201685376568
2026-10-02 00:00:00+00:00,161.0,1.045867575179651,7852.54598875194,8020.930668355863,0.02099315984219066
2026-10-02 01:00:00+00:00,161.43,1.045867575179651,7852.54598875194,8021.380391413191,0.021048048393514242
2026-10-02 02:00:00+00:00,162.69,1.045867575179651,7852.54598875194,8022.698184557918,0.02120884917913106
2026-10-02 03:00:00+00:00,163.5,1.045867575179651,7852.54598875194,8023.545337293813,0.02131219322050316
2026-10-02 04:00:00+00:00,166.01,1.045867575179651,7852.54598875194,8026.170464907514,0.021632293621809403
2026-10-02 05:00:00+00:00,163.7,1.045867575179651,7852.54598875194,8023.754510808849,0.021337706908439533
2026-10-02 06:00:00+00:00,164.8,1.045867575179651,7852.54598875194,8024.904965141546,0.021478008417332873
2026-10-02 07:00:00+00:00,164.91,1.045867575179651,7852.54598875194,8025.020010574816,0.02149203635574764
2026-10-02 08:00:00+00:00,164.84,1.045867575179651,7852.54598875194,8024.946799844553,0.02148310953238383
