ts,equity,gross_equity,fees,spread,funding,cash,gross_exposure,net_exposure
2026-08-11 00:00:00+00:00,10000.0,10000.0,0.0,0.0,0.0,10000.0,0.0,0.0
2026-08-11 01:00:00+00:00,9999.64849480515,10000.66351680353,0.9774046387813908,0.03761735959969838,0.0,10158.239384932,0.16317340490780818,-0.01585964648749798
2026-08-11 02:00:00+00:00,9997.461268850948,9998.476290849329,0.9774046387813908,0.03761735959969838,0.0,10158.239384932,0.16357209629187455,-0.016081894368722083
2026-08-11 03:00:00+00:00,9998.438022850789,9999.45304484917,0.9774046387813908,0.03761735959969838,0.0,10158.239384932,0.16359438652972683,-0.01598263265882084
2026-08-11 04:00:00+00:00,9998.187788745736,9999.202810744117,0.9774046387813908,0.03761735959969838,0.0,10158.239384932,0.16368119050483576,-0.01600806061738735
2026-08-11 05:00:00+00:00,9996.198110066527,9998.186430885975,1.9231105245480475,0.06521029490080545,0.0,10305.354440529507,0.3212700772102588,-0.030927391300063285
2026-08-11 06:00:00+00:00,9996.755877256626,9998.744198076074,1.9231105245480475,0.06521029490080545,0.0,10305.354440529507,0.32109190526859877,-0.030869870892312773
2026-08-11 07:00:00+00:00,9997.549704163257,9999.538024982705,1.9231105245480475,0.06521029490080545,0.0,10305.354440529507,0.32059521859128864,-0.030788017611762628
2026-08-11 08:00:00+00:00,9997.1531721016,9999.141492921048,1.9231105245480475,0.06521029490080545,0.0,10305.354440529507,0.32069928276219695,-0.030828903300990064
2026-08-11 09:00:00+00:00,9996.050506012809,9998.038826832257,1.9231105245480475,0.06521029490080545,0.0,10305.354440529507,0.32082660154232717,-0.03094261421855013
2026-08-11 10:00:00+00:00,9995.481754209786,9997.470075029234,1.9231105245480475,0.06521029490080545,0.0,10305.354440529507,0.3212605029723902,-0.031001275770346167
2026-08-11 11:00:00+00:00,9995.341772566277,9997.330093385724,1.9231105245480475,0.06521029490080545,0.0,10305.354440529507,0.3216311521576915,-0.03101571462159574
2026-08-11 12:00:00+00:00,9992.19596068504,9994.184281504487,1.9231105245480475,0.06521029490080545,0.0,10305.354440529507,0.3218520407233855,-0.0313403060825279
2026-08-11 13:00:00+00:00,9989.181319164692,9991.16963998414,1.9231105245480475,0.06521029490080545,0.0,10305.354440529507,0.32180855667269365,-0.03165155494356896
2026-08-11 14:00:00+00:00,9992.240050256116,9994.228371075564,1.9231105245480475,0.06521029490080545,0.0,10305.354440529507,0.3208741829334859,-0.03133575541606062
2026-08-11 15:00:00+00:00,10000.313100184838,10002.301421004286,1.9231105245480475,0.06521029490080545,0.0,10305.354440529507,0.3218616893415479,-0.030503178979369317
2026-08-11 16:00:00+00:00,9995.633401577332,9998.275139629177,1.9231105245480475,0.06521029490080545,-0.6534172323969786,10304.70102329711,0.3203086856531274,-0.03092026380949563
2026-08-11 17:00:00+00:00,9994.814786796269,9997.898261693806,2.346913721230972,0.08314394391026683,-0.6534172323969786,10283.404239212898,0.2489995430474245,-0.028873916983221323
2026-08-11 18:00:00+00:00,9995.751710049804,9998.835184947342,2.346913721230972,0.08314394391026683,-0.6534172323969786,10283.404239212898,0.24884076707676203,-0.028777478423547123
2026-08-11 19:00:00+00:00,9996.187611236172,9999.27108613371,2.346913721230972,0.08314394391026683,-0.6534172323969786,10283.404239212898,0.24793112315502489,-0.02873261678821255
2026-08-11 20:00:00+00:00,9987.42563515232,9990.509110049858,2.346913721230972,0.08314394391026683,-0.6534172323969786,10283.404239212898,0.24791619812817198,-0.029635124693077438
2026-08-11 21:00:00+00:00,9988.007100663131,9991.744976748443,2.97285870732099,0.11160014559419766,-0.6534172323969786,9763.278440150065,0.28867011962983147,0.022499849894795032
2026-08-11 22:00:00+00:00,9988.439426315766,9992.177302401078,2.97285870732099,0.11160014559419766,-0.6534172323969786,9763.278440150065,0.2886387056622651,0.02254215864517211
2026-08-11 23:00:00+00:00,9989.300951578629,9993.03882766394,2.97285870732099,0.11160014559419766,-0.6534172323969786,9763.278440150065,0.2886667853930861,0.022626459301223163
2026-08-12 00:00:00+00:00,9989.126266927798,9993.14441618595,2.97285870732099,0.11160014559419766,-0.9336904052377373,9762.998166977226,0.28863895978856197,0.022637425327102147
2026-08-12 01:00:00+00:00,9989.446406578003,9993.464555836155,2.97285870732099,0.11160014559419766,-0.9336904052377373,9762.998166977226,0.2888242377148906,0.022668747634669844
2026-08-12 02:00:00+00:00,9987.609696726904,9991.627845985056,2.97285870732099,0.11160014559419766,-0.9336904052377373,9762.998166977226,0.2887971735130655,0.02248901754974343
2026-08-12 03:00:00+00:00,9988.899564672198,9992.91771393035,2.97285870732099,0.11160014559419766,-0.9336904052377373,9762.998166977226,0.28878165486789725,0.02261524367448028
2026-08-12 04:00:00+00:00,9988.14734315873,9992.165492416882,2.97285870732099,0.11160014559419766,-0.9336904052377373,9762.998166977226,0.28873517593686326,0.022541635445107518
2026-08-12 05:00:00+00:00,9989.958618538507,9993.97676779666,2.97285870732099,0.11160014559419766,-0.9336904052377373,9762.998166977226,0.2887618876477781,0.02271885802811107
2026-08-12 06:00:00+00:00,9988.90563419907,9992.923783457223,2.97285870732099,0.11160014559419766,-0.9336904052377373,9762.998166977226,0.288842125227335,0.022615837559662608
2026-08-12 07:00:00+00:00,9989.96748188756,9993.985631145712,2.97285870732099,0.11160014559419766,-0.9336904052377373,9762.998166977226,0.2889310395370527,0.02271972509638724
2026-08-12 08:00:00+00:00,9989.608694613613,9993.626843871765,2.97285870732099,0.11160014559419766,-0.9336904052377373,9762.998166977226,0.2888862016752374,0.022684625050285977
2026-08-12 09:00:00+00:00,9992.559290350866,9996.577439609018,2.97285870732099,0.11160014559419766,-0.9336904052377373,9762.998166977226,0.2891799089765064,0.02297320603294404
2026-08-12 10:00:00+00:00,9993.339201625218,9997.35735088337,2.97285870732099,0.11160014559419766,-0.9336904052377373,9762.998166977226,0.28990860971189386,0.02304945624286738
2026-08-12 11:00:00+00:00,9993.814508704474,9997.832657962626,2.97285870732099,0.11160014559419766,-0.9336904052377373,9762.998166977226,0.2896927922146874,0.02309592013401985
2026-08-12 12:00:00+00:00,9988.513545426731,9992.531694684883,2.97285870732099,0.11160014559419766,-0.9336904052377373,9762.998166977226,0.28971020516628915,0.022577471354860178
2026-08-12 13:00:00+00:00,9992.270734494574,9996.842380946116,3.499580232052044,0.13837581425263248,-0.9336904052377373,10279.47771996232,0.26644353914657837,-0.028742914708692977
2026-08-12 14:00:00+00:00,9995.576842407607,10000.14848885915,3.499580232052044,0.13837581425263248,-0.9336904052377373,10279.47771996232,0.2647830653069272,-0.028402650695478208
2026-08-12 15:00:00+00:00,9997.005267902467,10001.57691435401,3.499580232052044,0.13837581425263248,-0.9336904052377373,10279.47771996232,0.2635026496619959,-0.02825570703326451
2026-08-12 16:00:00+00:00,9994.180401938203,9998.582471797996,3.499580232052044,0.13837581425263248,-0.7641138134884191,10279.64729655407,0.26264733740153173,-0.028563312161195915
2026-08-12 17:00:00+00:00,9991.59523854329,9996.520627867505,4.006842964447265,0.1544325462801051,-0.7641138134884191,10124.51468560183,0.30035402476289297,-0.013303125665638755
2026-08-12 18:00:00+00:00,9991.64974257472,9996.575131898935,4.006842964447265,0.1544325462801051,-0.7641138134884191,10124.51468560183,0.29977695001209753,-0.01329759813947111
2026-08-12 19:00:00+00:00,9988.836790104457,9993.762179428672,4.006842964447265,0.1544325462801051,-0.7641138134884191,10124.51468560183,0.3003851152091273,-0.013582952484696029
2026-08-12 20:00:00+00:00,9988.55877963561,9993.484168959825,4.006842964447265,0.1544325462801051,-0.7641138134884191,10124.51468560183,0.3005986839627963,-0.013611163428642117
2026-08-12 21:00:00+00:00,9985.13324907903,9990.058638403245,4.006842964447265,0.1544325462801051,-0.7641138134884191,10124.51468560183,0.30037975533200306,-0.013958895995269288
2026-08-12 22:00:00+00:00,9987.217147145106,9992.14253646932,4.006842964447265,0.1544325462801051,-0.7641138134884191,10124.51468560183,0.3006033268456907,-0.013747326851301114
2026-08-12 23:00:00+00:00,9987.738830521288,9992.664219845503,4.006842964447265,0.1544325462801051,-0.7641138134884191,10124.51468560183,0.3003030813954429,-0.013694376415067185
2026-08-13 00:00:00+00:00,9989.78488952498,9994.23895962478,4.006842964447265,0.1544325462801051,-0.292794589071885,10124.986004826249,0.3000396636333093,-0.013533936595875722
2026-08-13 01:00:00+00:00,9989.36619420905,9993.836352940521,4.021901488575164,0.1554626538245618,-0.292794589071885,10099.873406088956,0.2980273055126085,-0.011062484819504228
2026-08-13 02:00:00+00:00,9990.461906527096,9994.932065258568,4.021901488575164,0.1554626538245618,-0.292794589071885,10099.873406088956,0.2980831799311966,-0.01095159569052338
2026-08-13 03:00:00+00:00,9990.290347058228,9994.7605057897,4.021901488575164,0.1554626538245618,-0.292794589071885,10099.873406088956,0.2982464035392424,-0.010968956379030316
2026-08-13 04:00:00+00:00,9988.209889384989,9992.680048116461,4.021901488575164,0.1554626538245618,-0.292794589071885,10099.873406088956,0.2985124714452367,-0.011179532462832905
2026-08-13 05:00:00+00:00,9988.53103913129,9993.001197862763,4.021901488575164,0.1554626538245618,-0.292794589071885,10099.873406088956,0.2985443870384317,-0.011147021170727595
2026-08-13 06:00:00+00:00,9987.478384971402,9991.948543702874,4.021901488575164,0.1554626538245618,-0.292794589071885,10099.873406088956,0.29863340422567686,-0.01125359342821507
2026-08-13 07:00:00+00:00,9987.329884784687,9991.80004351616,4.021901488575164,0.1554626538245618,-0.292794589071885,10099.873406088956,0.2986017210786105,-0.011268629613979704
2026-08-13 08:00:00+00:00,9985.557925627703,9990.028084359175,4.021901488575164,0.1554626538245618,-0.292794589071885,10099.873406088956,0.2986884295868603,-0.011448081450498101
2026-08-13 09:00:00+00:00,9984.188193568416,9988.658352299888,4.021901488575164,0.1554626538245618,-0.292794589071885,10099.873406088956,0.2989827317832256,-0.011586842142565296
2026-08-13 10:00:00+00:00,9984.76732549399,9989.237484225461,4.021901488575164,0.1554626538245618,-0.292794589071885,10099.873406088956,0.29922033509516804,-0.011528168543403949
2026-08-13 11:00:00+00:00,9987.963241994446,9992.433400725919,4.021901488575164,0.1554626538245618,-0.292794589071885,10099.873406088956,0.29897401277858604,-0.011204502998567704
2026-08-13 12:00:00+00:00,9986.342072664787,9990.81223139626,4.021901488575164,0.1554626538245618,-0.292794589071885,10099.873406088956,0.2986050398346479,-0.011368660576422124
2026-08-13 13:00:00+00:00,9985.012624267458,9989.48278299893,4.021901488575164,0.1554626538245618,-0.292794589071885,10099.873406088956,0.2987784386410189,-0.011503318638009687
2026-08-13 14:00:00+00:00,9987.769391755424,9992.239550486896,4.021901488575164,0.1554626538245618,-0.292794589071885,10099.873406088956,0.3012853341120178,-0.011224129226098261
2026-08-13 15:00:00+00:00,9984.228392280767,9988.744009491495,4.064405816592219,0.1584168050628907,-0.292794589071885,10028.99035506585,0.2942566684586072,-0.004483267111526548
2026-08-13 16:00:00+00:00,9990.161833943626,9994.304846347452,4.064405816592219,0.1584168050628907,0.07981021783015646,10029.36295987275,0.29217460487923574,-0.003923973062771591
2026-08-13 17:00:00+00:00,9992.841899440009,9997.56105675126,4.62208298979292,0.1768845392895535,0.07981021783015646,9499.765589511206,0.23995348739145067,0.04934295117352295
2026-08-13 18:00:00+00:00,9991.483984369534,9996.203141680784,4.62208298979292,0.1768845392895535,0.07981021783015646,9499.765589511206,0.24023118843807206,0.04921374999224949
2026-08-13 19:00:00+00:00,9989.823289759397,9994.542447070648,4.62208298979292,0.1768845392895535,0.07981021783015646,9499.765589511206,0.24161485861320614,0.04905569258172484
2026-08-13 20:00:00+00:00,9981.038223763358,9985.757381074609,4.62208298979292,0.1768845392895535,0.07981021783015646,9499.765589511206,0.24250003780579382,0.04821869463502443
2026-08-13 21:00:00+00:00,9979.401861802831,9984.211758879359,4.70529148408748,0.1844158102694677,0.07981021783015646,9361.001557192645,0.2286187073171201,0.06196767232885728
2026-08-13 22:00:00+00:00,9980.872897144702,9985.732174350356,4.75150994946567,0.18757747402050395,0.07981021783015646,9283.92456309695,0.22085986634699656,0.06982839489391067
2026-08-13 23:00:00+00:00,9980.883143452684,9985.742420658338,4.75150994946567,0.18757747402050395,0.07981021783015646,9283.92456309695,0.22103239704147212,0.06982934980186882
2026-08-14 00:00:00+00:00,9981.394027645918,9985.958976047805,4.75150994946567,0.18757747402050395,0.37413902159847,9284.218891900719,0.22094575609225087,0.06984747158705501
2026-08-14 01:00:00+00:00,9979.128622112761,9983.718693226108,4.775607076687858,0.18860305825706192,0.37413902159847,9324.356673477143,0.22486230306339644,0.06561414061591588
2026-08-14 02:00:00+00:00,9979.312984534266,9983.903055647614,4.775607076687858,0.18860305825706192,0.37413902159847,9324.356673477143,0.22497409245243577,0.06563140289037543
2026-08-14 03:00:00+00:00,9978.892552637597,9983.482623750944,4.775607076687858,0.18860305825706192,0.37413902159847,9324.356673477143,0.2249309231440238,0.06559203596068867
2026-08-14 04:00:00+00:00,9980.220111984734,9984.810183098081,4.775607076687858,0.18860305825706192,0.37413902159847,9324.356673477143,0.2247872439587534,0.06571633001560745
2026-08-14 05:00:00+00:00,9978.983171926397,9983.573243039744,4.775607076687858,0.18860305825706192,0.37413902159847,9324.356673477143,0.22482386034889426,0.06560052133276428
2026-08-14 06:00:00+00:00,9980.493828555242,9985.083899668589,4.775607076687858,0.18860305825706192,0.37413902159847,9324.356673477143,0.22481027271321521,0.06574195288822489
2026-08-14 07:00:00+00:00,9983.222837731382,9987.81290884473,4.775607076687858,0.18860305825706192,0.37413902159847,9324.356673477143,0.224564566813686,0.06599734123574492
2026-08-14 08:00:00+00:00,9983.745888679005,9988.335959792352,4.775607076687858,0.18860305825706192,0.37413902159847,9324.356673477143,0.22461477132215613,0.06604627386896647
2026-08-14 09:00:00+00:00,9984.575510353416,9989.165581466763,4.775607076687858,0.18860305825706192,0.37413902159847,9324.356673477143,0.22491589369414838,0.0661238763923077
2026-08-14 10:00:00+00:00,9986.184916700204,9990.774987813551,4.775607076687858,0.18860305825706192,0.37413902159847,9324.356673477143,0.2248407206059959,0.06627438293439418
2026-08-14 11:00:00+00:00,9987.988353179735,9992.578424293082,4.775607076687858,0.18860305825706192,0.37413902159847,9324.356673477143,0.224902857734409,0.06644297692751325
2026-08-14 12:00:00+00:00,9986.742832714881,9991.332903828228,4.775607076687858,0.18860305825706192,0.37413902159847,9324.356673477143,0.22492072669906166,0.06632654613553016
2026-08-14 13:00:00+00:00,9989.48112773951,9994.15014918858,4.851129748021205,0.19203072264663212,0.37413902159847,9380.570002097762,0.23043069760836313,0.060955230592595944
2026-08-14 14:00:00+00:00,9992.454896423122,9997.123917872192,4.851129748021205,0.19203072264663212,0.37413902159847,9380.570002097762,0.23001475298027022,0.061234691641629306
2026-08-14 15:00:00+00:00,9998.272367881802,10002.941389330872,4.851129748021205,0.19203072264663212,0.37413902159847,9380.570002097762,0.2289156840880772,0.061780910046852835
2026-08-14 16:00:00+00:00,9992.139663152147,9996.5544344627,4.851129748021205,0.19203072264663212,0.6283891601159441,9380.82425223628,0.22922115573319804,0.06117963034185821
2026-08-14 17:00:00+00:00,9986.698427795576,9991.113199106128,4.851129748021205,0.19203072264663212,0.6283891601159441,9380.82425223628,0.2291861878844932,0.06066811568806278
2026-08-14 18:00:00+00:00,9991.070705893242,9995.485477203794,4.851129748021205,0.19203072264663212,0.6283891601159441,9380.82425223628,0.2289166274149307,0.06107918476615409
2026-08-14 19:00:00+00:00,9992.211691155853,9996.626462466405,4.851129748021205,0.19203072264663212,0.6283891601159441,9380.82425223628,0.22852684150424307,0.06118639774822971
2026-08-14 20:00:00+00:00,9990.622155588575,9995.036926899127,4.851129748021205,0.19203072264663212,0.6283891601159441,9380.82425223628,0.2285450893236598,0.06103702991221481
2026-08-14 21:00:00+00:00,9987.61952248283,9992.057177399129,4.8719674711959335,0.19407660521886727,0.6283891601159441,9346.073875888558,0.22521465230535637,0.06423408952955285
2026-08-14 22:00:00+00:00,9987.80281074649,9992.24046566279,4.8719674711959335,0.19407660521886727,0.6283891601159441,9346.073875888558,0.22524932478501905,0.06425126196599092
2026-08-14 23:00:00+00:00,9987.23525995288,9991.67291486918,4.8719674711959335,0.19407660521886727,0.6283891601159441,9346.073875888558,0.2252337302010732,0.0641980855938451
2026-08-15 00:00:00+00:00,9986.71967211813,9990.878264080431,4.8719674711959335,0.19407660521886727,0.9074521141138325,9346.352938842556,0.22527323005039623,0.06412182921919907
2026-08-15 01:00:00+00:00,9985.394622140886,9989.553214103187,4.8719674711959335,0.19407660521886727,0.9074521141138325,9346.352938842556,0.22545991594735068,0.06399763930024013
2026-08-15 02:00:00+00:00,9985.06398045221,9989.222572414512,4.8719674711959335,0.19407660521886727,0.9074521141138325,9346.352938842556,0.22552988879022537,0.06396664486677915
2026-08-15 03:00:00+00:00,9984.582358074553,9988.740950036854,4.8719674711959335,0.19407660521886727,0.9074521141138325,9346.352938842556,0.22560630991044012,0.06392149379346448
2026-08-15 04:00:00+00:00,9984.96974400382,9989.128335966121,4.8719674711959335,0.19407660521886727,0.9074521141138325,9346.352938842556,0.22556877880950105,0.06395781074296863
2026-08-15 05:00:00+00:00,9983.375304631532,9988.58655250255,5.8773506137038165,0.24134937142738022,0.9074521141138325,9297.470319260952,0.14067267599214844,0.06870471803783346
2026-08-15 06:00:00+00:00,9984.282894070879,9989.494141941896,5.8773506137038165,0.24134937142738022,0.9074521141138325,9297.470319260952,0.140469965368021,0.06878937446952627
2026-08-15 07:00:00+00:00,9984.54200514439,9989.753253015408,5.8773506137038165,0.24134937142738022,0.9074521141138325,9297.470319260952,0.14047221281268205,0.06881354052388537
2026-08-15 08:00:00+00:00,9984.396332889472,9989.607580760488,5.8773506137038165,0.24134937142738022,0.9074521141138325,9297.470319260952,0.14043961360643661,0.06879995452160946
2026-08-15 09:00:00+00:00,9985.21204274562,9990.578678084048,6.026623179239515,0.24746427330273976,0.9074521141138325,9492.174674130945,0.12095039051423982,0.04937675499569096
2026-08-15 10:00:00+00:00,9985.310648965049,9990.677284303478,6.026623179239515,0.24746427330273976,0.9074521141138325,9492.174674130945,0.12106938400823036,0.0493861425217869
2026-08-15 11:00:00+00:00,9985.274233752516,9990.640869090945,6.026623179239515,0.24746427330273976,0.9074521141138325,9492.174674130945,0.12107620711347554,0.04938267573611352
2026-08-15 12:00:00+00:00,9985.137465617054,9990.504100955482,6.026623179239515,0.24746427330273976,0.9074521141138325,9492.174674130945,0.12103408252216526,0.049369654968054524
2026-08-15 13:00:00+00:00,9985.57120707462,9990.937842413048,6.026623179239515,0.24746427330273976,0.9074521141138325,9492.174674130945,0.12108229017803171,0.04941094732709032
2026-08-15 14:00:00+00:00,9985.955369912725,9991.322005251153,6.026623179239515,0.24746427330273976,0.9074521141138325,9492.174674130945,0.12111610241825893,0.04944751678637776
2026-08-15 15:00:00+00:00,9986.648313951186,9992.014949289614,6.026623179239515,0.24746427330273976,0.9074521141138325,9492.174674130945,0.12091638123486131,0.04951347281644729
2026-08-15 16:00:00+00:00,9986.90611462247,9992.2727499609,6.026623179239515,0.24746427330273976,0.9074521141138325,9492.174674130945,0.12101928843281681,0.04953800854973072
2026-08-15 17:00:00+00:00,9986.557942146028,9991.924577484457,6.026623179239515,0.24746427330273976,0.9074521141138325,9492.174674130945,0.12106886099718202,0.04950487153623252
2026-08-15 18:00:00+00:00,9986.78682131454,9992.153456652968,6.026623179239515,0.24746427330273976,0.9074521141138325,9492.174674130945,0.12105892366297717,0.04952665517280853
2026-08-15 19:00:00+00:00,9987.297419298884,9992.664054637313,6.026623179239515,0.24746427330273976,0.9074521141138325,9492.174674130945,0.12106375354349218,0.049575247875485576
2026-08-15 20:00:00+00:00,9987.064122329899,9992.430757668328,6.026623179239515,0.24746427330273976,0.9074521141138325,9492.174674130945,0.12107330168528364,0.04955304603406317
2026-08-15 21:00:00+00:00,9986.77667330274,9992.542945177349,6.40609344294918,0.26763054577358214,0.9074521141138325,9571.848493988527,0.17958686346559716,0.041547757889031894
2026-08-15 22:00:00+00:00,9986.711673834836,9992.477945709445,6.40609344294918,0.26763054577358214,0.9074521141138325,9571.848493988527,0.1796741904212546,0.0415415197109624
2026-08-15 23:00:00+00:00,9986.817814313976,9992.584086188584,6.40609344294918,0.26763054577358214,0.9074521141138325,9571.848493988527,0.17969252193130758,0.041551706263298134
2026-08-16 00:00:00+00:00,9986.320817163381,9992.08708903799,6.40609344294918,0.26763054577358214,0.9074521141138325,9571.848493988527,0.17966118446470905,0.04150400640669429
2026-08-16 01:00:00+00:00,9986.233463723613,9992.405813730318,6.791540765633829,0.28826135518554624,0.9074521141138325,9441.172568266105,0.12605729619216902,0.05458122899264451
2026-08-16 02:00:00+00:00,9985.811021305306,9991.983371312012,6.791540765633829,0.28826135518554624,0.9074521141138325,9441.172568266105,0.1260504084789365,0.05454123374427806
2026-08-16 03:00:00+00:00,9985.55902467146,9991.731374678166,6.791540765633829,0.28826135518554624,0.9074521141138325,9441.172568266105,0.12616874796823638,0.054517374045892845
2026-08-16 04:00:00+00:00,9985.793321319987,9991.965671326692,6.791540765633829,0.28826135518554624,0.9074521141138325,9441.172568266105,0.12622936246354835,0.05453955790283559
2026-08-16 05:00:00+00:00,9985.473738826024,9991.64608883273,6.791540765633829,0.28826135518554624,0.9074521141138325,9441.172568266105,0.1262615672784641,0.054509298686905405
2026-08-16 06:00:00+00:00,9985.496618597283,9991.668968603988,6.791540765633829,0.28826135518554624,0.9074521141138325,9441.172568266105,0.12626356927558502,0.05451146509001986
2026-08-16 07:00:00+00:00,9984.75352374295,9990.925873749655,6.791540765633829,0.28826135518554624,0.9074521141138325,9441.172568266105,0.1263790651013803,0.054441099040076685
2026-08-16 08:00:00+00:00,9985.03112247771,9991.203472484416,6.791540765633829,0.28826135518554624,0.9074521141138325,9441.172568266105,0.12637326692212056,0.05446738698563521
2026-08-16 09:00:00+00:00,9983.782010051586,9989.954360058291,6.791540765633829,0.28826135518554624,0.9074521141138325,9441.172568266105,0.12644450329231602,0.05434908747398389
2026-08-16 10:00:00+00:00,9983.727985931839,9989.900335938544,6.791540765633829,0.28826135518554624,0.9074521141138325,9441.172568266105,0.12641971624768944,0.05434397035158137
2026-08-16 11:00:00+00:00,9982.893499277474,9989.06584928418,6.791540765633829,0.28826135518554624,0.9074521141138325,9441.172568266105,0.12643696997391174,0.054264921392838235
2026-08-16 12:00:00+00:00,9982.964392936054,9989.13674294276,6.791540765633829,0.28826135518554624,0.9074521141138325,9441.172568266105,0.12651338908194978,0.054271637496104974
2026-08-16 13:00:00+00:00,9982.724077303348,9988.896427310054,6.791540765633829,0.28826135518554624,0.9074521141138325,9441.172568266105,0.12647229944261343,0.05424887083361446
2026-08-16 14:00:00+00:00,9982.294643445759,9988.466993452465,6.791540765633829,0.28826135518554624,0.9074521141138325,9441.172568266105,0.12655509823042355,0.054208185042398827
2026-08-16 15:00:00+00:00,9981.69687043727,9987.869220443976,6.791540765633829,0.28826135518554624,0.9074521141138325,9441.172568266105,0.1266332071443511,0.054151544490599876
2026-08-16 16:00:00+00:00,9981.757329087493,9987.929679094199,6.791540765633829,0.28826135518554624,0.9074521141138325,9441.172568266105,0.12667862506538777,0.05415727341377948
2026-08-16 17:00:00+00:00,9980.804484606839,9986.976834613544,6.791540765633829,0.28826135518554624,0.9074521141138325,9441.172568266105,0.12679591029961196,0.05406697598104391
2026-08-16 18:00:00+00:00,9982.5636492569,9988.735999263605,6.791540765633829,0.28826135518554624,0.9074521141138325,9441.172568266105,0.1265886666391253,0.054233671831493406
2026-08-16 19:00:00+00:00,9983.220193617884,9989.39254362459,6.791540765633829,0.28826135518554624,0.9074521141138325,9441.172568266105,0.12658592315086895,0.054295869953695064
2026-08-16 20:00:00+00:00,9983.120163762618,9989.292513769324,6.791540765633829,0.28826135518554624,0.9074521141138325,9441.172568266105,0.1266574167001866,0.05428639409387349
2026-08-16 21:00:00+00:00,9982.519401615205,9989.163169569307,7.238736152422771,0.3124839157916951,0.9074521141138325,9444.009921835737,0.18354015791725123,0.05394524749857588
2026-08-16 22:00:00+00:00,9984.888698571653,9991.532466525754,7.238736152422771,0.3124839157916951,0.9074521141138325,9444.009921835737,0.18321057617154135,0.05416973519327145
2026-08-16 23:00:00+00:00,9985.71014751572,9992.353915469821,7.238736152422771,0.3124839157916951,0.9074521141138325,9444.009921835737,0.18313642705604005,0.054247541504571756
2026-08-17 00:00:00+00:00,9985.699514611297,9992.343282565398,7.238736152422771,0.3124839157916951,0.9074521141138325,9444.009921835737,0.18325065547364403,0.05424653445489201
2026-08-17 01:00:00+00:00,9986.343098082274,9993.038608128103,7.288374406703121,0.3145877532395489,0.9074521141138325,9361.229859780873,0.17465069849212156,0.06259681168189034
2026-08-17 02:00:00+00:00,9985.451254519086,9992.146764564915,7.288374406703121,0.3145877532395489,0.9074521141138325,9361.229859780873,0.17487447106231824,0.06251308817472927
2026-08-17 03:00:00+00:00,9983.994104716881,9990.68961476271,7.288374406703121,0.3145877532395489,0.9074521141138325,9361.229859780873,0.1754623569549731,0.06237626328743386
2026-08-17 04:00:00+00:00,9985.767373350836,9992.462883396665,7.288374406703121,0.3145877532395489,0.9074521141138325,9361.229859780873,0.17539879284816054,0.06254276614100542
2026-08-17 05:00:00+00:00,9985.64937349972,9992.442512811496,7.380918812459347,0.31967261342948833,0.9074521141138325,9420.29629475939,0.15987952735556357,0.056616556179178934
2026-08-17 06:00:00+00:00,9985.682597809664,9992.47573712144,7.380918812459347,0.31967261342948833,0.9074521141138325,9420.29629475939,0.15991945980606748,0.056619694999547616
2026-08-17 07:00:00+00:00,9986.562974859888,9993.356114171664,7.380918812459347,0.31967261342948833,0.9074521141138325,9420.29629475939,0.16029270805037601,0.056702859785295
2026-08-17 08:00:00+00:00,9986.302679542496,9993.095818854272,7.380918812459347,0.31967261342948833,0.9074521141138325,9420.29629475939,0.16005724728775347,0.05667827252448522
2026-08-17 09:00:00+00:00,9986.131589112349,9992.94193512713,7.397262833820626,0.3205352950738419,0.9074521141138325,9393.039915135896,0.1571993284469543,0.059391534017345315
2026-08-17 10:00:00+00:00,9986.823413025486,9993.633759040267,7.397262833820626,0.3205352950738419,0.9074521141138325,9393.039915135896,0.15694594805445516,0.05945669341816305
2026-08-17 11:00:00+00:00,9986.398188410654,9993.208534425436,7.397262833820626,0.3205352950738419,0.9074521141138325,9393.039915135896,0.15735603493615083,0.0594166447281622
2026-08-17 12:00:00+00:00,9987.304030110818,9994.114376125599,7.397262833820626,0.3205352950738419,0.9074521141138325,9393.039915135896,0.1574329718504242,0.05950195500039544
2026-08-17 13:00:00+00:00,9986.562332524296,9993.372678539077,7.397262833820626,0.3205352950738419,0.9074521141138325,9393.039915135896,0.15692655694936636,0.05943210462477285
2026-08-17 14:00:00+00:00,9976.407794530134,9983.218140544916,7.397262833820626,0.3205352950738419,0.9074521141138325,9393.039915135896,0.15865354196373357,0.058474742754008754
2026-08-17 15:00:00+00:00,9974.563795647773,9981.374141662554,7.397262833820626,0.3205352950738419,0.9074521141138325,9393.039915135896,0.1587406852233525,0.05830068285949651
2026-08-17 16:00:00+00:00,9979.666011023024,9986.450486411404,7.397262833820626,0.3205352950738419,0.9333227405141226,9393.065785762295,0.15977131196792396,0.05877954478765119
2026-08-17 17:00:00+00:00,9978.241884009782,9985.026359398162,7.397262833820626,0.3205352950738419,0.9333227405141226,9393.065785762295,0.15905288697170136,0.05864521075453544
2026-08-17 18:00:00+00:00,9973.062810513644,9979.847285902024,7.397262833820626,0.3205352950738419,0.9333227405141226,9393.065785762295,0.1587997189672414,0.05815635936233273
2026-08-17 19:00:00+00:00,9970.769006046914,9977.553481435294,7.397262833820626,0.3205352950738419,0.9333227405141226,9393.065785762295,0.15902090466111723,0.05793968548807636
2026-08-17 20:00:00+00:00,9969.636445266984,9976.420920655364,7.397262833820626,0.3205352950738419,0.9333227405141226,9393.065785762295,0.15867712186864766,0.0578326664838828
2026-08-17 21:00:00+00:00,9969.221830231865,9976.006305620245,7.397262833820626,0.3205352950738419,0.9333227405141226,9393.065785762295,0.15862544694508338,0.05779348220764491
2026-08-17 22:00:00+00:00,9969.128164311707,9975.912639700087,7.397262833820626,0.3205352950738419,0.9333227405141226,9393.065785762295,0.15877079688833323,0.057784629614016474
2026-08-17 23:00:00+00:00,9969.221322156964,9976.005797545344,7.397262833820626,0.3205352950738419,0.9333227405141226,9393.065785762295,0.1588104810046165,0.05779343418870054
2026-08-18 00:00:00+00:00,9968.718195096862,9975.517282842004,7.397262833820626,0.3205352950738419,0.9187103837542401,9393.051173405536,0.15893650480188198,0.05774734629116808
2026-08-18 01:00:00+00:00,9968.83815718906,9975.637244934202,7.397262833820626,0.3205352950738419,0.9187103837542401,9393.051173405536,0.1588641304581208,0.057758685084910714
2026-08-18 02:00:00+00:00,9968.620014643973,9975.419102389114,7.397262833820626,0.3205352950738419,0.9187103837542401,9393.051173405536,0.15796766794283884,0.05773806609068472
2026-08-18 03:00:00+00:00,9967.60617581533,9974.405263560471,7.397262833820626,0.3205352950738419,0.9187103837542401,9393.051173405536,0.15693675600853965,0.05764222545267211
2026-08-18 04:00:00+00:00,9966.130350860118,9972.929438605259,7.397262833820626,0.3205352950738419,0.9187103837542401,9393.051173405536,0.15707347381730402,0.05750267729591978
2026-08-18 05:00:00+00:00,9965.914014332726,9973.328011219923,7.983436622757686,0.3492706481937774,0.9187103837542401,9541.104051559705,0.223893888836271,0.0426262921957856
2026-08-18 06:00:00+00:00,9962.022537071975,9969.436533959171,7.983436622757686,0.3492706481937774,0.9187103837542401,9541.104051559705,0.22336280879035467,0.042252312112916086
2026-08-18 07:00:00+00:00,9962.419090652791,9969.833087539988,7.983436622757686,0.3492706481937774,0.9187103837542401,9541.104051559705,0.22392239974058967,0.04229043521049855
2026-08-18 08:00:00+00:00,9960.985517229497,9968.399514116694,7.983436622757686,0.3492706481937774,0.9187103837542401,9541.104051559705,0.2232801137228383,0.04215260276641552
2026-08-18 09:00:00+00:00,9957.578389881515,9965.032480935713,8.021894929717897,0.3509065082336995,0.9187103837542401,9605.162771519763,0.2161669570153509,0.03539169912233507
2026-08-18 10:00:00+00:00,9955.911704107608,9963.365795161806,8.021894929717897,0.3509065082336995,0.9187103837542401,9605.162771519763,0.21600190552839763,0.03523021728317795
2026-08-18 11:00:00+00:00,9958.378480789146,9965.832571843344,8.021894929717897,0.3509065082336995,0.9187103837542401,9605.162771519763,0.2160420682826808,0.035469199122204254
2026-08-18 12:00:00+00:00,9957.167981445618,9964.622072499817,8.021894929717897,0.3509065082336995,0.9187103837542401,9605.162771519763,0.2164315161084155,0.035351940489684326
2026-08-18 13:00:00+00:00,9957.561245017176,9965.015336071374,8.021894929717897,0.3509065082336995,0.9187103837542401,9605.162771519763,0.21578269409422726,0.03539003826602167
2026-08-18 14:00:00+00:00,9956.163121566773,9963.617212620971,8.021894929717897,0.3509065082336995,0.9187103837542401,9605.162771519763,0.21511469526944432,0.03525458007881405
2026-08-18 15:00:00+00:00,9949.865157398837,9957.323596045435,8.026189198362065,0.3509598319887803,0.9187103837542401,9612.315591658065,0.21415588018524973,0.03392503922425181
2026-08-18 16:00:00+00:00,9953.505082051137,9961.01437441665,8.026189198362065,0.3509598319887803,0.8678566648377013,9612.26473793915,0.21483343059045623,0.03428343496074923
2026-08-18 17:00:00+00:00,9953.072733131961,9960.922486185164,8.346466954150687,0.37114276388942047,0.8678566648377013,9613.380220867975,0.17138270645514248,0.03412941122526036
2026-08-18 18:00:00+00:00,9956.606403669195,9964.456156722397,8.346466954150687,0.37114276388942047,0.8678566648377013,9613.380220867975,0.1702203833048068,0.03447220557746803
2026-08-18 19:00:00+00:00,9956.949648346768,9964.79940139997,8.346466954150687,0.37114276388942047,0.8678566648377013,9613.380220867975,0.17013061838637614,0.034505490096139936
2026-08-18 20:00:00+00:00,9956.557210651386,9964.406963704589,8.346466954150687,0.37114276388942047,0.8678566648377013,9613.380220867975,0.1697322710822613,0.03446743513071812
2026-08-18 21:00:00+00:00,9955.882621019457,9963.996518459486,8.592443390675717,0.38931071419218016,0.8678566648377013,9640.553791786037,0.12960834391426515,0.031672614195719664
2026-08-18 22:00:00+00:00,9955.058565725814,9963.172463165844,8.592443390675717,0.38931071419218016,0.8678566648377013,9640.553791786037,0.12957366611872936,0.031592458433402304
2026-08-18 23:00:00+00:00,9953.617862394374,9961.731759834403,8.592443390675717,0.38931071419218016,0.8678566648377013,9640.553791786037,0.12940837424734242,0.03145228950280689
2026-08-19 00:00:00+00:00,9953.53751370504,9961.571146902184,8.592443390675717,0.38931071419218016,0.9481209077229183,9640.634056028919,0.1295861974602055,0.03143640713116158
2026-08-19 01:00:00+00:00,9953.681450527183,9961.715083724328,8.592443390675717,0.38931071419218016,0.9481209077229183,9640.634056028919,0.12954759114339442,0.03145041320180935
2026-08-19 02:00:00+00:00,9956.297985374411,9964.331618571556,8.592443390675717,0.38931071419218016,0.9481209077229183,9640.634056028919,0.1296012922086208,0.031704949953204976
2026-08-19 03:00:00+00:00,9954.347082640094,9962.380715837238,8.592443390675717,0.38931071419218016,0.9481209077229183,9640.634056028919,0.12947621260344996,0.03151517864574713
2026-08-19 04:00:00+00:00,9954.669939974154,9962.703573171299,8.592443390675717,0.38931071419218016,0.9481209077229183,9640.634056028919,0.12949214019540842,0.03154658927305936
2026-08-19 05:00:00+00:00,9953.615810736885,9961.876221722934,8.811875767829088,0.39665612594188315,0.9481209077229183,9409.447825445197,0.09387704424625144,0.054670382666839365
2026-08-19 06:00:00+00:00,9953.117486725601,9961.37789771165,8.811875767829088,0.39665612594188315,0.9481209077229183,9409.447825445197,0.09372845100267196,0.05462305272749892
2026-08-19 07:00:00+00:00,9954.333207145182,9962.593618131232,8.811875767829088,0.39665612594188315,0.9481209077229183,9409.447825445197,0.09406254628529508,0.05473851139610921
2026-08-19 08:00:00+00:00,9957.146302062096,9965.406713048145,8.811875767829088,0.39665612594188315,0.9481209077229183,9409.447825445197,0.09426164712916826,0.055005566856386495
2026-08-19 09:00:00+00:00,9957.869011944662,9966.345837263238,9.015604016198147,0.4093422100997661,0.9481209077229183,9341.776576223769,0.1274791842389392,0.061869907605922425
2026-08-19 10:00:00+00:00,9957.234750476217,9965.711575794792,9.015604016198147,0.4093422100997661,0.9481209077229183,9341.776576223769,0.1273601908566364,0.061810150074347994
2026-08-19 11:00:00+00:00,9957.047593246953,9965.524418565528,9.015604016198147,0.4093422100997661,0.9481209077229183,9341.776576223769,0.1272803720600635,0.06179251542801417
2026-08-19 12:00:00+00:00,9955.668364940213,9964.145190258789,9.015604016198147,0.4093422100997661,0.9481209077229183,9341.776576223769,0.12717356256591922,0.06166253898917718
2026-08-19 13:00:00+00:00,9957.470705415095,9965.94753073367,9.015604016198147,0.4093422100997661,0.9481209077229183,9341.776576223769,0.12847299166124826,0.06183238167665384
2026-08-19 14:00:00+00:00,9944.549063621133,9953.025888939708,9.015604016198147,0.4093422100997661,0.9481209077229183,9341.776576223769,0.12915371868393688,0.06061335547153245
2026-08-19 15:00:00+00:00,9934.63910114148,9943.115926460056,9.015604016198147,0.4093422100997661,0.9481209077229183,9341.776576223769,0.13248701144273956,0.0596763021667886
2026-08-19 16:00:00+00:00,9933.91967720406,9942.644404271421,9.232615324670777,0.4207966537950005,0.9286849111033428,8979.854614797627,0.09604114925509022,0.09604114925509022
2026-08-19 17:00:00+00:00,9931.68198868948,9940.801881468105,9.615052394300323,0.43352529542984847,0.9286849111033428,9616.867293777239,0.11712991216364001,0.031698024088040795
2026-08-19 18:00:00+00:00,9932.96969953745,9942.089592316077,9.615052394300323,0.43352529542984847,0.9286849111033428,9616.867293777239,0.11705980414108916,0.03182355482015927
2026-08-19 19:00:00+00:00,9934.895294583815,9944.015187362442,9.615052394300323,0.43352529542984847,0.9286849111033428,9616.867293777239,0.11708777430237982,0.03201120810804677
2026-08-19 20:00:00+00:00,9932.42496464475,9941.544857423376,9.615052394300323,0.43352529542984847,0.9286849111033428,9616.867293777239,0.11615648976464474,0.031770456055873864
2026-08-19 21:00:00+00:00,9932.19290404801,9941.312796826636,9.615052394300323,0.43352529542984847,0.9286849111033428,9616.867293777239,0.11640673603890284,0.03174783386881824
2026-08-19 22:00:00+00:00,9933.402713716388,9942.522606495015,9.615052394300323,0.43352529542984847,0.9286849111033428,9616.867293777239,0.11653565992769627,0.03186575930341241
2026-08-19 23:00:00+00:00,9932.607416956074,9941.7273097347,9.615052394300323,0.43352529542984847,0.9286849111033428,9616.867293777239,0.11687638935960128,0.031788241488315654
2026-08-20 00:00:00+00:00,9933.845639399247,9942.781554000047,9.615052394300323,0.43352529542984847,1.1126630889301812,9617.051271955066,0.11684398844236225,0.03189040568415156
2026-08-20 01:00:00+00:00,9933.826518568661,9942.76243316946,9.615052394300323,0.43352529542984847,1.1126630889301812,9617.051271955066,0.11703630991166067,0.03188854224718619
2026-08-20 02:00:00+00:00,9934.411460060077,9943.347374660876,9.615052394300323,0.43352529542984847,1.1126630889301812,9617.051271955066,0.11697732988579929,0.03194554497575566
2026-08-20 03:00:00+00:00,9933.244466821243,9942.180381422042,9.615052394300323,0.43352529542984847,1.1126630889301812,9617.051271955066,0.11695233473595036,0.03183181446125862
2026-08-20 04:00:00+00:00,9933.590564596258,9942.526479197057,9.615052394300323,0.43352529542984847,1.1126630889301812,9617.051271955066,0.11695417088206059,0.03186554655970525
2026-08-20 05:00:00+00:00,9933.207952658879,9942.606595636615,10.055413529438212,0.45589253722812095,1.1126630889301812,9117.140898043803,0.1904613905258552,0.08215543845496918
2026-08-20 06:00:00+00:00,9933.714894080646,9943.113537058382,10.055413529438212,0.45589253722812095,1.1126630889301812,9117.140898043803,0.190303652243363,0.08220227827591743
2026-08-20 07:00:00+00:00,9933.989802212765,9943.388445190501,10.055413529438212,0.45589253722812095,1.1126630889301812,9117.140898043803,0.1906572576106713,0.08222767693872735
2026-08-20 08:00:00+00:00,9933.705672167396,9943.104315145132,10.055413529438212,0.45589253722812095,1.1126630889301812,9117.140898043803,0.19032644719307848,0.08220142624232102
2026-08-20 09:00:00+00:00,9925.248107455363,9935.116838383909,10.49151642849397,0.489877588981616,1.1126630889301812,9180.563174196954,0.2548199358074927,0.07502935193116615
2026-08-20 10:00:00+00:00,9926.409599738412,9936.278330666957,10.49151642849397,0.489877588981616,1.1126630889301812,9180.563174196954,0.25617147157560455,0.07513758303517044
2026-08-20 11:00:00+00:00,9925.433499771489,9935.302230700034,10.49151642849397,0.489877588981616,1.1126630889301812,9180.563174196954,0.2564209343282485,0.07504662900534113
2026-08-20 12:00:00+00:00,9920.270267572248,9930.138998500794,10.49151642849397,0.489877588981616,1.1126630889301812,9180.563174196954,0.2549184595435492,0.07456521580800851
2026-08-20 13:00:00+00:00,9922.564653913396,9932.460009747396,10.517054478901185,0.49096444402848083,1.1126630889301812,9137.974218801188,0.2504661727604631,0.07907133513136352
2026-08-20 14:00:00+00:00,9930.626601511975,9940.521957345974,10.517054478901185,0.49096444402848083,1.1126630889301812,9137.974218801188,0.24859361685817524,0.07981896958950234
2026-08-20 15:00:00+00:00,9936.081588686908,9945.976944520908,10.517054478901185,0.49096444402848083,1.1126630889301812,9137.974218801188,0.24796070988059798,0.08032415623422753
2026-08-20 16:00:00+00:00,9940.885469134468,9950.615525611374,10.517054478901185,0.49096444402848083,1.2779624460244727,9138.139518158283,0.24718706041247016,0.08075195650011636
2026-08-20 17:00:00+00:00,9950.413125962597,9960.644248862613,10.984537841343144,0.5245475046963495,1.2779624460244727,9018.850069019823,0.31117244154105456,0.093620540690129
2026-08-20 18:00:00+00:00,9946.763139196542,9956.994262096558,10.984537841343144,0.5245475046963495,1.2779624460244727,9018.850069019823,0.3094055875246371,0.09328794273990039
2026-08-20 19:00:00+00:00,9945.596110681847,9955.827233581862,10.984537841343144,0.5245475046963495,1.2779624460244727,9018.850069019823,0.30808347950884063,0.09318154802874742
2026-08-20 20:00:00+00:00,9938.72557178845,9948.956694688466,10.984537841343144,0.5245475046963495,1.2779624460244727,9018.850069019823,0.3101119247424197,0.09255467374808472
2026-08-20 21:00:00+00:00,9938.90421181545,9949.135334715465,10.984537841343144,0.5245475046963495,1.2779624460244727,9018.850069019823,0.31037042413914234,0.09257098400262873
2026-08-20 22:00:00+00:00,9940.124968952347,9950.356091852362,10.984537841343144,0.5245475046963495,1.2779624460244727,9018.850069019823,0.3103422270543987,0.0926824263085318
2026-08-20 23:00:00+00:00,9939.856194976783,9950.087317876798,10.984537841343144,0.5245475046963495,1.2779624460244727,9018.850069019823,0.31035260744012383,0.09265789241723638
2026-08-21 00:00:00+00:00,9937.004672437955,9947.039525237285,10.984537841343144,0.5245475046963495,1.4742325467087831,9019.046339120508,0.31095544970083444,0.09237777012056433
2026-08-21 01:00:00+00:00,9933.557704462344,9943.592557261674,10.984537841343144,0.5245475046963495,1.4742325467087831,9019.046339120508,0.3117477462644498,0.09206282306398839
2026-08-21 02:00:00+00:00,9928.119198415732,9938.154051215062,10.984537841343144,0.5245475046963495,1.4742325467087831,9019.046339120508,0.3135456401805164,0.09156546583770758
2026-08-21 03:00:00+00:00,9929.29752010828,9939.332372907611,10.984537841343144,0.5245475046963495,1.4742325467087831,9019.046339120508,0.31360800626679386,0.09167327085771985
2026-08-21 04:00:00+00:00,9926.815285569039,9936.850138368369,10.984537841343144,0.5245475046963495,1.4742325467087831,9019.046339120508,0.31341645806170704,0.09144614061351444
2026-08-21 05:00:00+00:00,9923.36418351188,9933.39903631121,10.984537841343144,0.5245475046963495,1.4742325467087831,9019.046339120508,0.3141238481417218,0.09113016792167482
2026-08-21 06:00:00+00:00,9922.956850754274,9932.991703553604,10.984537841343144,0.5245475046963495,1.4742325467087831,9019.046339120508,0.31485641508525986,0.09109285923832842
2026-08-21 07:00:00+00:00,9924.366692122941,9934.401544922272,10.984537841343144,0.5245475046963495,1.4742325467087831,9019.046339120508,0.3151183929425934,0.09122197728959315
2026-08-21 08:00:00+00:00,9923.12467678837,9933.1595295877,10.984537841343144,0.5245475046963495,1.4742325467087831,9019.046339120508,0.3163590288947653,0.09110823123916115
2026-08-21 09:00:00+00:00,9908.919339258153,9919.2194852578,11.245422877861815,0.5289556684933433,1.4742325467087831,8660.772468673402,0.2778189763291704,0.12596195688461384
2026-08-21 10:00:00+00:00,9904.534180622933,9915.068153013724,11.467526062326574,0.5406788751727072,1.4742325467087831,8290.378391381006,0.2397739895785488,0.16297139873572603
2026-08-21 11:00:00+00:00,9902.88362702501,9913.417599415801,11.467526062326574,0.5406788751727072,1.4742325467087831,8290.378391381006,0.2398256168492815,0.16283188779917296
2026-08-21 12:00:00+00:00,9903.484086081313,9914.018058472104,11.467526062326574,0.5406788751727072,1.4742325467087831,8290.378391381006,0.23956996892698143,0.16288264621613519
2026-08-21 13:00:00+00:00,9902.617918865757,9913.403912241805,11.70530981118995,0.554916111567091,1.4742325467087831,8686.446855737771,0.24618801213164263,0.12281308570040078
2026-08-21 14:00:00+00:00,9864.33541173011,9875.121405106158,11.70530981118995,0.554916111567091,1.4742325467087831,8686.446855737771,0.25049547260885646,0.11940881030785512
2026-08-21 15:00:00+00:00,9857.732063107831,9868.777229525525,11.947640310488799,0.5717586539148093,1.4742325467087831,8282.320359740394,0.2095589913403014,0.15981482284990817
2026-08-21 16:00:00+00:00,9862.197459194102,9873.283226289059,11.947640310488799,0.5717586539148093,1.4336318694457078,8282.279759063133,0.20970743004362846,0.16019935786806624
2026-08-21 17:00:00+00:00,9865.731746725287,9877.651436918006,12.733952177028467,0.6193698851372222,1.4336318694457078,8735.456661148795,0.23256779229739033,0.11456576304658411
2026-08-21 18:00:00+00:00,9865.112027712219,9877.031717904938,12.733952177028467,0.6193698851372222,1.4336318694457078,8735.456661148795,0.232226583571794,0.1145101407252238
2026-08-21 19:00:00+00:00,9864.539824390507,9876.459514583226,12.733952177028467,0.6193698851372222,1.4336318694457078,8735.456661148795,0.23245142184155948,0.1144587769264213
2026-08-21 20:00:00+00:00,9860.502541619928,9872.422231812647,12.733952177028467,0.6193698851372222,1.4336318694457078,8735.456661148795,0.23220735032642878,0.11409620105288316
2026-08-21 21:00:00+00:00,9861.379324909536,9873.461014533146,12.883716987265341,0.6316045057902737,1.4336318694457078,8613.904991581594,0.21993010138889613,0.12650099871697068
2026-08-21 22:00:00+00:00,9856.804351429744,9868.886041053354,12.883716987265341,0.6316045057902737,1.4336318694457078,8613.904991581594,0.22082640912070065,0.12609556967293006
2026-08-21 23:00:00+00:00,9858.120098017354,9870.201787640965,12.883716987265341,0.6316045057902737,1.4336318694457078,8613.904991581594,0.22092894538708835,0.12621220821665524
2026-08-22 00:00:00+00:00,9859.645640708097,9871.667429862122,12.883716987265341,0.6316045057902737,1.4935323390318156,8613.964892051177,0.22076429116907462,0.12634133051534882
2026-08-22 01:00:00+00:00,9858.826856809148,9870.897876692885,12.928861636692508,0.6356905860758468,1.4935323390318156,8538.678665023137,0.21316231292903703,0.13390520098993625
2026-08-22 02:00:00+00:00,9857.907827014342,9869.978846898079,12.928861636692508,0.6356905860758468,1.4935323390318156,8538.678665023137,0.21319519096535208,0.13382445698833026
2026-08-22 03:00:00+00:00,9856.03251361529,9868.103533499027,12.928861636692508,0.6356905860758468,1.4935323390318156,8538.678665023137,0.21372849472330469,0.1336596492323192
2026-08-22 04:00:00+00:00,9854.528034139175,9866.599054022912,12.928861636692508,0.6356905860758468,1.4935323390318156,8538.678665023137,0.21367434072341163,0.13352738604604136
2026-08-22 05:00:00+00:00,9850.102327687016,9862.592015784076,13.311362215025257,0.6718582210647324,1.4935323390318156,8309.85275546893,0.26969125022493673,0.15636889049250777
2026-08-22 06:00:00+00:00,9861.996366646868,9874.486054743928,13.311362215025257,0.6718582210647324,1.4935323390318156,8309.85275546893,0.2678602499240845,0.15738634993085848
2026-08-22 07:00:00+00:00,9861.137546299578,9873.627234396638,13.311362215025257,0.6718582210647324,1.4935323390318156,8309.85275546893,0.26807399770808577,0.15731296552219504
2026-08-22 08:00:00+00:00,9863.4097612931,9875.89944939016,13.311362215025257,0.6718582210647324,1.4935323390318156,8309.85275546893,0.26785383787656314,0.157507093735554
2026-08-22 09:00:00+00:00,9864.558192983759,9877.047881080818,13.311362215025257,0.6718582210647324,1.4935323390318156,8309.85275546893,0.26735125914486524,0.1576051767448262
2026-08-22 10:00:00+00:00,9864.439148418694,9876.928836515754,13.311362215025257,0.6718582210647324,1.4935323390318156,8309.85275546893,0.2670963583120239,0.15759501068025447
2026-08-22 11:00:00+00:00,9865.5069716725,9877.996659769558,13.311362215025257,0.6718582210647324,1.4935323390318156,8309.85275546893,0.2670004941487691,0.15768619095505435
2026-08-22 12:00:00+00:00,9866.8564391807,9879.346127277759,13.311362215025257,0.6718582210647324,1.4935323390318156,8309.85275546893,0.2671019576309756,0.157801392298463
2026-08-22 13:00:00+00:00,9867.342836777549,9879.832524874608,13.311362215025257,0.6718582210647324,1.4935323390318156,8309.85275546893,0.26744835084670654,0.15784290736342352
2026-08-22 14:00:00+00:00,9868.38840760845,9880.87809570551,13.311362215025257,0.6718582210647324,1.4935323390318156,8309.85275546893,0.2674001081755485,0.15793213519422306
2026-08-22 15:00:00+00:00,9868.708730618895,9881.198418715954,13.311362215025257,0.6718582210647324,1.4935323390318156,8309.85275546893,0.2669986899635694,0.15795946741374797
2026-08-22 16:00:00+00:00,9868.625701509782,9881.11538960684,13.311362215025257,0.6718582210647324,1.4935323390318156,8309.85275546893,0.26667482162840755,0.1579523829546376
2026-08-22 17:00:00+00:00,9865.741105737201,9878.23079383426,13.311362215025257,0.6718582210647324,1.4935323390318156,8309.85275546893,0.26717882854396807,0.15770618077170911
2026-08-22 18:00:00+00:00,9868.547179905087,9881.036868002146,13.311362215025257,0.6718582210647324,1.4935323390318156,8309.85275546893,0.26714065325869996,0.1579456829886836
2026-08-22 19:00:00+00:00,9869.517077887387,9882.006765984446,13.311362215025257,0.6718582210647324,1.4935323390318156,8309.85275546893,0.2672103133628571,0.15802843341878184
2026-08-22 20:00:00+00:00,9871.268923380134,9883.758611477193,13.311362215025257,0.6718582210647324,1.4935323390318156,8309.85275546893,0.2675339222638873,0.1581778573789013
2026-08-22 21:00:00+00:00,9871.507007610851,9883.99669570791,13.311362215025257,0.6718582210647324,1.4935323390318156,8309.85275546893,0.26743705928369776,0.1581981607203336
2026-08-22 22:00:00+00:00,9873.663797475758,9886.153485572817,13.311362215025257,0.6718582210647324,1.4935323390318156,8309.85275546893,0.26717061143333326,0.15838204278401924
2026-08-22 23:00:00+00:00,9873.892935940388,9886.382624037447,13.311362215025257,0.6718582210647324,1.4935323390318156,8309.85275546893,0.2672372561287139,0.15840157378843395
2026-08-23 00:00:00+00:00,9874.1904202386,9886.680108335659,13.311362215025257,0.6718582210647324,1.4935323390318156,8309.85275546893,0.26758905812698525,0.15842692901317063
2026-08-23 01:00:00+00:00,9869.547658943296,9882.037347040356,13.311362215025257,0.6718582210647324,1.4935323390318156,8309.85275546893,0.26804521037034135,0.15803104229007378
2026-08-23 02:00:00+00:00,9870.090629382445,9882.580317479504,13.311362215025257,0.6718582210647324,1.4935323390318156,8309.85275546893,0.2679762524464742,0.15807736043160692
2026-08-23 03:00:00+00:00,9872.304028483173,9884.793716580232,13.311362215025257,0.6718582210647324,1.4935323390318156,8309.85275546893,0.26803723041984867,0.15826612192111603
2026-08-23 04:00:00+00:00,9875.616728900222,9888.106416997281,13.311362215025257,0.6718582210647324,1.4935323390318156,8309.85275546893,0.26761704331330116,0.158548475139705
2026-08-23 05:00:00+00:00,9879.315100186133,9891.804788283192,13.311362215025257,0.6718582210647324,1.4935323390318156,8309.85275546893,0.26709592532601634,0.15886347674927723
2026-08-23 06:00:00+00:00,9878.404514688325,9890.894202785385,13.311362215025257,0.6718582210647324,1.4935323390318156,8309.85275546893,0.2670010415995327,0.15878594128101314
2026-08-23 07:00:00+00:00,9878.88655313281,9891.37624122987,13.311362215025257,0.6718582210647324,1.4935323390318156,8309.85275546893,0.26676777992489,0.15882698816561522
2026-08-23 08:00:00+00:00,9879.354394833408,9891.844082930467,13.311362215025257,0.6718582210647324,1.4935323390318156,8309.85275546893,0.26686905896616697,0.15886682232851965
2026-08-23 09:00:00+00:00,9879.515087780763,9892.004775877822,13.311362215025257,0.6718582210647324,1.4935323390318156,8309.85275546893,0.26744491454312075,0.15888050358394937
2026-08-23 10:00:00+00:00,9878.89967860362,9891.38936670068,13.311362215025257,0.6718582210647324,1.4935323390318156,8309.85275546893,0.2676453003489911,0.15882810577913214
2026-08-23 11:00:00+00:00,9877.599041663505,9890.088729760564,13.311362215025257,0.6718582210647324,1.4935323390318156,8309.85275546893,0.26790059448901554,0.1587173441219728
2026-08-23 12:00:00+00:00,9876.746909436,9889.23659753306,13.311362215025257,0.6718582210647324,1.4935323390318156,8309.85275546893,0.2685122930962971,0.1586447611075362
2026-08-23 13:00:00+00:00,9879.281651904583,9891.771340001642,13.311362215025257,0.6718582210647324,1.4935323390318156,8309.85275546893,0.2687236623847313,0.1588606289135496
2026-08-23 14:00:00+00:00,9877.451872425274,9889.941560522333,13.311362215025257,0.6718582210647324,1.4935323390318156,8309.85275546893,0.2688892236389482,0.15870480941877177
2026-08-23 15:00:00+00:00,9878.812838143082,9891.30252624014,13.311362215025257,0.6718582210647324,1.4935323390318156,8309.85275546893,0.26883123919325397,0.15882071139319903
2026-08-23 16:00:00+00:00,9878.232361451775,9890.722049548835,13.311362215025257,0.6718582210647324,1.4935323390318156,8309.85275546893,0.2689717163768354,0.15877128099387455
2026-08-23 17:00:00+00:00,9877.312367268903,9889.802055365963,13.311362215025257,0.6718582210647324,1.4935323390318156,8309.85275546893,0.26916216908135854,0.15869292713614755
2026-08-23 18:00:00+00:00,9879.170793496329,9891.660481593388,13.311362215025257,0.6718582210647324,1.4935323390318156,8309.85275546893,0.26916722756542144,0.1588511901282762
2026-08-23 19:00:00+00:00,9880.583934338552,9893.073622435611,13.311362215025257,0.6718582210647324,1.4935323390318156,8309.85275546893,0.269195325195717,0.15897149291053242
2026-08-23 20:00:00+00:00,9883.69273015725,9896.18241825431,13.311362215025257,0.6718582210647324,1.4935323390318156,8309.85275546893,0.269265427465891,0.15923602823934424
2026-08-23 21:00:00+00:00,9884.548703597582,9897.038391694641,13.311362215025257,0.6718582210647324,1.4935323390318156,8309.85275546893,0.26906647361219355,0.1593088359770563
2026-08-23 22:00:00+00:00,9879.732003051691,9892.22169114875,13.311362215025257,0.6718582210647324,1.4935323390318156,8309.85275546893,0.26924252386973396,0.1588989708524331
2026-08-23 23:00:00+00:00,9874.728025807593,9887.217713904653,13.311362215025257,0.6718582210647324,1.4935323390318156,8309.85275546893,0.2689980351155314,0.15847274641376083
2026-08-24 00:00:00+00:00,9878.92755037842,9891.417238475478,13.311362215025257,0.6718582210647324,1.4935323390318156,8309.85275546893,0.27017858268441064,0.1588304790077527
2026-08-24 01:00:00+00:00,9869.453064809133,9881.942752906192,13.311362215025257,0.6718582210647324,1.4935323390318156,8309.85275546893,0.2689215867655951,0.1580229724077789
2026-08-24 02:00:00+00:00,9872.094320323702,9884.584008420761,13.311362215025257,0.6718582210647324,1.4935323390318156,8309.85275546893,0.2677069129289915,0.15824824137251015
2026-08-24 03:00:00+00:00,9872.025105323573,9884.514793420632,13.311362215025257,0.6718582210647324,1.4935323390318156,8309.85275546893,0.26810941498133845,0.158242339660606
2026-08-24 04:00:00+00:00,9874.924934054505,9887.414622151564,13.311362215025257,0.6718582210647324,1.4935323390318156,8309.85275546893,0.26654858104757606,0.15848952665840454
2026-08-24 05:00:00+00:00,9872.719504249237,9885.209192346296,13.311362215025257,0.6718582210647324,1.4935323390318156,8309.85275546893,0.26689846598313316,0.1583015447879023
2026-08-24 06:00:00+00:00,9870.123662601565,9882.613350698624,13.311362215025257,0.6718582210647324,1.4935323390318156,8309.85275546893,0.2669134475011428,0.15808017816884978
2026-08-24 07:00:00+00:00,9862.711975246437,9875.201663343496,13.311362215025257,0.6718582210647324,1.4935323390318156,8309.85275546893,0.26712164575648345,0.15744748743295894
2026-08-24 08:00:00+00:00,9861.69416776481,9874.18385586187,13.311362215025257,0.6718582210647324,1.4935323390318156,8309.85275546893,0.26702195643673116,0.15736052912373066
2026-08-24 09:00:00+00:00,9870.84338745258,9883.333075549639,13.311362215025257,0.6718582210647324,1.4935323390318156,8309.85275546893,0.26664105579343583,0.15814156609635988
2026-08-24 10:00:00+00:00,9867.478634095882,9879.96832219294,13.311362215025257,0.6718582210647324,1.4935323390318156,8309.85275546893,0.2673577238944996,0.15785449722128247
2026-08-24 11:00:00+00:00,9863.08076340885,9875.57045150591,13.311362215025257,0.6718582210647324,1.4935323390318156,8309.85275546893,0.2672404764735889,0.1574789911182983
2026-08-24 12:00:00+00:00,9857.743074409595,9870.232762506654,13.311362215025257,0.6718582210647324,1.4935323390318156,8309.85275546893,0.2684435766569175,0.15702278982690696
2026-08-24 13:00:00+00:00,9854.31414524368,9867.074467911176,13.576213317786957,0.6776416887399341,1.4935323390318156,8582.456969281651,0.2400716918411563,0.12906602704318162
2026-08-24 14:00:00+00:00,9856.251567432955,9869.011890100452,13.576213317786957,0.6776416887399341,1.4935323390318156,8582.456969281651,0.2383390617560151,0.1292372246625866
2026-08-24 15:00:00+00:00,9846.653383955256,9859.854374236475,14.000955105210238,0.6935675150400051,1.4935323390318156,9289.93520653303,0.16859699467839007,0.056538821436466595
2026-08-24 16:00:00+00:00,9864.390964887207,9877.538697962571,14.000955105210238,0.6935675150400051,1.5467895448849587,9289.988463738882,0.1670957177821974,0.058229900172543786
2026-08-24 17:00:00+00:00,9859.895889799833,9873.250532956743,14.197379037993723,0.7040536638006661,1.5467895448849587,9111.821968944187,0.18839693455253861,0.07587036711305813
2026-08-24 18:00:00+00:00,9858.826371626808,9872.181014783719,14.197379037993723,0.7040536638006661,1.5467895448849587,9111.821968944187,0.18704823519763325,0.07577011446640963
2026-08-24 19:00:00+00:00,9861.808918345623,9875.163561502533,14.197379037993723,0.7040536638006661,1.5467895448849587,9111.821968944187,0.18655334508085483,0.07604963304513615
2026-08-24 20:00:00+00:00,9864.463072943323,9877.817716100233,14.197379037993723,0.7040536638006661,1.5467895448849587,9111.821968944187,0.18637459131907333,0.07629823320678371
2026-08-24 21:00:00+00:00,9865.332788162379,9878.68743131929,14.197379037993723,0.7040536638006661,1.5467895448849587,9111.821968944187,0.1864165192344374,0.07637966558232541
2026-08-24 22:00:00+00:00,9865.400513047432,9878.755156204343,14.197379037993723,0.7040536638006661,1.5467895448849587,9111.821968944187,0.18665026741397184,0.07638600613392278
2026-08-24 23:00:00+00:00,9865.09175533973,9878.44639849664,14.197379037993723,0.7040536638006661,1.5467895448849587,9111.821968944187,0.18635892123344278,0.07635709885696883
2026-08-25 00:00:00+00:00,9864.57935931312,9877.942475052178,14.197379037993723,0.7040536638006661,1.5383169627393194,9111.813496362041,0.18635624880930599,0.07630998094616123
2026-08-25 01:00:00+00:00,9866.919134312488,9880.282542662993,14.19766455528165,0.7040607579618895,1.5383169627393194,9111.337348698211,0.18749485392951218,0.07657727557396511
2026-08-25 02:00:00+00:00,9864.740069891779,9878.103478242285,14.19766455528165,0.7040607579618895,1.5383169627393194,9111.337348698211,0.1875341781350152,0.07637329679806078
2026-08-25 03:00:00+00:00,9861.22692643993,9874.590334790435,14.19766455528165,0.7040607579618895,1.5383169627393194,9111.337348698211,0.1884419725998985,0.07604424716473304
2026-08-25 04:00:00+00:00,9862.750064027898,9876.113472378403,14.19766455528165,0.7040607579618895,1.5383169627393194,9111.337348698211,0.18839945685252266,0.07618693675208205
2026-08-25 05:00:00+00:00,9863.469714171402,9876.833122521908,14.19766455528165,0.7040607579618895,1.5383169627393194,9111.337348698211,0.1883958686824675,0.07625433922026044
2026-08-25 06:00:00+00:00,9861.6401192918,9875.003527642306,14.19766455528165,0.7040607579618895,1.5383169627393194,9111.337348698211,0.18870475685160565,0.0760829599861195
2026-08-25 07:00:00+00:00,9862.015939775742,9875.379348126247,14.19766455528165,0.7040607579618895,1.5383169627393194,9111.337348698211,0.18862830583047455,0.0761181685024331
2026-08-25 08:00:00+00:00,9860.042740133173,9873.406148483678,14.19766455528165,0.7040607579618895,1.5383169627393194,9111.337348698211,0.1875867719776184,0.07593328053107908
2026-08-25 09:00:00+00:00,9862.950645730354,9876.31405408086,14.19766455528165,0.7040607579618895,1.5383169627393194,9111.337348698211,0.18791985431504607,0.07620572423299257
2026-08-25 10:00:00+00:00,9868.850587222874,9882.21399557338,14.19766455528165,0.7040607579618895,1.5383169627393194,9111.337348698211,0.18647784711082507,0.07675800052190569
2026-08-25 11:00:00+00:00,9868.41271668628,9881.776125036786,14.19766455528165,0.7040607579618895,1.5383169627393194,9111.337348698211,0.18658588830615006,0.07671703542637073
2026-08-25 12:00:00+00:00,9871.154831433116,9884.518239783622,14.19766455528165,0.7040607579618895,1.5383169627393194,9111.337348698211,0.18617997587980345,0.0769735148227426
2026-08-25 13:00:00+00:00,9869.01091767034,9882.374326020847,14.19766455528165,0.7040607579618895,1.5383169627393194,9111.337348698211,0.1858910280091774,0.07677299937073989
2026-08-25 14:00:00+00:00,9865.521479586267,9878.884887936772,14.19766455528165,0.7040607579618895,1.5383169627393194,9111.337348698211,0.1859488813110508,0.07644645368707717
2026-08-25 15:00:00+00:00,9847.52466629164,9860.888074642146,14.19766455528165,0.7040607579618895,1.5383169627393194,9111.337348698211,0.18929792321836866,0.0747586162554554
2026-08-25 16:00:00+00:00,9849.421483719685,9862.89217512748,14.19766455528165,0.7040607579618895,1.4310339054500887,9111.230065640922,0.18939282076359423,0.07494769304968159
2026-08-25 17:00:00+00:00,9848.457779168966,9861.92847057676,14.19766455528165,0.7040607579618895,1.4310339054500887,9111.230065640922,0.18972422534388877,0.07485717358583756
2026-08-25 18:00:00+00:00,9844.50053157215,9857.971222979944,14.19766455528165,0.7040607579618895,1.4310339054500887,9111.230065640922,0.19014745900792823,0.07448528887570945
2026-08-25 19:00:00+00:00,9838.054221828308,9851.524913236102,14.19766455528165,0.7040607579618895,1.4310339054500887,9111.230065640922,0.1905270892742473,0.07387885244368088
2026-08-25 20:00:00+00:00,9844.923339061319,9858.394030469113,14.19766455528165,0.7040607579618895,1.4310339054500887,9111.230065640922,0.18982650098203258,0.07452503672723902
2026-08-25 21:00:00+00:00,9844.690197492084,9858.183077113728,14.218662743843058,0.7052507832517317,1.4310339054500887,9076.265880008288,0.1889106870784929,0.07805469771710552
2026-08-25 22:00:00+00:00,9843.811019512867,9857.303899134511,14.218662743843058,0.7052507832517317,1.4310339054500887,9076.265880008288,0.18920305977212343,0.07797235623308035
2026-08-25 23:00:00+00:00,9844.000103005334,9857.492982626978,14.218662743843058,0.7052507832517317,1.4310339054500887,9076.265880008288,0.18953929906005165,0.07799006653430032
2026-08-26 00:00:00+00:00,9842.549799355305,9856.135066941137,14.218662743843058,0.7052507832517317,1.3386459412627427,9076.173492044101,0.18882373044878312,0.0778635945902354
2026-08-26 01:00:00+00:00,9842.196960425,9855.782228010832,14.218662743843058,0.7052507832517317,1.3386459412627427,9076.173492044101,0.18857757121401908,0.07783053635901034
2026-08-26 02:00:00+00:00,9842.185373294928,9855.770640880759,14.218662743843058,0.7052507832517317,1.3386459412627427,9076.173492044101,0.18878067275435478,0.07782945069590615
2026-08-26 03:00:00+00:00,9841.710201503907,9855.295469089739,14.218662743843058,0.7052507832517317,1.3386459412627427,9076.173492044101,0.18964721921640704,0.07778492698787492
2026-08-26 04:00:00+00:00,9843.007013534147,9856.592281119978,14.218662743843058,0.7052507832517317,1.3386459412627427,9076.173492044101,0.1895635394551763,0.07790642843550227
2026-08-26 05:00:00+00:00,9843.745103903986,9857.633012917273,14.513966840220071,0.7125881143284073,1.3386459412627427,8583.704693986036,0.23904812856244229,0.1280041688013867
2026-08-26 06:00:00+00:00,9844.935423697201,9858.823332710488,14.513966840220071,0.7125881143284073,1.3386459412627427,8583.704693986036,0.2393749497963561,0.12810959904067284
2026-08-26 07:00:00+00:00,9843.876057266869,9857.763966280156,14.513966840220071,0.7125881143284073,1.3386459412627427,8583.704693986036,0.23944159738008683,0.12801576898670503
2026-08-26 08:00:00+00:00,9843.40696854734,9857.294877560627,14.513966840220071,0.7125881143284073,1.3386459412627427,8583.704693986036,0.239300199551573,0.12797421447537766
2026-08-26 09:00:00+00:00,9846.607191766496,9860.751428733247,14.747375627602645,0.7355072804107505,1.3386459412627427,8972.485930836277,0.19935826696707543,0.08877385315635802
2026-08-26 10:00:00+00:00,9846.469975995211,9860.614212961962,14.747375627602645,0.7355072804107505,1.3386459412627427,8972.485930836277,0.19906037669063437,0.08876115473764982
2026-08-26 11:00:00+00:00,9845.298543756517,9859.442780723268,14.747375627602645,0.7355072804107505,1.3386459412627427,8972.485930836277,0.1996125954561697,0.08865273196552696
2026-08-26 12:00:00+00:00,9847.125810663016,9861.270047629767,14.747375627602645,0.7355072804107505,1.3386459412627427,8972.485930836277,0.19925195120221015,0.08882184473358
2026-08-26 13:00:00+00:00,9848.958945978004,9863.257879249475,14.89648141565931,0.7410977970750374,1.3386459412627427,8723.827178287114,0.22389085572729842,0.11423864937018097
2026-08-26 14:00:00+00:00,9839.92902287142,9854.227956142891,14.89648141565931,0.7410977970750374,1.3386459412627427,8723.827178287114,0.2249043828454344,0.11342580235996592
2026-08-26 15:00:00+00:00,9848.341635061117,9862.640568332588,14.89648141565931,0.7410977970750374,1.3386459412627427,8723.827178287114,0.2216570551201704,0.11418312833204462
2026-08-26 16:00:00+00:00,9844.795181804526,9859.268320621728,14.89648141565931,0.7410977970750374,1.1644403955320863,8723.652972741384,0.2217452775400917,0.11388172007227465
2026-08-26 17:00:00+00:00,9845.254294610222,9859.727433427424,14.89648141565931,0.7410977970750374,1.1644403955320863,8723.652972741384,0.22121685746245334,0.11392304234161421
2026-08-26 18:00:00+00:00,9844.716390674701,9859.189529491903,14.89648141565931,0.7410977970750374,1.1644403955320863,8723.652972741384,0.22241518172022254,0.11387462811983408
2026-08-26 19:00:00+00:00,9846.408779789475,9860.881918606678,14.89648141565931,0.7410977970750374,1.1644403955320863,8723.652972741384,0.22313777440343388,0.11402693430244706
2026-08-26 20:00:00+00:00,9844.060750669618,9858.53388948682,14.89648141565931,0.7410977970750374,1.1644403955320863,8723.652972741384,0.22267595661418618,0.11381560986933378
2026-08-26 21:00:00+00:00,9845.013230310216,9859.486369127419,14.89648141565931,0.7410977970750374,1.1644403955320863,8723.652972741384,0.22270905472486127,0.11390134592368632
2026-08-26 22:00:00+00:00,9849.232174499642,9863.705313316845,14.89648141565931,0.7410977970750374,1.1644403955320863,8723.652972741384,0.22362434948854862,0.11428090858416992
2026-08-26 23:00:00+00:00,9852.144584724414,9866.617723541616,14.89648141565931,0.7410977970750374,1.1644403955320863,8723.652972741384,0.22390523484133945,0.11454273760179462
2026-08-27 00:00:00+00:00,9851.714024522342,9866.52207063393,14.89648141565931,0.7410977970750374,0.8295331011460415,8723.318065446996,0.22460530398587872,0.11453803432241376
2026-08-27 01:00:00+00:00,9849.224307025626,9864.33387415186,15.181484268022931,0.757615959357547,0.8295331011460415,8673.824708816057,0.20039254028181575,0.11933930648438336
2026-08-27 02:00:00+00:00,9850.977158626003,9866.086725752237,15.181484268022931,0.757615959357547,0.8295331011460415,8673.824708816057,0.20086350173640272,0.11949600845223486
2026-08-27 03:00:00+00:00,9852.025673813885,9867.135240940119,15.181484268022931,0.757615959357547,0.8295331011460415,8673.824708816057,0.2008531864436225,0.11958971728315905
2026-08-27 04:00:00+00:00,9852.493079242786,9867.60264636902,15.181484268022931,0.757615959357547,0.8295331011460415,8673.824708816057,0.20099099683959967,0.1196314842290979
2026-08-27 05:00:00+00:00,9850.571719133426,9866.323702534512,15.787084808247085,0.794431693984641,0.8295331011460415,8466.857978363762,0.2752454227238948,0.1404703991020119
2026-08-27 06:00:00+00:00,9846.778139825328,9862.530123226414,15.787084808247085,0.794431693984641,0.8295331011460415,8466.857978363762,0.2748100432575176,0.14013925589330328
2026-08-27 07:00:00+00:00,9848.28269429568,9864.034677696765,15.787084808247085,0.794431693984641,0.8295331011460415,8466.857978363762,0.2747178924610119,0.1402706196413377
2026-08-27 08:00:00+00:00,9851.274200714372,9867.026184115457,15.787084808247085,0.794431693984641,0.8295331011460415,8466.857978363762,0.2752602326016587,0.14053169104258809
2026-08-27 09:00:00+00:00,9859.904376000899,9876.295105429414,16.39660261098509,0.8236599186762172,0.8295331011460415,8232.752127742155,0.30977338676649857,0.1650271834501001
2026-08-27 10:00:00+00:00,9854.268379231455,9870.65910865997,16.39660261098509,0.8236599186762172,0.8295331011460415,8232.752127742155,0.3095098313369399,0.1645496336294998
2026-08-27 11:00:00+00:00,9853.723641256565,9870.11437068508,16.39660261098509,0.8236599186762172,0.8295331011460415,8232.752127742155,0.3090969172193192,0.16450344788720908
2026-08-27 12:00:00+00:00,9848.976409976865,9865.36713940538,16.39660261098509,0.8236599186762172,0.8295331011460415,8232.752127742155,0.30863279886194106,0.16410073645800388
2026-08-27 13:00:00+00:00,9849.156751686913,9865.547481115427,16.39660261098509,0.8236599186762172,0.8295331011460415,8232.752127742155,0.3084560424647136,0.16411604208328887
2026-08-27 14:00:00+00:00,9839.707796990331,9856.098526418846,16.39660261098509,0.8236599186762172,0.8295331011460415,8232.752127742155,0.3103928372717356,0.16331335263224955
2026-08-27 15:00:00+00:00,9854.962858990251,9871.353588418766,16.39660261098509,0.8236599186762172,0.8295331011460415,8232.752127742155,0.3104984947892946,0.16460850786141973
2026-08-27 16:00:00+00:00,9851.612130710917,9868.306032160217,16.39660261098509,0.8236599186762172,0.5263610803620795,8232.44895572137,0.3105832572971081,0.16435514852864033
2026-08-27 17:00:00+00:00,9869.056115642346,9886.457214083977,17.056610282942092,0.8708492390510765,0.5263610803620795,8358.112836166592,0.3214638255839663,0.15309906659471978
2026-08-27 18:00:00+00:00,9865.916034757825,9883.317133199456,17.056610282942092,0.8708492390510765,0.5263610803620795,8358.112836166592,0.3203211118791861,0.15282951864573055
2026-08-27 19:00:00+00:00,9855.384680171795,9872.785778613426,17.056610282942092,0.8708492390510765,0.5263610803620795,8358.112836166592,0.31964928815366367,0.15192424168054938
2026-08-27 20:00:00+00:00,9861.76034640059,9879.16144484222,17.056610282942092,0.8708492390510765,0.5263610803620795,8358.112836166592,0.32033701771829515,0.1524725259403417
2026-08-27 21:00:00+00:00,9857.744183767109,9875.14528220874,17.056610282942092,0.8708492390510765,0.5263610803620795,8358.112836166592,0.3199009193281254,0.15212723313209744
2026-08-27 22:00:00+00:00,9855.898359084027,9873.299457525658,17.056610282942092,0.8708492390510765,0.5263610803620795,8358.112836166592,0.3197262865384561,0.1519684424846923
2026-08-27 23:00:00+00:00,9855.062804882813,9872.463903324444,17.056610282942092,0.8708492390510765,0.5263610803620795,8358.112836166592,0.320154893951983,0.15189654275714382
2026-08-28 00:00:00+00:00,9854.7947243228,9872.425045773294,17.056610282942092,0.8708492390510765,0.29713807149866184,8357.88361315773,0.3200285981281211,0.15189673179802698
2026-08-28 01:00:00+00:00,9854.337925913613,9872.320982814508,17.380173935241082,0.900021037155021,0.29713807149866184,8127.999319737161,0.34377365574047253,0.1751856511472738
2026-08-28 02:00:00+00:00,9858.389655963265,9876.37271286416,17.380173935241082,0.900021037155021,0.29713807149866184,8127.999319737161,0.343875417953698,0.1755246441470696
2026-08-28 03:00:00+00:00,9858.543421233535,9876.52647813443,17.380173935241082,0.900021037155021,0.29713807149866184,8127.999319737161,0.34350140143372804,0.17553750362037165
2026-08-28 04:00:00+00:00,9859.612021498919,9877.595078399814,17.380173935241082,0.900021037155021,0.29713807149866184,8127.999319737161,0.34350509573986127,0.17562686016305398
2026-08-28 05:00:00+00:00,9860.374814372079,9878.357871272974,17.380173935241082,0.900021037155021,0.29713807149866184,8127.999319737161,0.34352946016815866,0.17569063319072592
2026-08-28 06:00:00+00:00,9858.479473262636,9876.462530163531,17.380173935241082,0.900021037155021,0.29713807149866184,8127.999319737161,0.34325609644510824,0.1755321556654596
2026-08-28 07:00:00+00:00,9862.2932569775,9880.276313878396,17.380173935241082,0.900021037155021,0.29713807149866184,8127.999319737161,0.3439744609876734,0.17585098029946925
2026-08-28 08:00:00+00:00,9858.768426194118,9876.751483095013,17.380173935241082,0.900021037155021,0.29713807149866184,8127.999319737161,0.34343758136384195,0.17555632018482273
2026-08-28 09:00:00+00:00,9859.3220788764,9877.305135777295,17.380173935241082,0.900021037155021,0.29713807149866184,8127.999319737161,0.3431664619232775,0.17560261702461238
2026-08-28 10:00:00+00:00,9862.931196786662,9880.914253687557,17.380173935241082,0.900021037155021,0.29713807149866184,8127.999319737161,0.3428648705299116,0.17590428671090605
2026-08-28 11:00:00+00:00,9864.273957728912,9882.257014629808,17.380173935241082,0.900021037155021,0.29713807149866184,8127.999319737161,0.343364530484619,0.17601646562455164
2026-08-28 12:00:00+00:00,9866.625569023208,9884.608625924104,17.380173935241082,0.900021037155021,0.29713807149866184,8127.999319737161,0.3433279456082823,0.17621285383977223
2026-08-28 13:00:00+00:00,9872.153382453578,9890.136439354474,17.380173935241082,0.900021037155021,0.29713807149866184,8127.999319737161,0.34372039468465376,0.17667412520316134
2026-08-28 14:00:00+00:00,9861.957823270674,9879.940880171569,17.380173935241082,0.900021037155021,0.29713807149866184,8127.999319737161,0.344075078429192,0.17582294860783051
2026-08-28 15:00:00+00:00,9887.921563996455,9905.90462089735,17.380173935241082,0.900021037155021,0.29713807149866184,8127.999319737161,0.346218665632353,0.17798707573363637
2026-08-28 16:00:00+00:00,9882.303712860785,9900.26730417726,17.380173935241082,0.900021037155021,0.3166036559190848,8128.018785321582,0.34198861901230354,0.1775178114852091
2026-08-28 17:00:00+00:00,9877.161663563402,9895.125254879877,17.380173935241082,0.900021037155021,0.3166036559190848,8128.018785321582,0.3406996285877213,0.17708962734652436
2026-08-28 18:00:00+00:00,9876.701259930593,9894.664851247067,17.380173935241082,0.900021037155021,0.3166036559190848,8128.018785321582,0.3405507311484195,0.17705126727922305
2026-08-28 19:00:00+00:00,9869.204467578156,9887.168058894631,17.380173935241082,0.900021037155021,0.3166036559190848,8128.018785321582,0.33973703111631426,0.17642614336106166
2026-08-28 20:00:00+00:00,9864.373606636633,9882.337197953108,17.380173935241082,0.900021037155021,0.3166036559190848,8128.018785321582,0.34078395726932914,0.17602281610125275
2026-08-28 21:00:00+00:00,9866.1520458451,9884.115637161574,17.380173935241082,0.900021037155021,0.3166036559190848,8128.018785321582,0.3406947170936195,0.17617134344240024
2026-08-28 22:00:00+00:00,9865.407254649723,9883.370845966198,17.380173935241082,0.900021037155021,0.3166036559190848,8128.018785321582,0.34054574705886703,0.17610914830802163
2026-08-28 23:00:00+00:00,9865.859133809194,9883.822725125669,17.380173935241082,0.900021037155021,0.3166036559190848,8128.018785321582,0.3406687949581526,0.17614688441397144
2026-08-29 00:00:00+00:00,9865.248811041974,9883.348855956574,17.380173935241082,0.900021037155021,0.180150057793998,8127.882331723457,0.34076288885936,0.17610974772110338
2026-08-29 01:00:00+00:00,9864.618369493288,9882.718414407887,17.380173935241082,0.900021037155021,0.180150057793998,8127.882331723457,0.34065635972178726,0.17605709341384693
2026-08-29 02:00:00+00:00,9865.312463267148,9883.412508181747,17.380173935241082,0.900021037155021,0.180150057793998,8127.882331723457,0.3407017183734144,0.17611506356366305
2026-08-29 03:00:00+00:00,9867.38312070726,9885.48316562186,17.380173935241082,0.900021037155021,0.180150057793998,8127.882331723457,0.34073410386111136,0.17628795473982992
2026-08-29 04:00:00+00:00,9868.95148679938,9887.05153171398,17.380173935241082,0.900021037155021,0.180150057793998,8127.882331723457,0.34076785467156745,0.17641885841720475
2026-08-29 05:00:00+00:00,9869.623198599525,9887.723243514125,17.380173935241082,0.900021037155021,0.180150057793998,8127.882331723457,0.34087230486729714,0.1764749101184752
2026-08-29 06:00:00+00:00,9870.713365205123,9888.813410119723,17.380173935241082,0.900021037155021,0.180150057793998,8127.882331723457,0.34102522509986066,0.17656586398560148
2026-08-29 07:00:00+00:00,9872.226432194453,9890.326477109053,17.380173935241082,0.900021037155021,0.180150057793998,8127.882331723457,0.34093088098824287,0.17669206763557319
2026-08-29 08:00:00+00:00,9873.03485265253,9891.13489756713,17.380173935241082,0.900021037155021,0.180150057793998,8127.882331723457,0.34115445907616854,0.1767594814536903
2026-08-29 09:00:00+00:00,9871.915192623286,9890.015237537886,17.380173935241082,0.900021037155021,0.180150057793998,8127.882331723457,0.3410223127816522,0.17666611056414297
2026-08-29 10:00:00+00:00,9872.405049208195,9890.505094122795,17.380173935241082,0.900021037155021,0.180150057793998,8127.882331723457,0.3411585970407184,0.17670696337815417
2026-08-29 11:00:00+00:00,9871.257931516418,9889.357976431018,17.380173935241082,0.900021037155021,0.180150057793998,8127.882331723457,0.3410965018488393,0.1766112902618831
2026-08-29 12:00:00+00:00,9871.352807220432,9889.452852135031,17.380173935241082,0.900021037155021,0.180150057793998,8127.882331723457,0.34108175648731326,0.17661920402862194
2026-08-29 13:00:00+00:00,9870.890373438537,9888.990418353136,17.380173935241082,0.900021037155021,0.180150057793998,8127.882331723457,0.34101909061917013,0.17658063009243014
2026-08-29 14:00:00+00:00,9868.496019556545,9886.596064471145,17.380173935241082,0.900021037155021,0.180150057793998,8127.882331723457,0.3409856588617644,0.17638084713047344
2026-08-29 15:00:00+00:00,9868.078538734235,9886.178583648834,17.380173935241082,0.900021037155021,0.180150057793998,8127.882331723457,0.3412302555378966,0.1763460029407093
2026-08-29 16:00:00+00:00,9867.240446123631,9885.34049103823,17.380173935241082,0.900021037155021,0.180150057793998,8127.882331723457,0.3410032549832244,0.1762760443405922
2026-08-29 17:00:00+00:00,9868.350869710815,9886.450914625415,17.380173935241082,0.900021037155021,0.180150057793998,8127.882331723457,0.34122976739336386,0.1763687328274295
2026-08-29 18:00:00+00:00,9867.643517420589,9885.743562335188,17.380173935241082,0.900021037155021,0.180150057793998,8127.882331723457,0.3412103698838248,0.1763096916326287
2026-08-29 19:00:00+00:00,9867.68084415911,9885.780889073709,17.380173935241082,0.900021037155021,0.180150057793998,8127.882331723457,0.34128885036626827,0.17631280742784422
2026-08-29 20:00:00+00:00,9867.344299738423,9885.444344653022,17.380173935241082,0.900021037155021,0.180150057793998,8127.882331723457,0.34123444949562926,0.17628471401986825
2026-08-29 21:00:00+00:00,9867.56693003224,9885.66697494684,17.380173935241082,0.900021037155021,0.180150057793998,8127.882331723457,0.34121375336996806,0.1763032985379607
2026-08-29 22:00:00+00:00,9867.378748647221,9885.47879356182,17.380173935241082,0.900021037155021,0.180150057793998,8127.882331723457,0.34125006569814464,0.17628758976767164
2026-08-29 23:00:00+00:00,9866.572585672688,9884.672630587287,17.380173935241082,0.900021037155021,0.180150057793998,8127.882331723457,0.3412874246585687,0.17622028712118257
2026-08-30 00:00:00+00:00,9865.550798932245,9883.650843846845,17.380173935241082,0.900021037155021,0.180150057793998,8127.882331723457,0.3414925781500018,0.1761349672840219
2026-08-30 01:00:00+00:00,9865.615532067997,9883.715576982597,17.380173935241082,0.900021037155021,0.180150057793998,8127.882331723457,0.34162795801133683,0.1761403730660364
2026-08-30 02:00:00+00:00,9867.303714841903,9885.403759756502,17.380173935241082,0.900021037155021,0.180150057793998,8127.882331723457,0.3416003153650201,0.1762813260224366
2026-08-30 03:00:00+00:00,9867.372637345476,9885.472682260075,17.380173935241082,0.900021037155021,0.180150057793998,8127.882331723457,0.3416345349732566,0.17628707960602333
2026-08-30 04:00:00+00:00,9867.099338376727,9885.199383291327,17.380173935241082,0.900021037155021,0.180150057793998,8127.882331723457,0.3415692535245329,0.17626426440127396
2026-08-30 05:00:00+00:00,9868.630363021848,9886.730407936448,17.380173935241082,0.900021037155021,0.180150057793998,8127.882331723457,0.34145904998905613,0.17639205920824053
2026-08-30 06:00:00+00:00,9868.677873855688,9886.777918770287,17.380173935241082,0.900021037155021,0.180150057793998,8127.882331723457,0.3416268591370501,0.17639602430878648
2026-08-30 07:00:00+00:00,9867.741939934542,9885.841984849141,17.380173935241082,0.900021037155021,0.180150057793998,8127.882331723457,0.3418063165045844,0.17631790725798255
2026-08-30 08:00:00+00:00,9868.416302070334,9886.516346984934,17.380173935241082,0.900021037155021,0.180150057793998,8127.882331723457,0.34166341694269325,0.17637419389995984
2026-08-30 09:00:00+00:00,9868.234809630983,9886.334854545583,17.380173935241082,0.900021037155021,0.180150057793998,8127.882331723457,0.34165045655021925,0.17635904611927306
2026-08-30 10:00:00+00:00,9868.69908692754,9886.79913184214,17.380173935241082,0.900021037155021,0.180150057793998,8127.882331723457,0.3416276515672111,0.17639779467083316
2026-08-30 11:00:00+00:00,9868.906688853303,9887.006733767903,17.380173935241082,0.900021037155021,0.180150057793998,8127.882331723457,0.34179676543185067,0.17641511993383135
2026-08-30 12:00:00+00:00,9869.779482656833,9887.879527571433,17.380173935241082,0.900021037155021,0.180150057793998,8127.882331723457,0.3417999394822184,0.17648795031279435
2026-08-30 13:00:00+00:00,9867.502033993413,9885.602078908012,17.380173935241082,0.900021037155021,0.180150057793998,8127.882331723457,0.3421433493112972,0.17629788129528523
2026-08-30 14:00:00+00:00,9865.858364238222,9883.958409152821,17.380173935241082,0.900021037155021,0.180150057793998,8127.882331723457,0.34227783382800303,0.17616065104021578
2026-08-30 15:00:00+00:00,9867.671631968382,9885.771676882981,17.380173935241082,0.900021037155021,0.180150057793998,8127.882331723457,0.3425048008960087,0.176312038455811
2026-08-30 16:00:00+00:00,9867.588927856174,9885.688972770773,17.380173935241082,0.900021037155021,0.180150057793998,8127.882331723457,0.3426012885926709,0.17630513480567978
2026-08-30 17:00:00+00:00,9866.907466374669,9885.071850348024,17.443723879147697,0.9008101520033887,0.180150057793998,8021.90220860186,0.33223833877787723,0.18698921258361678
2026-08-30 18:00:00+00:00,9866.32216669616,9884.486550669515,17.443723879147697,0.9008101520033887,0.180150057793998,8021.90220860186,0.33210278491796047,0.1869409823571495
2026-08-30 19:00:00+00:00,9866.647139059905,9884.81152303326,17.443723879147697,0.9008101520033887,0.180150057793998,8021.90220860186,0.3320499779693807,0.1869677616375984
2026-08-30 20:00:00+00:00,9868.098001098148,9886.262385071503,17.443723879147697,0.9008101520033887,0.180150057793998,8021.90220860186,0.33192005642865363,0.18708729810859565
2026-08-30 21:00:00+00:00,9867.9104731419,9886.957207571353,18.276665240376126,0.9502192468728169,0.180150057793998,8227.180635964982,0.25819838409203594,0.16626922605779534
2026-08-30 22:00:00+00:00,9865.602635848409,9884.649370277863,18.276665240376126,0.9502192468728169,0.180150057793998,8227.180635964982,0.2579300438412877,0.1660741933726311
2026-08-30 23:00:00+00:00,9861.860147618667,9880.90688204812,18.276665240376126,0.9502192468728169,0.180150057793998,8227.180635964982,0.25729442607547504,0.16575772594467483
2026-08-31 00:00:00+00:00,9858.343200256251,9877.40227594589,18.276665240376126,0.9502192468728169,0.16780879761046558,8227.168294704798,0.25583808736141533,0.16546136327542899
2026-08-31 01:00:00+00:00,9865.147723529926,9884.250686399404,18.31867426982952,0.9520973972591609,0.16780879761046558,8157.11123658636,0.24908362376619841,0.1731384602452157
2026-08-31 02:00:00+00:00,9864.430956930406,9883.533919799884,18.31867426982952,0.9520973972591609,0.16780879761046558,8157.11123658636,0.2485740551410099,0.17307837905688242
2026-08-31 03:00:00+00:00,9865.61040396546,9884.713366834938,18.31867426982952,0.9520973972591609,0.16780879761046558,8157.11123658636,0.24856432662725758,0.1731772386523973
2026-08-31 04:00:00+00:00,9866.376580020962,9885.47954289044,18.31867426982952,0.9520973972591609,0.16780879761046558,8157.11123658636,0.2488498463142843,0.1732414457903217
2026-08-31 05:00:00+00:00,9866.887248543262,9887.720548104107,19.9627237644115,1.0383845940451584,0.16780879761046558,8784.144859915985,0.2188124780986337,0.10973495098843183
2026-08-31 06:00:00+00:00,9867.684673443344,9888.51797300419,19.9627237644115,1.0383845940451584,0.16780879761046558,8784.144859915985,0.21979399402502423,0.10980689486799902
2026-08-31 07:00:00+00:00,9868.277970361532,9889.111269922378,19.9627237644115,1.0383845940451584,0.16780879761046558,8784.144859915985,0.22008451973288365,0.10986041472500485
2026-08-31 08:00:00+00:00,9865.648565032683,9886.481864593528,19.9627237644115,1.0383845940451584,0.16780879761046558,8784.144859915985,0.22000281140302758,0.10962317357927452
2026-08-31 09:00:00+00:00,9863.465911950612,9884.447042848622,20.10413920071067,1.0448004949099396,0.16780879761046558,9019.695838311634,0.19602832574342618,0.0855449880570544
2026-08-31 10:00:00+00:00,9864.383788172889,9885.364919070898,20.10413920071067,1.0448004949099396,0.16780879761046558,9019.695838311634,0.1964381841949273,0.08563007766121292
2026-08-31 11:00:00+00:00,9862.101279704719,9883.082410602728,20.10413920071067,1.0448004949099396,0.16780879761046558,9019.695838311634,0.1965930851508472,0.0854184536845789
2026-08-31 12:00:00+00:00,9860.658836785035,9881.639967683044,20.10413920071067,1.0448004949099396,0.16780879761046558,9019.695838311634,0.19597015017280406,0.08528466630811742
2026-08-31 13:00:00+00:00,9861.252229589916,9882.233360487926,20.10413920071067,1.0448004949099396,0.16780879761046558,9019.695838311634,0.19517835645035853,0.08533970855679834
2026-08-31 14:00:00+00:00,9853.650256785406,9874.631387683416,20.10413920071067,1.0448004949099396,0.16780879761046558,9019.695838311634,0.1933138597711422,0.08463405912945766
2026-08-31 15:00:00+00:00,9840.891737362284,9861.872868260294,20.10413920071067,1.0448004949099396,0.16780879761046558,9019.695838311634,0.19445765158092498,0.08344730548481372
2026-08-31 16:00:00+00:00,9839.748712858058,9860.943311872757,20.10413920071067,1.0448004949099396,-0.045659319079001635,9019.482370194946,0.19516699419511035,0.08336252953200222
2026-08-31 17:00:00+00:00,9834.846120527842,9856.239126707313,20.28975614427787,1.0575907161129239,-0.045659319079001635,8994.239570473508,0.198639471730119,0.08547226258067951
2026-08-31 18:00:00+00:00,9835.067291901074,9856.460298080545,20.28975614427787,1.0575907161129239,-0.045659319079001635,8994.239570473508,0.19905690693548062,0.08549282851577086
2026-08-31 19:00:00+00:00,9825.66780243818,9847.06080861765,20.28975614427787,1.0575907161129239,-0.045659319079001635,8994.239570473508,0.1993421959134209,0.08461798716198786
2026-08-31 20:00:00+00:00,9829.981475118515,9851.374481297986,20.28975614427787,1.0575907161129239,-0.045659319079001635,8994.239570473508,0.20002323479676148,0.08501968256607842
2026-08-31 21:00:00+00:00,9830.755090313341,9852.183482483277,20.32251342970529,1.060219421152392,-0.045659319079001635,8990.321824421588,0.19452763649574412,0.0854902047880197
2026-08-31 22:00:00+00:00,9832.21800148685,9853.646393656785,20.32251342970529,1.060219421152392,-0.045659319079001635,8990.321824421588,0.19459286890914423,0.08562627241767297
2026-08-31 23:00:00+00:00,9832.011798621434,9853.440190791369,20.32251342970529,1.060219421152392,-0.045659319079001635,8990.321824421588,0.19438258333312805,0.08560709562186057
2026-09-01 00:00:00+00:00,9828.910131621382,9850.430604361834,20.32251342970529,1.060219421152392,-0.13773988959661873,8990.22974385107,0.1942978624211524,0.0853279129160135
2026-09-01 01:00:00+00:00,9826.461250151659,9847.999261713336,20.338596553805758,1.0616751182759987,-0.13773988959661873,8963.408453892855,0.19167138522837757,0.08782946111403875
2026-09-01 02:00:00+00:00,9826.309994495978,9847.848006057655,20.338596553805758,1.0616751182759987,-0.13773988959661873,8963.408453892855,0.19158483211676097,0.0878154201410764
2026-09-01 03:00:00+00:00,9826.315137540614,9847.853149102291,20.338596553805758,1.0616751182759987,-0.13773988959661873,8963.408453892855,0.19160631799101646,0.08781589757396406
2026-09-01 04:00:00+00:00,9826.99196183416,9848.529973395836,20.338596553805758,1.0616751182759987,-0.13773988959661873,8963.408453892855,0.19184787262578284,0.08787872334639843
2026-09-01 05:00:00+00:00,9820.805119401843,9843.46280228092,21.417000778061233,1.1029422114180802,-0.13773988959661873,7921.088055940405,0.3718145593708728,0.19343801657446433
2026-09-01 06:00:00+00:00,9817.65645662804,9840.314139507116,21.417000778061233,1.1029422114180802,-0.13773988959661873,7921.088055940405,0.3734117395470224,0.19317934061618486
2026-09-01 07:00:00+00:00,9816.523750841969,9839.181433721045,21.417000778061233,1.1029422114180802,-0.13773988959661873,7921.088055940405,0.3728825830329382,0.19308624346159106
2026-09-01 08:00:00+00:00,9812.966719683254,9835.624402562331,21.417000778061233,1.1029422114180802,-0.13773988959661873,7921.088055940405,0.37222037556702897,0.19279375114439554
2026-09-01 09:00:00+00:00,9806.425693296484,9829.38725984214,21.71342697280862,1.1103996832518939,-0.13773988959661873,7426.74797183335,0.41876544763619744,0.24266514588387114
2026-09-01 10:00:00+00:00,9801.627933960146,9824.589500505803,21.71342697280862,1.1103996832518939,-0.13773988959661873,7426.74797183335,0.41890647186579766,0.2422944410997731
2026-09-01 11:00:00+00:00,9802.590673326795,9825.552239872452,21.71342697280862,1.1103996832518939,-0.13773988959661873,7426.74797183335,0.41905161666575974,0.24236885744481798
2026-09-01 12:00:00+00:00,9798.805186103684,9821.76675264934,21.71342697280862,1.1103996832518939,-0.13773988959661873,7426.74797183335,0.4178071533228865,0.24207616839186677
2026-09-01 13:00:00+00:00,9793.1194393527,9816.416176039327,22.01862839588116,1.140368401149827,-0.13773988959661873,7935.111808864511,0.36511590932247207,0.18972582148053518
2026-09-01 14:00:00+00:00,9825.99242530155,9849.289161988178,22.01862839588116,1.140368401149827,-0.13773988959661873,7935.111808864511,0.3638246988242229,0.19243660432386409
2026-09-01 15:00:00+00:00,9836.278148472387,9859.574885159014,22.01862839588116,1.140368401149827,-0.13773988959661873,7935.111808864511,0.3665803222965001,0.19328106738249715
2026-09-01 16:00:00+00:00,9850.74290145434,9874.057567554475,22.01862839588116,1.140368401149827,-0.15566930310598323,7935.093879451001,0.36742792320266,0.19446746719179084
2026-09-01 17:00:00+00:00,9848.948267879661,9873.674708248627,23.338809977243546,1.2319610886165246,-0.15566930310598323,7920.072379967278,0.475231808677179,0.19584587465069936
2026-09-01 18:00:00+00:00,9849.10597518989,9873.832415558856,23.338809977243546,1.2319610886165246,-0.15566930310598323,7920.072379967278,0.47344945168893876,0.195858751046226
2026-09-01 19:00:00+00:00,9836.988189591526,9861.714629960492,23.338809977243546,1.2319610886165246,-0.15566930310598323,7920.072379967278,0.4723113164531594,0.19486816215277444
2026-09-01 20:00:00+00:00,9834.651623611291,9859.378063980257,23.338809977243546,1.2319610886165246,-0.15566930310598323,7920.072379967278,0.4733809499578055,0.19467687488262847
2026-09-01 21:00:00+00:00,9840.568539533402,9865.378923294598,23.41737872211985,1.2373357359702863,-0.15566930310598323,7789.045903095231,0.4597816206204277,0.20847602739581605
2026-09-01 22:00:00+00:00,9843.763943850381,9868.574327611577,23.41737872211985,1.2373357359702863,-0.15566930310598323,7789.045903095231,0.4596213922755771,0.20873296560903196
2026-09-01 23:00:00+00:00,9848.700050319781,9873.510434080978,23.41737872211985,1.2373357359702863,-0.15566930310598323,7789.045903095231,0.458999625402055,0.20912954366578307
2026-09-02 00:00:00+00:00,9844.138680468848,9868.888633711242,23.41737872211985,1.2373357359702863,-0.09523878430322504,7789.106333614033,0.4597995123398815,0.20875694802350545
2026-09-02 01:00:00+00:00,9845.456357451334,9870.206310693728,23.41737872211985,1.2373357359702863,-0.09523878430322504,7789.106333614033,0.4590262873617098,0.20886284486762208
2026-09-02 02:00:00+00:00,9844.099029547988,9868.848982790381,23.41737872211985,1.2373357359702863,-0.09523878430322504,7789.106333614033,0.4577992656763432,0.20875376098571344
2026-09-02 03:00:00+00:00,9840.769751798496,9865.51970504089,23.41737872211985,1.2373357359702863,-0.09523878430322504,7789.106333614033,0.4592599157791507,0.20848607069680705
2026-09-02 04:00:00+00:00,9837.169124671625,9861.919077914019,23.41737872211985,1.2373357359702863,-0.09523878430322504,7789.106333614033,0.4596363459073582,0.20819635863747118
2026-09-02 05:00:00+00:00,9833.579848070134,9859.092364792697,24.132112606847063,1.2851653314135856,-0.09523878430322504,7797.2998305729025,0.3593656814481204,0.2070741326107051
2026-09-02 06:00:00+00:00,9832.847124371776,9858.35964109434,24.132112606847063,1.2851653314135856,-0.09523878430322504,7797.2998305729025,0.3600140581810663,0.20701504539346988
2026-09-02 07:00:00+00:00,9835.783346574446,9861.29586329701,24.132112606847063,1.2851653314135856,-0.09523878430322504,7797.2998305729025,0.35976068452694887,0.20725177082224927
2026-09-02 08:00:00+00:00,9836.506668487093,9862.019185209656,24.132112606847063,1.2851653314135856,-0.09523878430322504,7797.2998305729025,0.3596383896520077,0.2073100651115434
2026-09-02 09:00:00+00:00,9837.911695306328,9863.983797632549,24.660559387157623,1.3163041547608485,-0.09523878430322504,7802.581256589899,0.4256936200868857,0.20688643095744466
2026-09-02 10:00:00+00:00,9840.177799450046,9866.249901776268,24.660559387157623,1.3163041547608485,-0.09523878430322504,7802.581256589899,0.4249778211488734,0.2070690778548763
2026-09-02 11:00:00+00:00,9838.98352426782,9865.055626594041,24.660559387157623,1.3163041547608485,-0.09523878430322504,7802.581256589899,0.42425736947419473,0.20697283033914446
2026-09-02 12:00:00+00:00,9845.486606281936,9871.558708608158,24.660559387157623,1.3163041547608485,-0.09523878430322504,7802.581256589899,0.42628609827070424,0.20749663590914413
2026-09-02 13:00:00+00:00,9844.076115831767,9870.174559950066,24.68558049737644,1.3176248366193695,-0.09523878430322504,7760.854385114985,0.4218912119663486,0.21162186336272162
2026-09-02 14:00:00+00:00,9882.488011238482,9908.58645535678,24.68558049737644,1.3176248366193695,-0.09523878430322504,7760.854385114985,0.42523633548925954,0.2146861826405201
2026-09-02 15:00:00+00:00,9903.116888571623,9929.215332689922,24.68558049737644,1.3176248366193695,-0.09523878430322504,7760.854385114985,0.427157976571095,0.21632204563079005
2026-09-02 16:00:00+00:00,9912.86459460752,9938.990275371758,24.68558049737644,1.3176248366193695,-0.1224754302425022,7760.827148469048,0.4265344800083292,0.21709541430729876
2026-09-02 17:00:00+00:00,9912.982427538805,9939.108108303044,24.68558049737644,1.3176248366193695,-0.1224754302425022,7760.827148469048,0.425635777079861,0.2171047204815933
2026-09-02 18:00:00+00:00,9901.756985923359,9927.882666687598,24.68558049737644,1.3176248366193695,-0.1224754302425022,7760.827148469048,0.4267047502860523,0.21621716635723578
2026-09-02 19:00:00+00:00,9896.740326668933,9922.866007433171,24.68558049737644,1.3176248366193695,-0.1224754302425022,7760.827148469048,0.4268438966035552,0.2158198667135076
2026-09-02 20:00:00+00:00,9905.985497699628,9932.111178463867,24.68558049737644,1.3176248366193695,-0.1224754302425022,7760.827148469048,0.42641666461259836,0.2165517352845641
2026-09-02 21:00:00+00:00,9914.906413086843,9941.032093851081,24.68558049737644,1.3176248366193695,-0.1224754302425022,7760.827148469048,0.42727791850685937,0.21725664114939003
2026-09-02 22:00:00+00:00,9923.539468793102,9949.66514955734,24.68558049737644,1.3176248366193695,-0.1224754302425022,7760.827148469048,0.4278213840168662,0.21793759445661604
2026-09-02 23:00:00+00:00,9927.802881746007,9953.928562510246,24.68558049737644,1.3176248366193695,-0.1224754302425022,7760.827148469048,0.4275408458968142,0.21827344469754936
2026-09-03 00:00:00+00:00,9927.148534844699,9953.365637623137,24.68558049737644,1.3176248366193695,-0.21389744444253841,7760.735726454847,0.42812626625637124,0.21823112657029908
2026-09-03 01:00:00+00:00,9922.831360002241,9949.530240293512,25.141159817137762,1.3438230296904452,-0.21389744444253841,7873.789666981183,0.45762532230500397,0.20649768384460335
2026-09-03 02:00:00+00:00,9922.581870456585,9949.280750747856,25.141159817137762,1.3438230296904452,-0.21389744444253841,7873.789666981183,0.45836779514740444,0.20647773233047934
2026-09-03 03:00:00+00:00,9925.133491939769,9951.83237223104,25.141159817137762,1.3438230296904452,-0.21389744444253841,7873.789666981183,0.4596553857942592,0.20668173648490357
2026-09-03 04:00:00+00:00,9931.824566475667,9958.523446766938,25.141159817137762,1.3438230296904452,-0.21389744444253841,7873.789666981183,0.46017731959634606,0.2072161953445361
2026-09-03 05:00:00+00:00,9932.328757583651,9959.271948348365,25.372162249539155,1.3571310707325672,-0.21389744444253841,8020.775256411233,0.42652624522530036,0.1924577355248019
2026-09-03 06:00:00+00:00,9927.058182547695,9954.001373312409,25.372162249539155,1.3571310707325672,-0.21389744444253841,8020.775256411233,0.42628505268675737,0.1920289869447738
2026-09-03 07:00:00+00:00,9925.372650817975,9952.31584158269,25.372162249539155,1.3571310707325672,-0.21389744444253841,8020.775256411233,0.42627278879798247,0.19189177690469678
2026-09-03 08:00:00+00:00,9928.521910616053,9955.465101380767,25.372162249539155,1.3571310707325672,-0.21389744444253841,8020.775256411233,0.42689854737003885,0.19214810335111066
2026-09-03 09:00:00+00:00,9932.562118916068,9959.769685042827,25.626702525560304,1.3669661567566456,-0.21389744444253841,8381.299452493324,0.3908624171203793,0.15617950815212547
2026-09-03 10:00:00+00:00,9928.219095966671,9955.42666209343,25.626702525560304,1.3669661567566456,-0.21389744444253841,8381.299452493324,0.3899359007387306,0.155810385379366
2026-09-03 11:00:00+00:00,9924.336704938476,9951.544271065235,25.626702525560304,1.3669661567566456,-0.21389744444253841,8381.299452493324,0.3900454257299281,0.15548013920943618
2026-09-03 12:00:00+00:00,9915.703154621278,9942.910720748037,25.626702525560304,1.3669661567566456,-0.21389744444253841,8381.299452493324,0.39047149409477366,0.15474482023121428
2026-09-03 13:00:00+00:00,9922.910725725282,9950.292868639777,25.787724348466163,1.3805211215873079,-0.21389744444253841,8202.829397910871,0.36659836593234696,0.17334443243100792
2026-09-03 14:00:00+00:00,9934.586691836112,9961.968834750607,25.787724348466163,1.3805211215873079,-0.21389744444253841,8202.829397910871,0.3770939050488244,0.17431598793620035
2026-09-03 15:00:00+00:00,9908.704694183107,9936.086837097602,25.787724348466163,1.3805211215873079,-0.21389744444253841,8202.829397910871,0.38174603049340616,0.17215926288263161
2026-09-03 16:00:00+00:00,9925.91305450108,9954.305582259087,26.410768289714763,1.4203958374826586,-0.5613636308092821,7163.452319035588,0.2783079723041505,0.2783079723041505
2026-09-03 17:00:00+00:00,9918.237069599814,9947.6415688259,27.37356462819372,1.4695709670832289,-0.5613636308092821,8767.1500868287,0.30693318287928506,0.11605761938271142
2026-09-03 18:00:00+00:00,9913.10982813038,9942.514327356466,27.37356462819372,1.4695709670832289,-0.5613636308092821,8767.1500868287,0.3080725672225505,0.11560042823794768
2026-09-03 19:00:00+00:00,9910.41800148099,9939.822500707076,27.37356462819372,1.4695709670832289,-0.5613636308092821,8767.1500868287,0.3077368529296351,0.11536021129294861
2026-09-03 20:00:00+00:00,9908.169389467193,9937.57388869328,27.37356462819372,1.4695709670832289,-0.5613636308092821,8767.1500868287,0.3079556386732162,0.11515944649184587
2026-09-03 21:00:00+00:00,9908.444698302063,9938.057232949788,27.569067790531395,1.4821032263847336,-0.5613636308092821,8739.339855629352,0.2749419810261006,0.117990752158414
2026-09-03 22:00:00+00:00,9909.496318468631,9939.108853116357,27.569067790531395,1.4821032263847336,-0.5613636308092821,8739.339855629352,0.2749984218718235,0.11808435315308845
2026-09-03 23:00:00+00:00,9909.52441834333,9939.136952991055,27.569067790531395,1.4821032263847336,-0.5613636308092821,8739.339855629352,0.2751312762179168,0.11808685395112122
2026-09-04 00:00:00+00:00,9910.73703352153,9940.330274840428,27.569067790531395,1.4821032263847336,-0.5420703019826585,8739.359148958181,0.2753013574803058,0.11819281256291476
2026-09-04 01:00:00+00:00,9911.452677512663,9941.143251556481,27.659499285398486,1.4890044564361915,-0.5420703019826585,8665.136372278195,0.2600397733957595,0.12574506944498048
2026-09-04 02:00:00+00:00,9912.625908513537,9942.316482557355,27.659499285398486,1.4890044564361915,-0.5420703019826585,8665.136372278195,0.25997594870920454,0.12584854384184163
2026-09-04 03:00:00+00:00,9914.26770979306,9943.958283836877,27.659499285398486,1.4890044564361915,-0.5420703019826585,8665.136372278195,0.2602203656528108,0.12599330319484953
2026-09-04 04:00:00+00:00,9914.256795089486,9943.947369133304,27.659499285398486,1.4890044564361915,-0.5420703019826585,8665.136372278195,0.26031978929610317,0.12599234099221424
2026-09-04 05:00:00+00:00,9911.815777155189,9941.52250755234,27.674605624867308,1.4900544703009029,-0.5420703019826585,8690.298498386763,0.262130919825802,0.12323849698496073
2026-09-04 06:00:00+00:00,9911.140744365322,9940.847474762473,27.674605624867308,1.4900544703009029,-0.5420703019826585,8690.298498386763,0.2617870633747184,0.12317878208647505
2026-09-04 07:00:00+00:00,9911.987664263102,9941.694394660253,27.674605624867308,1.4900544703009029,-0.5420703019826585,8690.298498386763,0.2615805749189085,0.12325370120072336
2026-09-04 08:00:00+00:00,9911.83091601735,9941.537646414501,27.674605624867308,1.4900544703009029,-0.5420703019826585,8690.298498386763,0.2618382369164332,0.12323983610904943
2026-09-04 09:00:00+00:00,9911.047750399852,9940.830910657525,27.746722173922645,1.4943677817683216,-0.5420703019826585,8671.036851504805,0.25987993299135914,0.1251140071285621
2026-09-04 10:00:00+00:00,9909.483720475437,9939.26688073311,27.746722173922645,1.4943677817683216,-0.5420703019826585,8671.036851504805,0.2598151388216171,0.12497592245009645
2026-09-04 11:00:00+00:00,9908.099273808979,9937.882434066652,27.746722173922645,1.4943677817683216,-0.5420703019826585,8671.036851504805,0.2599620214767187,0.12485365639948914
2026-09-04 12:00:00+00:00,9910.757073836223,9940.540234093896,27.746722173922645,1.4943677817683216,-0.5420703019826585,8671.036851504805,0.25996031616795157,0.12508834724687187
2026-09-04 13:00:00+00:00,9906.516536859635,9936.299697117309,27.746722173922645,1.4943677817683216,-0.5420703019826585,8671.036851504805,0.25848161980832923,0.12471383667083412
2026-09-04 14:00:00+00:00,9889.845463948137,9919.62862420581,27.746722173922645,1.4943677817683216,-0.5420703019826585,8671.036851504805,0.25955251266590706,0.12323838798961076
2026-09-04 15:00:00+00:00,9882.078356979473,9911.861517237146,27.746722173922645,1.4943677817683216,-0.5420703019826585,8671.036851504805,0.2576431543278295,0.12254927169438389
2026-09-04 16:00:00+00:00,9890.848891422824,9920.573786535175,27.746722173922645,1.4943677817683216,-0.4838051566610996,8671.095116650127,0.2582603990517397,0.12332144471749491
2026-09-04 17:00:00+00:00,9888.0590408977,9919.153910205392,29.064003619704625,1.5470605313274721,-0.4838051566610996,7699.843087670819,0.3593200456791914,0.2212988357144985
2026-09-04 18:00:00+00:00,9887.627163674839,9918.72203298253,29.064003619704625,1.5470605313274721,-0.4838051566610996,7699.843087670819,0.3578551429335245,0.22126482317633303
2026-09-04 19:00:00+00:00,9896.367491587229,9927.46236089492,29.064003619704625,1.5470605313274721,-0.4838051566610996,7699.843087670819,0.3588793513019795,0.22195259076460583
2026-09-04 20:00:00+00:00,9893.819992228393,9924.914861536085,29.064003619704625,1.5470605313274721,-0.4838051566610996,7699.843087670819,0.35867220251777815,0.22175225608318583
2026-09-04 21:00:00+00:00,9890.70359088059,9921.821907816757,29.085504934638532,1.5490068448670014,-0.4838051566610996,7735.6571112457295,0.362116860162861,0.2178860644071725
2026-09-04 22:00:00+00:00,9890.51659483912,9921.634911775287,29.085504934638532,1.5490068448670014,-0.4838051566610996,7735.6571112457295,0.3620402387533522,0.2178712772918048
2026-09-04 23:00:00+00:00,9890.703652042403,9921.82196897857,29.085504934638532,1.5490068448670014,-0.4838051566610996,7735.6571112457295,0.3620358365120507,0.21788606924358328
2026-09-05 00:00:00+00:00,9888.478387892079,9920.076984451074,29.085504934638532,1.5490068448670014,-0.9640847794883766,7735.176831622903,0.36206582839390206,0.21775863502981213
2026-09-05 01:00:00+00:00,9889.05048456942,9921.042078803628,29.452287366028425,1.5752220886913018,-0.9640847794883766,7764.340688247425,0.4066140511105048,0.21485478303880934
2026-09-05 02:00:00+00:00,9890.504629189476,9922.496223423685,29.452287366028425,1.5752220886913018,-0.9640847794883766,7764.340688247425,0.40654570352667785,0.21497021847269385
2026-09-05 03:00:00+00:00,9890.592379323749,9922.583973557958,29.452287366028425,1.5752220886913018,-0.9640847794883766,7764.340688247425,0.40641546541737195,0.21497718332030816
2026-09-05 04:00:00+00:00,9890.091372339297,9922.082966573505,29.452287366028425,1.5752220886913018,-0.9640847794883766,7764.340688247425,0.4061697519641315,0.21493741605231198
2026-09-05 05:00:00+00:00,9890.261350259978,9922.558786678568,29.750714403475136,1.582637235625288,-0.9640847794883766,8261.420656954499,0.35602138926877525,0.1646913701893898
2026-09-05 06:00:00+00:00,9891.734687126269,9924.03212354486,29.750714403475136,1.582637235625288,-0.9640847794883766,8261.420656954499,0.35635592534754784,0.16481578628403415
2026-09-05 07:00:00+00:00,9892.802252752681,9925.099689171271,29.750714403475136,1.582637235625288,-0.9640847794883766,8261.420656954499,0.35636897137512646,0.16490591382681768
2026-09-05 08:00:00+00:00,9893.00266100857,9925.30009742716,29.750714403475136,1.582637235625288,-0.9640847794883766,8261.420656954499,0.356508945835645,0.16492283080895626
2026-09-05 09:00:00+00:00,9892.197627552121,9924.884071438924,30.11390856663583,1.6084505406776848,-0.9640847794883766,8251.492013798139,0.3135812882817891,0.16585855595770022
2026-09-05 10:00:00+00:00,9892.275853424506,9924.96229731131,30.11390856663583,1.6084505406776848,-0.9640847794883766,8251.492013798139,0.31370261296571855,0.16586515215893022
2026-09-05 11:00:00+00:00,9893.446441080241,9926.132884967044,30.11390856663583,1.6084505406776848,-0.9640847794883766,8251.492013798139,0.31365442454225073,0.16596384657870772
2026-09-05 12:00:00+00:00,9894.349817278027,9927.03626116483,30.11390856663583,1.6084505406776848,-0.9640847794883766,8251.492013798139,0.31374563007872863,0.1660399959390001
2026-09-05 13:00:00+00:00,9894.572461593649,9927.258905480452,30.11390856663583,1.6084505406776848,-0.9640847794883766,8251.492013798139,0.31403603944041264,0.16605876142432835
2026-09-05 14:00:00+00:00,9895.033878393773,9927.720322280577,30.11390856663583,1.6084505406776848,-0.9640847794883766,8251.492013798139,0.31395894360878956,0.16609764906256433
2026-09-05 15:00:00+00:00,9893.638476448145,9926.324920334948,30.11390856663583,1.6084505406776848,-0.9640847794883766,8251.492013798139,0.3142442382400181,0.16598003520738544
2026-09-05 16:00:00+00:00,9894.505622723951,9927.192066610754,30.11390856663583,1.6084505406776848,-0.9640847794883766,8251.492013798139,0.31438541560463557,0.16605312802616728
2026-09-05 17:00:00+00:00,9893.052736505162,9925.739180391965,30.11390856663583,1.6084505406776848,-0.9640847794883766,8251.492013798139,0.3147660406152817,0.1659306552212845
2026-09-05 18:00:00+00:00,9892.59438744502,9925.280831331824,30.11390856663583,1.6084505406776848,-0.9640847794883766,8251.492013798139,0.3148256290188306,0.16589201066705528
2026-09-05 19:00:00+00:00,9893.875759179013,9926.562203065816,30.11390856663583,1.6084505406776848,-0.9640847794883766,8251.492013798139,0.314700268064915,0.1660000373318976
2026-09-05 20:00:00+00:00,9894.764056112119,9927.450499998922,30.11390856663583,1.6084505406776848,-0.9640847794883766,8251.492013798139,0.3145251866091354,0.1660749092141222
2026-09-05 21:00:00+00:00,9894.12461722472,9926.811061111523,30.11390856663583,1.6084505406776848,-0.9640847794883766,8251.492013798139,0.31439593830260354,0.16602101418521817
2026-09-05 22:00:00+00:00,9893.29141150565,9925.977855392453,30.11390856663583,1.6084505406776848,-0.9640847794883766,8251.492013798139,0.31470407680687773,0.1659507770890221
2026-09-05 23:00:00+00:00,9894.672966751106,9927.35941063791,30.11390856663583,1.6084505406776848,-0.9640847794883766,8251.492013798139,0.31474917372361616,0.16606723218387495
2026-09-06 00:00:00+00:00,9895.00525669166,9927.689231310496,30.11390856663583,1.6084505406776848,-0.9616155115216009,8251.494483066106,0.31465680314888117,0.16609498741944614
2026-09-06 01:00:00+00:00,9891.923136702255,9924.607111321091,30.11390856663583,1.6084505406776848,-0.9616155115216009,8251.494483066106,0.31499862608320933,0.16583515975266983
2026-09-06 02:00:00+00:00,9892.052564415677,9924.736539034513,30.11390856663583,1.6084505406776848,-0.9616155115216009,8251.494483066106,0.31509214015781456,0.1658460739736758
2026-09-06 03:00:00+00:00,9890.694635485968,9923.378610104804,30.11390856663583,1.6084505406776848,-0.9616155115216009,8251.494483066106,0.3151717665776126,0.1657315499903029
2026-09-06 04:00:00+00:00,9890.627837747166,9923.311812366002,30.11390856663583,1.6084505406776848,-0.9616155115216009,8251.494483066106,0.31519787244601033,0.16572591564161135
2026-09-06 05:00:00+00:00,9891.740144041833,9924.424118660669,30.11390856663583,1.6084505406776848,-0.9616155115216009,8251.494483066106,0.3150516708124415,0.16581972808532655
2026-09-06 06:00:00+00:00,9890.540166084535,9923.22414070337,30.11390856663583,1.6084505406776848,-0.9616155115216009,8251.494483066106,0.31535027174017266,0.16571852047462984
2026-09-06 07:00:00+00:00,9890.534959311972,9923.218933930808,30.11390856663583,1.6084505406776848,-0.9616155115216009,8251.494483066106,0.3151843302529639,0.16571808127554338
2026-09-06 08:00:00+00:00,9893.345079781748,9926.029054400584,30.11390856663583,1.6084505406776848,-0.9616155115216009,8251.494483066106,0.3148505928550347,0.16595505195416288
2026-09-06 09:00:00+00:00,9892.937368580606,9925.621343199442,30.11390856663583,1.6084505406776848,-0.9616155115216009,8251.494483066106,0.31485580639261446,0.1659206790015297
2026-09-06 10:00:00+00:00,9891.787055299408,9924.471029918244,30.11390856663583,1.6084505406776848,-0.9616155115216009,8251.494483066106,0.3151888801794178,0.165823684139514
2026-09-06 11:00:00+00:00,9890.863038246285,9923.547012865121,30.11390856663583,1.6084505406776848,-0.9616155115216009,8251.494483066106,0.31539604244623237,0.16574575432305746
2026-09-06 12:00:00+00:00,9891.33409602124,9924.018070640077,30.11390856663583,1.6084505406776848,-0.9616155115216009,8251.494483066106,0.3152901650319871,0.1657854842467363
2026-09-06 13:00:00+00:00,9891.722105814502,9924.406080433339,30.11390856663583,1.6084505406776848,-0.9616155115216009,8251.494483066106,0.3152985357688603,0.1658182069009244
2026-09-06 14:00:00+00:00,9891.514401407636,9924.198376026472,30.11390856663583,1.6084505406776848,-0.9616155115216009,8251.494483066106,0.3146791846915792,0.16580069055029045
2026-09-06 15:00:00+00:00,9893.31499469226,9925.998969311097,30.11390856663583,1.6084505406776848,-0.9616155115216009,8251.494483066106,0.31408156855413494,0.16595251566406075
2026-09-06 16:00:00+00:00,9891.897077053616,9924.581051672452,30.11390856663583,1.6084505406776848,-0.9616155115216009,8251.494483066106,0.3144213932639437,0.1658329621921338
2026-09-06 17:00:00+00:00,9892.169414899305,9924.85338951814,30.11390856663583,1.6084505406776848,-0.9616155115216009,8251.494483066106,0.31452509718833394,0.16585592735220042
2026-09-06 18:00:00+00:00,9892.882912304032,9925.566886922868,30.11390856663583,1.6084505406776848,-0.9616155115216009,8251.494483066106,0.31468193423331725,0.16591608773580938
2026-09-06 19:00:00+00:00,9891.180744633533,9923.86471925237,30.11390856663583,1.6084505406776848,-0.9616155115216009,8251.494483066106,0.314920686087369,0.16577255070958444
2026-09-06 20:00:00+00:00,9892.208685147001,9924.892659765837,30.11390856663583,1.6084505406776848,-0.9616155115216009,8251.494483066106,0.3147871716717266,0.16585923875063435
2026-09-06 21:00:00+00:00,9890.81706651607,9923.501041134907,30.11390856663583,1.6084505406776848,-0.9616155115216009,8251.494483066106,0.31494062694916053,0.16574187677574728
2026-09-06 22:00:00+00:00,9889.857000069052,9922.540974687889,30.11390856663583,1.6084505406776848,-0.9616155115216009,8251.494483066106,0.3150837571889023,0.16566089044477667
2026-09-06 23:00:00+00:00,9887.497590831674,9920.18156545051,30.11390856663583,1.6084505406776848,-0.9616155115216009,8251.494483066106,0.31501191261255923,0.1654617958423145
2026-09-07 00:00:00+00:00,9881.986319748845,9914.667532972158,30.11390856663583,1.6084505406776848,-0.9588541159996735,8251.497244461629,0.3154110911184783,0.16499608707499774
2026-09-07 01:00:00+00:00,9884.011587516514,9916.692800739827,30.11390856663583,1.6084505406776848,-0.9588541159996735,8251.497244461629,0.3150473093300574,0.16516718223163016
2026-09-07 02:00:00+00:00,9887.872435159328,9920.553648382642,30.11390856663583,1.6084505406776848,-0.9588541159996735,8251.497244461629,0.31482903713368,0.16549315349974286
2026-09-07 03:00:00+00:00,9887.577546073759,9920.258759297072,30.11390856663583,1.6084505406776848,-0.9588541159996735,8251.497244461629,0.31509216285798086,0.16546826500104653
2026-09-07 04:00:00+00:00,9890.551056387856,9923.23226961117,30.11390856663583,1.6084505406776848,-0.9588541159996735,8251.497244461629,0.3146923113111436,0.16571915989126187
2026-09-07 05:00:00+00:00,9889.252451185144,9921.933664408458,30.11390856663583,1.6084505406776848,-0.9588541159996735,8251.497244461629,0.314800163170885,0.1656096064700265
2026-09-07 06:00:00+00:00,9885.529014153355,9918.210227376669,30.11390856663583,1.6084505406776848,-0.9588541159996735,8251.497244461629,0.3148858877675101,0.16529532889461382
2026-09-07 07:00:00+00:00,9892.109665845763,9924.790879069076,30.11390856663583,1.6084505406776848,-0.9588541159996735,8251.497244461629,0.3149355164592352,0.16585060991070844
2026-09-07 08:00:00+00:00,9896.561514855033,9929.262898675186,30.11390856663583,1.6084505406776848,-0.9790247128377702,8251.47707386479,0.31464222686136384,0.16622788010976566
2026-09-07 09:00:00+00:00,9897.6104164542,9931.419854813304,31.18573646127828,1.644677184987943,-0.9790247128377702,9233.776613835338,0.14477954979482763,0.06707010830768564
2026-09-07 10:00:00+00:00,9893.941269625464,9927.750707984569,31.18573646127828,1.644677184987943,-0.9790247128377702,9233.776613835338,0.1443161493745668,0.06672413326495487
2026-09-07 11:00:00+00:00,9893.389923116652,9927.199361475758,31.18573646127828,1.644677184987943,-0.9790247128377702,9233.776613835338,0.14450654900481044,0.06667212294342886
2026-09-07 12:00:00+00:00,9892.475515771976,9926.28495413108,31.18573646127828,1.644677184987943,-0.9790247128377702,9233.776613835338,0.14437729868633628,0.06658585112355819
2026-09-07 13:00:00+00:00,9892.411383958373,9926.220822317478,31.18573646127828,1.644677184987943,-0.9790247128377702,9233.776613835338,0.14463911124882828,0.06657979986468054
2026-09-07 14:00:00+00:00,9894.067116062775,9927.87655442188,31.18573646127828,1.644677184987943,-0.9790247128377702,9233.776613835338,0.14449823741851522,0.06673600395892522
2026-09-07 15:00:00+00:00,9894.5252020618,9928.334640420906,31.18573646127828,1.644677184987943,-0.9790247128377702,9233.776613835338,0.1443540573117333,0.06677921120346206
2026-09-07 16:00:00+00:00,9894.200392022263,9928.009830381368,31.18573646127828,1.644677184987943,-0.9790247128377702,9233.776613835338,0.14390405788626484,0.06674857512684165
2026-09-07 17:00:00+00:00,9892.520854314545,9926.750516428065,31.584120577665626,1.6665168230163152,-0.9790247128377702,9252.253786432986,0.13446940111413033,0.06472233693622298
2026-09-07 18:00:00+00:00,9892.541366681873,9926.771028795392,31.584120577665626,1.6665168230163152,-0.9790247128377702,9252.253786432986,0.13474193272603813,0.06472427625174046
2026-09-07 19:00:00+00:00,9892.650653268927,9926.880315382446,31.584120577665626,1.6665168230163152,-0.9790247128377702,9252.253786432986,0.13477248728163946,0.06473460847668037
2026-09-07 20:00:00+00:00,9892.96568026448,9927.195342378,31.584120577665626,1.6665168230163152,-0.9790247128377702,9252.253786432986,0.13499407958691984,0.06476439063259389
2026-09-07 21:00:00+00:00,9892.689742223662,9927.29693003541,31.93871192165395,1.6894511772574177,-0.9790247128377702,9207.530554829413,0.13742461939341646,0.06925914035996444
2026-09-07 22:00:00+00:00,9893.187363259614,9927.794551071363,31.93871192165395,1.6894511772574177,-0.9790247128377702,9207.530554829413,0.1373751841803008,0.0693059560335963
2026-09-07 23:00:00+00:00,9890.761862950492,9925.369050762241,31.93871192165395,1.6894511772574177,-0.9790247128377702,9207.530554829413,0.13698333486846365,0.06907772298920417
2026-09-08 00:00:00+00:00,9891.953203020714,9926.560390832463,31.93871192165395,1.6894511772574177,-0.9790247128377702,9207.530554829413,0.13690706909359618,0.06918983886643329
2026-09-08 01:00:00+00:00,9895.513602583347,9930.120790395096,31.93871192165395,1.6894511772574177,-0.9790247128377702,9207.530554829413,0.13696090655151755,0.06952474377624297
2026-09-08 02:00:00+00:00,9898.663445427788,9933.270633239537,31.93871192165395,1.6894511772574177,-0.9790247128377702,9207.530554829413,0.13722463983197514,0.06982082928757538
2026-09-08 03:00:00+00:00,9898.81679728239,9933.42398509414,31.93871192165395,1.6894511772574177,-0.9790247128377702,9207.530554829413,0.1369050490650316,0.06983523956547644
2026-09-08 04:00:00+00:00,9901.493623213546,9936.100811025295,31.93871192165395,1.6894511772574177,-0.9790247128377702,9207.530554829413,0.1372584761005063,0.07008670558118353
2026-09-08 05:00:00+00:00,9902.052861780048,9937.41630764574,32.66678714909787,1.7176340037561386,-0.9790247128377702,9220.09229089048,0.21085593364011557,0.0688706251530731
2026-09-08 06:00:00+00:00,9901.258368004594,9936.621813870286,32.66678714909787,1.7176340037561386,-0.9790247128377702,9220.09229089048,0.2099656683069529,0.06879590975176111
2026-09-08 07:00:00+00:00,9900.07791460074,9935.441360466433,32.66678714909787,1.7176340037561386,-0.9790247128377702,9220.09229089048,0.20951739721029972,0.06868487597531035
2026-09-08 08:00:00+00:00,9900.86553178611,9936.271187882185,32.66678714909787,1.7176340037561386,-1.0212349432205161,9220.050080660098,0.20919609719207177,0.06876322569378375
2026-09-08 09:00:00+00:00,9897.78292206261,9933.528834122415,32.985723167222375,1.7389539493619917,-1.0212349432205161,9026.940103582452,0.1648466544486824,0.08798362475085306
2026-09-08 10:00:00+00:00,9894.581596416192,9930.327508475997,32.985723167222375,1.7389539493619917,-1.0212349432205161,9026.940103582452,0.16622377967669308,0.08768854795719698
2026-09-08 11:00:00+00:00,9892.770844318342,9928.516756378147,32.985723167222375,1.7389539493619917,-1.0212349432205161,9026.940103582452,0.1660930401443078,0.08752156037589374
2026-09-08 12:00:00+00:00,9894.501356281871,9930.247268341676,32.985723167222375,1.7389539493619917,-1.0212349432205161,9026.940103582452,0.1668922713424392,0.08768114950518632
2026-09-08 13:00:00+00:00,9891.515616356271,9927.261528416077,32.985723167222375,1.7389539493619917,-1.0212349432205161,9026.940103582452,0.16765994026486716,0.0874057673572477
2026-09-08 14:00:00+00:00,9891.50390669437,9927.249818754175,32.985723167222375,1.7389539493619917,-1.0212349432205161,9026.940103582452,0.16627208139196853,0.08740468701900815
2026-09-08 15:00:00+00:00,9884.66906891874,9920.414980978545,32.985723167222375,1.7389539493619917,-1.0212349432205161,9026.940103582452,0.16499727447518536,0.08677366529480719
2026-09-08 16:00:00+00:00,9884.992919810464,9920.610565926565,32.985723167222375,1.7389539493619917,-0.8929689995164221,9027.068369526156,0.16487710277932677,0.08679060847529241
2026-09-08 17:00:00+00:00,9887.99718181486,9924.56698145962,33.87811318287594,1.7987174623671787,-0.8929689995164221,9080.121867421234,0.24736167375162285,0.08170262385181491
2026-09-08 18:00:00+00:00,9892.922426732028,9929.492226376788,33.87811318287594,1.7987174623671787,-0.8929689995164221,9080.121867421234,0.24697356437744405,0.08215980316539188
2026-09-08 19:00:00+00:00,9889.088265095957,9925.658064740717,33.87811318287594,1.7987174623671787,-0.8929689995164221,9080.121867421234,0.24643803076259213,0.08180394147456563
2026-09-08 20:00:00+00:00,9879.659592840162,9916.229392484922,33.87811318287594,1.7987174623671787,-0.8929689995164221,9080.121867421234,0.24568801426942588,0.08092765928882376
2026-09-08 21:00:00+00:00,9880.153746609318,9916.953866084184,34.09403106523947,1.813119410111506,-0.8929689995164221,9082.873382634903,0.2092445770965902,0.08069513738569359
2026-09-08 22:00:00+00:00,9879.9580808886,9916.758200363467,34.09403106523947,1.813119410111506,-0.8929689995164221,9082.873382634903,0.2092970535873549,0.08067693119017849
2026-09-08 23:00:00+00:00,9882.704613604174,9919.50473307904,34.09403106523947,1.813119410111506,-0.8929689995164221,9082.873382634903,0.2094961029591565,0.0809324230806465
2026-09-09 00:00:00+00:00,9881.42867151677,9918.219008207478,34.09403106523947,1.813119410111506,-0.8831862153575961,9082.883165419064,0.2090202491055078,0.08081275821982234
2026-09-09 01:00:00+00:00,9883.077883987859,9920.20189154549,34.406224586112366,1.8345967561606646,-0.8831862153575961,9172.377111635622,0.24821171647398907,0.0719108743950792
2026-09-09 02:00:00+00:00,9880.271701608663,9917.395709166294,34.406224586112366,1.8345967561606646,-0.8831862153575961,9172.377111635622,0.24867778569151588,0.07164727968541437
2026-09-09 03:00:00+00:00,9881.587078853008,9918.71108641064,34.406224586112366,1.8345967561606646,-0.8831862153575961,9172.377111635622,0.24867925402244187,0.07177085639766545
2026-09-09 04:00:00+00:00,9882.058122834604,9919.182130392235,34.406224586112366,1.8345967561606646,-0.8831862153575961,9172.377111635622,0.2482911246447381,0.0718151019127394
2026-09-09 05:00:00+00:00,9880.066423246106,9918.201781557054,35.3577555164484,1.8944165791426582,-0.8831862153575961,8915.70308315679,0.2539911089325362,0.09760696930339793
2026-09-09 06:00:00+00:00,9880.403191738476,9918.538550049425,35.3577555164484,1.8944165791426582,-0.8831862153575961,8915.70308315679,0.25385217052891856,0.09763772690858644
2026-09-09 07:00:00+00:00,9880.650518752736,9918.785877063685,35.3577555164484,1.8944165791426582,-0.8831862153575961,8915.70308315679,0.2538755080423555,0.09766031434514846
2026-09-09 08:00:00+00:00,9878.586791783087,9916.722150094036,35.3577555164484,1.8944165791426582,-0.8831862153575961,8915.70308315679,0.25406706689644637,0.09747180734669605
2026-09-09 09:00:00+00:00,9868.285640106044,9907.360963166931,36.25153933161636,1.9405975139120777,-0.8831862153575961,9081.467121556896,0.2806699922477559,0.07973203728025578
2026-09-09 10:00:00+00:00,9862.848564823722,9901.92388788461,36.25153933161636,1.9405975139120777,-0.8831862153575961,9081.467121556896,0.2784897329724527,0.07922472276961212
2026-09-09 11:00:00+00:00,9853.573424903556,9892.648747964444,36.25153933161636,1.9405975139120777,-0.8831862153575961,9081.467121556896,0.27929674766159684,0.07835799968722687
2026-09-09 12:00:00+00:00,9841.562107738248,9880.637430799135,36.25153933161636,1.9405975139120777,-0.8831862153575961,9081.467121556896,0.2806894524843276,0.07723316459931731
2026-09-09 13:00:00+00:00,9838.148882616302,9877.646038096369,36.66000369028158,1.953965574426196,-0.8831862153575961,8726.663375651622,0.2116726153050923,0.11297709764574103
2026-09-09 14:00:00+00:00,9845.221467666772,9884.718623146839,36.66000369028158,1.953965574426196,-0.8831862153575961,8726.663375651622,0.21028741705420542,0.11361431489262755
2026-09-09 15:00:00+00:00,9845.215829292696,9884.712984772763,36.66000369028158,1.953965574426196,-0.8831862153575961,8726.663375651622,0.20951629004576094,0.11361380725783785
2026-09-09 16:00:00+00:00,9845.8004523029,9885.36326128666,36.66000369028158,1.953965574426196,-0.948839719052297,8726.597722147928,0.20876902903629965,0.11367310718685075
2026-09-09 17:00:00+00:00,9845.145526801714,9885.330249146224,37.24151103519438,1.9943715902633983,-0.948839719052297,8761.674264202273,0.29352870385653884,0.11005132018108589
2026-09-09 18:00:00+00:00,9846.279973365194,9886.464695709703,37.24151103519438,1.9943715902633983,-0.948839719052297,8761.674264202273,0.2941358873114991,0.11015385628855234
2026-09-09 19:00:00+00:00,9851.020184913557,9891.204907258067,37.24151103519438,1.9943715902633983,-0.948839719052297,8761.674264202273,0.2923910977209334,0.1105820412772653
2026-09-09 20:00:00+00:00,9851.528665893069,9891.713388237578,37.24151103519438,1.9943715902633983,-0.948839719052297,8761.674264202273,0.29149608016656875,0.1106279480730717
2026-09-09 21:00:00+00:00,9847.23555765665,9887.84772107696,37.637470931696754,2.0258527695602484,-0.948839719052297,8792.921043685174,0.25681036901639126,0.1070670552967224
2026-09-09 22:00:00+00:00,9846.99011460148,9887.60227802179,37.637470931696754,2.0258527695602484,-0.948839719052297,8792.921043685174,0.2563166305265021,0.10704479832403747
2026-09-09 23:00:00+00:00,9847.912402352511,9888.524565772821,37.637470931696754,2.0258527695602484,-0.948839719052297,8792.921043685174,0.25586818633643515,0.10712842636733007
2026-09-10 00:00:00+00:00,9846.645522470826,9887.09932895365,37.637470931696754,2.0258527695602484,-0.7904827815651093,8793.07940062266,0.2565190526566728,0.10699746623800395
2026-09-10 01:00:00+00:00,9842.610394610068,9883.222788552788,37.786327860080746,2.0355833010748934,-0.7904827815651093,8776.449406144817,0.23132318955147277,0.10832095813211248
2026-09-10 02:00:00+00:00,9843.551429738593,9884.163823681314,37.786327860080746,2.0355833010748934,-0.7904827815651093,8776.449406144817,0.23091743921431904,0.10840620188867277
2026-09-10 03:00:00+00:00,9842.977657916928,9883.590051859648,37.786327860080746,2.0355833010748934,-0.7904827815651093,8776.449406144817,0.23133537831890066,0.10835422865298068
2026-09-10 04:00:00+00:00,9843.436033593305,9884.048427536027,37.786327860080746,2.0355833010748934,-0.7904827815651093,8776.449406144817,0.2314005404392458,0.10839574959466568
2026-09-10 05:00:00+00:00,9842.554464646737,9884.459442328323,39.02932515445335,2.0851697455676184,-0.7904827815651093,9285.096003431949,0.2733770987346704,0.0566375795244122
2026-09-10 06:00:00+00:00,9844.377075122053,9886.282052803639,39.02932515445335,2.0851697455676184,-0.7904827815651093,9285.096003431949,0.27354822036470694,0.05681223579940627
2026-09-10 07:00:00+00:00,9844.23283236284,9886.137810044427,39.02932515445335,2.0851697455676184,-0.7904827815651093,9285.096003431949,0.2733163188518588,0.05679841572750429
2026-09-10 08:00:00+00:00,9845.735934699205,9887.640912380792,39.02932515445335,2.0851697455676184,-0.7904827815651093,9285.096003431949,0.27239822741202047,0.05694240989049882
2026-09-10 09:00:00+00:00,9850.638896243245,9892.870303464557,39.340484208052146,2.1004402316946855,-0.7904827815651093,8847.588049964814,0.316762417939332,0.10182596853296141
2026-09-10 10:00:00+00:00,9848.59719837884,9890.828605600153,39.340484208052146,2.1004402316946855,-0.7904827815651093,8847.588049964814,0.31664662442556046,0.10163976942612714
2026-09-10 11:00:00+00:00,9852.522503319931,9894.753910541243,39.340484208052146,2.1004402316946855,-0.7904827815651093,8847.588049964814,0.3165447364600251,0.10199768161062225
2026-09-10 12:00:00+00:00,9847.731713481562,9889.963120702874,39.340484208052146,2.1004402316946855,-0.7904827815651093,8847.588049964814,0.3158626870746855,0.1015608154868343
2026-09-10 13:00:00+00:00,9841.704929157826,9884.650368679453,40.03049068534313,2.124466054718243,-0.7904827815651093,8315.0032770253,0.3792051934347782,0.15512572904003613
2026-09-10 14:00:00+00:00,9842.704940739619,9885.650380261246,40.03049068534313,2.124466054718243,-0.7904827815651093,8315.0032770253,0.3799760142178109,0.15521156764448543
2026-09-10 15:00:00+00:00,9868.190382977406,9911.135822499033,40.03049068534313,2.124466054718243,-0.7904827815651093,8315.0032770253,0.3828155776878474,0.15739330573023286
2026-09-10 16:00:00+00:00,9854.209129772318,9897.153224560394,40.03049068534313,2.124466054718243,-0.7891380480137848,8315.004621758851,0.38146278753584223,0.15619767022835956
2026-09-10 17:00:00+00:00,9865.072237273489,9908.58097040688,40.559156520941464,2.1604385644345725,-0.7891380480137848,8351.42832391243,0.4710506904215234,0.15343465075116372
2026-09-10 18:00:00+00:00,9860.957653162879,9904.46638629627,40.559156520941464,2.1604385644345725,-0.7891380480137848,8351.42832391243,0.47056549800585284,0.15308141281453228
2026-09-10 19:00:00+00:00,9859.14059846618,9902.64933159957,40.559156520941464,2.1604385644345725,-0.7891380480137848,8351.42832391243,0.4703873976452317,0.15292532442313575
2026-09-10 20:00:00+00:00,9860.993285510798,9904.502018644189,40.559156520941464,2.1604385644345725,-0.7891380480137848,8351.42832391243,0.46919979795526473,0.1530844731246739
2026-09-10 21:00:00+00:00,9857.065267921904,9901.08784909638,41.04582549858741,2.1876176278742685,-0.7891380480137848,8174.911458878703,0.41792022997282763,0.17065462826115965
2026-09-10 22:00:00+00:00,9852.395992398484,9896.41857357296,41.04582549858741,2.1876176278742685,-0.7891380480137848,8174.911458878703,0.4177520920091279,0.17026158254439086
2026-09-10 23:00:00+00:00,9851.807648839658,9895.830230014135,41.04582549858741,2.1876176278742685,-0.7891380480137848,8174.911458878703,0.4170157670081872,0.1702120311046124
2026-09-11 00:00:00+00:00,9850.862685548289,9894.877823578641,41.04582549858741,2.1876176278742685,-0.781694903890582,8174.918902022826,0.41623584119310003,0.17013167648597485
2026-09-11 01:00:00+00:00,9854.312643645597,9898.481609071936,41.190084115381126,2.197186407068232,-0.781694903890582,8167.943283569272,0.3928448595921229,0.17113008497490226
2026-09-11 02:00:00+00:00,9851.937890880523,9896.106856306862,41.190084115381126,2.197186407068232,-0.781694903890582,8167.943283569272,0.3928242474115477,0.1709302906659658
2026-09-11 03:00:00+00:00,9853.073135850076,9897.242101276415,41.190084115381126,2.197186407068232,-0.781694903890582,8167.943283569272,0.3924989007439843,0.17102581388029242
2026-09-11 04:00:00+00:00,9850.848686122705,9895.017651549044,41.190084115381126,2.197186407068232,-0.781694903890582,8167.943283569272,0.39227186432713973,0.170838620729624
2026-09-11 05:00:00+00:00,9851.782497794842,9896.09513935458,41.325774122106765,2.2051725337431503,-0.781694903890582,8099.821280161453,0.3775638656127945,0.17783190179295333
2026-09-11 06:00:00+00:00,9853.709217127425,9898.021858687163,41.325774122106765,2.2051725337431503,-0.781694903890582,8099.821280161453,0.3784059517989032,0.17799266228776228
2026-09-11 07:00:00+00:00,9854.876370557125,9899.189012116864,41.325774122106765,2.2051725337431503,-0.781694903890582,8099.821280161453,0.3790954389714081,0.1780900159883441
2026-09-11 08:00:00+00:00,9855.923725173776,9900.236366733514,41.325774122106765,2.2051725337431503,-0.781694903890582,8099.821280161453,0.3789589769669083,0.17817735749384156
2026-09-11 09:00:00+00:00,9862.57536325288,9907.752117726102,42.15252844002972,2.2425311293019345,-0.781694903890582,7459.304229116461,0.3695185796821225,0.24367581951168688
2026-09-11 10:00:00+00:00,9863.180139912041,9908.356894385264,42.15252844002972,2.2425311293019345,-0.781694903890582,7459.304229116461,0.36918176746140996,0.24372219473799642
2026-09-11 11:00:00+00:00,9866.069131438255,9911.245885911478,42.15252844002972,2.2425311293019345,-0.781694903890582,7459.304229116461,0.36918873594913,0.24394364870732876
2026-09-11 12:00:00+00:00,9867.363984328502,9912.540738801725,42.15252844002972,2.2425311293019345,-0.781694903890582,7459.304229116461,0.36939519169528834,0.2440428628189411
2026-09-11 13:00:00+00:00,9870.93623788899,9916.301153459883,42.32472740036751,2.258493266635488,-0.781694903890582,7640.193777835222,0.3435908156484769,0.22599097049084346
2026-09-11 14:00:00+00:00,9872.337365397369,9917.702280968262,42.32472740036751,2.258493266635488,-0.781694903890582,7640.193777835222,0.3457101818537196,0.22610082141092847
2026-09-11 15:00:00+00:00,9864.151259657649,9909.516175228542,42.32472740036751,2.258493266635488,-0.781694903890582,7640.193777835222,0.3453254020939748,0.2254585745169942
2026-09-11 16:00:00+00:00,9876.571634378515,9922.068394230968,42.47280326066114,2.264795117932387,-0.7591614738590964,7393.275134915576,0.31959944004605056,0.2514330469511348
2026-09-11 17:00:00+00:00,9869.246873284448,9914.852270102861,42.57478093163356,2.2714544129194145,-0.7591614738590964,7563.13594219865,0.323721120633329,0.23366635374461286
2026-09-11 18:00:00+00:00,9874.999317632652,9920.604714451065,42.57478093163356,2.2714544129194145,-0.7591614738590964,7563.13594219865,0.32365500594071245,0.23411276305669942
2026-09-11 19:00:00+00:00,9878.648524524688,9924.253921343101,42.57478093163356,2.2714544129194145,-0.7591614738590964,7563.13594219865,0.32277704991148704,0.23439568444788333
2026-09-11 20:00:00+00:00,9873.572481446457,9919.17787826487,42.57478093163356,2.2714544129194145,-0.7591614738590964,7563.13594219865,0.3224064763820239,0.2340020842090718
2026-09-11 21:00:00+00:00,9872.353967196676,9918.306680935428,42.89934394390965,2.294208320983891,-0.7591614738590964,7623.026003591932,0.33780811369592656,0.227841097582065
2026-09-11 22:00:00+00:00,9873.271034883539,9919.223748622291,42.89934394390965,2.294208320983891,-0.7591614738590964,7623.026003591932,0.3377221310735052,0.2279128186941492
2026-09-11 23:00:00+00:00,9874.062228017148,9920.0149417559,42.89934394390965,2.294208320983891,-0.7591614738590964,7623.026003591932,0.3374657426898885,0.22797468483012148
2026-09-12 00:00:00+00:00,9873.082138517659,9919.050953900112,42.89934394390965,2.294208320983891,-0.7752631175602208,7623.00990194823,0.33759949784014187,0.2278996776286572
2026-09-12 01:00:00+00:00,9871.901365509782,9918.078810418116,43.09330663426532,2.3088751565070442,-0.7752631175602208,7624.010347958574,0.34431291247402496,0.2277059843207953
2026-09-12 02:00:00+00:00,9871.586429097191,9917.763874005524,43.09330663426532,2.3088751565070442,-0.7752631175602208,7624.010347958574,0.3442949108399442,0.22768134557518846
2026-09-12 03:00:00+00:00,9873.592255010039,9919.769699918372,43.09330663426532,2.3088751565070442,-0.7752631175602208,7624.010347958574,0.3444064453782661,0.22783824255148732
2026-09-12 04:00:00+00:00,9875.405314012813,9921.582758921146,43.09330663426532,2.3088751565070442,-0.7752631175602208,7624.010347958574,0.3443065463454114,0.22798000633549664
2026-09-12 05:00:00+00:00,9875.108374669739,9921.30888234363,43.11489264563145,2.3103519106984156,-0.7752631175602208,7659.965447557434,0.3407139888756766,0.224315809312461
2026-09-12 06:00:00+00:00,9875.973819592708,9922.174327266599,43.11489264563145,2.3103519106984156,-0.7752631175602208,7659.965447557434,0.3406765357819844,0.22438378356562538
2026-09-12 07:00:00+00:00,9874.779287576044,9920.979795249936,43.11489264563145,2.3103519106984156,-0.7752631175602208,7659.965447557434,0.34063053786584796,0.224289958845478
2026-09-12 08:00:00+00:00,9874.151746951664,9920.352254625555,43.11489264563145,2.3103519106984156,-0.7752631175602208,7659.965447557434,0.3408078770156147,0.224240659465031
2026-09-12 09:00:00+00:00,9874.125768567064,9920.326276240956,43.11489264563145,2.3103519106984156,-0.7752631175602208,7659.965447557434,0.34094348462022805,0.22423861847679813
2026-09-12 10:00:00+00:00,9873.905436815683,9920.105944489575,43.11489264563145,2.3103519106984156,-0.7752631175602208,7659.965447557434,0.34100734769234703,0.22422130771106924
2026-09-12 11:00:00+00:00,9874.011504632068,9920.21201230596,43.11489264563145,2.3103519106984156,-0.7752631175602208,7659.965447557434,0.34107820154531776,0.22422964121886907
2026-09-12 12:00:00+00:00,9873.600422855856,9919.800930529747,43.11489264563145,2.3103519106984156,-0.7752631175602208,7659.965447557434,0.3412975357425972,0.22419734245819797
2026-09-12 13:00:00+00:00,9874.457149592203,9920.657657266094,43.11489264563145,2.3103519106984156,-0.7752631175602208,7659.965447557434,0.34124736051374543,0.2242646525764937
2026-09-12 14:00:00+00:00,9875.791294123128,9921.99180179702,43.11489264563145,2.3103519106984156,-0.7752631175602208,7659.965447557434,0.3412538378408491,0.2243694485407245
2026-09-12 15:00:00+00:00,9876.006248171456,9922.206755845347,43.11489264563145,2.3103519106984156,-0.7752631175602208,7659.965447557434,0.3413725686549224,0.22438633035740765
2026-09-12 16:00:00+00:00,9875.480033560218,9921.68054123411,43.11489264563145,2.3103519106984156,-0.7752631175602208,7659.965447557434,0.3412701668207598,0.2243450018099086
2026-09-12 17:00:00+00:00,9876.460677675092,9922.661185348983,43.11489264563145,2.3103519106984156,-0.7752631175602208,7659.965447557434,0.3413518269019382,0.2244220174062818
2026-09-12 18:00:00+00:00,9877.103392453577,9923.303900127468,43.11489264563145,2.3103519106984156,-0.7752631175602208,7659.965447557434,0.34121154770770135,0.22447248518124321
2026-09-12 19:00:00+00:00,9880.171391328633,9926.371899002525,43.11489264563145,2.3103519106984156,-0.7752631175602208,7659.965447557434,0.3410980711680483,0.22471330261737868
2026-09-12 20:00:00+00:00,9880.715149932237,9926.915657606129,43.11489264563145,2.3103519106984156,-0.7752631175602208,7659.965447557434,0.3408916941791305,0.22475596843716644
2026-09-12 21:00:00+00:00,9880.504804468264,9926.705312142156,43.11489264563145,2.3103519106984156,-0.7752631175602208,7659.965447557434,0.34068541925059337,0.2247394643142762
2026-09-12 22:00:00+00:00,9880.578054960966,9926.778562634858,43.11489264563145,2.3103519106984156,-0.7752631175602208,7659.965447557434,0.34084172416802105,0.22474521177316928
2026-09-12 23:00:00+00:00,9879.853344465131,9926.053852139023,43.11489264563145,2.3103519106984156,-0.7752631175602208,7659.965447557434,0.34080316131556976,0.22468834500982923
2026-09-13 00:00:00+00:00,9879.173292173033,9925.373799846924,43.11489264563145,2.3103519106984156,-0.7752631175602208,7659.965447557434,0.3408552698502851,0.22463497490967266
2026-09-13 01:00:00+00:00,9878.111904499407,9924.312412173298,43.11489264563145,2.3103519106984156,-0.7752631175602208,7659.965447557434,0.3407921524225238,0.2245516631504876
2026-09-13 02:00:00+00:00,9879.983574395394,9926.184082069285,43.11489264563145,2.3103519106984156,-0.7752631175602208,7659.965447557434,0.34093077983588205,0.2246985645392446
2026-09-13 03:00:00+00:00,9878.998197590296,9925.198705264187,43.11489264563145,2.3103519106984156,-0.7752631175602208,7659.965447557434,0.3408727471858225,0.22462123240129056
2026-09-13 04:00:00+00:00,9878.58567743103,9924.786185104922,43.11489264563145,2.3103519106984156,-0.7752631175602208,7659.965447557434,0.3406946131630246,0.22458885333579026
2026-09-13 05:00:00+00:00,9877.094996704564,9924.257074700337,44.008563007386925,2.378251870826343,-0.7752631175602208,8635.379129163763,0.2140796837783052,0.12571670799512324
2026-09-13 06:00:00+00:00,9877.063605283096,9924.22568327887,44.008563007386925,2.378251870826343,-0.7752631175602208,8635.379129163763,0.21407482921785315,0.12571392933575676
2026-09-13 07:00:00+00:00,9877.9894527353,9925.151530731075,44.008563007386925,2.378251870826343,-0.7752631175602208,8635.379129163763,0.2136806110838302,0.1257958747088406
2026-09-13 08:00:00+00:00,9876.424287887072,9923.593983005614,44.008563007386925,2.378251870826343,-0.7828802403290969,8635.371512040994,0.21345574637954592,0.12565810658500826
2026-09-13 09:00:00+00:00,9875.185481171913,9922.392248084136,44.04394147892419,2.3799451929690707,-0.7828802403290969,8694.30025279823,0.2070021199782701,0.11958106818602711
2026-09-13 10:00:00+00:00,9872.958191497119,9920.164958409341,44.04394147892419,2.3799451929690707,-0.7828802403290969,8694.30025279823,0.2062894524510096,0.11938245010639098
2026-09-13 11:00:00+00:00,9871.429842768557,9918.63660968078,44.04394147892419,2.3799451929690707,-0.7828802403290969,8694.30025279823,0.20586737589012988,0.11924610808358715
2026-09-13 12:00:00+00:00,9871.368274965309,9918.575041877531,44.04394147892419,2.3799451929690707,-0.7828802403290969,8694.30025279823,0.20588704589288942,0.11924061481448633
2026-09-13 13:00:00+00:00,9871.794817493224,9919.001584405447,44.04394147892419,2.3799451929690707,-0.7828802403290969,8694.30025279823,0.2056636237466574,0.11927867084599708
2026-09-13 14:00:00+00:00,9870.516619617307,9917.72338652953,44.04394147892419,2.3799451929690707,-0.7828802403290969,8694.30025279823,0.2057166266531834,0.1191646204699548
2026-09-13 15:00:00+00:00,9872.569278594307,9919.776045506529,44.04394147892419,2.3799451929690707,-0.7828802403290969,8694.30025279823,0.20626376236616917,0.11934775969116765
2026-09-13 16:00:00+00:00,9872.25173918159,9919.458506093813,44.04394147892419,2.3799451929690707,-0.7828802403290969,8694.30025279823,0.20602920661007887,0.11931943365141665
2026-09-13 17:00:00+00:00,9871.426418648944,9919.208510138482,44.60400574263917,2.395205506568885,-0.7828802403290969,9146.563579505786,0.12789177950983419,0.07343040492848718
2026-09-13 18:00:00+00:00,9870.637853381182,9918.41994487072,44.60400574263917,2.395205506568885,-0.7828802403290969,9146.563579505786,0.12791807897732196,0.07335638128263047
2026-09-13 19:00:00+00:00,9870.384868404259,9918.166959893797,44.60400574263917,2.395205506568885,-0.7828802403290969,9146.563579505786,0.1279198655490979,0.07333263074831771
2026-09-13 20:00:00+00:00,9869.986263655672,9917.76835514521,44.60400574263917,2.395205506568885,-0.7828802403290969,9146.563579505786,0.12782723535670973,0.07329520678400037
2026-09-13 21:00:00+00:00,9870.326346775146,9918.2011432153,44.69098309840663,2.4009331014189432,-0.7828802403290969,9133.10714725475,0.11314515837078175,0.07469045841237679
2026-09-13 22:00:00+00:00,9870.503553556926,9918.37834999708,44.69098309840663,2.4009331014189432,-0.7828802403290969,9133.10714725475,0.11319754956045186,0.07470707064752012
2026-09-13 23:00:00+00:00,9869.604684857053,9917.479481297207,44.69098309840663,2.4009331014189432,-0.7828802403290969,9133.10714725475,0.11299071375181921,0.0746228001140017
2026-09-14 00:00:00+00:00,9868.062313772547,9915.93100501666,44.69098309840663,2.4009331014189432,-0.776775044289703,9133.113252450788,0.11286387138968929,0.07447754563689905
2026-09-14 01:00:00+00:00,9865.914325563403,9913.800043453379,44.70659655696966,2.402346288718734,-0.776775044289703,9107.075208053853,0.11013199701040556,0.07691523486508843
2026-09-14 02:00:00+00:00,9868.923963806334,9916.80968169631,44.70659655696966,2.402346288718734,-0.776775044289703,9107.075208053853,0.1105019736780383,0.07719673984180177
2026-09-14 03:00:00+00:00,9866.18155971818,9914.067277608156,44.70659655696966,2.402346288718734,-0.776775044289703,9107.075208053853,0.11054127478224739,0.07694023742312008
2026-09-14 04:00:00+00:00,9864.689849659248,9912.575567549224,44.70659655696966,2.402346288718734,-0.776775044289703,9107.075208053853,0.11059950910734183,0.07680065497766905
2026-09-14 05:00:00+00:00,9866.13891841824,9914.594713286708,45.2295269607007,2.449492863478167,-0.776775044289703,8524.35301070837,0.17668770392716088,0.13599908928963153
2026-09-14 06:00:00+00:00,9865.745448383323,9914.20124325179,45.2295269607007,2.449492863478167,-0.776775044289703,8524.35301070837,0.1765383063232352,0.13596463082217095
2026-09-14 07:00:00+00:00,9863.914595081149,9912.370389949616,45.2295269607007,2.449492863478167,-0.776775044289703,8524.35301070837,0.1764107316364421,0.13580425615614913
2026-09-14 08:00:00+00:00,9861.845505821466,9910.262023965914,45.2295269607007,2.449492863478167,-0.7374983202694184,8524.392287432389,0.17636972924297376,0.1356189587029705
2026-09-14 09:00:00+00:00,9859.828122747462,9908.24464089191,45.2295269607007,2.449492863478167,-0.7374983202694184,8524.392287432389,0.17608752264831762,0.1354421008855224
2026-09-14 10:00:00+00:00,9857.763500199962,9906.399090944411,45.44068222784933,2.4574101963296267,-0.7374983202694184,8876.106577412951,0.14051334224360362,0.0995821134040291
2026-09-14 11:00:00+00:00,9863.19706505726,9911.832655801709,45.44068222784933,2.4574101963296267,-0.7374983202694184,8876.106577412951,0.14080397551629925,0.10007814719035822
2026-09-14 12:00:00+00:00,9868.364696094499,9917.000286838947,45.44068222784933,2.4574101963296267,-0.7374983202694184,8876.106577412951,0.14144465701656503,0.10054939691013286
2026-09-14 13:00:00+00:00,9863.375543050397,9912.12580795707,45.548248006845704,2.4645185795580913,-0.7374983202694184,8821.546243802839,0.12730604028229003,0.10562603995967872
2026-09-14 14:00:00+00:00,9859.178687027785,9907.928951934458,45.548248006845704,2.4645185795580913,-0.7374983202694184,8821.546243802839,0.12741712433837205,0.10524532277624812
2026-09-14 15:00:00+00:00,9856.362697627746,9905.11296253442,45.548248006845704,2.4645185795580913,-0.7374983202694184,8821.546243802839,0.12715036382353823,0.10498968895229165
2026-09-14 16:00:00+00:00,9861.773410378259,9910.563760771229,45.548248006845704,2.4645185795580913,-0.7775838065654844,8821.506158316544,0.12782830195043496,0.10548480570106852
2026-09-14 17:00:00+00:00,9869.590946327593,9919.06935947029,46.20516069593084,2.49566864019979,-0.7775838065654844,8766.623480511456,0.23506365350416655,0.11175412150455365
2026-09-14 18:00:00+00:00,9868.37557084699,9917.853983989688,46.20516069593084,2.49566864019979,-0.7775838065654844,8766.623480511456,0.2356597963335102,0.11164472637120897
2026-09-14 19:00:00+00:00,9860.805516973614,9910.283930116311,46.20516069593084,2.49566864019979,-0.7775838065654844,8766.623480511456,0.23446579291478734,0.11096274382237013
2026-09-14 20:00:00+00:00,9861.502486097965,9910.980899240662,46.20516069593084,2.49566864019979,-0.7775838065654844,8766.623480511456,0.23513637069761328,0.11102557720083629
2026-09-14 21:00:00+00:00,9861.048111168231,9910.526524310928,46.20516069593084,2.49566864019979,-0.7775838065654844,8766.623480511456,0.23493187467554325,0.11098461525781145
2026-09-14 22:00:00+00:00,9859.256581304371,9908.734994447068,46.20516069593084,2.49566864019979,-0.7775838065654844,8766.623480511456,0.23436726859523363,0.11082307187996528
2026-09-14 23:00:00+00:00,9860.074762987908,9909.553176130605,46.20516069593084,2.49566864019979,-0.7775838065654844,8766.623480511456,0.2338530376062306,0.11089685512131968
2026-09-15 00:00:00+00:00,9860.568939802177,9910.092903263494,46.20516069593084,2.49566864019979,-0.8231341251866581,8766.577930192834,0.2328088658604345,0.11094603326522567
2026-09-15 01:00:00+00:00,9862.023327956842,9911.54729141816,46.20516069593084,2.49566864019979,-0.8231341251866581,8766.577930192834,0.23253691557185582,0.1110771452607135
2026-09-15 02:00:00+00:00,9861.677955744877,9911.201919206194,46.20516069593084,2.49566864019979,-0.8231341251866581,8766.577930192834,0.23257698960681758,0.11104601371758412
2026-09-15 03:00:00+00:00,9860.67276097082,9910.196724432137,46.20516069593084,2.49566864019979,-0.8231341251866581,8766.577930192834,0.23233543515512706,0.11095539394720444
2026-09-15 04:00:00+00:00,9860.896244533014,9910.420207994332,46.20516069593084,2.49566864019979,-0.8231341251866581,8766.577930192834,0.23133475163200912,0.1109755429124288
2026-09-15 05:00:00+00:00,9859.922608106466,9909.685842984054,46.4287116534262,2.5113890989746768,-0.8231341251866581,8840.935456907438,0.25945879542524114,0.10334636403345132
2026-09-15 06:00:00+00:00,9857.698281527419,9907.461516405006,46.4287116534262,2.5113890989746768,-0.8231341251866581,8840.935456907438,0.25971502163202814,0.1031440398744317
2026-09-15 07:00:00+00:00,9859.496947382553,9909.260182260141,46.4287116534262,2.5113890989746768,-0.8231341251866581,8840.935456907438,0.25903855879202375,0.10330765310957543
2026-09-15 08:00:00+00:00,9856.242418226646,9906.111145312778,46.4287116534262,2.5113890989746768,-0.928626333730513,8840.829964698896,0.2582359854572011,0.10302226857265602
2026-09-15 09:00:00+00:00,9856.898546812576,9906.767273898708,46.4287116534262,2.5113890989746768,-0.928626333730513,8840.829964698896,0.2582807942532946,0.10308197627155703
2026-09-15 10:00:00+00:00,9857.410931231627,9907.279658317759,46.4287116534262,2.5113890989746768,-0.928626333730513,8840.829964698896,0.25877257018806943,0.10312859772456642
2026-09-15 11:00:00+00:00,9856.271804748763,9906.140531834895,46.4287116534262,2.5113890989746768,-0.928626333730513,8840.829964698896,0.25924922989549104,0.10302494291610607
2026-09-15 12:00:00+00:00,9857.585261905082,9907.453988991214,46.4287116534262,2.5113890989746768,-0.928626333730513,8840.829964698896,0.2590030966621387,0.10314445882963504
2026-09-15 13:00:00+00:00,9858.560953523105,9908.429680609237,46.4287116534262,2.5113890989746768,-0.928626333730513,8840.829964698896,0.25915656800074566,0.10323321969830769
2026-09-15 14:00:00+00:00,9848.750027539312,9898.618754625444,46.4287116534262,2.5113890989746768,-0.928626333730513,8840.829964698896,0.25699569998841,0.10233989694347455
2026-09-15 15:00:00+00:00,9838.295660452299,9888.16438753843,46.4287116534262,2.5113890989746768,-0.928626333730513,8840.829964698896,0.2547356970562625,0.10138602560634428
2026-09-15 16:00:00+00:00,9835.409762806052,9885.329762942885,46.4287116534262,2.5113890989746768,-0.9798993844326985,8840.778691648193,0.2579112281303784,0.10112756815879625
2026-09-15 17:00:00+00:00,9832.198072272198,9882.118072409032,46.4287116534262,2.5113890989746768,-0.9798993844326985,8840.778691648193,0.2570441377218746,0.10083395120160463
2026-09-15 18:00:00+00:00,9831.092507487805,9881.012507624639,46.4287116534262,2.5113890989746768,-0.9798993844326985,8840.778691648193,0.25675475484011673,0.1007328346351481
2026-09-15 19:00:00+00:00,9823.787416103718,9873.707416240552,46.4287116534262,2.5113890989746768,-0.9798993844326985,8840.778691648193,0.2541155178391004,0.1000641283059648
2026-09-15 20:00:00+00:00,9825.962844587844,9876.201463660049,46.73432361070478,2.524396077067897,-0.9798993844326985,9349.826341821876,0.2023580771614423,0.04845698180389782
2026-09-15 21:00:00+00:00,9826.03941255047,9876.67783013621,47.11099645167504,2.547521749633395,-0.9798993844326985,8721.66160069713,0.1841460396918157,0.11239297599832075
2026-09-15 22:00:00+00:00,9827.105028570213,9877.743446155953,47.11099645167504,2.547521749633395,-0.9798993844326985,8721.66160069713,0.18347388965580427,0.11248922492018154
2026-09-15 23:00:00+00:00,9827.034133321798,9877.672550907539,47.11099645167504,2.547521749633395,-0.9798993844326985,8721.66160069713,0.18372237229003496,0.11248282214432719
2026-09-16 00:00:00+00:00,9827.017574156374,9877.691525272769,47.11099645167504,2.547521749633395,-1.0154329150873123,8721.626067166477,0.18374021987596909,0.11248494252182022
2026-09-16 01:00:00+00:00,9826.50753566694,9877.35728474893,47.27583792664941,2.5584782402548436,-1.0154329150873123,8754.099937064715,0.1558816699856032,0.10913415521330885
2026-09-16 02:00:00+00:00,9827.081770677332,9877.931519759322,47.27583792664941,2.5584782402548436,-1.0154329150873123,8754.099937064715,0.15557476623398994,0.10918621200591287
2026-09-16 03:00:00+00:00,9826.891615444998,9877.741364526988,47.27583792664941,2.5584782402548436,-1.0154329150873123,8754.099937064715,0.15592709002548183,0.10916897431677865
2026-09-16 04:00:00+00:00,9827.88274912347,9878.73249820546,47.27583792664941,2.5584782402548436,-1.0154329150873123,8754.099937064715,0.1559848910503257,0.1092588138736722
2026-09-16 05:00:00+00:00,9824.918027941421,9877.025263387748,48.4522717103045,2.639530820936066,-1.0154329150873123,9052.505043773945,0.17511891993944448,0.07861775354977879
2026-09-16 06:00:00+00:00,9825.891507835455,9877.998743281782,48.4522717103045,2.639530820936066,-1.0154329150873123,9052.505043773945,0.17519679095808716,0.07870903759163109
2026-09-16 07:00:00+00:00,9826.390991685012,9878.498227131338,48.4522717103045,2.639530820936066,-1.0154329150873123,9052.505043773945,0.17536194024883256,0.0787558675983808
2026-09-16 08:00:00+00:00,9827.111093663176,9879.218329109503,48.4522717103045,2.639530820936066,-1.0154329150873123,9052.505043773945,0.17522614843243936,0.07882337367578164
2026-09-16 09:00:00+00:00,9825.937004011079,9878.044239457406,48.4522717103045,2.639530820936066,-1.0154329150873123,9052.505043773945,0.17516576288765415,0.07871330336449431
2026-09-16 10:00:00+00:00,9823.541240485218,9875.648475931544,48.4522717103045,2.639530820936066,-1.0154329150873123,9052.505043773945,0.1751384658160739,0.07848862012546404
2026-09-16 11:00:00+00:00,9825.11916606935,9877.226401515676,48.4522717103045,2.639530820936066,-1.0154329150873123,9052.505043773945,0.17534885874315145,0.07863661592661357
2026-09-16 12:00:00+00:00,9826.978663506126,9879.085898952453,48.4522717103045,2.639530820936066,-1.0154329150873123,9052.505043773945,0.17592539318367698,0.07881095973152964
2026-09-16 13:00:00+00:00,9826.827206876244,9878.93444232257,48.4522717103045,2.639530820936066,-1.0154329150873123,9052.505043773945,0.17588266812361472,0.07879676184399298
2026-09-16 14:00:00+00:00,9836.574472653912,9888.68170810024,48.4522717103045,2.639530820936066,-1.0154329150873123,9052.505043773945,0.17586452679171435,0.07970960124987762
2026-09-16 15:00:00+00:00,9839.201196168062,9891.308431614389,48.4522717103045,2.639530820936066,-1.0154329150873123,9052.505043773945,0.17531084851396292,0.07995528668531554
2026-09-16 16:00:00+00:00,9835.98506574001,9888.025686484307,48.46210035500138,2.640420516487597,-0.9380998728082007,9068.953622666331,0.17335148502092504,0.07798216832855381
2026-09-16 17:00:00+00:00,9833.307487565633,9885.900081362717,48.98832121998154,2.666172704292949,-0.9380998728082007,8646.911707591793,0.2626322770763892,0.12065073541878511
2026-09-16 18:00:00+00:00,9831.959427535727,9884.55202133281,48.98832121998154,2.666172704292949,-0.9380998728082007,8646.911707591793,0.2626112533147545,0.12053016783460767
2026-09-16 19:00:00+00:00,9833.01289623548,9885.605490032563,48.98832121998154,2.666172704292949,-0.9380998728082007,8646.911707591793,0.26053341745911507,0.12062439062779823
2026-09-16 20:00:00+00:00,9825.802052709627,9878.394646506711,48.98832121998154,2.666172704292949,-0.9380998728082007,8646.911707591793,0.2615625406071558,0.11997904484476517
2026-09-16 21:00:00+00:00,9824.317992447022,9876.970592660084,49.04448530724777,2.6700150330061208,-0.9380998728082007,8740.462355614907,0.2525696638171255,0.11032375353336366
2026-09-16 22:00:00+00:00,9826.33710287583,9878.989703088891,49.04448530724777,2.6700150330061208,-0.9380998728082007,8740.462355614907,0.25245732930642417,0.11050656372689718
2026-09-16 23:00:00+00:00,9829.773883606264,9882.426483819325,49.04448530724777,2.6700150330061208,-0.9380998728082007,8740.462355614907,0.25261999801814455,0.11081755703537298
2026-09-17 00:00:00+00:00,9831.064304755166,9883.500915010332,49.04448530724777,2.6700150330061208,-0.72210991491327,8740.678345572804,0.25374107054524114,0.11091230057919123
2026-09-17 01:00:00+00:00,9830.437199263279,9882.873809518445,49.04448530724777,2.6700150330061208,-0.72210991491327,8740.678345572804,0.25403333640925296,0.11085558369389155
2026-09-17 02:00:00+00:00,9828.005773469871,9880.442383725038,49.04448530724777,2.6700150330061208,-0.72210991491327,8740.678345572804,0.25405944786369744,0.11063561143118616
2026-09-17 03:00:00+00:00,9828.799468185909,9881.236078441076,49.04448530724777,2.6700150330061208,-0.72210991491327,8740.678345572804,0.25414860269331707,0.11070742933917437
2026-09-17 04:00:00+00:00,9828.408547048413,9880.84515730358,49.04448530724777,2.6700150330061208,-0.72210991491327,8740.678345572804,0.2545256471918017,0.11067205807213491
2026-09-17 05:00:00+00:00,9827.603990098061,9880.244314773417,49.24059152327767,2.677623237164099,-0.72210991491327,8441.180576034614,0.28718607652661715,0.14107440790861717
2026-09-17 06:00:00+00:00,9827.728432499774,9880.36875717513,49.24059152327767,2.677623237164099,-0.72210991491327,8441.180576034614,0.2865018906699212,0.14108528394821335
2026-09-17 07:00:00+00:00,9829.465918330252,9882.106243005608,49.24059152327767,2.677623237164099,-0.72210991491327,8441.180576034614,0.28729623065679133,0.1412371082854793
2026-09-17 08:00:00+00:00,9833.000221653278,9885.640546328634,49.24059152327767,2.677623237164099,-0.72210991491327,8441.180576034614,0.2877431659468178,0.141545775881682
2026-09-17 09:00:00+00:00,9833.352022354875,9886.12453618647,49.36480280471465,2.6856011119644667,-0.72210991491327,8506.721800897925,0.27942100344206827,0.13491129153527953
2026-09-17 10:00:00+00:00,9835.39670289646,9888.169216728054,49.36480280471465,2.6856011119644667,-0.72210991491327,8506.721800897925,0.2791500549624431,0.13509113481993543
2026-09-17 11:00:00+00:00,9834.108188317474,9886.880702149068,49.36480280471465,2.6856011119644667,-0.72210991491327,8506.721800897925,0.2788986334692384,0.13497781008718526
2026-09-17 12:00:00+00:00,9832.303593912942,9885.076107744537,49.36480280471465,2.6856011119644667,-0.72210991491327,8506.721800897925,0.27893159625865466,0.1348190462543965
2026-09-17 13:00:00+00:00,9833.589719535736,9886.36223336733,49.36480280471465,2.6856011119644667,-0.72210991491327,8506.721800897925,0.2802752276677488,0.13493220242876422
2026-09-17 14:00:00+00:00,9815.955289014342,9868.727802845937,49.36480280471465,2.6856011119644667,-0.72210991491327,8506.721800897925,0.279371553311706,0.13337810223948993
2026-09-17 15:00:00+00:00,9823.813037814707,9876.585551646302,49.36480280471465,2.6856011119644667,-0.72210991491327,8506.721800897925,0.27937878403541483,0.1340712849325323
2026-09-17 16:00:00+00:00,9824.931714666867,9877.690621133368,49.36480280471465,2.6856011119644667,-0.7085025498204822,8506.735408263019,0.2803032485080949,0.13416849548542079
2026-09-17 17:00:00+00:00,9823.015269739806,9875.796917821166,49.385656898008726,2.6874886335326624,-0.7085025498204822,8471.957732012937,0.28439341429078935,0.13754000178426432
2026-09-17 18:00:00+00:00,9821.917977487718,9874.699625569077,49.385656898008726,2.6874886335326624,-0.7085025498204822,8471.957732012937,0.28452287103365714,0.137443648844243
2026-09-17 19:00:00+00:00,9824.014384658152,9876.796032739512,49.385656898008726,2.6874886335326624,-0.7085025498204822,8471.957732012937,0.2843973749577528,0.13762771507711535
2026-09-17 20:00:00+00:00,9833.083560457131,9885.865208538491,49.385656898008726,2.6874886335326624,-0.7085025498204822,8471.957732012937,0.28512763986073025,0.1384230918079289
2026-09-17 21:00:00+00:00,9830.194675968945,9882.976324050305,49.385656898008726,2.6874886335326624,-0.7085025498204822,8471.957732012937,0.28483431538290355,0.13816989273634384
2026-09-17 22:00:00+00:00,9833.023617023195,9885.805265104555,49.385656898008726,2.6874886335326624,-0.7085025498204822,8471.957732012937,0.28468872844108417,0.13841783951926478
2026-09-17 23:00:00+00:00,9831.193640392183,9883.975288473543,49.385656898008726,2.6874886335326624,-0.7085025498204822,8471.957732012937,0.2843892342070077,0.1382574647695602
2026-09-18 00:00:00+00:00,9833.080432650955,9885.932038725503,49.385656898008726,2.6874886335326624,-0.7784605430086481,8471.887774019748,0.28437199566704036,0.13842993230395417
2026-09-18 01:00:00+00:00,9831.144744191703,9883.99635026625,49.385656898008726,2.6874886335326624,-0.7784605430086481,8471.887774019748,0.2847710913865054,0.1382602947611987
2026-09-18 02:00:00+00:00,9829.760683220567,9882.612289295115,49.385656898008726,2.6874886335326624,-0.7784605430086481,8471.887774019748,0.28509087507610464,0.13813895912224117
2026-09-18 03:00:00+00:00,9829.93882666365,9882.790432738198,49.385656898008726,2.6874886335326624,-0.7784605430086481,8471.887774019748,0.28564137733563344,0.13815457823198216
2026-09-18 04:00:00+00:00,9834.931722507163,9887.78332858171,49.385656898008726,2.6874886335326624,-0.7784605430086481,8471.887774019748,0.2869663542323347,0.13859211095162963
2026-09-18 05:00:00+00:00,9838.026916583114,9890.878522657662,49.385656898008726,2.6874886335326624,-0.7784605430086481,8471.887774019748,0.2877971529060201,0.13886312307812282
2026-09-18 06:00:00+00:00,9842.21397521325,9895.065581287798,49.385656898008726,2.6874886335326624,-0.7784605430086481,8471.887774019748,0.2879844768376879,0.13922946652496568
2026-09-18 07:00:00+00:00,9842.665048959037,9895.516655033585,49.385656898008726,2.6874886335326624,-0.7784605430086481,8471.887774019748,0.28830984594073295,0.13926891427482474
2026-09-18 08:00:00+00:00,9843.074163788538,9896.01474822884,49.385656898008726,2.6874886335326624,-0.867438908760136,8471.798795653993,0.28835486727061,0.13931372915783768
2026-09-18 09:00:00+00:00,9837.726896132057,9890.86526662838,49.56576011813736,2.705171469424805,-0.867438908760136,8171.446658886131,0.2594451837251387,0.169376549566655
2026-09-18 10:00:00+00:00,9833.899109362837,9887.03747985916,49.56576011813736,2.705171469424805,-0.867438908760136,8171.446658886131,0.2591438553978218,0.1690532343263404
2026-09-18 11:00:00+00:00,9839.35659457685,9892.494965073172,49.56576011813736,2.705171469424805,-0.867438908760136,8171.446658886131,0.2594045357936521,0.1695141262193932
2026-09-18 12:00:00+00:00,9845.21459524746,9898.352965743783,49.56576011813736,2.705171469424805,-0.867438908760136,8171.446658886131,0.2591793035455416,0.17000827357986703
2026-09-18 13:00:00+00:00,9840.15521951869,9894.294890840794,50.4940135145165,2.7782188988265664,-0.867438908760136,7594.067242206396,0.31828624711095826,0.2282573726943868
2026-09-18 14:00:00+00:00,9809.297791007699,9863.437462329803,50.4940135145165,2.7782188988265664,-0.867438908760136,7594.067242206396,0.3198204259002606,0.2258296767004087
2026-09-18 15:00:00+00:00,9800.569694624486,9854.77472515406,50.556095848517224,2.781495772295903,-0.867438908760136,7490.534603204531,0.31031327136002523,0.23570416449229334
2026-09-18 16:00:00+00:00,9791.034376717407,9845.552641386217,50.61867644007068,2.7841590935236833,-1.1154291352167327,7385.923046464089,0.29863930326860244,0.24564425347872879
2026-09-18 17:00:00+00:00,9789.084704528945,9843.717206525671,50.72435309893794,2.79271976257137,-1.1154291352167327,7561.945134583984,0.3169754574786388,0.22751254455021394
2026-09-18 18:00:00+00:00,9787.732388078497,9842.364890075223,50.72435309893794,2.79271976257137,-1.1154291352167327,7561.945134583984,0.3172698774513033,0.22740581426250792
2026-09-18 19:00:00+00:00,9798.765248757676,9853.397750754402,50.72435309893794,2.79271976257137,-1.1154291352167327,7561.945134583984,0.3174364406204195,0.22827571202986865
2026-09-18 20:00:00+00:00,9788.160480815633,9842.79298281236,50.72435309893794,2.79271976257137,-1.1154291352167327,7561.945134583984,0.3172163650925792,0.22743960426424698
2026-09-18 21:00:00+00:00,9793.685660350835,9848.34692180355,50.751271171944154,2.794561145554883,-1.1154291352167327,7517.054761500621,0.31303545407605277,0.23245905349678733
2026-09-18 22:00:00+00:00,9795.06769048056,9849.728951933275,50.751271171944154,2.794561145554883,-1.1154291352167327,7517.054761500621,0.31302992137358304,0.232567349299061
2026-09-18 23:00:00+00:00,9795.47047801332,9850.131739466035,50.751271171944154,2.794561145554883,-1.1154291352167327,7517.054761500621,0.3128773981732433,0.23259890595625562
2026-09-19 00:00:00+00:00,9794.987496336033,9849.757677590338,50.751271171944154,2.794561145554883,-1.2243489368061748,7516.945841699031,0.3129985447618989,0.23257218607876104
2026-09-19 01:00:00+00:00,9795.62050077829,9850.390682032596,50.751271171944154,2.794561145554883,-1.2243489368061748,7516.945841699031,0.31329793318807,0.23262177816078233
2026-09-19 02:00:00+00:00,9792.192030556736,9846.962211811042,50.751271171944154,2.794561145554883,-1.2243489368061748,7516.945841699031,0.31335412570519583,0.23235310150758398
2026-09-19 03:00:00+00:00,9792.759073990817,9847.529255245123,50.751271171944154,2.794561145554883,-1.2243489368061748,7516.945841699031,0.3134834446215658,0.23239755160894915
2026-09-19 04:00:00+00:00,9793.077285929101,9847.847467183406,50.751271171944154,2.794561145554883,-1.2243489368061748,7516.945841699031,0.3134476690132834,0.23242249374468468
2026-09-19 05:00:00+00:00,9793.706987040445,9849.312024436718,51.554988386883096,2.8257000725845858,-1.2243489368061748,8435.38275924862,0.18460478567904415,0.1386935743114667
2026-09-19 06:00:00+00:00,9792.961848787802,9848.566886184075,51.554988386883096,2.8257000725845858,-1.2243489368061748,8435.38275924862,0.18451708057346558,0.13862803822800826
2026-09-19 07:00:00+00:00,9792.851342549278,9848.456379945552,51.554988386883096,2.8257000725845858,-1.2243489368061748,8435.38275924862,0.18444467179951438,0.13861831818099293
2026-09-19 08:00:00+00:00,9793.024951007315,9848.629988403589,51.554988386883096,2.8257000725845858,-1.2243489368061748,8435.38275924862,0.18454729002374345,0.1386335885541728
2026-09-19 09:00:00+00:00,9792.327029126463,9847.953628774763,51.57516996554663,2.827080745946345,-1.2243489368061748,8468.998542109173,0.18118803452363472,0.13513932725910394
2026-09-19 10:00:00+00:00,9792.688127941154,9848.314727589453,51.57516996554663,2.827080745946345,-1.2243489368061748,8468.998542109173,0.18120978518292943,0.13517121841704935
2026-09-19 11:00:00+00:00,9792.848177783117,9848.474777431416,51.57516996554663,2.827080745946345,-1.2243489368061748,8468.998542109173,0.18111980905344202,0.13518535278401844
2026-09-19 12:00:00+00:00,9792.93318552083,9848.55978516913,51.57516996554663,2.827080745946345,-1.2243489368061748,8468.998542109173,0.181126917358091,0.135192859823565
2026-09-19 13:00:00+00:00,9792.846584341558,9848.473183989858,51.57516996554663,2.827080745946345,-1.2243489368061748,8468.998542109173,0.18109545376129832,0.1351852120658332
2026-09-19 14:00:00+00:00,9792.658709001056,9848.285308649356,51.57516996554663,2.827080745946345,-1.2243489368061748,8468.998542109173,0.18109487736405386,0.13516862031301283
2026-09-19 15:00:00+00:00,9793.49078211505,9849.11738176335,51.57516996554663,2.827080745946345,-1.2243489368061748,8468.998542109173,0.18120380678155282,0.13524209798866357
2026-09-19 16:00:00+00:00,9792.706536013131,9848.33313566143,51.57516996554663,2.827080745946345,-1.2243489368061748,8468.998542109173,0.18131355305334765,0.1351728440994286
2026-09-19 17:00:00+00:00,9792.685370258247,9848.643924848464,51.89037434975607,2.843831303654993,-1.2243489368061748,8498.818661384194,0.22787291445502172,0.1321258326958719
2026-09-19 18:00:00+00:00,9793.269892851831,9849.228447442048,51.89037434975607,2.843831303654993,-1.2243489368061748,8498.818661384194,0.22749879726694083,0.13217763276517733
2026-09-19 19:00:00+00:00,9793.783690207632,9849.74224479785,51.89037434975607,2.843831303654993,-1.2243489368061748,8498.818661384194,0.22743856913676394,0.13222316009676802
2026-09-19 20:00:00+00:00,9792.985473502573,9848.94402809279,51.89037434975607,2.843831303654993,-1.2243489368061748,8498.818661384194,0.22735499730583456,0.13215242845198524
2026-09-19 21:00:00+00:00,9793.251173460138,9849.23781759734,51.91705558879374,2.845239611601832,-1.2243489368061748,8454.323248415716,0.22277779352545243,0.13671945111271494
2026-09-19 22:00:00+00:00,9793.498727097483,9849.485371234687,51.91705558879374,2.845239611601832,-1.2243489368061748,8454.323248415716,0.22264990340894497,0.13674127255221086
2026-09-19 23:00:00+00:00,9793.729356502592,9849.716000639795,51.91705558879374,2.845239611601832,-1.2243489368061748,8454.323248415716,0.22270157595208198,0.13676160115631245
2026-09-20 00:00:00+00:00,9792.947738573761,9848.934382710964,51.91705558879374,2.845239611601832,-1.2243489368061748,8454.323248415716,0.22275300492686675,0.13669270232958497
2026-09-20 01:00:00+00:00,9792.243167165683,9848.334936671547,52.01503729234655,2.85238327670887,-1.2243489368061748,8470.96690124086,0.2245920407634428,0.13493090841077027
2026-09-20 02:00:00+00:00,9792.62206319572,9848.713832701584,52.01503729234655,2.85238327670887,-1.2243489368061748,8470.96690124086,0.2243751444755254,0.13496437965497793
2026-09-20 03:00:00+00:00,9796.40561038407,9852.497379889934,52.01503729234655,2.85238327670887,-1.2243489368061748,8470.96690124086,0.22301735423183652,0.13529847189445304
2026-09-20 04:00:00+00:00,9790.647862431662,9846.739631937526,52.01503729234655,2.85238327670887,-1.2243489368061748,8470.96690124086,0.22292057962121242,0.13478995258880022
2026-09-20 05:00:00+00:00,9792.074490612384,9848.167879347697,52.01657695899003,2.8524628395172593,-1.2243489368061748,8473.531472646671,0.2227710339299963,0.13465410411550618
2026-09-20 06:00:00+00:00,9792.486645166155,9848.580033901468,52.01657695899003,2.8524628395172593,-1.2243489368061748,8473.531472646671,0.22286280721219773,0.1346905255337322
2026-09-20 07:00:00+00:00,9792.370204463528,9848.463593198841,52.01657695899003,2.8524628395172593,-1.2243489368061748,8473.531472646671,0.22264462309836575,0.13468023617159697
2026-09-20 08:00:00+00:00,9792.751042480475,9849.003230603435,52.01657695899003,2.8524628395172593,-1.3831483244543066,8473.372673259024,0.22258227110433448,0.1347301042881671
2026-09-20 09:00:00+00:00,9793.716978568047,9849.969166691008,52.01657695899003,2.8524628395172593,-1.3831483244543066,8473.372673259024,0.22259184369655233,0.13481544424842803
2026-09-20 10:00:00+00:00,9792.677165237845,9848.929353360805,52.01657695899003,2.8524628395172593,-1.3831483244543066,8473.372673259024,0.22266372881691718,0.13472357657843573
2026-09-20 11:00:00+00:00,9790.85282234025,9847.10501046321,52.01657695899003,2.8524628395172593,-1.3831483244543066,8473.372673259024,0.22239635435904526,0.1345623484478359
2026-09-20 12:00:00+00:00,9789.501761078098,9845.753949201058,52.01657695899003,2.8524628395172593,-1.3831483244543066,8473.372673259024,0.222689412810474,0.13444290832571762
2026-09-20 13:00:00+00:00,9788.0359496758,9844.28813779876,52.01657695899003,2.8524628395172593,-1.3831483244543066,8473.372673259024,0.2228424539256787,0.13431328646277801
2026-09-20 14:00:00+00:00,9788.003071006186,9844.255259129146,52.01657695899003,2.8524628395172593,-1.3831483244543066,8473.372673259024,0.2228329077948269,0.13431037855324454
2026-09-20 15:00:00+00:00,9788.398278220455,9844.650466343415,52.01657695899003,2.8524628395172593,-1.3831483244543066,8473.372673259024,0.2229779823378016,0.13434533082776284
2026-09-20 16:00:00+00:00,9787.943654934761,9844.089454935065,52.01657695899003,2.8524628395172593,-1.2767602017972743,8473.47906138168,0.22358877563356316,0.13429425422676702
2026-09-20 17:00:00+00:00,9787.573629506365,9843.71942950667,52.01657695899003,2.8524628395172593,-1.2767602017972743,8473.47906138168,0.22401482548869203,0.13426152567201277
2026-09-20 18:00:00+00:00,9788.677320482975,9844.82312048328,52.01657695899003,2.8524628395172593,-1.2767602017972743,8473.47906138168,0.22394414384496275,0.13435913924235915
2026-09-20 19:00:00+00:00,9786.882482208202,9843.028282208506,52.01657695899003,2.8524628395172593,-1.2767602017972743,8473.47906138168,0.2238130268326565,0.13420038742819165
2026-09-20 20:00:00+00:00,9787.746066303509,9843.891866303813,52.01657695899003,2.8524628395172593,-1.2767602017972743,8473.47906138168,0.22391348501047623,0.13427677792402945
2026-09-20 21:00:00+00:00,9788.419869304502,9844.567355478199,52.01818027176193,2.8525457001379455,-1.2767602017972743,8470.805270115741,0.22361987150805437,0.13460953011636403
2026-09-20 22:00:00+00:00,9789.461100564791,9845.608586738488,52.01818027176193,2.8525457001379455,-1.2767602017972743,8470.805270115741,0.2234892244834478,0.1347015751840488
2026-09-20 23:00:00+00:00,9794.444509108915,9850.591995282612,52.01818027176193,2.8525457001379455,-1.2767602017972743,8470.805270115741,0.2247713138504833,0.13514183859658174
2026-09-21 00:00:00+00:00,9795.714795310738,9851.826555853115,52.01818027176193,2.8525457001379455,-1.2410345704774342,8470.840995747061,0.22482253484630568,0.13525034438506725
2026-09-21 01:00:00+00:00,9795.54243290238,9851.655878576614,52.01978227573125,2.8526288280241623,-1.2410345704774342,8473.509400358625,0.225725460996429,0.13496271815465385
2026-09-21 02:00:00+00:00,9797.067521161083,9853.180966835316,52.01978227573125,2.8526288280241623,-1.2410345704774342,8473.509400358625,0.22468512721428618,0.13509737663271695
2026-09-21 03:00:00+00:00,9796.509145406264,9852.622591080497,52.01978227573125,2.8526288280241623,-1.2410345704774342,8473.509400358625,0.22512645103489082,0.1350480794138812
2026-09-21 04:00:00+00:00,9796.184751373306,9852.29819704754,52.01978227573125,2.8526288280241623,-1.2410345704774342,8473.509400358625,0.22537183498123362,0.13501943711599126
2026-09-21 05:00:00+00:00,9796.204732946613,9852.822113481934,52.494426174742344,2.8819197901012865,-1.2410345704774342,8132.133253637147,0.2681242185825571,0.16986899770610733
2026-09-21 06:00:00+00:00,9795.570609610135,9852.187990145456,52.494426174742344,2.8819197901012865,-1.2410345704774342,8132.133253637147,0.2683396321519563,0.169815258576263
2026-09-21 07:00:00+00:00,9795.656072850677,9852.273453385998,52.494426174742344,2.8819197901012865,-1.2410345704774342,8132.133253637147,0.2687173345962366,0.1698225016111065
2026-09-21 08:00:00+00:00,9798.190716780338,9854.807600202357,52.494426174742344,2.8819197901012865,-1.2405374571754244,8132.1337507504495,0.2688465560128265,0.17003720525429317
2026-09-21 09:00:00+00:00,9793.924131413925,9850.700509594832,52.645251062112514,2.890589661618043,-1.2405374571754244,8104.894786318689,0.24473658804496623,0.1724568541099568
2026-09-21 10:00:00+00:00,9793.354240850198,9850.130619031104,52.645251062112514,2.890589661618043,-1.2405374571754244,8104.894786318689,0.24514806244721957,0.17240869808309195
2026-09-21 11:00:00+00:00,9793.653018140689,9850.429396321595,52.645251062112514,2.890589661618043,-1.2405374571754244,8104.894786318689,0.24489755361750026,0.17243394560680583
2026-09-21 12:00:00+00:00,9788.720666667237,9845.497044848144,52.645251062112514,2.890589661618043,-1.2405374571754244,8104.894786318689,0.2451983738063697,0.17201695070146897
2026-09-21 13:00:00+00:00,9782.177045638,9840.117455328784,53.73590931357077,2.9639629200377016,-1.2405374571754244,9097.33506518097,0.1745236965091984,0.07000915821314131
2026-09-21 14:00:00+00:00,9780.52564893242,9838.466058623204,53.73590931357077,2.9639629200377016,-1.2405374571754244,9097.33506518097,0.17464081692980626,0.06985213354315191
2026-09-21 15:00:00+00:00,9788.06836776949,9846.030612048457,53.75747610178705,2.964230720003632,-1.2405374571754244,9061.368851365629,0.17118365659736032,0.07424340422434775
2026-09-21 16:00:00+00:00,9792.71528109998,9850.76654912353,53.75747610178705,2.964230720003632,-1.3295612017585605,9061.279827621045,0.170991397122682,0.07469179206002355
2026-09-21 17:00:00+00:00,9792.414080194683,9850.601685386931,53.883621790220275,2.9744222002691436,-1.3295612017585605,9011.951362300086,0.17079030592507471,0.0797007470786082
2026-09-21 18:00:00+00:00,9798.284148125029,9856.471753317277,53.883621790220275,2.9744222002691436,-1.3295612017585605,9011.951362300086,0.1706925784968153,0.08025209046171752
2026-09-21 19:00:00+00:00,9795.729500897372,9853.91710608962,53.883621790220275,2.9744222002691436,-1.3295612017585605,9011.951362300086,0.17079352943241832,0.08001222762689458
2026-09-21 20:00:00+00:00,9788.947730435375,9847.135335627623,53.883621790220275,2.9744222002691436,-1.3295612017585605,9011.951362300086,0.17102637633142165,0.0793748612753837
2026-09-21 21:00:00+00:00,9788.683014094044,9846.870619286292,53.883621790220275,2.9744222002691436,-1.3295612017585605,9011.951362300086,0.17133660710890153,0.07934996471696916
2026-09-21 22:00:00+00:00,9789.449201926675,9847.636807118923,53.883621790220275,2.9744222002691436,-1.3295612017585605,9011.951362300086,0.17119295107966986,0.0794220209522685
2026-09-21 23:00:00+00:00,9790.287386467846,9848.474991660094,53.883621790220275,2.9744222002691436,-1.3295612017585605,9011.951362300086,0.17117027877735813,0.07950083520975883
2026-09-22 00:00:00+00:00,9788.832053584467,9847.004003277936,53.883621790220275,2.9744222002691436,-1.313905702979526,9011.967017798866,0.1713685899326644,0.07936238271665187
2026-09-22 01:00:00+00:00,9794.378196762513,9852.603677401301,53.932923301212924,2.9786516345957628,-1.313905702979526,8979.541444866893,0.16263480204435202,0.08319433204702677
2026-09-22 02:00:00+00:00,9797.617621387759,9855.843102026547,53.932923301212924,2.9786516345957628,-1.313905702979526,8979.541444866893,0.16188159932000343,0.08349745908995711
2026-09-22 03:00:00+00:00,9796.908095837094,9855.133576475882,53.932923301212924,2.9786516345957628,-1.313905702979526,8979.541444866893,0.16213248200281388,0.0834310828451598
2026-09-22 04:00:00+00:00,9796.369807397632,9854.59528803642,53.932923301212924,2.9786516345957628,-1.313905702979526,8979.541444866893,0.1620010369930175,0.08338071944914933
2026-09-22 05:00:00+00:00,9795.359283055453,9853.906004753195,54.225444171081584,3.0073718236807756,-1.313905702979526,8491.71414088259,0.2110459729915767,0.1330880373554016
2026-09-22 06:00:00+00:00,9795.110818368817,9853.657540066559,54.225444171081584,3.0073718236807756,-1.313905702979526,8491.71414088259,0.2110563983557365,0.13306604709790124
2026-09-22 07:00:00+00:00,9793.602199974195,9852.148921671936,54.225444171081584,3.0073718236807756,-1.313905702979526,8491.71414088259,0.2108795585175358,0.13293250353736394
2026-09-22 08:00:00+00:00,9793.693298401235,9852.310122748759,54.225444171081584,3.0073718236807756,-1.3840083527623632,8491.644038232807,0.2107544725488926,0.1329477267152096
2026-09-22 09:00:00+00:00,9793.858047942802,9852.871976036266,54.59870580927293,3.0312139314279762,-1.3840083527623632,8675.526651989823,0.21096616035152443,0.11418701297063248
2026-09-22 10:00:00+00:00,9793.445445854319,9852.459373947782,54.59870580927293,3.0312139314279762,-1.3840083527623632,8675.526651989823,0.21143883758204882,0.11414969328671994
2026-09-22 11:00:00+00:00,9789.682899081698,9848.696827175161,54.59870580927293,3.0312139314279762,-1.3840083527623632,8675.526651989823,0.21153938270109576,0.11380922738533088
2026-09-22 12:00:00+00:00,9784.878443873853,9843.892371967317,54.59870580927293,3.0312139314279762,-1.3840083527623632,8675.526651989823,0.21166959314530498,0.11337410048037713
2026-09-22 13:00:00+00:00,9774.400260701428,9833.414188794892,54.59870580927293,3.0312139314279762,-1.3840083527623632,8675.526651989823,0.2114669892205231,0.11242363514922682
2026-09-22 14:00:00+00:00,9780.760329036453,9839.774257129917,54.59870580927293,3.0312139314279762,-1.3840083527623632,8675.526651989823,0.21270253834185757,0.11300079338060123
2026-09-22 15:00:00+00:00,9785.375418099906,9844.38934619337,54.59870580927293,3.0312139314279762,-1.3840083527623632,8675.526651989823,0.2118166982392822,0.11341912994540879
2026-09-22 16:00:00+00:00,9774.876676520531,9834.143181859446,54.59870580927293,3.0312139314279762,-1.636585598214961,8675.274074744371,0.21158327234565488,0.11249273399197253
2026-09-22 17:00:00+00:00,9756.521473970388,9816.442317936868,55.242187441846376,3.04207092641805,-1.636585598214961,7817.415868019646,0.3131567308887191,0.19874968872093596
2026-09-22 18:00:00+00:00,9760.398488311916,9820.319332278395,55.242187441846376,3.04207092641805,-1.636585598214961,7817.415868019646,0.3139334258907457,0.1990679604545851
2026-09-22 19:00:00+00:00,9755.874393164238,9815.795237130718,55.242187441846376,3.04207092641805,-1.636585598214961,7817.415868019646,0.31356096682736573,0.19869654395128697
2026-09-22 20:00:00+00:00,9752.282118340929,9812.202962307409,55.242187441846376,3.04207092641805,-1.636585598214961,7817.415868019646,0.3128343475439945,0.1984013820398424
2026-09-22 21:00:00+00:00,9751.141808452194,9811.320409832906,55.495783376196854,3.04623240630095,-1.636585598214961,8156.213047137857,0.26926683753894937,0.16356328239754114
2026-09-22 22:00:00+00:00,9753.222817482994,9813.401418863707,55.495783376196854,3.04623240630095,-1.636585598214961,8156.213047137857,0.2691829224037686,0.16374174980217207
2026-09-22 23:00:00+00:00,9755.92660920213,9816.105210582842,55.495783376196854,3.04623240630095,-1.636585598214961,8156.213047137857,0.269297511574311,0.16397351334678625
2026-09-23 00:00:00+00:00,9756.879443204485,9817.244419628478,55.495783376196854,3.04623240630095,-1.8229606414944959,8156.026672094577,0.2694952969295411,0.16407425964711264
